# Blender v2.91.2 OBJ File: 'Pumpkin_lowpoly.blend'
# www.blender.org
mtllib Pumpkin_lowpoly.mtl
o Mesh1.0
v -0.781687 -0.059508 0.004478
v -0.824560 0.037635 -0.012968
v -0.793316 -0.004566 0.046398
v -0.750932 -0.055785 0.215830
v -0.795175 -0.046011 -0.075598
v -0.755479 0.017393 0.289028
v -0.774934 0.024836 0.223806
v -0.754922 -0.045928 0.160230
v -0.717602 -0.083069 0.281042
v -0.801607 0.069634 0.067368
v -0.740255 -0.122669 -0.010662
v -0.697941 -0.144561 0.186875
v -0.807307 0.007682 -0.126664
v -0.779206 0.071681 0.177893
v -0.749524 -0.081772 0.045929
v -0.754794 -0.036577 0.073224
v -0.718463 -0.026481 0.330465
v -0.734857 0.067134 0.341355
v -0.833774 0.152633 -0.046821
v -0.696075 -0.136656 0.133973
v -0.762014 0.044040 0.114068
v -0.825217 0.144107 0.020153
v -0.744806 -0.112811 -0.095680
v -0.832179 0.086768 -0.064310
v -0.677250 -0.070542 0.350286
v -0.795637 0.129942 0.084771
v -0.654894 -0.149545 0.292995
v -0.744318 -0.093350 -0.152855
v -0.698672 -0.144458 0.028745
v -0.821708 0.120628 -0.119040
v -0.741770 -0.022836 0.101594
v -0.765009 0.128142 0.292191
v -0.705313 -0.085214 0.090870
v -0.797374 0.073911 -0.177896
v -0.691396 0.032875 0.382836
v -0.801998 0.195846 0.062234
v -0.667204 -0.128868 0.074333
v -0.656624 -0.027222 0.391743
v -0.777790 0.151026 0.221342
v -0.670536 -0.187194 -0.092232
v -0.774575 0.148126 0.174670
v -0.638180 -0.193202 0.118378
v -0.656511 -0.192385 -0.005067
v -0.762909 0.128241 0.123104
v -0.808636 0.251634 -0.004061
v -0.695191 -0.150774 -0.143119
v -0.608030 -0.222770 0.167403
v -0.620009 -0.179605 0.044555
v -0.803862 0.247884 -0.108874
v -0.615507 -0.198084 0.254694
v -0.756559 -0.004986 -0.212860
v -0.637736 0.051377 0.421620
v -0.617905 -0.133433 0.347818
v -0.610487 -0.082054 0.390719
v -0.800150 0.154218 -0.165234
v -0.685714 0.111008 0.394269
v -0.707496 0.174724 0.367593
v -0.750806 0.233903 0.204497
v -0.698214 -0.099025 -0.206620
v -0.741592 0.238894 0.271030
v -0.565340 -0.191103 0.310866
v -0.746905 0.196912 0.127392
v -0.702810 0.230527 0.342186
v -0.776064 0.274892 0.051804
v -0.606581 -0.185167 0.065018
v -0.601136 -0.218577 -0.005815
v -0.601050 -0.010965 0.419703
v -0.624274 -0.214932 -0.059529
v -0.544770 -0.146708 0.363579
v -0.752039 0.083613 -0.228181
v -0.648356 0.152990 0.412278
v -0.550723 -0.241485 0.222616
v -0.777707 0.188087 -0.188930
v -0.713712 0.259762 0.125796
v -0.624808 -0.159099 -0.198267
v -0.797065 0.274224 -0.051910
v -0.696354 -0.036992 -0.244552
v -0.529002 -0.257908 0.167470
v -0.572695 -0.231229 0.100134
v -0.718783 0.024337 -0.245001
v -0.564898 -0.233391 -0.109064
v -0.715465 0.281637 0.258977
v -0.756796 0.327508 0.009050
v -0.548742 -0.215682 0.025449
v -0.491220 -0.207496 0.303160
v -0.540607 -0.241134 -0.037888
v -0.641195 -0.110691 -0.232898
v -0.555082 -0.086518 0.397432
v -0.553822 0.016324 0.425773
v -0.664847 0.215623 0.384429
v -0.541697 -0.216662 0.046289
v -0.624689 -0.197321 -0.140816
v -0.518763 -0.252634 0.106201
v -0.745710 0.325964 -0.093089
v -0.690914 0.290794 0.296163
v -0.513646 -0.081569 0.394993
v -0.678869 0.324544 0.181025
v -0.573591 0.098934 0.426831
v -0.446283 -0.239218 0.251247
v -0.687305 0.053738 -0.265222
v -0.757427 0.263442 -0.161036
v -0.604889 0.179910 0.411528
v -0.669599 0.000298 -0.263635
v -0.619964 0.253224 0.380414
v -0.540038 -0.192539 -0.195314
v -0.634181 0.358940 0.204486
v -0.708584 0.325808 -0.137389
v -0.674977 0.302470 0.122681
v -0.593769 -0.096204 -0.255331
v -0.654435 0.327675 0.281326
v -0.448747 -0.261712 0.192608
v -0.706300 0.346445 0.056428
v -0.714441 0.159990 -0.235515
v -0.657455 0.281047 0.339026
v -0.640333 -0.022355 -0.281222
v -0.461706 -0.155620 0.341615
v -0.512562 0.007688 0.485333
v -0.462014 -0.266530 0.134423
v -0.713655 0.226972 -0.211143
v -0.661740 0.371058 0.063031
v -0.692671 0.106432 -0.317834
v -0.648314 0.014778 -0.348364
v -0.452226 -0.251054 0.071346
v -0.578604 0.158955 0.419784
v -0.599908 0.322124 0.327031
v -0.434793 -0.219065 0.013963
v -0.707544 0.222415 -0.291099
v -0.475532 -0.057852 0.480135
v -0.516977 0.098763 0.512455
v -0.573173 -0.100728 -0.269213
v -0.451040 -0.120242 0.435898
v -0.490243 -0.241734 -0.089123
v -0.477119 -0.230924 -0.130656
v -0.672428 0.383977 0.007306
v -0.570389 0.239356 0.396012
v -0.694101 0.300636 -0.175418
v -0.689231 0.184119 -0.346893
v -0.445188 -0.019364 0.524314
v -0.428221 -0.089328 0.488593
v -0.584140 -0.075536 -0.334272
v -0.654476 0.085755 -0.381226
v -0.581736 0.278904 0.366937
v -0.442335 -0.236928 -0.038913
v -0.543789 0.214310 0.471640
v -0.405358 -0.201576 0.275664
v -0.468101 -0.206180 -0.174771
v -0.584748 -0.028615 -0.387720
v -0.693941 0.311642 -0.251178
v -0.685350 0.376287 -0.058775
v -0.402085 -0.161078 0.423004
v -0.366752 -0.236016 0.045504
v -0.519178 -0.157099 -0.223171
v -0.608072 0.365739 0.160397
v -0.625645 0.334483 0.114488
v -0.391489 -0.255859 0.144011
v -0.683678 0.277015 -0.325223
v -0.506917 0.168387 0.519192
v -0.644442 0.146803 -0.403098
v -0.380310 -0.239762 0.209546
v -0.616350 0.039911 -0.403209
v -0.587373 0.350836 0.284540
v -0.364203 -0.206813 0.348877
v -0.451548 0.116647 0.552102
v -0.631733 0.371134 -0.117589
v -0.508288 -0.136399 -0.307723
v -0.441231 -0.225733 0.030765
v -0.444860 0.047238 0.545680
v -0.667417 0.370823 -0.214977
v -0.377435 -0.224355 -0.042049
v -0.484088 -0.160953 -0.231505
v -0.368172 -0.118634 0.480973
v -0.659631 0.225343 -0.379580
v -0.604092 0.378446 0.069489
v -0.520837 -0.101347 -0.360811
v -0.513652 0.311603 0.446844
v -0.352686 -0.218762 0.287587
v -0.598949 0.219972 -0.436567
v -0.435043 0.224171 0.544170
v -0.567452 0.377990 0.190659
v -0.352608 -0.214518 0.216322
v -0.610145 0.401384 -0.003862
v -0.488920 0.272627 0.497407
v -0.517213 0.328717 0.406059
v -0.314179 -0.056346 0.531862
v -0.330363 0.019719 0.562760
v -0.651395 0.369159 -0.291023
v -0.538654 0.319724 0.336557
v -0.488523 -0.017579 -0.443990
v -0.529093 0.356390 0.096797
v -0.305810 -0.226573 0.108183
v -0.373751 0.169668 0.570362
v -0.611701 0.328417 -0.382093
v -0.562343 0.064103 -0.450878
v -0.359755 0.087922 0.572908
v -0.408452 -0.161884 -0.312734
v -0.287790 -0.115864 0.486887
v -0.464253 -0.087241 -0.395356
v -0.645963 0.393472 -0.242620
v -0.441962 -0.170491 -0.204805
v -0.356090 -0.180325 0.410804
v -0.279414 -0.228303 0.300094
v -0.461433 -0.130323 -0.343265
v -0.361239 -0.201926 -0.127359
v -0.575878 0.389767 -0.074253
v -0.445657 0.301518 0.505841
v -0.587264 0.430891 -0.149561
v -0.262943 -0.231973 0.257417
v -0.321159 -0.185151 -0.004497
v -0.520083 0.144819 -0.478059
v -0.391938 -0.177040 -0.257616
v -0.474969 0.384555 0.338338
v -0.593061 0.432837 -0.232093
v -0.398647 -0.133957 -0.362199
v -0.482274 0.056568 -0.474438
v -0.556272 0.437072 -0.114657
v -0.503479 0.353368 0.277359
v -0.452876 0.362698 0.428848
v -0.249543 -0.166195 0.429326
v -0.605967 0.382001 -0.337073
v -0.288413 -0.205642 0.133458
v -0.266362 -0.179360 -0.051459
v -0.547577 0.383513 0.047204
v -0.423264 0.351662 0.468092
v -0.540599 0.236279 -0.458600
v -0.363337 0.244135 0.550843
v -0.589428 0.419259 -0.301102
v -0.301131 -0.193958 -0.081576
v -0.532892 0.368414 0.089885
v -0.460627 0.353542 0.216009
v -0.558670 0.324370 -0.414536
v -0.361340 -0.169635 -0.286796
v -0.517745 0.373781 0.158381
v -0.241908 -0.081601 0.497998
v -0.270047 -0.207059 0.051541
v -0.392065 0.318715 0.506207
v -0.325478 -0.172006 -0.129053
v -0.430940 -0.064854 -0.425429
v -0.537919 0.389974 0.003686
v -0.246521 -0.213330 0.347285
v -0.259325 0.001401 0.540813
v -0.477231 0.409793 0.076422
v -0.463128 0.387090 0.288723
v -0.303419 -0.179411 -0.163723
v -0.523229 0.384114 -0.042390
v -0.455743 0.374212 0.210485
v -0.300256 0.108166 0.569450
v -0.240858 -0.210864 0.132606
v -0.481034 0.403134 0.124462
v -0.359929 -0.101434 -0.385859
v -0.425722 0.403166 0.325452
v -0.520702 0.455758 -0.241169
v -0.534957 0.455998 -0.181167
v -0.425800 0.391797 0.382323
v -0.195398 -0.205081 0.285130
v -0.267160 -0.158266 -0.013815
v -0.372896 -0.044184 -0.426410
v -0.327684 -0.132861 -0.333049
v -0.229811 -0.163855 0.038433
v -0.441443 0.005697 -0.459884
v -0.485241 0.420738 0.046184
v -0.355406 0.358519 0.459564
v -0.514021 0.438539 -0.295748
v -0.480228 0.335194 -0.416171
v -0.195474 -0.178118 0.365349
v -0.191403 -0.137719 0.415887
v -0.467656 0.426795 0.107471
v -0.496650 0.414314 -0.067146
v -0.443933 0.397357 0.157487
v -0.255696 0.180713 0.540939
v -0.468012 0.432388 -0.090316
v -0.436120 0.183956 -0.474330
v -0.370968 0.389941 0.403317
v -0.403852 0.393220 0.236304
v -0.251230 -0.184152 0.013104
v -0.380210 0.406021 0.340718
v -0.218958 0.087731 0.532935
v -0.562529 0.402928 -0.341590
v -0.464038 0.445887 0.075343
v -0.323940 0.318521 0.492693
v -0.473078 0.428668 -0.031948
v -0.486846 0.458478 -0.165379
v -0.459171 0.275052 -0.449096
v -0.409417 0.408877 0.177378
v -0.461109 0.445930 0.003402
v -0.465001 0.467840 0.097683
v -0.470617 0.454870 0.052878
v -0.203571 -0.177320 0.054352
v -0.276962 0.258905 0.517028
v -0.459076 0.473504 0.110971
v -0.171040 -0.191494 0.157546
v -0.435573 0.422451 0.131263
v -0.236940 -0.158341 -0.154451
v -0.235820 -0.158998 -0.101978
v -0.256071 -0.153249 -0.077810
v -0.320823 0.029950 -0.430373
v -0.172087 -0.069832 0.446798
v -0.391100 0.092613 -0.466790
v -0.483835 0.537318 0.082746
v -0.238024 -0.099742 -0.017145
v -0.438004 0.486172 0.122854
v -0.480921 0.550335 0.134476
v -0.459921 0.473667 0.023721
v -0.482348 0.580955 0.113037
v -0.434474 0.452796 0.118919
v -0.481819 0.388472 -0.369917
v -0.466442 0.547498 0.157999
v -0.268964 -0.149305 -0.245099
v -0.185094 -0.002895 0.490700
v -0.419869 0.448586 0.139460
v -0.458995 0.562703 0.189008
v -0.432902 0.451074 -0.067011
v -0.479413 0.561049 0.073605
v -0.457976 0.574913 0.241121
v -0.435422 0.545015 0.247120
v -0.459564 0.614491 0.265770
v -0.464444 0.599071 0.211057
v -0.257828 -0.092309 -0.308093
v -0.479285 0.650801 0.231012
v -0.489191 0.671753 0.230563
v -0.392703 0.433313 0.159876
v -0.412688 0.479280 -0.020341
v -0.489349 0.673899 0.200232
v -0.470022 0.666203 0.238200
v -0.433680 0.578685 0.278725
v -0.428456 0.489679 0.142025
v -0.442323 0.607417 0.090639
v -0.480698 0.714885 0.285919
v -0.215247 -0.073546 -0.018455
v -0.285757 -0.043343 -0.380191
v -0.191470 0.126604 0.507089
v -0.474119 0.659663 0.236679
v -0.401311 0.238230 -0.450118
v -0.429713 0.520913 0.170104
v -0.373383 0.416499 0.192759
v -0.447128 0.615085 0.188948
v -0.442101 0.629090 0.280688
v -0.469160 0.648090 0.184719
v -0.487732 0.734336 0.255497
v -0.478146 0.695952 0.191375
v -0.438673 0.450706 -0.210522
v -0.441024 0.584141 0.047231
v -0.460874 0.663129 0.250730
v -0.172820 -0.147488 0.045924
v -0.291990 0.357091 0.422491
v -0.315917 0.391759 0.353811
v -0.204982 -0.131471 -0.098774
v -0.220563 0.206631 0.506556
v -0.310128 0.387934 0.570340
v -0.305301 0.398843 0.617347
v -0.310768 0.427235 0.602474
v -0.413182 0.512175 0.158621
v -0.410419 0.531066 0.218197
v -0.382372 0.536389 0.461934
v -0.403079 0.568496 0.419886
v -0.448950 0.676800 0.382133
v -0.463445 0.689643 0.275381
v -0.451110 0.684812 0.316956
v -0.467582 0.729905 0.339302
v -0.295991 0.376519 0.555714
v -0.296080 0.381058 0.587942
v -0.322932 0.457704 0.636212
v -0.325500 0.467696 0.609074
v -0.356289 0.561090 0.561986
v -0.313972 0.394335 0.534660
v -0.315544 0.425548 0.542227
v -0.307338 0.417918 0.565919
v -0.404331 0.468599 0.140061
v -0.354687 0.526466 0.592410
v -0.337504 0.498329 0.583705
v -0.380935 0.534408 0.399928
v -0.435634 0.691522 0.402436
v -0.432190 0.652369 0.352545
v -0.133546 -0.146332 0.274260
v -0.324549 0.509736 0.633720
v -0.363048 0.507368 0.446759
v -0.347287 0.511698 0.553746
v -0.150846 -0.165138 0.129674
v -0.139778 -0.060988 0.412785
v -0.442408 0.396302 -0.350457
v -0.425761 0.321146 -0.415466
v -0.330212 0.403855 0.237056
v -0.335674 0.466132 0.551267
v -0.307377 0.471532 0.649374
v -0.157623 0.013116 0.468526
v -0.337289 0.390148 0.233039
v -0.304218 0.395115 0.520503
v -0.318194 0.431222 0.506573
v -0.325440 0.429971 0.522947
v -0.294657 0.422096 0.644035
v -0.309692 0.452866 0.600889
v -0.318624 0.447360 0.573778
v -0.327894 0.468142 0.568135
v -0.324802 0.486171 0.591599
v -0.370392 0.561864 0.465892
v -0.318048 0.444498 0.547345
v -0.329795 0.481018 0.552161
v -0.452674 0.690673 0.292551
v -0.471939 0.736587 0.227103
v -0.474619 0.750369 0.263553
v -0.464294 0.751426 0.309496
v -0.331116 0.469185 0.524612
v -0.376142 0.165553 -0.456523
v -0.443786 0.440363 -0.264954
v -0.301360 0.432224 0.590898
v -0.396804 0.563777 0.263413
v -0.412783 0.673493 0.417598
v -0.383812 0.560112 0.378839
v -0.450715 0.734453 0.361155
v -0.336748 0.543556 0.605071
v -0.425420 0.677470 0.226717
v -0.220822 -0.131059 -0.197899
v -0.369474 0.431108 0.150583
v -0.264509 0.393669 0.603704
v -0.381984 0.467911 0.129521
v -0.174774 -0.084665 -0.006639
v -0.414837 0.431966 -0.123825
v -0.396598 0.508311 0.142038
v -0.401819 0.649246 0.269527
v -0.436729 0.687704 0.175223
v -0.273773 0.450598 0.594115
v -0.261765 0.434507 0.636011
v -0.270458 0.436526 0.581786
v -0.294413 0.450117 0.545466
v -0.296476 0.506249 0.582489
v -0.248892 0.273892 0.488255
v -0.289726 0.425718 0.503224
v -0.390034 0.596666 0.429576
v -0.260953 0.390267 0.549131
v -0.294417 0.489605 0.550908
v -0.297216 0.514008 0.631513
v -0.424073 0.721301 0.381710
v -0.284872 0.462792 0.569953
v -0.273005 0.471505 0.641939
v -0.325192 0.516897 0.458006
v -0.310184 0.523461 0.548209
v -0.349313 0.565628 0.475187
v -0.357524 0.578759 0.445628
v -0.333207 0.569347 0.561437
v -0.440861 0.746872 0.343263
v -0.455327 0.758652 0.283736
v -0.339934 0.431426 0.179707
v -0.272032 0.400371 0.521431
v -0.285305 0.476439 0.596913
v -0.431038 0.610852 0.153305
v -0.396943 0.664652 0.347644
v -0.349948 0.093930 -0.450304
v -0.363709 0.577989 0.373431
v -0.421794 0.705370 0.266758
v -0.427274 0.701838 0.279850
v -0.341331 0.533899 0.405389
v -0.384248 0.619171 0.276234
v -0.414186 0.680128 0.240232
v -0.384886 0.528298 0.160841
v -0.374279 0.546032 0.215210
v -0.317040 0.546851 0.606028
v -0.371058 0.611345 0.423926
v -0.451340 0.728055 0.201187
v -0.457815 0.753650 0.248784
v -0.188501 -0.075097 -0.029747
v -0.230451 0.398372 0.445963
v -0.401081 0.630064 0.187311
v -0.107459 -0.059377 0.420327
v -0.377691 0.512188 0.143335
v -0.109459 -0.169081 0.154243
v -0.410474 0.378930 -0.411060
v -0.390506 0.464689 -0.078449
v -0.346838 0.452987 0.150338
v -0.298002 0.462786 0.508765
v -0.360589 0.579231 0.243109
v -0.418990 0.687487 0.318344
v -0.186627 -0.134914 -0.194407
v -0.376723 0.275222 -0.473324
v -0.365071 0.478316 0.134677
v -0.336729 0.563704 0.454206
v -0.407346 0.658854 0.181406
v -0.396650 0.693147 0.396934
v -0.139467 0.108057 0.516392
v -0.283497 0.437131 0.538112
v -0.347769 0.592457 0.408032
v -0.299125 0.485583 0.530268
v -0.382736 0.591031 0.058820
v -0.436183 0.745580 0.234720
v -0.433783 0.752822 0.306937
v -0.178836 0.201361 0.523455
v -0.399059 0.482435 -0.316409
v -0.396940 0.498432 -0.252387
v -0.278202 0.444283 0.331990
v -0.287939 0.438941 0.213729
v -0.314542 0.443271 0.163136
v -0.206665 0.272825 0.510622
v -0.225781 0.338579 0.480961
v -0.380905 0.461020 -0.111619
v -0.249447 0.408327 0.598068
v -0.406122 0.722499 0.351487
v -0.132004 -0.152748 0.044559
v -0.098938 0.024786 0.484152
v -0.275228 0.429520 0.555340
v -0.311071 0.556643 0.553531
v -0.417249 0.707305 0.301758
v -0.132929 -0.121852 0.341671
v -0.190647 -0.118391 -0.263875
v -0.075693 -0.104082 0.369627
v -0.373061 0.542997 0.167699
v -0.292329 0.529691 0.600639
v -0.277449 0.432587 0.515732
v -0.363583 0.502934 0.003832
v -0.288131 0.464007 0.531380
v -0.280233 0.449331 0.278313
v -0.397787 0.614844 0.094126
v -0.340134 0.150573 -0.482331
v -0.168555 -0.135462 -0.119543
v -0.146479 -0.112096 -0.094973
v -0.253843 0.407093 0.554471
v -0.387547 0.686946 0.378892
v -0.355764 0.497052 0.125179
v -0.273991 0.484462 0.615426
v -0.422556 0.733395 0.268553
v -0.264118 -0.000902 -0.433827
v -0.325430 0.550156 0.450176
v -0.417083 0.699900 0.187933
v -0.350399 0.478162 -0.028173
v -0.256615 0.445020 0.620884
v -0.411035 0.706466 0.226366
v -0.269172 0.419258 0.387764
v -0.329760 0.464612 0.129135
v -0.366693 0.527241 0.139513
v -0.369838 0.590583 0.176788
v -0.380034 0.643414 0.250282
v -0.382947 0.619357 0.181976
v -0.361132 0.514271 -0.175197
v -0.413030 0.430542 -0.365788
v -0.344208 0.475413 -0.101881
v -0.366417 0.588046 0.138005
v -0.400370 0.488971 -0.190799
v -0.297826 0.062921 -0.464570
v -0.344719 0.488570 0.104073
v -0.379495 0.633152 0.207379
v -0.357867 0.516338 0.107216
v -0.402927 0.684478 0.220205
v -0.123720 -0.123881 0.018291
v -0.051705 -0.144562 0.111421
v -0.312543 0.317559 -0.498513
v -0.182820 -0.076480 -0.367138
v -0.042515 -0.146403 0.273417
v -0.089232 0.191874 0.531458
v -0.378443 0.609044 0.103357
v -0.363270 0.603426 0.220019
v -0.122322 -0.113019 -0.193682
v -0.342723 0.532880 0.089114
v -0.198117 -0.027334 -0.429789
v -0.025805 -0.077945 0.394531
v -0.354232 0.407124 -0.441452
v -0.257876 0.147925 -0.514622
v -0.309094 0.236221 -0.508073
v -0.262038 0.439515 0.193983
v -0.335404 0.501157 0.028996
v -0.328203 0.503251 0.084168
v -0.119560 -0.102167 -0.040299
v -0.290719 0.454275 0.129216
v -0.317847 0.467023 0.108362
v -0.126624 0.306327 0.517147
v -0.223651 0.045447 -0.479175
v 0.010822 -0.132417 0.241162
v -0.333407 0.499260 0.053574
v -0.289817 0.480108 0.080901
v -0.353946 0.491887 -0.363591
v -0.014513 -0.122158 0.323131
v -0.096719 -0.132423 -0.008343
v -0.220165 0.440792 0.402935
v -0.113688 -0.100329 -0.153641
v -0.074834 -0.122861 0.056106
v -0.023831 -0.027515 0.440573
v -0.198613 0.465584 0.371467
v -0.116786 -0.124203 -0.078691
v -0.318113 0.494026 0.063863
v -0.109512 -0.079740 -0.321287
v -0.358980 0.514626 -0.305007
v -0.022695 0.040341 0.482168
v -0.305427 0.487026 0.013469
v -0.041757 -0.127042 0.038509
v -0.256474 0.454890 0.158537
v -0.236899 0.468953 0.244565
v -0.294168 0.475455 0.046111
v -0.307708 0.525369 -0.155516
v -0.209501 0.484590 0.286735
v -0.045626 0.109196 0.513602
v -0.336248 0.531272 -0.231488
v -0.159608 0.432281 0.441054
v -0.086585 -0.116079 -0.118852
v -0.144217 -0.044337 -0.401852
v -0.156525 0.389736 0.475606
v -0.046212 -0.086379 -0.053790
v -0.163949 0.018986 -0.460990
v 0.014474 -0.121290 0.188982
v 0.021219 -0.086617 0.128073
v -0.253578 0.243146 -0.522822
v -0.055584 -0.046355 -0.246786
v -0.052428 -0.090486 -0.178309
v -0.286641 0.472742 -0.086210
v -0.317103 0.474060 -0.406844
v -0.185588 0.471377 0.218711
v 0.017146 -0.003211 0.438076
v -0.233493 0.437754 0.178752
v 0.017971 -0.071855 0.371516
v -0.301651 0.390464 -0.473561
v -0.225627 0.474242 0.125438
v -0.062270 0.273566 0.516973
v -0.316075 0.517046 -0.344817
v -0.220851 0.482672 0.086617
v -0.104913 -0.049647 -0.368531
v -0.285741 0.535985 -0.298006
v -0.200300 0.153072 -0.517291
v -0.228763 0.479952 0.041831
v -0.007556 -0.102873 -0.024435
v -0.099711 0.391222 0.469619
v -0.243441 0.498697 -0.016305
v -0.187098 0.078362 -0.495745
v -0.015668 0.184048 0.510642
v -0.261260 0.507578 -0.132014
v -0.240589 0.338430 -0.503309
v -0.174029 0.512904 0.170410
v -0.257280 0.536223 -0.223405
v -0.235824 0.526899 -0.063789
v -0.106568 0.003389 -0.417270
v 0.030104 -0.097668 0.309577
v 0.028881 0.110426 0.478005
v -0.269067 0.512263 -0.364009
v -0.267217 0.452039 -0.433817
v -0.219018 0.472390 0.041169
v -0.234057 0.520562 -0.170678
v -0.152815 0.529338 0.071433
v 0.056979 -0.093862 0.078073
v -0.179774 0.524225 0.008412
v -0.143839 0.477388 0.246702
v -0.110473 0.474180 0.332056
v -0.178138 0.211778 -0.517881
v -0.152773 0.538399 0.118373
v -0.009481 -0.087335 -0.097279
v -0.010354 0.363000 0.443876
v -0.047420 -0.015452 -0.325984
v -0.226203 0.533343 -0.258123
v 0.083349 -0.058017 0.239042
v -0.111289 0.131656 -0.484308
v 0.051652 -0.039229 -0.070337
v -0.225388 0.529571 -0.312699
v 0.020049 -0.057477 -0.202916
v -0.046343 0.026403 -0.383152
v -0.064971 0.075959 -0.439166
v -0.076839 0.465740 0.279029
v -0.191436 0.553193 -0.042641
v 0.097566 -0.008283 0.329950
v 0.091971 0.067625 0.401930
v 0.023630 0.283052 0.464329
v 0.085043 -0.032306 0.178180
v -0.110422 0.506524 0.230728
v 0.008970 -0.030523 -0.259476
v -0.205567 0.553964 -0.100298
v 0.068577 0.194899 0.446526
v -0.089034 0.443156 0.407172
v -0.178121 0.378524 -0.472673
v 0.116085 -0.038051 -0.025341
v -0.189142 0.456291 -0.417008
v -0.091211 0.463990 0.366733
v -0.121948 0.519149 0.025528
v -0.083976 0.539765 0.191703
v -0.015995 0.021820 -0.309318
v -0.176691 0.517184 -0.238101
v 0.042671 -0.062721 -0.128760
v -0.175120 0.560369 -0.159430
v 0.091645 -0.064991 0.129117
v -0.118774 0.283537 -0.487936
v 0.072400 -0.077284 0.000825
v -0.134053 0.560026 -0.026327
v 0.127988 0.028692 -0.084081
v -0.028632 0.428396 0.373362
v -0.122222 0.395324 -0.434864
v 0.141308 -0.043960 0.093934
v -0.079391 0.193905 -0.476686
v -0.151564 0.500145 -0.275765
v 0.084391 -0.024717 -0.198055
v -0.022969 0.439634 0.297561
v -0.132118 0.549893 -0.218058
v -0.027768 0.095960 -0.397322
v 0.033034 0.029511 -0.306466
v 0.140318 -0.015686 0.161266
v 0.118053 0.026708 0.286441
v 0.052046 0.298826 0.428179
v -0.095347 0.550228 0.083731
v -0.132638 0.578139 -0.092458
v 0.122927 0.039957 0.225625
v 0.105863 0.139332 0.401956
v 0.029041 0.368094 0.386595
v -0.000283 0.120608 -0.354417
v -0.158916 0.481592 -0.363894
v 0.144922 -0.041874 0.040871
v 0.072406 -0.001166 -0.256882
v -0.039142 0.158416 -0.434542
v 0.125553 0.089987 0.343700
v 0.113014 -0.006136 -0.143819
v 0.138039 0.019830 -0.057396
v -0.063572 0.556266 0.127318
v -0.024028 0.494878 0.259933
v 0.034088 0.389865 0.310812
v 0.130959 0.092923 0.255807
v -0.051800 0.243810 -0.447880
v 0.101926 0.218938 0.393118
v -0.081587 0.336125 -0.439026
v -0.055729 0.522202 0.011589
v -0.097562 0.450824 -0.320299
v 0.001204 0.547768 0.161804
v 0.049228 0.101440 -0.340053
v 0.133456 0.167616 0.283622
v 0.123605 0.163522 0.357496
v 0.078617 0.297336 0.378569
v -0.061242 0.394132 -0.351310
v -0.080532 0.569347 -0.057348
v -0.084318 0.530005 -0.261231
v -0.104718 0.575465 -0.154468
v 0.184029 0.073608 0.207657
v 0.085034 0.318505 0.312716
v 0.183776 0.173933 0.259416
v -0.004319 0.213843 -0.375108
v -0.067884 0.580360 -0.115829
v -0.084890 0.474565 -0.306890
v -0.020634 0.298465 -0.375533
v 0.092768 0.124376 -0.329633
v 0.074019 0.463915 0.263356
v 0.058501 0.433182 0.288092
v 0.024344 0.513358 0.224163
v 0.128599 0.026781 -0.217776
v 0.184205 0.045372 -0.031031
v 0.051096 0.185678 -0.366707
v 0.191371 0.029607 0.134526
v -0.069197 0.554367 -0.221566
v 0.202486 0.023019 0.076007
v 0.173788 -0.002165 0.013145
v 0.157367 0.051029 -0.145157
v 0.112096 0.259999 0.307338
v -0.037499 0.484319 -0.307945
v 0.011455 0.548853 0.095034
v 0.030738 0.243174 -0.376590
v 0.165227 0.273702 0.283327
v 0.032288 0.495303 -0.010078
v -0.011985 0.425127 -0.341972
v 0.125819 0.361778 0.289311
v -0.013464 0.531736 -0.251755
v -0.006337 0.560587 -0.090348
v 0.135710 0.078515 -0.261458
v 0.024281 0.343610 -0.368444
v 0.164934 0.094050 -0.071767
v 0.152338 0.151209 -0.280488
v 0.058666 0.532572 0.113335
v 0.222200 0.092283 0.148560
v 0.096318 0.212481 -0.348595
v 0.068579 0.274402 -0.365691
v -0.027730 0.571170 -0.149584
v 0.217485 0.060786 0.039311
v 0.219514 0.150035 0.204915
v 0.095482 0.495333 0.040012
v 0.089328 0.500164 0.192522
v 0.176578 0.104423 -0.194032
v 0.163984 0.101844 -0.093087
v 0.111789 0.456986 0.233782
v 0.072046 0.504352 -0.075425
v 0.210135 0.239686 0.239919
v 0.230781 0.121908 0.011150
v 0.190193 0.142329 -0.131267
v 0.189907 0.218302 -0.059107
v 0.060408 0.403500 -0.327266
v 0.017264 0.464580 -0.305376
v 0.023692 0.538373 -0.189844
v 0.182615 0.210331 -0.080782
v 0.238530 0.113918 0.102802
v 0.090780 0.306640 -0.347788
v 0.213428 0.128291 -0.030238
v 0.169698 0.363690 0.249719
v 0.054407 0.528094 -0.135723
v 0.137357 0.225139 -0.313909
v 0.103564 0.441059 -0.031002
v 0.122226 0.489731 0.113286
v 0.199042 0.194455 -0.173484
v 0.223409 0.275601 0.207749
v 0.087752 0.488347 -0.199558
v 0.081928 0.461686 -0.254072
v 0.165683 0.436279 0.170387
v 0.244092 0.185024 0.153843
v 0.124943 0.357560 -0.295168
v 0.198712 0.267729 -0.123359
v 0.153191 0.431259 0.013760
v 0.145486 0.385050 -0.044966
v 0.137774 0.420888 -0.074933
v 0.224008 0.326288 0.169836
v 0.248054 0.185105 0.079173
v 0.178946 0.239058 -0.243377
v 0.122718 0.461061 -0.132614
v 0.169226 0.326036 -0.057457
v 0.164238 0.449907 0.094099
v 0.156666 0.287901 -0.281101
v 0.242341 0.251591 0.027014
v 0.224149 0.236265 -0.022427
v 0.246799 0.272229 0.117329
v 0.207791 0.341010 0.003736
v 0.212954 0.375311 0.115540
v 0.179352 0.359243 -0.127191
v 0.138223 0.402625 -0.234222
v 0.199656 0.391917 0.063590
v 0.194979 0.296221 -0.172714
v 0.174085 0.320822 -0.230813
v 0.161273 0.395269 -0.180423
v 0.228047 0.328844 0.054384
vn -0.9050 -0.3636 0.2209
vn -0.9063 -0.3603 0.2208
vn -0.9052 -0.3609 0.2242
vn -0.9170 -0.3888 0.0889
vn -0.9173 -0.3881 0.0890
vn -0.8838 -0.3572 0.3022
vn -0.9248 -0.2935 0.2420
vn -0.9233 -0.2988 0.2413
vn -0.9236 -0.3012 0.2370
vn -0.9572 -0.2887 0.0207
vn -0.9578 -0.2869 0.0179
vn -0.9585 -0.2843 0.0216
vn -0.8056 -0.4571 0.3769
vn -0.8041 -0.4603 0.3764
vn -0.8044 -0.4585 0.3778
vn -0.9184 -0.1992 0.3418
vn -0.9217 -0.1986 0.3333
vn -0.9175 -0.2065 0.3399
vn -0.8153 -0.5478 0.1875
vn -0.8279 -0.5591 0.0448
vn -0.8300 -0.5557 0.0489
vn -0.8330 -0.5515 0.0439
vn -0.9574 -0.2796 -0.0718
vn -0.9565 -0.2832 -0.0705
vn -0.9565 -0.2840 -0.0670
vn -0.9784 -0.1828 -0.0967
vn -0.9773 -0.1868 -0.0997
vn -0.9769 -0.1873 -0.1027
vn -0.8608 -0.5080 -0.0307
vn -0.8623 -0.5057 -0.0278
vn -0.8624 -0.5053 -0.0300
vn -0.9676 -0.2380 -0.0841
vn -0.8532 -0.3465 0.3897
vn -0.8537 -0.3507 0.3850
vn -0.8485 -0.3571 0.3905
vn -0.9571 -0.0902 0.2752
vn -0.7264 -0.4154 0.5475
vn -0.7656 -0.5741 0.2905
vn -0.7661 -0.5736 0.2899
vn -0.7676 -0.5726 0.2881
vn -0.8480 -0.5189 -0.1074
vn -0.9933 -0.0503 0.1039
vn -0.9943 -0.0490 0.0950
vn -0.9938 -0.0502 0.0990
vn -0.9429 -0.1008 0.3175
vn -0.9444 -0.1073 0.3109
vn -0.9438 -0.0977 0.3157
vn -0.9970 -0.0175 0.0754
vn -0.9972 -0.0212 0.0712
vn -0.9967 -0.0225 0.0778
vn -0.9850 -0.0135 0.1720
vn -0.9859 -0.0162 0.1666
vn -0.9849 -0.0234 0.1717
vn -0.7350 -0.4501 0.5071
vn -0.7356 -0.4513 0.5052
vn -0.7312 -0.4546 0.5086
vn -0.9674 -0.1718 -0.1862
vn -0.8257 -0.2040 0.5260
vn -0.8296 -0.2037 0.5199
vn -0.8290 -0.2028 0.5212
vn -0.8961 -0.0866 0.4353
vn -0.8947 -0.0895 0.4376
vn -0.8936 -0.0882 0.4400
vn -0.8020 -0.5968 -0.0263
vn -0.8003 -0.5990 -0.0262
vn -0.8027 -0.5957 -0.0267
vn -0.9917 -0.0438 0.1211
vn -0.9922 -0.0386 0.1182
vn -0.9910 -0.0427 0.1270
vn -0.8314 -0.4373 -0.3427
vn -0.8312 -0.4353 -0.3460
vn -0.8299 -0.4383 -0.3453
vn -0.9089 -0.0306 0.4160
vn -0.9112 -0.0284 0.4109
vn -0.9126 -0.0334 0.4074
vn -0.7473 -0.2567 0.6129
vn -0.8319 -0.4227 -0.3597
vn -0.8326 -0.4257 -0.3544
vn -0.8352 -0.4192 -0.3560
vn -0.6750 -0.6441 0.3599
vn -0.6747 -0.6478 0.3537
vn -0.6744 -0.6472 0.3554
vn -0.7233 -0.6405 0.2582
vn -0.7257 -0.6328 0.2701
vn -0.7215 -0.6414 0.2608
vn -0.8081 -0.5562 -0.1938
vn -0.8109 -0.5528 -0.1921
vn -0.8104 -0.5525 -0.1950
vn -0.9268 -0.2248 -0.3008
vn -0.9283 -0.2282 -0.2936
vn -0.9279 -0.2255 -0.2969
vn -0.7277 -0.4238 0.5393
vn -0.7014 -0.7115 -0.0418
vn -0.7019 -0.7109 -0.0435
vn -0.7097 -0.7033 -0.0423
vn -0.9956 0.0566 -0.0740
vn -0.9957 0.0552 -0.0738
vn -0.9957 0.0573 -0.0721
vn -0.8459 -0.4553 -0.2778
vn -0.8463 -0.4559 -0.2754
vn -0.8468 -0.4534 -0.2781
vn -0.7520 -0.5002 -0.4292
vn -0.7545 -0.4958 -0.4300
vn -0.7575 -0.4912 -0.4300
vn -0.6754 -0.5485 0.4928
vn -0.5201 -0.4852 0.7029
vn -0.8013 -0.3350 0.4957
vn -0.8021 -0.3328 0.4959
vn -0.8012 -0.3370 0.4945
vn -0.7546 -0.2039 0.6237
vn -0.7595 -0.2045 0.6175
vn -0.7577 -0.2095 0.6181
vn -0.9631 -0.1015 -0.2493
vn -0.9623 -0.1061 -0.2504
vn -0.9638 -0.1030 -0.2461
vn -0.9446 -0.1013 -0.3121
vn -0.9437 -0.1071 -0.3130
vn -0.9436 -0.1001 -0.3155
vn -0.9039 0.0616 0.4233
vn -0.9027 0.0556 0.4266
vn -0.9031 0.0598 0.4253
vn -0.7190 -0.6807 0.1400
vn -0.6744 -0.2918 0.6783
vn -0.6749 -0.2868 0.6799
vn -0.6772 -0.2893 0.6766
vn -0.6680 -0.3233 0.6702
vn -0.5881 -0.5764 0.5674
vn -0.5882 -0.5770 0.5667
vn -0.5877 -0.5767 0.5675
vn -0.6744 -0.4897 0.5527
vn -0.6809 -0.4864 0.5475
vn -0.6774 -0.4902 0.5484
vn -0.6531 -0.7186 0.2387
vn -0.6532 -0.7191 0.2370
vn -0.6571 -0.7169 0.2329
vn -0.7193 -0.6552 -0.2309
vn -0.7234 -0.6513 -0.2290
vn -0.7201 -0.6549 -0.2291
vn -0.7807 -0.0751 0.6204
vn -0.7807 -0.0748 0.6204
vn -0.7807 -0.0750 0.6204
vn -0.7582 -0.1118 0.6424
vn -0.7575 -0.1097 0.6435
vn -0.7583 -0.1104 0.6425
vn -0.9841 0.0219 -0.1763
vn -0.9844 0.0225 -0.1744
vn -0.9846 0.0206 -0.1734
vn -0.9700 0.0487 -0.2382
vn -0.6306 -0.7314 0.2597
vn -0.6251 -0.7359 0.2600
vn -0.6259 -0.7349 0.2613
vn -0.7132 -0.6899 -0.1237
vn -0.7087 -0.6947 -0.1230
vn -0.7104 -0.6920 -0.1284
vn -0.8147 -0.3988 -0.4210
vn -0.9634 0.0185 -0.2675
vn -0.9720 0.1831 0.1475
vn -0.8525 -0.2338 -0.4675
vn -0.8498 -0.2379 -0.4703
vn -0.8526 -0.2359 -0.4663
vn -0.5456 -0.6023 0.5826
vn -0.9416 0.2050 0.2671
vn -0.9417 0.2050 0.2669
vn -0.6940 -0.7023 -0.1584
vn -0.6941 -0.7007 -0.1652
vn -0.6960 -0.7004 -0.1582
vn -0.8119 0.0700 0.5796
vn -0.8125 0.0653 0.5793
vn -0.8124 0.0625 0.5798
vn -0.6910 -0.5939 -0.4121
vn -0.6275 -0.7616 0.1617
vn -0.6271 -0.7619 0.1620
vn -0.9614 0.1533 -0.2287
vn -0.9620 0.1500 -0.2282
vn -0.9611 0.1538 -0.2295
vn -0.6368 -0.7691 0.0549
vn -0.6428 -0.7634 0.0631
vn -0.6413 -0.7651 0.0584
vn -0.6612 -0.7489 -0.0451
vn -0.4310 -0.7201 0.5438
vn -0.4346 -0.7186 0.5429
vn -0.4300 -0.7227 0.5411
vn -0.5029 -0.5105 0.6975
vn -0.5087 -0.5073 0.6956
vn -0.5046 -0.5116 0.6954
vn -0.7086 -0.0504 0.7038
vn -0.7120 -0.0471 0.7006
vn -0.7103 -0.0511 0.7020
vn -0.4385 -0.7424 0.5065
vn -0.4342 -0.7422 0.5105
vn -0.4346 -0.7387 0.5152
vn -0.9146 0.0291 -0.4032
vn -0.9144 0.0320 -0.4035
vn -0.9120 0.0307 -0.4091
vn -0.7410 0.0292 0.6709
vn -0.7467 0.0269 0.6646
vn -0.7431 0.0259 0.6687
vn -0.7567 0.1450 0.6375
vn -0.7574 0.1412 0.6375
vn -0.7549 0.1482 0.6389
vn -0.9374 0.2417 0.2506
vn -0.9384 0.2444 0.2442
vn -0.9370 0.2456 0.2484
vn -0.5182 -0.4496 0.7276
vn -0.5232 -0.4480 0.7249
vn -0.5194 -0.4532 0.7244
vn -0.5327 -0.1858 0.8257
vn -0.8375 0.2728 0.4734
vn -0.8387 0.2679 0.4742
vn -0.9337 0.1567 -0.3218
vn -0.9325 0.1601 -0.3238
vn -0.9630 0.2652 -0.0476
vn -0.9630 0.2636 -0.0567
vn -0.9621 0.2664 -0.0576
vn -0.9524 0.2931 -0.0838
vn -0.5659 -0.0789 0.8207
vn -0.4399 -0.7520 0.4908
vn -0.4487 -0.7447 0.4940
vn -0.4500 -0.7472 0.4891
vn -0.9393 0.3277 0.1018
vn -0.9383 0.3301 0.1031
vn -0.9391 0.3272 0.1055
vn -0.6907 -0.4709 -0.5488
vn -0.6949 -0.4674 -0.5465
vn -0.9230 0.2375 -0.3029
vn -0.9255 0.2371 -0.2954
vn -0.9249 0.2342 -0.2996
vn -0.7506 0.1345 0.6469
vn -0.4433 -0.7339 0.5147
vn -0.7738 0.0725 -0.6293
vn -0.7762 0.0693 -0.6267
vn -0.7764 0.0741 -0.6259
vn -0.9313 0.3599 -0.0553
vn -0.8682 0.3334 0.3675
vn -0.8657 0.3394 0.3679
vn -0.8671 0.3377 0.3663
vn -0.6384 -0.6097 -0.4698
vn -0.9213 0.3296 -0.2061
vn -0.9243 0.3250 -0.2000
vn -0.9217 0.3320 -0.2004
vn -0.4742 -0.8570 0.2017
vn -0.7243 0.3241 0.6086
vn -0.7301 0.3150 0.6064
vn -0.7264 0.3187 0.6090
vn -0.6281 -0.6176 -0.4734
vn -0.6319 -0.6140 -0.4731
vn -0.6310 -0.6139 -0.4743
vn -0.2713 -0.5932 0.7580
vn -0.2732 -0.5921 0.7582
vn -0.2696 -0.5975 0.7552
vn -0.5593 0.1541 0.8145
vn -0.5652 0.1505 0.8111
vn -0.5627 0.1464 0.8136
vn -0.6471 -0.7292 0.2225
vn -0.6445 -0.7310 0.2242
vn -0.6443 -0.7322 0.2208
vn -0.3523 -0.3129 0.8821
vn -0.3555 -0.3181 0.8789
vn -0.3758 -0.2491 0.8926
vn -0.5321 -0.8459 0.0352
vn -0.5147 -0.7954 -0.3199
vn -0.5144 -0.7973 -0.3157
vn -0.5186 -0.7930 -0.3198
vn -0.7443 0.0691 -0.6643
vn -0.7474 0.0596 -0.6617
vn -0.7473 0.0708 -0.6607
vn -0.8512 0.2477 -0.4626
vn -0.8529 0.2361 -0.4656
vn -0.8518 0.2497 -0.4605
vn -0.8257 0.2897 0.4841
vn -0.4224 -0.8989 0.1160
vn -0.4280 -0.8959 0.1187
vn -0.4233 -0.8980 0.1197
vn -0.5303 -0.8297 -0.1742
vn -0.7293 -0.0777 -0.6798
vn -0.7374 -0.0810 -0.6706
vn -0.7350 -0.0744 -0.6740
vn -0.2648 -0.6831 0.6806
vn -0.2703 -0.6819 0.6797
vn -0.2659 -0.6852 0.6781
vn -0.3529 -0.8365 0.4191
vn -0.3556 -0.8346 0.4208
vn -0.3675 -0.7971 0.4792
vn -0.3719 -0.7968 0.4762
vn -0.3726 -0.7973 0.4749
vn -0.5400 -0.7242 -0.4288
vn -0.5403 -0.7239 -0.4291
vn -0.8571 0.4461 -0.2574
vn -0.5914 -0.4088 -0.6950
vn -0.5859 -0.4099 -0.6991
vn -0.5825 -0.4159 -0.6984
vn -0.2684 -0.8080 0.5246
vn -0.4638 0.0329 0.8853
vn -0.4955 -0.6878 -0.5304
vn -0.5015 -0.6815 -0.5330
vn -0.4953 -0.6870 -0.5317
vn -0.4042 -0.9094 -0.0980
vn -0.4047 -0.9091 -0.0989
vn -0.8290 0.5557 0.0619
vn -0.8303 0.5540 0.0596
vn -0.8294 0.5548 0.0649
vn -0.8410 0.5356 0.0763
vn -0.8403 0.5370 0.0739
vn -0.8396 0.5377 0.0776
vn -0.4665 -0.7388 -0.4863
vn -0.4696 -0.7355 -0.4884
vn -0.4676 -0.7337 -0.4931
vn -0.6714 0.3709 0.6416
vn -0.3149 -0.9464 0.0714
vn -0.4038 -0.9080 0.1114
vn -0.4174 -0.8829 -0.2152
vn -0.4197 -0.8825 -0.2121
vn -0.4214 -0.8825 -0.2089
vn -0.5384 -0.2029 -0.8179
vn -0.5394 -0.2033 -0.8171
vn -0.5385 -0.2017 -0.8181
vn -0.5952 -0.1062 -0.7966
vn -0.5939 -0.1091 -0.7971
vn -0.5946 -0.1075 -0.7968
vn -0.4162 -0.8933 -0.1695
vn -0.4183 -0.8924 -0.1694
vn -0.4210 -0.8917 -0.1663
vn -0.5365 0.2261 0.8131
vn -0.5331 0.2233 0.8161
vn -0.5298 0.2210 0.8189
vn -0.8172 0.5131 0.2627
vn -0.8198 0.5115 0.2573
vn -0.8169 0.5104 0.2687
vn -0.1469 -0.3577 0.9222
vn -0.1436 -0.3635 0.9205
vn -0.1407 -0.3577 0.9232
vn -0.6266 0.3692 0.6864
vn -0.6235 0.3621 0.6929
vn -0.6240 0.3666 0.6901
vn -0.4477 -0.4567 -0.7688
vn -0.1438 -0.5037 0.8518
vn -0.2973 -0.9548 0.0036
vn -0.3011 -0.9536 0.0042
vn -0.3019 -0.9533 -0.0056
vn 0.0298 -0.2659 0.9635
vn -0.4281 -0.9030 0.0355
vn -0.4252 -0.8991 0.1045
vn -0.4297 -0.8973 0.1011
vn -0.4236 -0.9002 0.1013
vn -0.1408 -0.8712 0.4703
vn -0.1477 -0.8698 0.4708
vn -0.1432 -0.8695 0.4727
vn -0.4913 -0.7271 -0.4796
vn -0.4939 -0.7263 -0.4782
vn -0.4925 -0.7251 -0.4813
vn -0.7381 0.4047 -0.5399
vn -0.7366 0.4017 -0.5441
vn -0.7418 0.4007 -0.5377
vn -0.0954 -0.7427 0.6628
vn -0.3125 0.0910 -0.9456
vn -0.3076 0.0923 -0.9470
vn -0.3128 0.0927 -0.9453
vn -0.5325 0.1796 -0.8272
vn -0.5297 0.1812 -0.8286
vn -0.5293 0.1796 -0.8292
vn -0.7932 0.5806 -0.1835
vn -0.7923 0.5814 -0.1851
vn -0.7905 0.5847 -0.1824
vn 0.1080 -0.4732 0.8743
vn -0.0852 -0.0793 0.9932
vn -0.0759 -0.0769 0.9941
vn -0.0867 -0.0826 0.9928
vn -0.7331 0.5051 0.4554
vn -0.7364 0.4964 0.4597
vn -0.7385 0.4900 0.4632
vn -0.7489 0.5584 0.3569
vn -0.3518 -0.9258 -0.1385
vn -0.4304 -0.6168 -0.6590
vn -0.4304 -0.6167 -0.6591
vn -0.4304 -0.6169 -0.6589
vn -0.6812 0.5940 -0.4279
vn -0.6808 0.5937 -0.4290
vn -0.6816 0.5931 -0.4286
vn -0.7677 0.6098 -0.1969
vn -0.7714 0.6076 -0.1890
vn -0.7675 0.6134 -0.1864
vn -0.1046 -0.8862 0.4514
vn -0.1047 -0.8862 0.4513
vn -0.1047 -0.8862 0.4514
vn -0.4168 -0.1590 -0.8950
vn -0.5545 -0.2024 -0.8072
vn -0.5588 -0.2025 -0.8042
vn -0.5564 -0.2082 -0.8044
vn -0.7867 0.6165 -0.0321
vn -0.7853 0.6183 -0.0312
vn -0.7832 0.6209 -0.0324
vn -0.2962 -0.7957 -0.5283
vn -0.2954 -0.7952 -0.5296
vn -0.2955 -0.7957 -0.5288
vn 0.0882 -0.2656 0.9600
vn -0.1365 0.0739 0.9879
vn -0.1344 0.0767 0.9880
vn -0.1369 0.0765 0.9876
vn -0.4449 0.1340 -0.8855
vn -0.7419 0.6643 -0.0906
vn -0.7376 0.6693 -0.0901
vn -0.5333 0.5224 0.6653
vn -0.5379 0.5192 0.6641
vn -0.5335 0.5258 0.6625
vn -0.1799 -0.9769 -0.1153
vn -0.1839 -0.9765 -0.1128
vn -0.1822 -0.9766 -0.1145
vn -0.2027 0.3528 0.9135
vn -0.0596 -0.0306 0.9978
vn -0.0617 -0.0239 0.9978
vn -0.0608 -0.0273 0.9978
vn -0.6530 0.6072 0.4526
vn -0.6528 0.6072 0.4530
vn -0.6518 0.6086 0.4526
vn -0.5845 0.5645 0.5829
vn -0.5852 0.5619 0.5846
vn -0.5830 0.5624 0.5864
vn -0.2617 -0.2716 -0.9261
vn -0.2612 -0.2846 -0.9224
vn -0.2717 -0.2910 -0.9173
vn -0.5900 0.5307 0.6085
vn -0.5854 0.5384 0.6062
vn -0.5889 0.5351 0.6057
vn -0.0793 0.1554 0.9847
vn -0.6393 0.7298 0.2423
vn -0.2586 -0.8403 -0.4765
vn -0.2598 -0.8408 -0.4749
vn -0.2570 -0.8426 -0.4732
vn -0.3008 -0.3695 -0.8792
vn -0.3098 -0.3672 -0.8770
vn -0.3029 -0.3667 -0.8797
vn -0.6383 0.7610 0.1161
vn -0.6427 0.7573 0.1159
vn -0.6426 0.7566 0.1209
vn -0.1206 -0.9634 0.2394
vn -0.1209 -0.9638 0.2378
vn -0.1196 -0.9637 0.2386
vn -0.1594 -0.9247 0.3458
vn -0.1582 -0.9231 0.3506
vn -0.3978 0.5530 0.7321
vn -0.3968 0.5532 0.7325
vn -0.2949 -0.8670 -0.4017
vn -0.3023 -0.8629 -0.4049
vn -0.2975 -0.8645 -0.4052
vn -0.0843 -0.9273 0.3648
vn -0.0785 -0.9297 0.3599
vn -0.0762 -0.9307 0.3578
vn 0.1714 -0.4911 0.8541
vn 0.1739 -0.4910 0.8536
vn 0.1725 -0.4935 0.8525
vn -0.4146 0.4119 -0.8114
vn -0.5861 0.6403 -0.4966
vn -0.5848 0.6447 -0.4924
vn -0.5835 0.6440 -0.4948
vn -0.2036 0.3479 0.9152
vn -0.2103 0.3452 0.9146
vn -0.2125 0.3465 0.9137
vn -0.6264 0.7666 0.1409
vn -0.6330 0.7606 0.1446
vn -0.6296 0.7633 0.1444
vn -0.6257 -0.2294 -0.7456
vn -0.0835 -0.9918 0.0968
vn -0.0756 -0.9926 0.0949
vn -0.0819 -0.9921 0.0945
vn -0.7640 -0.4544 0.4581
vn -0.7608 -0.4571 0.4607
vn -0.7587 -0.4562 0.4651
vn -0.6122 0.2811 -0.7391
vn -0.6154 0.2759 -0.7384
vn -0.6175 0.2805 -0.7349
vn -0.7199 0.6320 -0.2871
vn -0.7200 0.6294 -0.2922
vn -0.7177 0.6361 -0.2833
vn -0.4835 0.6895 0.5393
vn -0.4877 0.6933 0.5305
vn -0.4832 0.6931 0.5348
vn -0.2288 0.0946 0.9689
vn -0.2174 -0.8709 -0.4407
vn -0.2109 -0.8684 -0.4488
vn -0.2111 -0.8716 -0.4425
vn -0.3693 0.5676 -0.7358
vn -0.3691 0.5675 -0.7359
vn -0.3694 0.5677 -0.7357
vn -0.2164 -0.6155 -0.7579
vn -0.4254 0.5920 0.6845
vn -0.4284 0.5843 0.6892
vn -0.4257 0.5844 0.6909
vn -0.9005 -0.3497 -0.2584
vn -0.1856 -0.5879 -0.7873
vn -0.1858 -0.5951 -0.7819
vn -0.1939 -0.5948 -0.7801
vn -0.0692 0.2893 0.9547
vn -0.3053 0.6406 0.7046
vn -0.3074 0.6371 0.7068
vn -0.3078 0.6367 0.7070
vn -0.8541 -0.4914 -0.1703
vn -0.9702 -0.2100 -0.1204
vn -0.9677 -0.2216 -0.1198
vn -0.9699 -0.2140 -0.1163
vn -0.1057 -0.9623 -0.2505
vn -0.1096 -0.9613 -0.2529
vn -0.1050 -0.9614 -0.2545
vn 0.1353 -0.6377 0.7583
vn 0.1309 -0.6359 0.7606
vn 0.1325 -0.6378 0.7587
vn -0.8171 -0.2024 0.5398
vn -0.4017 0.7241 0.5606
vn -0.3988 0.7233 0.5637
vn -0.6118 0.7872 -0.0783
vn -0.8154 -0.2036 0.5420
vn -0.8213 -0.1953 0.5360
vn -0.8188 -0.2000 0.5382
vn -0.7538 -0.4629 0.4664
vn -0.7537 -0.4665 0.4628
vn 0.0099 -0.9275 0.3736
vn 0.0100 -0.9276 0.3735
vn 0.0101 -0.9276 0.3735
vn -0.9758 -0.0702 -0.2069
vn -0.9737 -0.0818 -0.2127
vn -0.9751 -0.0772 -0.2077
vn -0.8341 -0.0049 0.5515
vn -0.9961 0.0402 -0.0784
vn -0.6963 -0.5890 -0.4102
vn -0.7001 -0.5802 -0.4162
vn -0.7020 -0.5847 -0.4067
vn -0.5438 -0.5615 -0.6237
vn -0.5485 -0.5610 -0.6200
vn -0.5407 -0.5593 -0.6283
vn -0.6645 -0.5879 0.4612
vn -0.6032 0.5865 0.5405
vn -0.6431 -0.6902 0.3317
vn -0.0893 -0.9929 -0.0783
vn -0.0903 -0.9929 -0.0772
vn -0.0920 -0.9928 -0.0770
vn -0.7753 -0.5872 -0.2326
vn -0.5353 0.8075 0.2478
vn -0.0375 -0.9641 -0.2628
vn -0.0410 -0.9650 -0.2588
vn -0.0432 -0.9647 -0.2598
vn -0.5561 0.8309 0.0190
vn -0.5573 0.8302 0.0105
vn -0.5592 0.8290 0.0056
vn 0.2684 -0.6675 0.6945
vn -0.8607 -0.2735 -0.4294
vn -0.8604 -0.2738 -0.4299
vn -0.1593 -0.8176 -0.5533
vn -0.1587 -0.8195 -0.5506
vn -0.1635 -0.8163 -0.5540
vn -0.0921 -0.9956 -0.0159
vn -0.0921 -0.9956 -0.0158
vn -0.8664 -0.1429 -0.4785
vn -0.8676 -0.1400 -0.4771
vn -0.8698 -0.1349 -0.4745
vn -0.9598 -0.0614 -0.2737
vn -0.9598 -0.0592 -0.2745
vn -0.9599 -0.0589 -0.2741
vn -0.6882 0.4563 -0.5641
vn -0.5521 0.7670 -0.3270
vn 0.2542 -0.7113 0.6554
vn 0.2591 -0.7077 0.6572
vn 0.2611 -0.7039 0.6605
vn -0.5710 -0.3816 0.7268
vn -0.5694 -0.3830 0.7274
vn -0.5729 -0.3812 0.7256
vn -0.5181 -0.6174 0.5919
vn -0.5193 -0.6231 0.5849
vn -0.5181 -0.6207 0.5885
vn 0.0464 -0.9974 0.0549
vn 0.0469 -0.9975 0.0526
vn 0.0404 -0.9975 0.0582
vn -0.0848 -0.8908 -0.4464
vn -0.8294 0.0005 0.5587
vn -0.8318 0.0031 0.5551
vn -0.8319 -0.0006 0.5550
vn -0.9776 0.1918 -0.0866
vn -0.9786 0.1874 -0.0855
vn -0.9788 0.1880 -0.0809
vn 0.0439 -0.9484 0.3141
vn 0.0542 0.3995 0.9151
vn -0.1608 0.6363 0.7545
vn -0.1634 0.6353 0.7548
vn -0.1582 0.6331 0.7577
vn -0.5638 -0.2587 0.7843
vn -0.5629 -0.2595 0.7847
vn -0.5575 -0.2662 0.7863
vn -0.7412 -0.6586 -0.1304
vn -0.7430 -0.6573 -0.1260
vn -0.7443 -0.6553 -0.1288
vn -0.4250 0.4574 0.7812
vn -0.4274 0.4576 0.7797
vn -0.4278 0.4525 0.7825
vn -0.3124 0.6570 0.6861
vn -0.0167 -0.8717 -0.4898
vn -0.0199 -0.8710 -0.4908
vn -0.0189 -0.8694 -0.4937
vn -0.9699 0.2414 0.0330
vn -0.0666 -0.9184 -0.3900
vn -0.7660 0.0511 0.6408
vn -0.7667 0.0505 0.6401
vn -0.7660 0.0487 0.6410
vn -0.4529 0.8040 -0.3853
vn -0.4534 0.8049 -0.3828
vn -0.4556 0.8035 -0.3832
vn 0.3508 -0.7471 0.5646
vn 0.3509 -0.7472 0.5644
vn -0.1104 -0.5686 -0.8152
vn -0.1156 -0.5709 -0.8129
vn -0.1214 -0.5698 -0.8127
vn -0.5448 -0.7630 0.3479
vn -0.5476 -0.7595 0.3511
vn -0.6776 -0.5565 -0.4808
vn -0.9230 0.3810 0.0534
vn -0.7393 -0.3347 -0.5843
vn -0.7403 -0.3351 -0.5828
vn -0.7406 -0.3333 -0.5834
vn -0.5345 0.8237 -0.1895
vn -0.5373 0.8220 -0.1888
vn -0.5363 0.8220 -0.1916
vn -0.3063 0.8318 0.4628
vn -0.3084 0.8279 0.4685
vn -0.3054 0.8314 0.4642
vn 0.1035 -0.9696 -0.2218
vn 0.1079 -0.9705 -0.2155
vn 0.1026 -0.9687 -0.2262
vn -0.4584 -0.4898 0.7416
vn -0.4573 -0.4866 0.7444
vn -0.4597 -0.4935 0.7383
vn -0.4562 -0.7833 -0.4224
vn -0.4598 -0.7811 -0.4224
vn -0.4592 -0.7807 -0.4238
vn -0.4926 0.8207 0.2896
vn -0.4924 0.8233 0.2822
vn -0.4955 0.8205 0.2852
vn 0.2090 -0.9159 0.3426
vn 0.2068 -0.9151 0.3462
vn 0.2076 -0.9176 0.3389
vn -0.9055 0.1470 -0.3981
vn -0.8999 0.2057 0.3846
vn -0.6708 -0.4437 -0.5943
vn -0.6705 -0.4450 -0.5936
vn -0.6706 -0.4449 -0.5936
vn -0.4213 -0.6900 0.5885
vn -0.4221 -0.6900 0.5880
vn -0.4214 -0.6907 0.5877
vn -0.5444 0.7755 -0.3196
vn -0.5452 0.7750 -0.3195
vn -0.9341 0.2572 -0.2476
vn -0.9358 0.2507 -0.2478
vn -0.9360 0.2495 -0.2481
vn -0.8043 -0.0741 -0.5895
vn -0.8016 -0.0844 -0.5919
vn -0.8055 -0.0844 -0.5866
vn -0.8270 0.1825 -0.5318
vn -0.8272 0.1681 -0.5362
vn -0.8305 0.1694 -0.5307
vn -0.2315 -0.7387 -0.6330
vn -0.5481 -0.2531 0.7972
vn 0.1408 -0.9887 0.0507
vn 0.1415 -0.9888 0.0468
vn 0.1453 -0.9883 0.0466
vn -0.4624 -0.8405 0.2823
vn -0.4900 -0.1272 0.8624
vn -0.4928 -0.1296 0.8605
vn -0.4896 -0.1206 0.8636
vn -0.5666 -0.7960 -0.2130
vn -0.5649 -0.7971 -0.2134
vn -0.7646 0.0425 -0.6431
vn -0.7686 0.0374 -0.6387
vn -0.7671 0.0433 -0.6401
vn -0.5261 -0.8439 -0.1048
vn -0.5252 -0.8445 -0.1049
vn -0.5166 -0.0082 0.8562
vn -0.5167 -0.0026 0.8562
vn -0.5204 -0.0106 0.8538
vn -0.3792 0.8255 -0.4180
vn 0.0058 0.5951 0.8036
vn 0.0046 0.5947 0.8039
vn 0.0063 0.5916 0.8062
vn -0.2846 0.7461 -0.6020
vn -0.2845 0.7460 -0.6021
vn -0.2844 0.7459 -0.6023
vn -0.3247 0.9032 0.2808
vn -0.3239 0.9031 0.2819
vn -0.3262 0.9024 0.2815
vn -0.4671 -0.8611 0.2010
vn -0.4663 -0.8606 0.2046
vn -0.2580 -0.7014 0.6645
vn -0.2573 -0.6991 0.6671
vn -0.2606 -0.7020 0.6628
vn -0.8344 0.3640 0.4140
vn -0.8354 0.3609 0.4146
vn -0.8327 0.3658 0.4158
vn -0.0898 0.6507 0.7541
vn -0.0857 0.6561 0.7498
vn -0.0911 0.6546 0.7505
vn 0.1856 -0.9791 -0.0834
vn 0.1832 -0.9790 -0.0892
vn 0.1842 -0.9793 -0.0838
vn 0.1955 -0.9372 0.2887
vn 0.1964 -0.9351 0.2950
vn 0.1968 -0.9389 0.2824
vn -0.2581 -0.8756 0.4083
vn -0.1466 -0.7553 0.6388
vn -0.1460 -0.7586 0.6349
vn -0.1483 -0.7550 0.6388
vn -0.6330 -0.1624 -0.7569
vn -0.6317 -0.1696 -0.7564
vn -0.6327 -0.1644 -0.7567
vn -0.1717 0.7418 0.6482
vn -0.1678 0.7441 0.6466
vn -0.1645 0.7469 0.6443
vn -0.4987 -0.6528 -0.5703
vn -0.5035 -0.6521 -0.5668
vn -0.5026 -0.6486 -0.5716
vn 0.0828 -0.6755 -0.7327
vn 0.0810 -0.6759 -0.7326
vn 0.0799 -0.6769 -0.7317
vn 0.0708 -0.6401 -0.7650
vn 0.0682 -0.6418 -0.7638
vn 0.0704 -0.6417 -0.7637
vn 0.2572 -0.9477 0.1889
vn -0.4859 -0.7765 -0.4013
vn -0.4832 -0.7799 -0.3979
vn -0.4837 -0.7798 -0.3974
vn -0.6778 0.0875 -0.7300
vn 0.2272 -0.9573 -0.1788
vn 0.2255 -0.9586 -0.1740
vn 0.2224 -0.9584 -0.1792
vn -0.0117 -0.8469 -0.5316
vn -0.3324 -0.9355 0.1199
vn -0.1854 -0.4821 0.8563
vn -0.1841 -0.4862 0.8543
vn -0.1390 -0.9815 -0.1313
vn -0.7131 0.3170 -0.6252
vn -0.7176 0.3126 -0.6224
vn -0.7172 0.3184 -0.6199
vn -0.6880 0.3719 0.6232
vn -0.6885 0.3673 0.6254
vn -0.6844 0.3724 0.6269
vn 0.1648 -0.9746 -0.1517
vn 0.1651 -0.9748 -0.1500
vn 0.1686 -0.9729 -0.1583
vn -0.8506 0.4847 0.2039
vn -0.8517 0.4843 0.2001
vn -0.8539 0.4819 0.1968
vn 0.4741 -0.6727 0.5681
vn -0.1577 -0.5389 0.8274
vn -0.1561 -0.5390 0.8277
vn -0.1566 -0.5380 0.8283
vn -0.6221 0.2639 0.7371
vn -0.6239 0.2616 0.7364
vn -0.6227 0.2647 0.7364
vn -0.8546 0.4150 -0.3121
vn -0.8543 0.4153 -0.3126
vn -0.8541 0.4159 -0.3123
vn -0.8454 0.4980 -0.1931
vn -0.8496 0.4937 -0.1855
vn -0.8476 0.4957 -0.1894
vn -0.2165 0.9411 0.2597
vn -0.2173 -0.2991 0.9291
vn -0.2070 -0.3016 0.9307
vn -0.2097 -0.2970 0.9316
vn -0.4923 0.2565 0.8318
vn -0.4900 0.2586 0.8325
vn -0.4883 0.2603 0.8329
vn -0.2242 0.9487 0.2228
vn -0.2236 0.9479 0.2267
vn -0.2208 0.9481 0.2288
vn -0.4093 0.1331 0.9026
vn -0.4121 0.1337 0.9013
vn -0.4140 0.1300 0.9009
vn -0.8404 0.4697 0.2705
vn -0.2803 0.8368 -0.4702
vn -0.2761 0.8404 -0.4664
vn -0.2696 0.8422 -0.4670
vn -0.2980 -0.9529 -0.0571
vn -0.2983 -0.9529 -0.0555
vn -0.2776 0.9606 -0.0163
vn -0.2781 0.9604 -0.0162
vn -0.2779 0.9605 -0.0164
vn 0.3781 -0.9113 0.1631
vn 0.3783 -0.9118 0.1594
vn 0.3806 -0.9116 0.1556
vn 0.2284 -0.8662 -0.4445
vn 0.2307 -0.8676 -0.4405
vn 0.2252 -0.8697 -0.4393
vn -0.8231 0.4821 0.3001
vn -0.8242 0.4811 0.2986
vn -0.8215 0.4843 0.3010
vn -0.0526 0.8346 0.5484
vn -0.0533 0.8346 0.5483
vn -0.6090 -0.1632 -0.7762
vn -0.6114 -0.1653 -0.7739
vn -0.6125 -0.1552 -0.7751
vn -0.0505 -0.9223 -0.3831
vn -0.0537 -0.9210 -0.3859
vn -0.0510 -0.9214 -0.3852
vn -0.2822 0.9573 -0.0625
vn -0.2782 0.9588 -0.0572
vn -0.2730 0.9601 -0.0612
vn -0.4133 -0.4411 -0.7966
vn -0.4154 -0.4428 -0.7946
vn -0.4151 -0.4391 -0.7968
vn -0.1547 0.9392 0.3065
vn -0.3586 -0.5844 -0.7279
vn -0.3595 -0.5841 -0.7278
vn -0.3588 -0.5841 -0.7281
vn -0.1642 -0.4009 0.9013
vn -0.1698 -0.3976 0.9017
vn -0.1679 -0.4044 0.8990
vn -0.2518 -0.1105 0.9614
vn -0.2535 -0.1110 0.9610
vn -0.2519 -0.1161 0.9608
vn -0.1557 0.9616 -0.2262
vn -0.4992 -0.4042 -0.7664
vn -0.4999 -0.4026 -0.7668
vn -0.4975 -0.4030 -0.7682
vn -0.5396 -0.0493 -0.8405
vn -0.5412 -0.0526 -0.8392
vn -0.5391 -0.0494 -0.8408
vn -0.3050 0.1193 0.9448
vn -0.2967 0.1166 0.9478
vn -0.2995 0.1118 0.9475
vn 0.2999 -0.7332 -0.6102
vn 0.2956 -0.7352 -0.6100
vn 0.3016 -0.7357 -0.6064
vn 0.0168 0.8650 0.5016
vn 0.0118 0.8652 0.5013
vn 0.0135 0.8629 0.5052
vn -0.0366 0.7274 0.6853
vn -0.0359 0.7239 0.6890
vn -0.0338 0.7247 0.6882
vn -0.2021 -0.2281 0.9524
vn -0.1947 -0.2254 0.9546
vn -0.1995 -0.2298 0.9526
vn -0.2462 -0.9432 -0.2230
vn -0.2513 -0.9422 -0.2216
vn -0.2572 -0.9405 -0.2219
vn -0.0038 0.9602 0.2792
vn -0.0040 0.9626 0.2709
vn -0.0053 0.9609 0.2768
vn -0.7289 0.4476 -0.5180
vn -0.7278 0.4439 -0.5228
vn -0.8158 0.5483 -0.1839
vn -0.8164 0.5493 -0.1781
vn 0.2773 -0.9532 -0.1207
vn 0.2696 -0.9549 -0.1242
vn 0.2776 -0.9525 -0.1250
vn -0.6402 0.2791 -0.7157
vn -0.6441 0.2759 -0.7135
vn -0.6438 0.2828 -0.7111
vn 0.2489 -0.9477 -0.1998
vn 0.2405 -0.9482 -0.2076
vn 0.2411 -0.9483 -0.2064
vn -0.2943 -0.6135 -0.7328
vn -0.2942 -0.6139 -0.7325
vn -0.2943 -0.6104 -0.7354
vn -0.1436 0.9628 -0.2288
vn -0.2621 -0.8327 -0.4878
vn -0.1541 -0.9749 0.1610
vn -0.1541 -0.9748 0.1610
vn -0.1852 -0.7626 -0.6199
vn -0.1922 -0.7637 -0.6163
vn -0.1903 -0.7629 -0.6179
vn -0.0362 -0.6127 0.7894
vn -0.0361 -0.6126 0.7896
vn -0.0369 -0.6128 0.7893
vn -0.4986 0.5514 0.6689
vn -0.4982 0.5509 0.6695
vn -0.4981 0.5521 0.6686
vn -0.1339 -0.9903 0.0376
vn -0.1346 -0.9903 0.0332
vn -0.1299 -0.9909 0.0349
vn 0.3174 -0.8536 0.4130
vn 0.3214 -0.8537 0.4097
vn 0.3262 -0.8527 0.4081
vn -0.2234 -0.0079 0.9747
vn -0.2281 -0.0057 0.9736
vn -0.2219 -0.0125 0.9750
vn -0.4910 -0.0408 -0.8702
vn -0.4916 -0.0315 -0.8703
vn -0.4917 -0.0283 -0.8703
vn -0.6541 0.7490 0.1056
vn -0.6544 0.7483 0.1085
vn -0.6480 0.7537 0.1095
vn 0.1169 -0.7473 -0.6541
vn 0.1170 -0.7473 -0.6541
vn 0.1171 -0.7473 -0.6541
vn 0.5756 -0.7304 0.3677
vn -0.7092 0.6931 0.1291
vn -0.2427 -0.8550 -0.4583
vn -0.2449 -0.8513 -0.4639
vn -0.2409 -0.8528 -0.4634
vn -0.7048 0.6615 0.2561
vn -0.1843 -0.9812 -0.0579
vn -0.1818 -0.9819 -0.0536
vn -0.1923 -0.9799 -0.0535
vn -0.0454 -0.9163 0.3979
vn -0.4068 0.3571 0.8408
vn -0.4028 0.3641 0.8398
vn -0.4048 0.3608 0.8402
vn -0.6066 0.6756 0.4190
vn -0.6063 0.7931 0.0593
vn -0.5996 0.7976 0.0658
vn -0.6056 0.7929 0.0671
vn -0.1647 -0.9846 -0.0588
vn 0.2955 -0.9450 -0.1402
vn 0.2889 -0.9469 -0.1409
vn 0.2906 -0.9459 -0.1442
vn -0.0943 0.9613 -0.2588
vn -0.0888 0.9592 -0.2685
vn -0.0915 0.9598 -0.2654
vn -0.2223 -0.9551 -0.1960
vn -0.2232 -0.9547 -0.1969
vn -0.1998 -0.8371 -0.5092
vn -0.2026 -0.8350 -0.5116
vn -0.1968 -0.8355 -0.5130
vn -0.2286 -0.7562 -0.6131
vn -0.7128 0.7009 -0.0252
vn -0.5881 0.6537 0.4763
vn -0.5867 0.6539 0.4778
vn -0.5884 0.6521 0.4780
vn -0.4405 0.6536 0.6154
vn -0.4388 0.6559 0.6142
vn -0.4308 0.6595 0.6160
vn -0.6780 0.5140 -0.5255
vn -0.0477 -0.9420 0.3321
vn -0.0504 -0.9426 0.3300
vn -0.0481 -0.9426 0.3304
vn 0.0976 0.8880 0.4493
vn -0.5293 0.7631 0.3709
vn -0.5331 0.7625 0.3665
vn -0.5375 0.7601 0.3652
vn -0.6276 0.7221 -0.2910
vn -0.6316 0.7189 -0.2901
vn -0.6287 0.7220 -0.2888
vn -0.0914 0.9625 -0.2553
vn -0.0911 0.9626 -0.2552
vn -0.0912 0.9626 -0.2553
vn 0.1936 0.9718 0.1346
vn 0.1903 0.9723 0.1357
vn 0.1904 0.9718 0.1390
vn 0.5346 -0.7940 0.2896
vn -0.0120 -0.7483 0.6632
vn -0.0148 -0.7522 0.6588
vn -0.0161 -0.7538 0.6569
vn -0.2925 -0.3419 -0.8930
vn -0.2947 -0.3416 -0.8924
vn -0.2964 -0.3401 -0.8925
vn -0.4465 0.7152 0.5377
vn -0.4480 0.7175 0.5334
vn -0.4458 0.7154 0.5379
vn -0.0216 -0.7597 0.6499
vn 0.0277 0.9551 0.2950
vn 0.0311 0.9547 0.2960
vn 0.0342 0.9550 0.2945
vn 0.0282 -0.8663 0.4988
vn -0.6119 0.6758 -0.4109
vn -0.6159 0.6657 -0.4213
vn -0.6061 0.6772 -0.4171
vn 0.2738 -0.9417 -0.1956
vn 0.2710 -0.9424 -0.1961
vn 0.2736 -0.9424 -0.1922
vn -0.2926 -0.1640 -0.9421
vn 0.1830 0.9705 0.1572
vn 0.1837 0.9699 0.1599
vn 0.1870 0.9697 0.1575
vn -0.2633 -0.6122 -0.7456
vn -0.2621 -0.6112 -0.7468
vn -0.2628 -0.6123 -0.7457
vn -0.5574 0.8076 -0.1926
vn -0.5612 0.8066 -0.1857
vn -0.5632 0.8035 -0.1931
vn 0.3773 -0.8637 0.3341
vn 0.3791 -0.8627 0.3346
vn 0.3780 -0.8632 0.3347
vn -0.1040 -0.9783 -0.1793
vn -0.1115 -0.9754 -0.1901
vn -0.1050 -0.9769 -0.1860
vn 0.1682 -0.7635 -0.6236
vn 0.1681 -0.7633 -0.6238
vn 0.1639 0.9830 -0.0824
vn -0.4686 0.3521 -0.8102
vn -0.4704 0.3512 -0.8095
vn -0.4688 0.3536 -0.8094
vn -0.1680 0.2731 0.9472
vn -0.1638 0.2715 0.9484
vn -0.1651 0.2656 0.9498
vn 0.1358 0.9752 0.1749
vn -0.0152 -0.9653 -0.2609
vn -0.3780 0.1108 -0.9191
vn -0.1978 0.4133 0.8888
vn -0.1985 0.4148 0.8880
vn -0.1993 0.4123 0.8890
vn 0.1965 -0.5316 0.8239
vn 0.1990 -0.5331 0.8223
vn 0.2008 -0.5317 0.8228
vn -0.1131 -0.9765 -0.1836
vn -0.1105 -0.9766 -0.1847
vn -0.1083 -0.9765 -0.1865
vn -0.4115 0.3340 -0.8480
vn -0.4181 0.3402 -0.8423
vn -0.4137 0.3380 -0.8454
vn -0.5244 0.7905 0.3164
vn -0.5285 0.7867 0.3190
vn -0.5226 0.7897 0.3213
vn 0.4433 -0.5686 -0.6930
vn 0.4433 -0.5686 -0.6929
vn 0.4434 -0.5687 -0.6928
vn 0.0939 -0.1068 0.9898
vn 0.0918 -0.1124 0.9894
vn 0.0950 -0.1089 0.9895
vn 0.1523 0.9853 -0.0775
vn 0.1522 0.9854 -0.0768
vn 0.1526 0.9853 -0.0762
vn -0.1545 0.4629 0.8729
vn 0.2855 -0.6194 0.7313
vn 0.1970 -0.3347 0.9215
vn 0.1976 -0.3335 0.9218
vn 0.1959 -0.3365 0.9211
vn -0.1057 -0.9841 0.1429
vn 0.2058 -0.9641 0.1680
vn 0.2061 -0.9649 0.1625
vn 0.2020 -0.9654 0.1652
vn -0.0815 -0.9954 0.0500
vn -0.0795 -0.9955 0.0508
vn -0.0786 -0.9957 0.0490
vn 0.0524 0.0405 0.9978
vn 0.0448 0.0388 0.9982
vn 0.0478 0.0313 0.9984
vn -0.2115 0.6476 0.7320
vn -0.2139 0.6416 0.7366
vn -0.2104 0.6425 0.7368
vn -0.6194 0.7776 -0.1081
vn 0.2868 -0.8781 -0.3829
vn -0.0785 -0.4443 -0.8924
vn -0.0798 -0.4470 -0.8910
vn -0.0831 -0.4465 -0.8909
vn -0.1221 -0.3678 -0.9218
vn -0.1287 -0.3743 -0.9183
vn -0.1293 -0.3673 -0.9211
vn -0.3671 0.6229 -0.6909
vn -0.3731 0.6220 -0.6884
vn -0.3718 0.6220 -0.6891
vn -0.1481 -0.7029 -0.6957
vn -0.1512 -0.7063 -0.6916
vn -0.1518 -0.7049 -0.6929
vn 0.6557 -0.7379 0.1598
vn 0.6533 -0.7404 0.1582
vn 0.6586 -0.7355 0.1588
vn 0.2730 -0.4007 0.8746
vn 0.2761 -0.3901 0.8784
vn 0.2729 -0.3952 0.8771
vn -0.3212 0.6886 0.6501
vn -0.3200 0.6885 0.6508
vn -0.3195 0.6878 0.6518
vn 0.1120 -0.9854 -0.1280
vn 0.1130 -0.9849 -0.1314
vn 0.1154 -0.8746 -0.4709
vn 0.3745 -0.9270 0.0202
vn 0.3747 -0.9271 0.0072
vn 0.3740 -0.9272 0.0197
vn -0.4060 0.7216 -0.5608
vn -0.4124 0.7186 -0.5600
vn -0.4025 0.7267 -0.5567
vn -0.5323 0.7616 -0.3697
vn 0.2539 -0.1586 0.9541
vn 0.1954 -0.6471 -0.7369
vn 0.1948 -0.6469 -0.7373
vn 0.1944 -0.6463 -0.7379
vn -0.4010 0.8641 0.3040
vn -0.4012 0.8632 0.3064
vn -0.3988 0.8639 0.3077
vn -0.3621 0.9313 -0.0388
vn -0.3590 0.9323 -0.0450
vn -0.3570 0.9332 -0.0416
vn -0.3724 0.6170 -0.6933
vn -0.3745 0.6202 -0.6893
vn -0.3759 0.6251 -0.6841
vn -0.4036 0.9132 0.0571
vn -0.4074 0.9119 0.0501
vn -0.4136 0.9090 0.0522
vn 0.1981 0.2225 0.9546
vn -0.2263 0.8778 0.4222
vn -0.2288 0.8816 0.4128
vn -0.2317 0.8789 0.4169
vn 0.0854 -0.6506 -0.7546
vn -0.3529 0.9236 0.1497
vn -0.3486 0.9253 0.1497
vn -0.3574 0.9225 0.1460
vn 0.5145 -0.6468 -0.5629
vn 0.4419 -0.5864 0.6789
vn 0.4462 -0.5849 0.6774
vn 0.4456 -0.5919 0.6716
vn 0.1339 -0.4187 -0.8982
vn 0.1303 -0.4141 -0.9008
vn -0.2314 0.7305 0.6425
vn -0.2328 0.7319 0.6404
vn -0.2325 0.7308 0.6418
vn 0.7493 -0.6382 0.1766
vn 0.7465 -0.6410 0.1784
vn 0.0077 0.7619 0.6476
vn 0.0052 0.7586 0.6515
vn 0.0011 0.7541 0.6568
vn 0.2181 -0.8366 -0.5025
vn 0.2153 -0.8348 -0.5066
vn 0.2199 -0.8352 -0.5040
vn -0.3192 0.9276 -0.1941
vn -0.3185 0.9268 -0.1991
vn -0.3175 0.9262 -0.2033
vn -0.3085 0.9481 -0.0766
vn -0.3049 0.9494 -0.0752
vn -0.3148 0.9462 -0.0752
vn 0.4598 -0.7705 0.4415
vn 0.4577 -0.7681 0.4479
vn 0.4574 -0.7739 0.4380
vn -0.2137 0.9238 -0.3176
vn -0.2163 0.9217 -0.3220
vn 0.3173 -0.9393 0.1309
vn 0.3175 -0.9384 0.1366
vn 0.3174 -0.9389 0.1334
vn -0.4325 0.8148 -0.3861
vn -0.4298 0.8142 -0.3903
vn -0.4303 0.8133 -0.3916
vn 0.3819 -0.7952 0.4709
vn 0.4688 -0.7080 0.5282
vn 0.4703 -0.7081 0.5267
vn 0.1789 -0.5414 -0.8215
vn 0.1774 -0.5407 -0.8223
vn 0.1783 -0.5400 -0.8226
vn 0.2576 -0.7480 -0.6116
vn 0.2580 -0.7515 -0.6072
vn 0.2595 -0.7521 -0.6058
vn -0.3043 0.9342 0.1863
vn 0.5773 -0.5870 -0.5675
vn 0.5774 -0.5871 -0.5674
vn 0.5773 -0.5870 -0.5676
vn -0.1875 0.8624 -0.4702
vn -0.1868 0.8617 -0.4717
vn -0.1863 0.8626 -0.4703
vn -0.1317 0.8963 0.4233
vn -0.1344 0.8988 0.4172
vn -0.1332 0.8954 0.4248
vn -0.0459 0.1956 -0.9796
vn -0.0472 0.1931 -0.9800
vn -0.0485 0.1974 -0.9791
vn -0.2490 0.9529 -0.1735
vn -0.2464 0.9547 -0.1670
vn -0.2430 0.9565 -0.1616
vn -0.1262 0.9728 0.1943
vn -0.1312 0.9723 0.1935
vn -0.1220 0.9740 0.1910
vn 0.0529 -0.0183 -0.9984
vn 0.3877 -0.0973 0.9166
vn 0.3877 -0.0972 0.9166
vn 0.3876 -0.0971 0.9167
vn 0.7218 -0.6897 -0.0577
vn 0.4757 -0.8336 0.2806
vn 0.5721 -0.4662 0.6748
vn 0.5683 -0.4703 0.6752
vn 0.5723 -0.4691 0.6726
vn 0.3022 -0.9478 -0.1013
vn 0.2971 -0.9488 -0.1075
vn 0.3047 -0.9467 -0.1045
vn 0.2993 -0.9282 -0.2211
vn 0.3001 -0.9300 -0.2121
vn 0.3018 -0.9286 -0.2158
vn 0.2245 0.2384 0.9449
vn 0.2250 0.2336 0.9459
vn 0.2294 0.2305 0.9457
vn 0.1418 0.6952 0.7047
vn -0.0625 0.9644 0.2569
vn -0.0702 0.9641 0.2560
vn -0.0624 0.9648 0.2553
vn 0.2865 0.3553 0.8898
vn 0.2887 0.3509 0.8908
vn 0.2850 0.3478 0.8932
vn -0.0267 0.8690 0.4941
vn -0.0205 0.8681 0.4959
vn -0.0208 0.8718 0.4895
vn -0.0478 0.9388 0.3411
vn -0.0432 0.9403 0.3377
vn -0.0456 0.9419 0.3327
vn 0.3661 -0.8395 -0.4016
vn 0.3623 -0.8402 -0.4036
vn 0.3657 -0.8379 -0.4052
vn 0.6306 -0.6603 -0.4080
vn -0.0994 0.4288 -0.8979
vn -0.0981 0.8418 0.5307
vn -0.1078 0.8395 0.5326
vn -0.1031 0.8406 0.5318
vn 0.3841 -0.9229 -0.0250
vn 0.3765 -0.9260 -0.0273
vn 0.3780 -0.9253 -0.0306
vn -0.0857 0.4556 -0.8860
vn -0.0792 0.4612 -0.8838
vn -0.0829 0.4614 -0.8833
vn -0.1291 0.9646 0.2298
vn -0.1264 0.9640 0.2338
vn -0.1306 0.9632 0.2349
vn 0.1459 -0.1621 -0.9759
vn 0.1637 0.5523 0.8174
vn 0.1620 0.5472 0.8212
vn 0.1625 0.5473 0.8210
vn -0.1060 -0.8946 -0.4340
vn -0.1359 0.6706 -0.7293
vn 0.0668 -0.9671 0.2456
vn 0.0650 -0.9666 0.2479
vn 0.0632 -0.9672 0.2461
vn -0.1552 -0.8655 -0.4763
vn -0.1583 -0.8642 -0.4777
vn -0.1521 -0.8692 -0.4704
vn 0.2331 0.5193 0.8222
vn -0.1125 0.6498 -0.7518
vn -0.1050 0.6555 -0.7479
vn -0.1054 0.6501 -0.7525
vn 0.4270 0.0913 0.8996
vn 0.0561 -0.9597 0.2753
vn 0.0564 -0.9595 0.2759
vn 0.0557 -0.9597 0.2756
vn 0.5213 -0.3023 0.7981
vn 0.5168 -0.3041 0.8003
vn -0.0443 0.9989 -0.0145
vn -0.0453 0.9989 -0.0103
vn -0.0450 0.9989 -0.0097
vn -0.0079 0.2646 -0.9643
vn -0.0119 0.2675 -0.9635
vn -0.0162 0.2663 -0.9637
vn 0.2721 -0.2499 -0.9293
vn 0.2796 -0.2385 -0.9300
vn 0.2793 -0.2474 -0.9278
vn 0.8022 -0.1155 -0.5858
vn 0.0970 -0.0343 -0.9947
vn 0.3216 -0.9242 -0.2058
vn 0.3248 -0.9236 -0.2035
vn 0.3245 -0.9231 -0.2063
vn 0.9608 -0.2308 0.1535
vn 0.9620 -0.2290 0.1487
vn 0.9608 -0.2340 0.1487
vn -0.0232 0.9929 -0.1165
vn -0.0218 0.9924 -0.1210
vn -0.0279 0.9928 -0.1166
vn 0.3008 -0.9535 -0.0192
vn 0.3021 -0.9531 -0.0154
vn 0.3044 -0.9524 -0.0184
vn 0.7273 -0.3940 -0.5620
vn 0.2751 -0.2335 -0.9326
vn 0.2776 -0.2376 -0.9309
vn 0.2770 -0.2303 -0.9329
vn -0.0529 0.8159 -0.5757
vn -0.0557 0.8162 -0.5751
vn -0.0537 0.8173 -0.5738
vn 0.5413 -0.1850 0.8202
vn 0.5385 -0.1815 0.8228
vn 0.5478 -0.1789 0.8173
vn 0.8914 -0.4369 0.1202
vn 0.5884 -0.3650 0.7215
vn 0.5865 -0.3586 0.7263
vn 0.5905 -0.3592 0.7227
vn 0.3415 -0.9109 -0.2314
vn 0.3359 -0.9130 -0.2313
vn 0.3311 -0.9153 -0.2293
vn 0.6911 -0.6849 0.2309
vn 0.5567 0.1496 0.8171
vn 0.5636 -0.6594 -0.4975
vn 0.5610 -0.6623 -0.4966
vn 0.5615 -0.6605 -0.4984
vn 0.5427 -0.5115 -0.6662
vn 0.5431 -0.5058 -0.6702
vn 0.5458 -0.5079 -0.6665
vn 0.6919 -0.7195 0.0606
vn 0.6913 -0.7203 0.0572
vn 0.6897 -0.7222 0.0521
vn 0.7218 -0.6113 0.3245
vn 0.7189 -0.6147 0.3245
vn 0.7189 -0.6146 0.3246
vn 0.7016 -0.6720 0.2370
vn 0.6961 -0.6758 0.2423
vn 0.6979 -0.6752 0.2388
vn 0.4997 -0.5754 -0.6475
vn 0.4997 -0.5753 -0.6476
vn 0.6923 -0.5889 0.4171
vn 0.6893 -0.5901 0.4203
vn 0.6900 -0.5914 0.4172
vn 0.1028 0.9513 -0.2905
vn 0.1015 0.9522 -0.2880
vn 0.1001 0.9539 -0.2829
vn 0.7047 -0.4462 0.5517
vn 0.6991 -0.4545 0.5519
vn 0.7061 -0.4514 0.5456
vn 0.2675 0.8685 0.4172
vn 0.2555 0.8722 0.4171
vn 0.2619 0.8716 0.4144
vn 0.3750 -0.1226 -0.9189
vn 0.3729 -0.1171 -0.9205
vn 0.3778 -0.1145 -0.9188
vn 0.7391 -0.4772 0.4753
vn 0.7372 -0.4766 0.4789
vn 0.7352 -0.4801 0.4786
vn 0.1770 0.3041 -0.9361
vn 0.1778 0.3039 -0.9360
vn 0.1763 0.3034 -0.9364
vn 0.1771 0.6483 -0.7405
vn 0.1771 0.6482 -0.7406
vn 0.1771 0.6481 -0.7407
vn 0.3363 0.7504 0.5691
vn 0.3289 0.7453 0.5800
vn 0.3490 0.7452 0.5682
vn 0.0894 0.9931 -0.0756
vn 0.2475 -0.4938 -0.8336
vn 0.2513 -0.4942 -0.8323
vn 0.2470 -0.4955 -0.8327
vn 0.5083 -0.6385 0.5779
vn 0.5098 -0.6375 0.5776
vn 0.5091 -0.6376 0.5782
vn 0.5515 -0.5756 -0.6038
vn 0.5503 -0.5760 -0.6044
vn 0.5516 -0.5749 -0.6044
vn 0.4188 -0.4543 -0.7863
vn 0.4234 -0.4583 -0.7815
vn 0.4197 -0.4594 -0.7828
vn 0.3053 0.0689 -0.9498
vn 0.3094 0.0745 -0.9480
vn 0.2977 0.0702 -0.9521
vn 0.4927 0.3742 0.7856
vn 0.2862 0.8917 0.3506
vn 0.2858 0.8918 0.3506
vn 0.1679 0.9605 0.2219
vn 0.1660 0.9623 0.2156
vn 0.1624 0.9605 0.2261
vn 0.1843 0.9418 0.2812
vn 0.1866 0.9438 0.2728
vn 0.1810 0.9433 0.2781
vn 0.1330 0.9700 -0.2036
vn 0.1392 0.9698 -0.2003
vn 0.1335 0.9713 -0.1971
vn 0.6222 -0.7249 -0.2957
vn 0.1434 0.5134 -0.8461
vn 0.6981 -0.2929 0.6534
vn 0.0935 0.8436 -0.5288
vn 0.5662 -0.7762 -0.2774
vn 0.5058 -0.6670 0.5470
vn 0.5072 -0.6686 0.5438
vn 0.5098 -0.6650 0.5457
vn 0.2611 -0.5443 -0.7972
vn 0.2629 0.4370 -0.8602
vn 0.6671 -0.7446 -0.0236
vn 0.7866 -0.6173 -0.0138
vn 0.4430 -0.3478 -0.8263
vn 0.4409 -0.3538 -0.8249
vn 0.6606 -0.0967 0.7445
vn 0.6597 -0.1005 0.7447
vn 0.7305 -0.2894 0.6186
vn 0.3991 0.5974 0.6956
vn 0.3963 0.5970 0.6975
vn 0.3933 0.5962 0.6999
vn 0.0393 0.9907 -0.1304
vn 0.0353 0.9903 -0.1347
vn 0.0396 0.9914 -0.1245
vn 0.6599 -0.6115 -0.4366
vn 0.6583 -0.6107 -0.4401
vn 0.6588 -0.6159 -0.4320
vn 0.1740 0.8765 -0.4489
vn 0.2271 0.9726 -0.0504
vn 0.2289 0.9719 -0.0544
vn 0.2265 0.9726 -0.0531
vn 0.5678 -0.7626 -0.3097
vn 0.4421 0.6859 0.5780
vn 0.4174 0.6790 0.6040
vn 0.4151 0.6790 0.6055
vn 0.3698 0.0547 -0.9275
vn 0.3330 0.2005 -0.9214
vn 0.3356 0.2014 -0.9202
vn 0.3315 0.1930 -0.9235
vn 0.2756 0.9524 0.1301
vn 0.2730 0.9538 0.1254
vn 0.2726 0.9526 0.1348
vn 0.0480 -0.6401 -0.7668
vn 0.2199 0.6656 -0.7132
vn 0.7072 -0.0272 0.7065
vn 0.7065 -0.0295 0.7070
vn 0.5769 0.2143 0.7882
vn 0.5939 0.2211 0.7735
vn 0.5919 0.2436 0.7683
vn 0.7566 -0.6423 -0.1222
vn 0.7556 -0.6441 -0.1193
vn 0.7560 -0.6429 -0.1233
vn 0.5314 0.4261 0.7321
vn 0.5286 0.4229 0.7360
vn 0.5335 0.4240 0.7318
vn -0.3865 -0.1344 0.9124
vn -0.1114 -0.7603 0.6400
vn -0.1753 -0.9421 -0.2859
vn -0.6155 -0.1449 -0.7747
vn -0.4694 0.0393 0.8821
vn -0.4652 0.0485 0.8839
vn -0.4681 0.0453 0.8825
vn -0.8229 0.2564 -0.5071
vn -0.1134 -0.9934 0.0140
vn -0.1130 -0.9935 0.0133
vn -0.0894 -0.6039 0.7920
vn -0.0875 -0.6122 0.7859
vn -0.0793 -0.6143 0.7851
vn -0.2321 -0.1704 0.9576
vn -0.5858 -0.1140 -0.8024
vn -0.7357 0.0641 -0.6743
vn -0.7351 0.0653 -0.6748
vn -0.4474 0.2564 0.8568
vn -0.2938 -0.3849 0.8749
vn -0.2898 -0.3887 0.8746
vn -0.2925 -0.3797 0.8777
vn -0.8086 0.5175 -0.2797
vn -0.7148 0.1703 0.6782
vn -0.7148 0.1712 0.6780
vn -0.7517 0.6537 0.0872
vn -0.7503 0.6546 0.0921
vn -0.7505 0.6547 0.0900
vn -0.7791 0.6133 0.1297
vn -0.5453 0.3913 0.7413
vn -0.7844 0.5252 -0.3300
vn -0.7867 0.5205 -0.3320
vn -0.7853 0.5270 -0.3249
vn -0.1806 -0.9724 0.1481
vn -0.1901 -0.9444 -0.2683
vn -0.1542 -0.4211 0.8938
vn -0.5847 0.2992 0.7540
vn -0.5832 0.2917 0.7582
vn -0.5827 0.2911 0.7588
vn -0.7468 0.5774 0.3301
vn -0.0949 -0.9953 0.0204
vn -0.0994 -0.9949 0.0167
vn -0.0999 -0.9949 0.0109
vn -0.1320 -0.9763 -0.1715
vn -0.1318 -0.9763 -0.1716
vn -0.1320 -0.9763 -0.1713
vn -0.0709 -0.7698 0.6344
vn -0.6346 -0.2941 -0.7147
vn -0.7724 0.6329 -0.0532
vn -0.7753 0.6300 -0.0449
vn -0.7723 0.6334 -0.0478
vn -0.7225 0.6886 0.0620
vn -0.7219 0.6888 0.0656
vn -0.7249 0.6857 0.0653
vn -0.6760 0.6268 0.3874
vn -0.3730 0.0213 0.9276
vn -0.3721 0.0239 0.9279
vn -0.3751 0.0200 0.9268
vn -0.6443 0.2249 -0.7310
vn -0.6477 0.2226 -0.7287
vn -0.6469 0.2267 -0.7282
vn -0.3404 -0.4174 -0.8426
vn -0.0863 -0.9703 -0.2258
vn -0.0114 -0.9886 -0.1504
vn -0.0136 -0.9894 -0.1447
vn -0.0078 -0.9893 -0.1457
vn -0.1201 -0.6393 -0.7596
vn -0.1125 -0.6546 -0.7475
vn -0.1158 -0.6546 -0.7470
vn -0.1027 -0.6502 -0.7528
vn 0.2188 -0.7778 0.5892
vn 0.2112 -0.7796 0.5896
vn 0.2238 -0.7814 0.5825
vn -0.1561 -0.5868 0.7946
vn -0.5278 -0.4055 -0.7464
vn -0.5277 -0.4059 -0.7462
vn -0.5280 -0.4061 -0.7459
vn -0.3885 -0.6399 -0.6630
vn -0.7485 0.4168 -0.5159
vn -0.7510 0.4140 -0.5144
vn 0.1976 -0.7926 0.5769
vn -0.6614 0.6385 0.3936
vn -0.6608 0.6398 0.3924
vn -0.6604 0.6398 0.3930
vn -0.6797 0.5317 0.5052
vn -0.3508 -0.5464 -0.7605
vn -0.3407 -0.5477 -0.7642
vn -0.3450 -0.5489 -0.7613
vn -0.7567 0.6397 -0.1348
vn -0.7587 0.6369 -0.1365
vn -0.7586 0.6373 -0.1354
vn -0.5926 0.5475 0.5908
vn 0.2288 -0.7998 0.5550
vn 0.2257 -0.8028 0.5519
vn 0.2291 -0.8027 0.5506
vn -0.6036 0.6936 0.3932
vn -0.6037 0.6942 0.3919
vn -0.6028 0.6945 0.3928
vn -0.2095 -0.8447 -0.4925
vn -0.1059 -0.9186 -0.3808
vn -0.1041 -0.9173 -0.3844
vn 0.0040 -0.9824 0.1869
vn -0.0018 -0.9825 0.1861
vn 0.0010 -0.9825 0.1864
vn -0.1824 -0.7947 -0.5789
vn 0.3220 -0.9429 -0.0846
vn 0.3179 -0.9446 -0.0818
vn 0.3183 -0.9441 -0.0861
vn 0.0039 -0.9388 0.3443
vn -0.0030 -0.9391 0.3436
vn 0.0062 -0.9416 0.3368
vn -0.4280 0.7540 0.4984
vn -0.3812 -0.9120 -0.1512
vn -0.2463 -0.7102 -0.6595
vn -0.2440 -0.7102 -0.6604
vn -0.2415 -0.7097 -0.6618
vn 0.0468 -0.7345 0.6770
vn -0.4884 -0.0830 -0.8687
vn -0.4935 -0.0773 -0.8663
vn -0.4925 -0.0819 -0.8665
vn -0.5608 0.2899 -0.7756
vn -0.5573 0.2825 -0.7808
vn -0.5620 0.2836 -0.7770
vn 0.2604 -0.9446 -0.1996
vn 0.2630 -0.9447 -0.1957
vn 0.2624 -0.9442 -0.1990
vn -0.2844 -0.5290 -0.7995
vn -0.2826 -0.5333 -0.7973
vn -0.2848 -0.5295 -0.7991
vn -0.1007 -0.1173 0.9880
vn -0.3051 -0.8992 0.3135
vn -0.5191 -0.7571 0.3966
vn -0.5242 -0.7544 0.3951
vn -0.5267 -0.7506 0.3990
vn -0.4648 -0.8190 -0.3365
vn 0.0649 -0.8964 0.4386
vn 0.0634 -0.9000 0.4312
vn 0.0693 -0.8979 0.4346
vn -0.4711 0.7738 0.4235
vn -0.3656 -0.1439 -0.9196
vn -0.3626 -0.1428 -0.9209
vn -0.3657 -0.1416 -0.9199
vn -0.4728 0.6820 0.5579
vn -0.4749 0.6799 0.5588
vn -0.4756 0.6835 0.5538
vn 0.6275 -0.7619 0.1607
vn 0.0789 -0.6738 0.7347
vn -0.5601 -0.7611 -0.3272
vn -0.5579 -0.7662 -0.3189
vn -0.5597 -0.7632 -0.3229
vn -0.6256 0.6195 -0.4741
vn -0.6258 0.6196 -0.4738
vn -0.5635 0.8203 0.0977
vn -0.5657 0.8192 0.0943
vn -0.5639 0.8199 0.0992
vn 0.3173 -0.9249 -0.2094
vn 0.3166 -0.9262 -0.2048
vn 0.3168 -0.9245 -0.2121
vn 0.2818 -0.9296 -0.2374
vn 0.2732 -0.9331 -0.2337
vn 0.2732 -0.9324 -0.2367
vn -0.1910 -0.5962 -0.7798
vn -0.1907 -0.5978 -0.7786
vn -0.1915 -0.5939 -0.7814
vn -0.1325 0.1250 0.9833
vn -0.1360 0.1246 0.9828
vn -0.1282 0.1210 0.9843
vn -0.2197 0.3474 0.9116
vn -0.5553 0.8038 -0.2134
vn -0.5574 0.8026 -0.2127
vn -0.5520 0.8068 -0.2106
vn 0.4656 -0.6650 -0.5840
vn -0.5846 0.7915 -0.1785
vn -0.5846 0.7915 -0.1784
vn 0.5499 -0.8230 0.1423
vn 0.5503 -0.8220 0.1465
vn 0.5502 -0.8222 0.1459
vn 0.0617 -0.9104 0.4092
vn 0.0573 -0.9117 0.4068
vn 0.0645 -0.9121 0.4048
vn -0.2659 -0.3933 -0.8801
vn -0.2641 -0.3933 -0.8807
vn -0.2674 -0.3924 -0.8801
vn -0.5928 0.5143 -0.6198
vn 0.0387 -0.6063 0.7943
vn 0.4799 -0.7298 -0.4870
vn -0.4071 0.8336 0.3734
vn -0.4120 0.8309 0.3740
vn -0.4085 0.8321 0.3752
vn -0.3505 0.7917 0.5003
vn -0.3485 0.7934 0.4992
vn -0.3490 0.7923 0.5005
vn 0.2738 -0.9612 0.0336
vn 0.2737 -0.9611 0.0383
vn 0.2650 -0.9636 0.0343
vn -0.2052 -0.9310 -0.3018
vn -0.2104 -0.9306 -0.2995
vn -0.2117 -0.9278 -0.3072
vn 0.0341 -0.3463 0.9375
vn 0.0321 -0.3473 0.9372
vn 0.0309 -0.3491 0.9366
vn 0.3410 -0.9369 -0.0766
vn 0.3391 -0.9380 -0.0715
vn 0.3358 -0.9389 -0.0760
vn -0.3524 -0.3463 -0.8694
vn -0.3525 -0.3466 -0.8693
vn -0.5602 0.5614 -0.6091
vn 0.6023 0.3406 -0.7220
vn -0.1537 -0.9397 -0.3057
vn -0.0828 0.1020 0.9913
vn -0.0810 0.1007 0.9916
vn -0.0787 0.0951 0.9924
vn -0.5016 0.2804 -0.8184
vn -0.5064 0.2831 -0.8145
vn -0.4095 0.0893 -0.9079
vn -0.4166 0.0907 -0.9046
vn -0.4159 0.0948 -0.9044
vn 0.1831 -0.9157 -0.3578
vn 0.1786 -0.9178 -0.3547
vn 0.1811 -0.9137 -0.3638
vn -0.0964 -0.9711 0.2183
vn -0.0914 -0.9715 0.2188
vn -0.0916 -0.9725 0.2140
vn -0.0658 -0.9915 0.1119
vn -0.2075 0.3755 0.9033
vn -0.2812 0.4683 0.8376
vn 0.0315 -0.1951 0.9803
vn 0.0276 -0.1928 0.9809
vn 0.0274 -0.1956 0.9803
vn 0.1636 -0.8281 0.5362
vn 0.1699 -0.8265 0.5366
vn 0.1629 -0.8235 0.5435
vn -0.5346 0.8184 -0.2106
vn -0.4534 0.8856 0.1004
vn -0.4413 0.8962 -0.0456
vn -0.4843 0.8733 0.0518
vn -0.4925 0.8690 0.0470
vn -0.4951 0.8676 0.0463
vn -0.4570 0.8878 -0.0542
vn -0.4624 0.8842 -0.0661
vn -0.4634 0.8844 -0.0547
vn 0.0260 -0.7166 -0.6970
vn 0.0102 -0.5619 -0.8271
vn 0.0101 -0.5637 -0.8259
vn 0.0051 -0.5636 -0.8260
vn -0.3613 0.8991 0.2470
vn -0.3600 0.9003 0.2446
vn -0.3671 0.8959 0.2503
vn 0.3736 -0.8991 0.2280
vn -0.2981 0.7144 0.6330
vn -0.2994 0.7183 0.6281
vn -0.2927 0.7176 0.6320
vn -0.2355 0.6024 0.7627
vn -0.5254 0.7770 -0.3467
vn -0.5244 0.7779 -0.3462
vn -0.5258 0.7761 -0.3480
vn 0.2688 -0.8268 0.4940
vn 0.0808 -0.7745 -0.6273
vn 0.1024 -0.3847 0.9173
vn 0.1272 -0.5213 0.8438
vn 0.1296 -0.5189 0.8450
vn 0.1282 -0.5196 0.8447
vn -0.4777 0.5966 -0.6449
vn -0.4719 0.5923 -0.6531
vn -0.4722 0.5972 -0.6484
vn -0.1281 0.7718 0.6228
vn -0.1409 0.7690 0.6235
vn -0.1340 0.7690 0.6251
vn 0.6065 -0.6205 -0.4971
vn 0.7286 -0.6823 0.0591
vn 0.2638 -0.8350 -0.4829
vn 0.2637 -0.8361 -0.4810
vn 0.2634 -0.8350 -0.4832
vn 0.1432 -0.7703 -0.6214
vn -0.2606 0.9500 0.1717
vn 0.0506 -0.4918 -0.8692
vn 0.0503 -0.4933 -0.8684
vn 0.0475 -0.4907 -0.8700
vn -0.1013 -0.3553 -0.9293
vn -0.0954 -0.3521 -0.9311
vn -0.1004 -0.3620 -0.9268
vn -0.2512 -0.0736 -0.9651
vn -0.2479 -0.0718 -0.9661
vn -0.2443 -0.0716 -0.9671
vn 0.3836 -0.7568 0.5293
vn 0.4126 -0.6235 0.6641
vn 0.4085 -0.6233 0.6668
vn 0.4104 -0.6236 0.6654
vn -0.4051 0.3497 -0.8448
vn -0.2067 0.8324 0.5142
vn -0.2080 0.8305 0.5167
vn -0.2045 0.8325 0.5149
vn -0.2672 0.1013 -0.9583
vn -0.2413 0.8861 -0.3958
vn -0.2469 0.8854 -0.3938
vn 0.3337 -0.9407 0.0606
vn 0.3121 -0.8153 -0.4877
vn 0.3053 -0.8163 -0.4903
vn 0.2987 -0.8171 -0.4931
vn 0.3472 0.7493 0.5640
vn 0.0778 0.1558 0.9847
vn 0.0817 0.1434 0.9863
vn 0.0785 0.1489 0.9857
vn 0.4338 -0.6252 0.6488
vn 0.4272 -0.6263 0.6522
vn 0.4291 -0.6308 0.6465
vn -0.0027 0.7979 0.6027
vn -0.0060 0.7955 0.6060
vn -0.0051 0.7940 0.6079
vn 0.4757 -0.8666 -0.1505
vn 0.4824 -0.8620 -0.1559
vn 0.4804 -0.8640 -0.1506
vn -0.2656 0.9547 -0.1340
vn -0.2691 0.9538 -0.1337
vn -0.2640 0.9558 -0.1297
vn 0.1852 -0.6393 -0.7463
vn -0.2937 0.5625 -0.7729
vn 0.6352 -0.6999 -0.3266
vn 0.6324 -0.7013 -0.3292
vn 0.6324 -0.6994 -0.3330
vn -0.1681 0.9562 -0.2395
vn -0.1684 0.9549 -0.2447
vn -0.3843 0.8490 -0.3626
vn -0.3866 0.8478 -0.3630
vn -0.3845 0.8489 -0.3627
vn 0.5345 -0.7360 0.4154
vn 0.5314 -0.7399 0.4125
vn 0.5364 -0.7368 0.4115
vn -0.0386 -0.0840 -0.9957
vn -0.0376 -0.0846 -0.9957
vn -0.0379 -0.0815 -0.9960
vn -0.2515 0.9433 -0.2166
vn -0.2560 0.9416 -0.2187
vn -0.2542 0.9426 -0.2166
vn 0.2626 -0.0615 0.9629
vn 0.2612 -0.0747 0.9624
vn 0.2700 -0.0643 0.9607
vn 0.5245 -0.8097 0.2634
vn 0.5225 -0.8108 0.2638
vn -0.0194 -0.2802 -0.9597
vn 0.0806 0.4673 0.8804
vn 0.0791 0.4673 0.8806
vn 0.0811 0.4661 0.8810
vn -0.0151 -0.9152 -0.4026
vn -0.2578 0.7962 -0.5473
vn -0.2575 0.7962 -0.5475
vn -0.7261 0.6105 0.3163
vn -0.7273 0.6122 0.3103
vn -0.7281 0.6117 0.3093
vn 0.2205 -0.6972 -0.6822
vn -0.1591 0.3421 -0.9261
vn -0.1609 0.3434 -0.9253
vn -0.1581 0.3422 -0.9262
vn -0.2020 0.8552 -0.4774
vn 0.3424 -0.4952 0.7985
vn -0.0727 0.9919 0.1037
vn -0.0729 0.9919 0.1044
vn -0.0695 0.9924 0.1012
vn -0.7555 0.6093 0.2407
vn -0.0836 -0.8383 -0.5387
vn -0.0786 -0.8400 -0.5368
vn -0.0815 -0.8395 -0.5373
vn 0.4730 -0.5884 -0.6558
vn 0.4759 -0.5870 -0.6549
vn 0.4745 -0.5886 -0.6545
vn 0.4038 -0.5532 -0.7286
vn 0.4058 -0.5516 -0.7287
vn 0.4025 -0.5556 -0.7275
vn -0.1271 0.2156 -0.9682
vn -0.1232 0.2130 -0.9693
vn -0.1317 0.2154 -0.9676
vn 0.3597 -0.8780 0.3159
vn 0.3570 -0.8773 0.3208
vn 0.3517 -0.8789 0.3224
vn 0.0649 0.6319 0.7723
vn -0.7157 0.6050 0.3489
vn -0.0570 0.9982 0.0194
vn -0.0653 0.9975 0.0272
vn -0.0670 0.9976 0.0182
vn -0.1465 0.8142 -0.5618
vn 0.6446 -0.7533 -0.1301
vn 0.6465 -0.7516 -0.1308
vn 0.6494 -0.7484 -0.1348
vn 0.4289 -0.1363 0.8930
vn 0.4322 -0.1272 0.8928
vn 0.4310 -0.1422 0.8911
vn 0.2179 0.4204 0.8808
vn 0.2119 0.4286 0.8783
vn 0.2130 0.4267 0.8790
vn 0.0736 -0.9281 0.3651
vn 0.0768 -0.9279 0.3648
vn 0.0774 -0.9267 0.3678
vn 0.5139 -0.3311 0.7914
vn 0.4170 -0.2529 0.8730
vn 0.4200 -0.2574 0.8702
vn 0.4158 -0.2541 0.8732
vn 0.2714 -0.9381 -0.2152
vn 0.2710 -0.9390 -0.2117
vn 0.2722 -0.9377 -0.2159
vn 0.2758 0.0781 0.9580
vn 0.2758 0.0774 0.9581
vn 0.2791 0.0776 0.9571
vn -0.7446 0.6614 0.0907
vn -0.7469 0.6585 0.0920
vn -0.7446 0.6613 0.0903
vn -0.0106 0.9809 -0.1942
vn 0.0545 -0.0333 -0.9980
vn 0.0529 -0.0300 -0.9981
vn 0.0536 -0.0291 -0.9981
vn -0.5945 0.7300 0.3372
vn -0.5916 0.7322 0.3376
vn -0.5937 0.7301 0.3384
vn -0.1634 0.6013 -0.7821
vn -0.1612 0.5973 -0.7857
vn -0.1569 0.5939 -0.7891
vn 0.7102 -0.6880 0.1493
vn 0.7132 -0.6853 0.1470
vn 0.7124 -0.6857 0.1496
vn 0.2038 -0.9363 0.2859
vn 0.2022 -0.9398 0.2756
vn 0.2027 -0.9381 0.2809
vn -0.0192 0.7568 -0.6534
vn -0.0472 0.9362 -0.3482
vn -0.0469 0.9362 -0.3483
vn 0.1948 0.7388 0.6452
vn 0.1969 0.7370 0.6466
vn 0.1986 0.7393 0.6434
vn 0.1421 0.9039 0.4035
vn 0.3789 -0.9200 -0.1004
vn 0.3770 -0.9210 -0.0975
vn 0.3727 -0.9221 -0.1035
vn -0.6519 0.7515 0.1019
vn -0.6506 0.7521 0.1054
vn -0.6525 0.7515 0.0974
vn -0.5866 0.7850 -0.1989
vn -0.5831 0.7883 -0.1965
vn -0.5807 0.7884 -0.2033
vn -0.4864 0.6962 0.5280
vn -0.4808 0.7015 0.5261
vn -0.4845 0.6991 0.5259
vn -0.6541 0.7519 0.0828
vn -0.6541 0.7513 0.0876
vn -0.6499 0.7552 0.0851
vn 0.3476 -0.9229 -0.1655
vn 0.6585 -0.6621 -0.3577
vn -0.6486 0.7607 0.0264
vn 0.7497 -0.6081 -0.2610
vn 0.7494 -0.6097 -0.2581
vn 0.7517 -0.6062 -0.2596
vn 0.4887 -0.3899 -0.7805
vn 0.4884 -0.3961 -0.7775
vn 0.4863 -0.3903 -0.7818
vn 0.0311 0.5297 -0.8476
vn 0.0361 0.5276 -0.8487
vn 0.0331 0.5281 -0.8486
vn 0.6980 -0.6885 -0.1967
vn 0.3773 -0.3541 -0.8557
vn 0.3777 -0.3536 -0.8557
vn 0.3777 -0.3542 -0.8555
vn 0.0319 0.9084 0.4169
vn 0.1123 0.9658 0.2339
vn 0.1118 0.9650 0.2374
vn 0.0026 0.9758 0.2185
vn -0.0031 0.9760 0.2176
vn -0.0006 0.9750 0.2221
vn 0.7112 -0.6961 -0.0987
vn 0.7083 -0.6991 -0.0983
vn 0.7089 -0.6980 -0.1016
vn 0.1371 0.1822 -0.9737
vn 0.1405 0.1754 -0.9744
vn 0.1342 0.1841 -0.9737
vn 0.3750 0.4464 0.8125
vn 0.3731 0.4484 0.8122
vn 0.3757 0.4443 0.8133
vn 0.0261 0.9629 0.2684
vn 0.6369 -0.3133 0.7044
vn -0.5815 0.7995 -0.1507
vn -0.5796 0.8000 -0.1550
vn -0.5817 0.7987 -0.1537
vn 0.3664 -0.9121 -0.1837
vn 0.3629 -0.9134 -0.1847
vn 0.3625 -0.9140 -0.1825
vn 0.5656 -0.5497 -0.6148
vn 0.5625 -0.5496 -0.6176
vn 0.5623 -0.5472 -0.6201
vn 0.0807 0.8878 0.4531
vn 0.1437 0.9879 0.0581
vn 0.0570 0.9981 -0.0248
vn 0.0698 0.9972 -0.0253
vn 0.0561 0.9981 -0.0259
vn -0.4838 0.7092 0.5128
vn -0.4842 0.7088 0.5130
vn -0.4843 0.7091 0.5125
vn 0.3106 -0.4365 -0.8444
vn 0.3071 -0.4319 -0.8480
vn 0.3076 -0.4259 -0.8509
vn 0.0130 0.9429 -0.3327
vn 0.0188 0.9424 -0.3339
vn 0.0112 0.9419 -0.3358
vn 0.1399 0.9876 -0.0709
vn 0.1363 0.9881 -0.0708
vn 0.1398 0.9878 -0.0685
vn 0.7507 -0.6231 0.2195
vn 0.7548 -0.6161 0.2254
vn 0.7536 -0.6191 0.2208
vn 0.0996 -0.8378 -0.5368
vn 0.0983 -0.8346 -0.5421
vn 0.1013 -0.8311 -0.5468
vn 0.6898 -0.6084 0.3925
vn 0.6896 -0.6095 0.3912
vn 0.6904 -0.6098 0.3893
vn 0.2736 -0.9049 0.3261
vn 0.2735 -0.9049 0.3260
vn -0.5557 0.8190 0.1430
vn -0.5528 0.8206 0.1452
vn -0.5545 0.8181 0.1527
vn 0.3612 -0.9156 -0.1767
vn 0.3632 -0.9146 -0.1776
vn 0.3574 -0.9167 -0.1790
vn 0.4022 -0.7740 -0.4890
vn 0.3999 -0.7758 -0.4881
vn 0.3995 -0.7748 -0.4900
vn 0.4949 0.1948 0.8468
vn 0.4964 0.1999 0.8448
vn 0.4936 0.1976 0.8470
vn 0.0892 0.9937 -0.0673
vn 0.5629 -0.5172 -0.6447
vn 0.7059 -0.4840 0.5171
vn 0.7081 -0.4871 0.5112
vn 0.7116 -0.4810 0.5121
vn 0.6739 -0.4844 0.5579
vn 0.6750 -0.4778 0.5622
vn 0.6739 -0.4847 0.5576
vn 0.7333 -0.6332 -0.2475
vn 0.6745 -0.6017 -0.4278
vn 0.0691 0.5292 -0.8457
vn 0.0673 0.5353 -0.8420
vn 0.0766 0.5362 -0.8406
vn -0.1732 0.6165 0.7681
vn 0.3662 -0.9221 -0.1253
vn 0.3651 -0.9223 -0.1264
vn 0.3558 -0.9263 -0.1239
vn -0.4331 0.7613 0.4825
vn 0.7881 -0.5967 -0.1516
vn 0.7888 -0.5971 -0.1458
vn 0.7852 -0.5993 -0.1558
vn 0.1396 0.5915 -0.7941
vn 0.1392 0.5894 -0.7958
vn 0.1338 0.5905 -0.7959
vn 0.4512 0.3959 0.7998
vn 0.4481 0.3909 0.8040
vn 0.4478 0.3958 0.8018
vn -0.5433 0.8333 -0.1024
vn -0.4275 0.7335 0.5284
vn -0.4286 0.7302 0.5321
vn -0.4229 0.7362 0.5284
vn 0.2363 -0.8584 -0.4554
vn 0.1020 0.7518 -0.6514
vn 0.0984 0.7531 -0.6505
vn 0.0998 0.7551 -0.6480
vn 0.3931 0.6728 0.6268
vn 0.4519 -0.7978 0.3992
vn 0.5913 0.1398 0.7943
vn 0.5845 0.1437 0.7986
vn 0.5904 0.1378 0.7952
vn -0.5599 0.8030 -0.2040
vn -0.5603 0.8029 -0.2033
vn -0.5553 0.8072 -0.2002
vn 0.6045 0.0127 0.7965
vn 0.2960 -0.2173 -0.9301
vn 0.2924 -0.2163 -0.9315
vn 0.2904 -0.2154 -0.9323
vn 0.2577 0.9518 0.1661
vn 0.2558 0.9517 0.1700
vn 0.2547 0.9513 0.1737
vn 0.2355 -0.7942 0.5602
vn 0.2337 -0.7969 0.5571
vn 0.2400 -0.7940 0.5585
vn 0.3886 -0.7488 -0.5369
vn -0.3457 0.8187 0.4585
vn -0.3518 0.8168 0.4573
vn -0.3486 0.8147 0.4633
vn 0.2178 0.2169 -0.9516
vn 0.4203 0.8174 0.3940
vn 0.4209 0.8159 0.3965
vn 0.4250 0.8149 0.3941
vn 0.7884 -0.5055 -0.3505
vn 0.7845 -0.5095 -0.3536
vn 0.7860 -0.5049 -0.3567
vn 0.3171 -0.1291 -0.9396
vn 0.3158 -0.1346 -0.9392
vn 0.3119 -0.1306 -0.9411
vn -0.3371 0.8925 0.2996
vn 0.2293 0.8216 -0.5219
vn 0.3835 0.9215 0.0610
vn 0.3839 0.9219 0.0517
vn 0.3858 0.9209 0.0563
vn -0.2453 0.8181 0.5202
vn -0.2445 0.8168 0.5225
vn 0.0271 -0.6821 -0.7308
vn 0.0241 -0.6833 -0.7297
vn 0.0238 -0.6823 -0.7307
vn 0.4685 0.7075 0.5291
vn 0.4665 0.7033 0.5364
vn 0.4658 0.7071 0.5320
vn 0.2376 0.8417 -0.4849
vn 0.2317 0.8436 -0.4844
vn 0.2378 0.8431 -0.4823
vn 0.2537 0.3059 -0.9176
vn 0.7142 -0.0756 0.6958
vn 0.7152 -0.0772 0.6946
vn 0.7120 -0.0802 0.6976
vn 0.3719 -0.0773 -0.9250
vn 0.3731 -0.0808 -0.9243
vn 0.7220 -0.1401 0.6776
vn 0.7231 -0.1369 0.6771
vn 0.7197 -0.1415 0.6797
vn -0.4407 0.7634 -0.4723
vn -0.4481 0.7631 -0.4657
vn -0.4436 0.7644 -0.4679
vn 0.3296 0.5800 -0.7450
vn 0.4035 0.9087 0.1067
vn 0.4024 0.9088 0.1106
vn 0.4051 0.9072 0.1131
vn 0.4477 0.8303 0.3319
vn 0.4812 -0.8621 0.1588
vn 0.4827 -0.8602 0.1647
vn 0.4729 -0.8653 0.1664
vn 0.3943 0.9172 -0.0575
vn 0.3956 0.9168 -0.0547
vn 0.3972 0.9159 -0.0581
vn -0.4505 0.7864 -0.4227
vn 0.3932 0.0576 -0.9176
vn 0.1637 0.9352 -0.3139
vn 0.4509 -0.8698 -0.2003
vn 0.4547 -0.8661 -0.2077
vn 0.4565 -0.8668 -0.2006
vn -0.2313 0.6581 0.7165
vn -0.2354 0.6533 0.7196
vn -0.2244 0.6605 0.7165
vn 0.8729 -0.3101 -0.3766
vn 0.8721 -0.3113 -0.3776
vn 0.8724 -0.3100 -0.3778
vn 0.4744 0.8649 0.1639
vn 0.4744 0.8649 0.1640
vn 0.4743 0.8650 0.1637
vn 0.5307 -0.8115 0.2447
vn 0.3900 -0.7412 0.5463
vn -0.3970 0.8079 -0.4355
vn -0.3966 0.8084 -0.4349
vn -0.3962 0.8081 -0.4358
vn 0.1449 -0.6452 -0.7501
vn 0.3850 -0.8007 -0.4589
vn 0.3953 -0.7984 -0.4542
vn 0.3879 -0.7982 -0.4609
vn -0.1198 0.7659 0.6317
vn -0.3171 0.9437 0.0943
vn -0.3245 0.9419 0.0862
vn -0.3222 0.9422 0.0916
vn 0.9399 -0.3232 -0.1104
vn 0.8714 -0.3022 0.3865
vn 0.8689 -0.3050 0.3898
vn 0.8694 -0.3062 0.3877
vn -0.3058 0.9339 -0.1853
vn -0.3029 0.9358 -0.1804
vn -0.2997 0.9380 -0.1740
vn 0.9035 -0.4194 0.0881
vn 0.9026 -0.4210 0.0895
vn 0.9026 -0.4215 0.0875
vn 0.5586 -0.1841 -0.8087
vn 0.5634 -0.1899 -0.8040
vn 0.5600 -0.1882 -0.8068
vn 0.4541 0.8635 -0.2197
vn 0.7802 -0.3145 -0.5407
vn 0.7801 -0.3201 -0.5375
vn 0.7789 -0.3181 -0.5405
vn 0.6060 0.4308 0.6687
vn 0.6094 0.4295 0.6664
vn 0.6114 0.4313 0.6634
vn 0.8924 -0.4504 -0.0266
vn 0.4383 -0.8001 -0.4096
vn 0.4410 -0.7992 -0.4084
vn 0.4367 -0.8019 -0.4078
vn -0.1392 0.7068 0.6936
vn -0.1388 0.7057 0.6948
vn -0.1356 0.7042 0.6969
vn 0.6426 -0.1533 -0.7507
vn 0.6446 -0.1648 -0.7465
vn 0.6421 -0.1647 -0.7487
vn -0.0980 0.7882 0.6076
vn -0.0984 0.7895 0.6058
vn -0.1004 0.7894 0.6056
vn -0.1857 0.9487 0.2559
vn -0.1806 0.9505 0.2530
vn -0.1917 0.9474 0.2563
vn 0.8713 -0.3117 -0.3791
vn 0.9339 -0.2944 0.2030
vn 0.9322 -0.2960 0.2080
vn 0.9352 -0.2932 0.1987
vn -0.3119 0.9482 -0.0607
vn -0.3089 0.9491 -0.0608
vn -0.3087 0.9495 -0.0561
vn 0.5576 -0.7637 0.3252
vn 0.5557 -0.7620 0.3326
vn 0.5561 -0.7633 0.3287
vn 0.5876 0.6636 0.4631
vn 0.4775 -0.8738 -0.0922
vn 0.6747 -0.7138 0.1877
vn 0.6715 -0.7174 0.1855
vn 0.6675 -0.7216 0.1838
vn 0.3865 -0.6403 0.6638
vn 0.3930 -0.6423 0.6580
vn 0.3948 -0.6443 0.6550
vn 0.7791 -0.2136 -0.5893
vn 0.7787 -0.2106 -0.5909
vn 0.7776 -0.2073 -0.5936
vn 0.8805 -0.1708 0.4422
vn -0.1032 0.9541 -0.2811
vn 0.4812 -0.5546 -0.6789
vn 0.4858 -0.5562 -0.6743
vn 0.4822 -0.5573 -0.6760
vn 0.7110 0.2366 0.6622
vn 0.7138 0.2255 0.6631
vn 0.7119 0.2321 0.6628
vn -0.2167 0.8639 -0.4546
vn 0.5395 -0.7945 -0.2787
vn 0.5462 -0.7891 -0.2811
vn 0.5421 -0.7916 -0.2818
vn 0.4339 0.3992 -0.8077
vn 0.4285 0.4013 -0.8095
vn 0.4257 0.4041 -0.8096
vn 0.5144 -0.8575 0.0047
vn 0.5092 -0.8607 0.0008
vn 0.4579 0.6728 -0.5811
vn -0.2064 0.9631 0.1730
vn -0.2105 0.9610 0.1796
vn -0.2124 0.9595 0.1850
vn 0.3356 -0.6608 -0.6714
vn 0.3331 -0.6603 -0.6731
vn 0.3342 -0.6581 -0.6747
vn 0.6781 0.5280 0.5113
vn 0.6764 0.5313 0.5101
vn 0.6708 0.5362 0.5123
vn -0.1971 0.9803 0.0079
vn 0.7786 0.2251 0.5857
vn 0.7775 0.2312 0.5848
vn 0.7778 0.2230 0.5877
vn 0.4887 0.3941 -0.7784
vn 0.4812 0.3894 -0.7854
vn 0.4839 0.3925 -0.7821
vn 0.6308 0.7585 0.1634
vn 0.6240 0.7648 0.1605
vn 0.6299 0.7608 0.1564
vn 0.9841 -0.1727 0.0412
vn -0.0119 0.5626 0.8266
vn -0.0128 0.5620 0.8270
vn -0.0101 0.5626 0.8267
vn 0.6183 -0.7838 -0.0574
vn 0.6192 -0.7835 -0.0528
vn 0.6161 -0.7854 -0.0598
vn 0.9845 -0.1665 0.0550
vn 0.5573 0.8014 -0.2172
vn 0.5542 0.8034 -0.2177
vn 0.5557 0.8030 -0.2154
vn 0.8670 -0.1290 -0.4813
vn 0.5698 0.1470 -0.8086
vn 0.5742 0.1510 -0.8047
vn 0.5718 0.1490 -0.8067
vn 0.7228 -0.0008 -0.6910
vn 0.7241 0.0027 -0.6897
vn 0.7229 -0.0060 -0.6909
vn 0.8223 0.1028 0.5597
vn 0.8204 0.0976 0.5634
vn 0.8223 0.0980 0.5605
vn 0.6732 0.6976 0.2452
vn 0.5504 -0.7081 -0.4424
vn 0.5557 -0.7056 -0.4396
vn 0.5468 -0.7125 -0.4397
vn 0.1264 -0.4378 -0.8902
vn 0.1211 -0.4422 -0.8887
vn 0.1154 -0.4386 -0.8912
vn 0.7718 0.4955 0.3985
vn 0.6300 0.6348 -0.4474
vn 0.6257 0.6362 -0.4513
vn 0.6275 0.6362 -0.4489
vn 0.6383 -0.7238 0.2620
vn 0.6102 0.2637 -0.7471
vn 0.6065 0.2675 -0.7487
vn 0.6095 0.2634 -0.7477
vn 0.2342 0.9349 -0.2667
vn 0.7933 0.5713 0.2107
vn 0.7918 0.5711 0.2168
vn 0.7950 0.5682 0.2127
vn -0.2005 0.9713 -0.1278
vn -0.1934 0.9721 -0.1328
vn -0.1992 0.9711 -0.1317
vn 0.9967 -0.0549 0.0590
vn 0.9966 -0.0563 0.0596
vn 0.9967 -0.0555 0.0595
vn 0.9070 0.0905 0.4112
vn -0.0079 0.9683 0.2496
vn -0.0018 0.9695 0.2452
vn -0.0019 0.9692 0.2464
vn -0.1695 0.5517 -0.8166
vn 0.8367 0.3338 0.4342
vn 0.8344 0.3335 0.4388
vn 0.8343 0.3288 0.4426
vn 0.9338 -0.0404 0.3554
vn 0.9355 -0.0411 0.3510
vn 0.9365 -0.0460 0.3476
vn -0.0150 0.9645 0.2638
vn -0.0167 0.9649 0.2621
vn -0.0179 0.9635 0.2671
vn 0.0963 -0.4257 -0.8997
vn 0.0963 -0.4258 -0.8997
vn 0.0964 -0.4259 -0.8996
vn 0.6305 0.6392 -0.4403
vn 0.6311 0.6423 -0.4349
vn 0.6345 0.6425 -0.4296
vn 0.1393 0.5593 0.8172
vn -0.0604 0.9953 -0.0758
vn -0.0599 0.9960 -0.0665
vn -0.0620 0.9959 -0.0662
vn 0.9912 0.0014 0.1323
vn 0.8062 0.5388 0.2444
vn 0.8038 0.5410 0.2474
vn 0.8059 0.5362 0.2509
vn 0.8981 0.0707 -0.4342
vn 0.8977 0.0650 -0.4358
vn 0.8961 0.0618 -0.4394
vn 0.5106 -0.5694 0.6443
vn 0.4964 -0.5871 0.6394
vn 0.5069 -0.5796 0.6381
vn 0.8865 -0.0593 -0.4589
vn 0.8858 -0.0637 -0.4596
vn 0.8844 -0.0611 -0.4627
vn -0.2603 0.7353 -0.6257
vn -0.2604 0.7349 -0.6262
vn -0.2591 0.7362 -0.6252
vn 0.7865 0.1486 -0.5994
vn -0.1798 0.9371 -0.2993
vn -0.1811 0.9375 -0.2970
vn 0.0542 0.8554 0.5152
vn 0.6965 0.5137 -0.5010
vn 0.6965 0.5137 -0.5011
vn 0.0480 0.9382 -0.3428
vn 0.0421 0.9380 -0.3440
vn 0.0492 0.9375 -0.3445
vn 0.0358 0.9807 0.1924
vn 0.0420 0.9804 0.1926
vn 0.0336 0.9817 0.1874
vn 0.9480 0.2228 0.2272
vn 0.9480 0.2284 0.2217
vn 0.9465 0.2347 0.2216
vn 0.7709 0.3025 -0.5606
vn 0.9110 0.3224 0.2573
vn 0.9094 0.3200 0.2655
vn 0.9089 0.3242 0.2623
vn 0.8954 0.3905 0.2140
vn 0.8940 0.3939 0.2137
vn 0.8955 0.3907 0.2133
vn 0.7634 0.4431 -0.4701
vn -0.2682 0.6117 -0.7442
vn -0.2709 0.6136 -0.7417
vn -0.2672 0.6121 -0.7443
vn -0.0855 0.9366 -0.3398
vn -0.0833 0.9364 -0.3410
vn 0.1524 0.5718 0.8061
vn 0.1537 0.5681 0.8085
vn 0.1567 0.5728 0.8046
vn 0.4825 -0.4877 0.7275
vn 0.6453 -0.6932 -0.3210
vn 0.5066 -0.4880 -0.7108
vn 0.5112 -0.4938 -0.7035
vn 0.5058 -0.4882 -0.7112
vn 0.0907 0.7937 0.6016
vn 0.0909 0.7909 0.6051
vn 0.0905 0.7923 0.6034
vn 0.1370 0.3985 0.9069
vn 0.1428 0.3995 0.9055
vn 0.1425 0.3962 0.9070
vn 0.1563 -0.3011 -0.9407
vn 0.9720 0.1888 0.1401
vn 0.1546 0.8405 0.5192
vn 0.7218 -0.6753 -0.1513
vn 0.7226 -0.6754 -0.1472
vn 0.7214 -0.6763 -0.1490
vn 0.0310 -0.2155 -0.9760
vn 0.0425 -0.2080 -0.9772
vn 0.0387 -0.2149 -0.9759
vn 0.6120 -0.6828 -0.3991
vn 0.6179 -0.6811 -0.3930
vn 0.6145 -0.6809 -0.3985
vn 0.4283 -0.4597 -0.7779
vn 0.0797 0.8855 0.4577
vn 0.0761 0.8867 0.4560
vn 0.0836 0.8847 0.4587
vn 0.0257 0.9872 -0.1575
vn 0.0334 0.9862 -0.1622
vn 0.0277 0.9876 -0.1544
vn 0.7414 -0.6707 0.0241
vn 0.0125 0.4888 -0.8723
vn 0.0129 0.4819 -0.8761
vn 0.0107 0.4885 -0.8725
vn 0.4428 -0.3259 0.8353
vn 0.7112 -0.6453 0.2791
vn 0.7191 -0.6373 0.2770
vn 0.7149 -0.6416 0.2779
vn 0.2884 0.2304 0.9294
vn -0.0891 0.8635 -0.4964
vn -0.0849 0.8653 -0.4939
vn 0.5394 -0.3850 0.7489
vn 0.5417 -0.3825 0.7485
vn 0.5366 -0.3850 0.7509
vn 0.0722 0.9601 -0.2703
vn 0.0732 0.9615 -0.2648
vn 0.0713 0.9632 -0.2590
vn 0.6252 -0.5436 -0.5601
vn 0.6224 -0.5464 -0.5604
vn 0.6237 -0.5431 -0.5621
vn 0.7844 -0.6111 -0.1067
vn 0.7860 -0.6098 -0.1014
vn 0.7839 -0.6123 -0.1027
vn 0.2102 0.7266 0.6541
vn 0.2067 0.7268 0.6550
vn 0.2057 0.7271 0.6550
vn 0.1099 0.9934 0.0328
vn 0.1154 0.9926 0.0386
vn 0.1178 0.9924 0.0348
vn 0.7491 -0.6273 0.2129
vn 0.0696 0.9792 -0.1905
vn 0.0623 0.9803 -0.1876
vn 0.0666 0.9800 -0.1876
vn 0.7705 -0.6296 -0.0995
vn 0.0773 -0.1422 -0.9868
vn 0.4430 -0.1302 0.8870
vn -0.1132 0.4546 -0.8835
vn -0.1466 0.6298 -0.7628
vn 0.2124 0.9509 0.2250
vn 0.2113 0.9510 0.2258
vn 0.4359 -0.1278 0.8909
vn -0.1195 0.4556 -0.8821
vn 0.3046 0.3022 0.9033
vn 0.3091 0.3015 0.9020
vn 0.3074 0.3060 0.9010
vn -0.0341 -0.0119 -0.9993
vn -0.0326 -0.0100 -0.9994
vn -0.0328 -0.0113 -0.9994
vn 0.7831 -0.6020 0.1561
vn 0.7822 -0.6032 0.1556
vn 0.7819 -0.6039 0.1544
vn 0.0576 0.8429 -0.5351
vn 0.0509 0.8422 -0.5368
vn 0.0469 0.8452 -0.5324
vn 0.3893 0.0959 0.9161
vn 0.3835 0.0905 0.9191
vn 0.3928 0.0901 0.9152
vn -0.0660 0.2190 -0.9735
vn 0.5581 -0.4817 -0.6756
vn 0.5590 -0.4853 -0.6723
vn 0.5600 -0.4781 -0.6766
vn 0.7178 -0.5614 0.4118
vn 0.7159 -0.5641 0.4113
vn 0.7136 -0.5670 0.4114
vn 0.6446 -0.5430 -0.5382
vn 0.6446 -0.5445 -0.5367
vn 0.6462 -0.5432 -0.5361
vn 0.3983 0.1184 0.9096
vn 0.4031 0.1170 0.9076
vn 0.4019 0.1171 0.9082
vn 0.6705 -0.5762 -0.4674
vn 0.6723 -0.5783 -0.4621
vn 0.6700 -0.5788 -0.4648
vn 0.2997 0.8365 0.4587
vn 0.3071 0.8313 0.4632
vn 0.3035 0.8339 0.4611
vn 0.3639 -0.2883 -0.8857
vn 0.8169 -0.3804 -0.4336
vn 0.8162 -0.3814 -0.4341
vn 0.8178 -0.3791 -0.4330
vn -0.0119 0.3000 -0.9539
vn -0.0110 0.3044 -0.9525
vn -0.0072 0.3071 -0.9516
vn 0.8420 -0.5086 -0.1797
vn 0.8401 -0.5117 -0.1803
vn 0.8415 -0.5093 -0.1802
vn 0.0701 0.7474 -0.6607
vn 0.0692 0.7458 -0.6626
vn 0.0757 0.7455 -0.6622
vn 0.2023 0.9245 -0.3231
vn 0.1989 0.9227 -0.3302
vn 0.1945 0.9258 -0.3242
vn 0.3608 0.8024 0.4754
vn 0.3636 0.8030 0.4723
vn 0.3627 0.7995 0.4788
vn 0.4317 0.4176 0.7995
vn 0.4352 0.4255 0.7934
vn 0.4343 0.4193 0.7973
vn 0.3008 0.9514 0.0662
vn 0.3086 0.9490 0.0647
vn 0.3038 0.9507 0.0621
vn 0.6830 -0.3338 -0.6497
vn 0.6807 -0.3250 -0.6565
vn 0.6847 -0.3271 -0.6513
vn 0.8680 -0.4537 -0.2018
vn 0.8682 -0.4523 -0.2041
vn 0.4704 -0.2018 -0.8590
vn 0.4707 -0.2039 -0.8584
vn 0.4620 -0.2080 -0.8621
vn 0.0707 0.0917 -0.9933
vn 0.0712 0.0852 -0.9938
vn 0.0649 0.0834 -0.9944
vn 0.3152 -0.0513 -0.9476
vn 0.7991 -0.4759 0.3674
vn 0.7998 -0.4755 0.3664
vn 0.2785 0.9578 0.0705
vn 0.2841 0.9561 0.0722
vn 0.2784 0.9583 0.0639
vn 0.8563 -0.4694 0.2155
vn 0.8568 -0.4681 0.2163
vn 0.8556 -0.4709 0.2150
vn 0.3474 0.8696 0.3509
vn 0.1721 0.8894 -0.4235
vn 0.1689 0.8914 -0.4206
vn 0.1687 0.8935 -0.4163
vn 0.2095 0.0898 -0.9737
vn 0.2046 0.0922 -0.9745
vn 0.2060 0.0866 -0.9747
vn 0.6043 -0.3569 -0.7124
vn 0.8379 -0.4586 -0.2959
vn 0.8363 -0.4641 -0.2921
vn 0.8370 -0.4564 -0.3020
vn 0.8754 -0.3968 0.2760
vn 0.3943 0.7809 0.4844
vn 0.3945 0.7806 0.4847
vn 0.7213 -0.3115 0.6186
vn 0.7247 -0.3145 0.6131
vn 0.8604 -0.4761 -0.1819
vn 0.8634 -0.4707 -0.1814
vn 0.8586 -0.4806 -0.1783
vn 0.3039 0.8719 -0.3840
vn 0.4087 0.8892 0.2057
vn 0.4100 0.8875 0.2103
vn 0.4086 0.8899 0.2026
vn 0.9410 -0.3384 0.0002
vn 0.9415 -0.3370 -0.0038
vn 0.2388 0.5593 -0.7938
vn 0.2380 0.5567 -0.7959
vn 0.2359 0.5607 -0.7937
vn 0.4809 0.7811 0.3983
vn 0.4844 0.7796 0.3970
vn 0.4862 0.7752 0.4032
vn 0.4062 -0.0696 -0.9111
vn 0.5055 0.7189 0.4771
vn 0.5014 0.7215 0.4776
vn 0.5087 0.7164 0.4775
vn 0.8292 -0.3708 0.4182
vn 0.8287 -0.3750 0.4155
vn 0.8293 -0.3700 0.4187
vn 0.8412 -0.4143 -0.3475
vn 0.8430 -0.4058 -0.3531
vn 0.8399 -0.4145 -0.3504
vn 0.9021 -0.3604 0.2371
vn 0.9039 -0.3609 0.2297
vn 0.9033 -0.3543 0.2418
vn 0.6762 -0.0538 0.7347
vn 0.6737 -0.0515 0.7373
vn 0.6703 -0.0525 0.7402
vn 0.3366 0.8933 -0.2978
vn 0.3368 0.8909 -0.3048
vn 0.3327 0.8956 -0.2952
vn 0.6743 -0.1798 -0.7162
vn 0.6739 -0.1866 -0.7149
vn 0.6707 -0.1870 -0.7177
vn 0.8751 -0.3462 -0.3382
vn 0.9824 -0.1572 -0.1013
vn 0.6669 -0.1824 -0.7225
vn 0.7969 -0.1456 0.5864
vn 0.7939 -0.1447 0.5906
vn 0.7953 -0.1411 0.5896
vn 0.6445 0.2450 0.7243
vn 0.6445 0.2394 0.7262
vn 0.6481 0.2348 0.7245
vn 0.9515 -0.1648 -0.2598
vn 0.9515 -0.1649 -0.2598
vn 0.9515 -0.1650 -0.2597
vn 0.5819 0.4647 0.6674
vn 0.2750 0.6736 -0.6860
vn 0.2761 0.6742 -0.6850
vn 0.2980 0.4122 -0.8610
vn 0.2991 0.4096 -0.8618
vn 0.2961 0.4133 -0.8611
vn 0.7240 -0.2451 -0.6448
vn 0.7255 -0.2496 -0.6414
vn 0.7233 -0.2517 -0.6430
vn 0.4030 0.2240 -0.8874
vn 0.3997 0.2139 -0.8913
vn 0.3988 0.2198 -0.8903
vn 0.4653 0.8850 -0.0194
vn 0.4658 0.8848 -0.0098
vn 0.4694 0.8828 -0.0157
vn 0.9068 -0.3993 0.1348
vn 0.3214 0.5095 -0.7982
vn 0.3170 0.5040 -0.8035
vn 0.3124 0.5057 -0.8042
vn 0.5939 0.4791 0.6463
vn 0.9289 -0.3702 0.0057
vn 0.9295 -0.3689 0.0007
vn 0.9315 -0.3637 0.0023
vn 0.6723 -0.0602 -0.7378
vn 0.6744 -0.0612 -0.7358
vn 0.6735 -0.0603 -0.7367
vn 0.8633 -0.2997 -0.4061
vn 0.8630 -0.3022 -0.4049
vn 0.8602 -0.3031 -0.4100
vn 0.7538 0.1931 0.6280
vn 0.7543 0.1965 0.6264
vn 0.8624 -0.3000 -0.4078
vn 0.5567 0.8161 0.1554
vn 0.5554 0.8163 0.1589
vn 0.5540 0.8163 0.1632
vn 0.5570 0.8214 0.1227
vn 0.5550 0.8228 0.1221
vn 0.5560 0.8219 0.1243
vn 0.4400 0.3180 -0.8398
vn 0.4370 0.3155 -0.8423
vn 0.4333 0.3178 -0.8433
vn 0.4759 0.8735 -0.1031
vn 0.4756 0.8735 -0.1040
vn 0.4757 0.8735 -0.1035
vn 0.6416 0.0479 -0.7655
vn 0.6421 0.0416 -0.7655
vn 0.6328 0.0397 -0.7733
vn 0.6178 0.6365 0.4617
vn 0.6187 0.6339 0.4642
vn 0.6160 0.6363 0.4643
vn 0.3985 0.8820 -0.2514
vn 0.4002 0.8825 -0.2472
vn 0.3973 0.8829 -0.2502
vn 0.9313 -0.2312 0.2814
vn 0.9289 -0.2359 0.2854
vn 0.9312 -0.2337 0.2796
vn 0.9436 -0.2404 0.2278
vn 0.9442 -0.2374 0.2281
vn 0.9464 -0.2311 0.2256
vn 0.4068 0.7396 -0.5362
vn 0.4046 0.7557 -0.5150
vn 0.4139 0.7454 -0.5226
vn 0.6570 0.6714 0.3428
vn 0.6607 0.6676 0.3432
vn 0.6594 0.6696 0.3418
vn 0.9616 -0.2561 -0.0986
vn 0.9595 -0.2615 -0.1048
vn 0.9609 -0.2568 -0.1036
vn 0.5899 0.0416 -0.8064
vn 0.5868 0.0435 -0.8086
vn 0.5897 0.0433 -0.8064
vn 0.9262 -0.1513 -0.3454
vn 0.9249 -0.1554 -0.3469
vn 0.9248 -0.1550 -0.3473
vn 0.8937 -0.1984 0.4024
vn 0.8936 -0.1991 0.4023
vn 0.5262 0.7535 -0.3941
vn 0.5271 0.7493 -0.4008
vn 0.5226 0.7548 -0.3965
vn 0.7222 0.5273 0.4477
vn 0.7243 0.5277 0.4437
vn 0.7263 0.5243 0.4445
vn 0.4802 0.6686 -0.5677
vn 0.4788 0.6684 -0.5692
vn 0.4832 0.6686 -0.5652
vn 0.7950 0.2144 0.5674
vn 0.7367 -0.0243 -0.6758
vn 0.5313 0.7373 -0.4173
vn 0.5318 0.7371 -0.4171
vn 0.5347 0.7332 -0.4200
vn 0.6658 0.7254 0.1745
vn 0.6584 0.7299 0.1838
vn 0.6599 0.7288 0.1827
vn 0.5185 0.5885 -0.6203
vn 0.5514 0.8215 -0.1452
vn 0.5515 0.8235 -0.1333
vn 0.5534 0.8212 -0.1392
vn 0.9714 -0.2253 -0.0746
vn 0.9701 -0.2294 -0.0788
vn 0.9716 -0.2223 -0.0814
vn 0.5886 0.7873 -0.1837
vn 0.5879 0.7878 -0.1836
vn 0.5884 0.7873 -0.1841
vn 0.9149 -0.0601 0.3991
vn 0.6021 0.3417 -0.7216
vn 0.5551 0.6902 -0.4643
vn 0.9270 -0.0061 0.3750
vn 0.9274 -0.0132 0.3738
vn 0.9300 -0.0087 0.3675
vn 0.7266 0.1264 -0.6753
vn 0.7233 0.1322 -0.6777
vn 0.7254 0.1376 -0.6744
vn 0.6033 0.5864 -0.5405
vn 0.7483 0.5867 0.3096
vn 0.7460 0.5893 0.3103
vn 0.9905 -0.0746 0.1155
vn 0.8253 0.4369 0.3578
vn 0.8267 0.4317 0.3609
vn 0.8283 0.4303 0.3588
vn 0.9814 -0.1632 -0.1006
vn 0.9814 -0.1657 -0.0969
vn 0.9815 -0.1654 -0.0968
vn 0.9180 -0.0646 -0.3912
vn 0.9169 -0.0625 -0.3941
vn 0.9177 -0.0637 -0.3922
vn 0.8442 0.3170 0.4323
vn 0.8513 0.3078 0.4249
vn 0.8504 0.3072 0.4272
vn 0.7117 0.6936 0.1117
vn 0.7105 0.6938 0.1177
vn 0.7096 0.6971 0.1025
vn 0.8660 -0.0556 -0.4970
vn 0.8634 -0.0447 -0.5026
vn 0.8662 -0.0511 -0.4970
vn 0.7245 0.1966 -0.6606
vn 0.7200 0.1975 -0.6652
vn 0.7223 0.1988 -0.6624
vn 0.7825 0.4898 0.3844
vn 0.6965 0.7134 0.0771
vn 0.9276 -0.1348 -0.3484
vn 0.9275 -0.1358 -0.3483
vn 0.9257 -0.1302 -0.3550
vn 0.9103 0.1804 -0.3726
vn 0.9918 -0.1140 0.0585
vn 0.9926 -0.1118 0.0475
vn 0.9920 -0.1144 0.0528
vn 0.7656 0.6042 0.2210
vn 0.9417 -0.0383 -0.3343
vn 0.9429 -0.0443 -0.3301
vn 0.9405 -0.0464 -0.3367
vn 0.6657 0.7022 -0.2526
vn 0.6635 0.7051 -0.2503
vn 0.6644 0.7027 -0.2545
vn 0.9650 0.0771 0.2507
vn 0.9662 0.0735 0.2472
vn 0.9661 0.0788 0.2460
vn 0.6344 0.7531 -0.1740
vn 0.7027 0.7080 -0.0710
vn 0.7001 0.7099 -0.0763
vn 0.6966 0.7130 -0.0798
vn 0.9636 -0.0815 0.2544
vn 0.8614 0.0006 -0.5080
vn 0.6427 0.4925 -0.5868
vn 0.6392 0.4998 -0.5845
vn 0.6432 0.4950 -0.5841
vn 0.9803 -0.0647 -0.1864
vn 0.9797 -0.0673 -0.1888
vn 0.9802 -0.0615 -0.1883
vn 0.9266 0.3377 0.1654
vn 0.9278 0.3384 0.1573
vn 0.9235 0.3441 0.1695
vn 0.9987 -0.0049 0.0506
vn 0.9986 -0.0135 0.0511
vn 0.9987 -0.0040 0.0506
vn 0.6876 0.1429 -0.7119
vn 0.6865 0.1423 -0.7131
vn 0.9567 0.1658 0.2393
vn 0.9544 0.1742 0.2426
vn 0.9551 0.1729 0.2405
vn 0.7244 0.4093 -0.5548
vn 0.7238 0.4074 -0.5569
vn 0.7236 0.4088 -0.5561
vn 0.8609 0.4544 0.2289
vn 0.8628 0.4511 0.2284
vn 0.8617 0.4498 0.2350
vn 0.9217 0.0300 0.3867
vn 0.9203 0.0251 0.3904
vn 0.9234 0.0293 0.3828
vn 0.8892 0.3493 0.2955
vn 0.6997 0.4963 -0.5140
vn 0.7020 0.4905 -0.5163
vn 0.6971 0.4913 -0.5222
vn 0.7248 0.4920 -0.4823
vn 0.8238 0.5598 0.0892
vn 0.8225 0.5627 0.0824
vn 0.8232 0.5615 0.0838
vn 0.9975 0.0399 -0.0584
vn 0.9977 0.0358 -0.0574
vn 0.9973 0.0384 -0.0621
vn 0.8638 0.4913 0.1116
vn 0.8657 0.4876 0.1136
vn 0.8681 0.4832 0.1139
vn 0.7674 0.5916 -0.2472
vn 0.7613 0.5995 -0.2472
vn 0.7670 0.5961 -0.2375
vn 0.9975 0.0429 -0.0554
vn 0.9982 0.0366 -0.0468
vn 0.9980 0.0413 -0.0474
vn 0.7861 0.2625 -0.5596
vn 0.7890 0.2584 -0.5574
vn 0.9482 0.2106 0.2379
vn 0.7302 0.5809 -0.3598
vn 0.7353 0.5736 -0.3611
vn 0.7327 0.5772 -0.3606
vn 0.7921 0.5848 -0.1747
vn 0.7899 0.5884 -0.1727
vn 0.7895 0.5903 -0.1682
vn 0.8321 0.2888 -0.4735
vn 0.8333 0.2837 -0.4744
vn 0.8304 0.2847 -0.4790
vn 0.9132 0.1144 -0.3912
vn 0.8302 0.3465 -0.4367
vn 0.8322 0.3404 -0.4377
vn 0.8311 0.3408 -0.4395
vn 0.7839 0.5676 -0.2517
vn 0.7830 0.5665 -0.2571
vn 0.7832 0.5656 -0.2582
vn 0.9667 0.0410 -0.2526
vn 0.9668 0.0405 -0.2521
vn 0.9667 0.0411 -0.2526
vn 0.9453 0.3156 0.0828
vn 0.9465 0.3102 0.0896
vn 0.9452 0.3131 0.0927
vn 0.9491 0.1022 -0.2980
vn 0.9769 0.2086 0.0465
vn 0.8741 0.4846 0.0335
vn 0.8706 0.4913 0.0280
vn 0.8737 0.4848 0.0393
vn 0.8421 0.5375 -0.0441
vn 0.8422 0.5373 -0.0441
vn 0.8421 0.5374 -0.0441
vn 0.7908 0.5151 -0.3307
vn 0.7911 0.5149 -0.3302
vn 0.8874 0.2401 -0.3936
vn 0.8846 0.2374 -0.4014
vn 0.8853 0.2381 -0.3995
vn 0.8716 0.3687 -0.3230
vn 0.9720 0.2142 -0.0969
vn 0.9721 0.2119 -0.1004
vn 0.9717 0.2132 -0.1017
vn 0.9497 0.3132 0.0003
vn 0.9501 0.3119 -0.0025
vn 0.9502 0.3115 -0.0043
vn 0.9136 0.2751 -0.2993
vn 0.9309 0.3006 -0.2075
vn 0.9321 0.2968 -0.2074
vn 0.9306 0.2992 -0.2111
vn 0.9440 0.3134 -0.1031
vn 0.9436 0.3126 -0.1089
vn 0.9423 0.3160 -0.1105
vn 0.8723 0.4248 -0.2421
vn 0.8676 0.4306 -0.2485
vn 0.8703 0.4254 -0.2484
vn 0.9043 0.4168 -0.0921
vn 0.8993 0.4256 -0.1002
vn 0.9044 0.4167 -0.0922
vn -0.9587 -0.1733 0.2256
vn -0.9504 -0.1410 0.2771
vn -0.5806 0.8115 0.0661
vn -0.5891 0.8050 0.0704
vn -0.5863 0.8069 0.0720
vn -0.4684 0.7725 0.4287
vn -0.4719 0.7675 0.4338
vn -0.4687 0.7720 0.4293
vn -0.6053 0.3351 0.7220
vn -0.6061 0.3406 0.7188
vn -0.6073 0.3359 0.7199
vn -0.5854 0.8081 0.0657
vn -0.4663 0.7884 0.4012
vn -0.4661 0.7835 0.4109
vn -0.4589 0.7888 0.4089
vn -0.3483 0.9096 -0.2267
vn -0.5119 0.8590 0.0135
vn -0.5125 0.8586 0.0137
vn -0.5133 0.8581 0.0137
vn -0.3309 0.8608 0.3867
vn -0.3335 0.8611 0.3838
vn -0.3281 0.8609 0.3888
vn -0.1719 0.9150 0.3650
vn -0.1765 0.9182 0.3545
vn -0.1728 0.9175 0.3584
vn -0.8727 0.4883 -0.0063
vn -0.8719 0.4897 0.0057
vn -0.8707 0.4918 -0.0008
vn -0.5147 0.3332 0.7899
vn -0.5151 0.3332 0.7897
vn -0.5150 0.3333 0.7898
vn -0.6608 0.7501 -0.0267
vn -0.6614 0.7497 -0.0238
vn -0.6599 0.7508 -0.0283
vn -0.6717 0.7243 0.1558
vn -0.6776 0.7190 0.1546
vn -0.6740 0.7219 0.1570
vn -0.4429 0.8537 0.2741
vn -0.4457 0.8523 0.2739
vn -0.4395 0.8548 0.2760
vn -0.9336 0.3442 0.0994
vn -0.4464 0.8535 0.2689
vn -0.3891 0.7264 0.5666
vn -0.3925 0.7238 0.5675
vn -0.3886 0.7253 0.5683
vn -0.8847 0.3116 0.3468
vn -0.8850 0.3103 0.3470
vn -0.8848 0.3110 0.3470
vn -0.8633 0.3276 0.3838
vn -0.8636 0.3271 0.3837
vn -0.8636 0.3265 0.3842
vn -0.3844 0.6732 0.6317
vn -0.3857 0.6694 0.6350
vn -0.3763 0.6753 0.6343
vn -0.9953 0.0439 -0.0860
vn -0.7660 0.6402 -0.0580
vn -0.7642 0.6429 -0.0515
vn -0.7653 0.6413 -0.0541
vn -0.8731 0.4220 -0.2440
vn -0.9252 0.1436 0.3512
vn -0.5191 0.6941 0.4987
vn -0.5306 0.8476 0.0111
vn -0.5262 0.8503 0.0079
vn -0.5290 0.8486 0.0082
vn -0.5314 0.3356 0.7778
vn -0.9524 0.2069 -0.2239
vn -0.9538 0.1986 -0.2256
vn -0.9544 0.2020 -0.2199
vn -0.9546 -0.2320 0.1868
vn -0.9546 -0.2331 0.1856
vn -0.9580 -0.2202 0.1835
vn -0.9586 -0.2198 0.1809
vn -0.9573 -0.2230 0.1841
vn -0.3171 -0.0128 0.9483
vn -0.3180 -0.0067 0.9481
vn -0.3201 -0.0184 0.9472
vn -0.7764 -0.3727 0.5082
vn -0.7763 -0.3756 0.5062
vn -0.7742 -0.3781 0.5076
vn -0.9648 -0.2370 0.1140
vn -0.9342 -0.0208 -0.3561
vn -0.9983 -0.0061 0.0578
vn -0.9982 -0.0102 0.0594
vn -0.9983 -0.0017 0.0582
vn -0.8123 -0.3625 0.4570
vn -0.8127 -0.3710 0.4494
vn -0.8063 -0.3747 0.4577
vn -0.4124 -0.1501 0.8986
vn -0.4195 -0.1454 0.8961
vn -0.4141 -0.1527 0.8973
vn -0.4772 0.8786 0.0151
vn -0.4777 0.8784 0.0145
vn -0.4770 0.8788 0.0153
vn -0.7846 0.3051 0.5397
vn -0.7880 0.2996 0.5378
vn -0.7872 0.3045 0.5363
vn -0.9818 0.1296 -0.1385
vn -0.9253 0.1876 0.3295
vn -0.9259 0.1810 0.3316
vn -0.9237 0.1942 0.3301
vn -0.1425 -0.5410 0.8288
vn -0.1425 -0.5411 0.8288
vn -0.1426 -0.5410 0.8289
vn -0.7580 0.2691 0.5941
vn -0.7737 -0.4753 0.4189
vn -0.7737 -0.4755 0.4186
vn -0.7738 -0.4755 0.4186
vn -0.9180 0.0203 -0.3960
vn -0.9190 0.0170 -0.3938
vn -0.9195 0.0212 -0.3926
vn -0.6139 0.7712 -0.1687
vn -0.9356 -0.2744 0.2220
vn -0.9357 -0.2746 0.2217
vn -0.9362 -0.2739 0.2201
vn -0.9808 -0.1848 0.0625
vn -0.7662 -0.3616 0.5313
vn -0.7680 -0.3606 0.5293
vn -0.8059 -0.5731 0.1487
vn -0.8049 -0.5741 0.1499
vn -0.8033 -0.5753 0.1541
vn -0.9623 -0.2717 -0.0113
vn -0.7302 -0.4472 0.5166
vn -0.9297 -0.2211 0.2946
vn -0.9286 -0.2200 0.2988
vn -0.9303 -0.2219 0.2922
vn -0.6077 0.7678 -0.2030
vn -0.6099 0.7668 -0.2000
vn -0.6018 0.7722 -0.2036
vn -0.6293 0.4766 -0.6139
vn -0.6288 0.4799 -0.6118
vn -0.6272 0.4753 -0.6170
vn -0.5169 -0.2267 0.8255
vn -0.8200 -0.1518 0.5519
vn -0.6033 -0.5883 0.5384
vn -0.9035 -0.4277 -0.0256
vn -0.9047 -0.4257 -0.0202
vn -0.9056 -0.4232 -0.0284
vn -0.3645 0.0088 0.9311
vn -0.3664 0.0130 0.9304
vn -0.3624 0.0111 0.9320
vn -0.6150 -0.6396 0.4613
vn -0.4354 -0.6742 0.5965
vn -0.4330 -0.6776 0.5944
vn -0.4291 -0.6777 0.5972
vn -0.8595 -0.2085 0.4667
vn -0.8595 -0.2086 0.4667
vn -0.8594 -0.2088 0.4667
vn -0.7639 -0.4464 0.4661
vn -0.7661 -0.4440 0.4647
vn -0.7654 -0.4470 0.4630
vn -0.9491 -0.3042 0.0817
vn -0.9491 -0.3041 0.0817
vn -0.7332 0.2183 0.6441
vn -0.7332 0.2183 0.6440
vn -0.7331 0.2182 0.6441
vn -0.4008 0.6986 0.5927
vn -0.4081 0.6979 0.5886
vn -0.3946 0.7016 0.5934
vn -0.6488 0.2641 -0.7136
vn -0.6500 0.2615 -0.7135
vn -0.6476 0.2644 -0.7147
vn -0.7832 -0.6074 0.1327
vn -0.7826 -0.6082 0.1323
vn -0.7819 -0.6091 0.1327
vn -0.6854 0.7281 -0.0094
vn -0.1851 0.6528 0.7346
vn -0.6745 0.2621 -0.6901
vn -0.6745 0.2624 -0.6901
vn -0.6745 0.2623 -0.6901
vn -0.8069 -0.3341 -0.4871
vn -0.8058 -0.3384 -0.4860
vn -0.8082 -0.3378 -0.4824
vn -0.9998 0.0207 0.0067
vn -0.6487 0.6589 -0.3809
vn -0.7851 0.0643 0.6161
vn -0.7960 0.0440 0.6036
vn -0.7677 0.0621 0.6378
vn -0.5800 -0.1282 0.8044
vn -0.5223 -0.4421 -0.7292
vn -0.5216 -0.4437 -0.7287
vn -0.5239 -0.4415 -0.7285
vn -0.6045 -0.6213 0.4986
vn -0.6040 -0.6186 0.5025
vn -0.6051 -0.6181 0.5019
vn -0.9802 -0.0493 0.1917
vn -0.9800 -0.0580 0.1905
vn -0.9791 -0.0495 0.1973
vn 0.0328 -0.0554 0.9979
vn -0.8328 -0.5535 -0.0111
vn -0.8346 -0.5508 -0.0095
vn -0.8374 -0.5465 0.0043
vn -0.7603 -0.4806 0.4369
vn -0.7603 -0.4803 0.4373
vn -0.8894 0.3212 -0.3252
vn -0.9559 -0.1190 0.2683
vn -0.6743 -0.7350 -0.0708
vn -0.6753 -0.7344 -0.0679
vn -0.6770 -0.7327 -0.0698
vn -0.5493 -0.8277 0.1151
vn -0.6485 -0.7242 0.2347
vn -0.3006 -0.9163 0.2645
vn -0.9656 0.1450 0.2159
vn -0.6523 0.6589 -0.3748
vn -0.6540 0.6597 -0.3702
vn -0.6546 0.6578 -0.3726
vn -0.8438 -0.5353 -0.0394
vn -0.8429 -0.5366 -0.0382
vn -0.8447 -0.5339 -0.0376
vn -0.3087 0.9116 0.2714
vn -0.3072 0.9129 0.2688
vn -0.3129 0.9103 0.2710
vn -0.6650 -0.7443 -0.0619
vn -0.9929 -0.0672 0.0977
vn -0.9936 -0.0702 0.0881
vn -0.9929 -0.0724 0.0942
vn -0.4466 0.3217 0.8349
vn -0.9609 -0.2488 -0.1217
vn -0.8624 -0.4859 -0.1422
vn -0.8641 -0.4863 -0.1298
vn -0.8637 -0.4854 -0.1359
vn -0.7886 -0.1239 0.6023
vn -0.7869 -0.1224 0.6048
vn -0.7878 -0.1195 0.6042
vn -0.9225 0.1352 0.3615
vn -0.9210 0.1394 0.3639
vn -0.9213 0.1436 0.3613
vn -0.9908 0.0754 -0.1126
vn -0.9906 0.0766 -0.1130
vn -0.9908 0.0749 -0.1131
vn -0.9841 -0.1217 0.1293
vn -0.6758 -0.4007 0.6186
vn -0.9417 -0.3344 -0.0363
vn -0.9409 -0.3369 -0.0350
vn -0.9413 -0.3356 -0.0379
vn -0.7950 -0.5939 0.1235
vn -0.8868 -0.4409 -0.1383
vn -0.6136 -0.0054 -0.7896
vn -0.6104 -0.0084 -0.7920
vn -0.6177 -0.0047 -0.7864
vn -0.9713 0.0134 0.2374
vn -0.9720 0.0189 0.2341
vn -0.9720 0.0153 0.2345
vn 0.1652 -0.6557 0.7367
vn -0.9096 -0.4103 -0.0650
vn -0.9072 -0.4149 -0.0693
vn -0.9076 -0.4153 -0.0613
vn -0.1703 -0.9371 0.3048
vn -0.1703 -0.9371 0.3047
vn -0.8072 0.0032 0.5902
vn -0.8469 -0.5302 0.0401
vn -0.8492 -0.5260 0.0476
vn -0.8463 -0.5316 0.0339
vn -0.7034 -0.6988 0.1299
vn -0.7038 -0.6981 0.1319
vn -0.7049 -0.6972 0.1308
vn 0.0259 -0.6848 0.7283
vn 0.0258 -0.6848 0.7283
vn 0.0259 -0.6849 0.7282
vn -0.7802 -0.6033 0.1652
vn -0.7819 -0.6020 0.1620
vn -0.7837 -0.5993 0.1634
vn -0.3022 -0.4248 0.8534
vn -0.8688 -0.4484 -0.2101
vn -0.8741 -0.4386 -0.2087
vn -0.8725 -0.4401 -0.2124
vn -0.8631 0.0970 0.4957
vn -0.4287 -0.8362 -0.3420
vn -0.4286 -0.8363 -0.3419
vn -0.4285 -0.8364 -0.3419
vn -0.4843 -0.0337 -0.8743
vn -0.7697 -0.6362 0.0524
vn -0.7697 -0.6363 0.0524
vn -0.5110 -0.2258 0.8294
vn -0.5051 -0.2263 0.8329
vn -0.5082 -0.2207 0.8325
vn -0.8622 -0.2680 0.4299
vn -0.8622 -0.2682 0.4298
vn -0.7111 -0.4688 -0.5240
vn -0.7703 0.2682 0.5785
vn -0.7665 0.2695 0.5829
vn -0.7627 0.2745 0.5857
vn -0.5716 -0.0350 0.8198
vn -0.8278 -0.3968 -0.3967
vn -0.8932 -0.1479 0.4245
vn -0.8862 -0.2262 0.4043
vn -0.8869 -0.2270 0.4023
vn -0.8866 -0.2264 0.4033
vn -0.6051 -0.5899 0.5346
vn -0.9741 -0.1380 -0.1794
vn -0.9742 -0.1333 -0.1819
vn -0.9732 -0.1329 -0.1879
vn -0.8734 0.3230 0.3643
vn -0.9052 0.4036 0.1327
vn -0.9044 0.4028 0.1405
vn -0.9038 0.4060 0.1353
vn 0.4575 -0.8575 -0.2354
vn 0.4536 -0.8604 -0.2323
vn 0.4586 -0.8556 -0.2402
vn -0.6540 0.0159 0.7563
vn -0.7541 0.4135 0.5103
vn -0.5843 0.8064 -0.0915
vn -0.5815 0.8086 -0.0898
vn -0.5815 0.8086 -0.0899
vn -0.7860 0.4716 -0.3998
vn -0.7892 0.4668 -0.3991
vn -0.7846 0.4771 -0.3961
vn -0.8617 0.4517 0.2311
vn -0.7122 -0.4750 -0.5168
vn -0.9215 0.3708 -0.1151
vn -0.1962 -0.6699 -0.7161
vn -0.9053 -0.1136 -0.4093
vn -0.7727 -0.0081 -0.6348
vn -0.7767 -0.0076 -0.6299
vn -0.7746 -0.0066 -0.6324
vn 0.1701 -0.8220 0.5435
vn -0.6698 0.7021 -0.2418
vn -0.7950 0.1603 0.5851
vn -0.7891 0.1676 0.5909
vn -0.7927 0.1655 0.5867
vn -0.1855 0.7373 0.6496
vn -0.1888 0.7368 0.6492
vn -0.6819 -0.5072 -0.5270
vn -0.6825 -0.5077 -0.5257
vn -0.6820 -0.5069 -0.5272
vn -0.5497 -0.0326 0.8348
vn 0.3218 -0.4010 0.8577
vn 0.3219 -0.4009 0.8577
vn -0.7901 0.2574 0.5563
vn -0.7926 0.2607 0.5512
vn -0.8027 0.5724 0.1672
vn 0.2218 0.9148 0.3375
vn 0.2279 0.9132 0.3378
vn 0.2255 0.9158 0.3323
vn 0.0708 -0.8435 0.5324
vn 0.0708 -0.8434 0.5326
vn 0.0708 -0.8435 0.5325
vn 0.3557 0.5440 0.7600
vn 0.3693 0.5530 0.7469
vn -0.7175 0.2811 0.6373
vn -0.6542 0.6903 -0.3091
vn -0.6701 0.6349 0.3846
vn -0.6700 0.6351 0.3844
vn -0.6700 0.6348 0.3849
vn -0.2293 0.8959 -0.3806
vn -0.2318 0.8957 -0.3795
vn -0.2257 0.9001 -0.3728
vn -0.1851 -0.4152 -0.8907
vn 0.1122 -0.7710 0.6269
vn 0.1123 -0.7709 0.6270
vn 0.1121 -0.7711 0.6268
vn -0.1619 0.7805 0.6038
vn -0.1642 0.7793 0.6048
vn -0.1583 0.7785 0.6074
vn 0.6773 -0.1676 0.7164
vn 0.3791 -0.7423 0.5525
vn 0.0773 -0.0295 0.9966
vn 0.0684 -0.0225 0.9974
vn 0.0722 -0.0268 0.9970
vn 0.1339 -0.2418 0.9610
vn 0.4701 -0.8464 0.2502
vn 0.4602 -0.8513 0.2520
vn 0.4640 -0.8505 0.2476
vn 0.1005 0.9923 -0.0725
vn 0.0967 0.9925 -0.0744
vn 0.1020 0.9925 -0.0679
vn 0.3759 -0.6111 0.6966
vn 0.3775 -0.6087 0.6979
vn 0.3761 -0.6148 0.6932
vn 0.2381 -0.9650 0.1097
vn 0.2379 -0.9651 0.1099
vn 0.2377 -0.9651 0.1098
vn 0.4205 -0.1261 0.8985
vn 0.4205 -0.1262 0.8984
vn 0.4206 -0.1264 0.8984
vn 0.2718 -0.2751 0.9222
vn 0.2693 -0.2788 0.9218
vn 0.0328 -0.2966 0.9544
vn 0.0321 -0.2954 0.9548
vn 0.0331 -0.2968 0.9544
vn -0.2079 0.9078 0.3643
vn 0.0390 0.5878 0.8080
vn 0.0626 -0.8515 -0.5206
vn 0.0602 -0.8543 -0.5163
vn 0.0550 -0.8544 -0.5166
vn 0.2066 -0.8667 -0.4540
vn 0.2067 -0.8667 -0.4539
vn -0.3441 0.8157 0.4650
vn -0.3483 0.8169 0.4598
vn -0.3547 0.8137 0.4605
vn -0.2657 0.6181 0.7398
vn -0.2640 0.6191 0.7396
vn -0.1479 0.3818 -0.9123
vn -0.1477 0.3834 -0.9117
vn -0.1462 0.3818 -0.9126
vn -0.0115 0.2593 0.9657
vn -0.0087 0.2584 0.9660
vn -0.0066 0.2603 0.9655
vn -0.3775 0.8573 -0.3501
vn 0.3698 -0.7626 -0.5308
vn 0.3658 -0.7640 -0.5314
vn -0.2427 -0.6938 -0.6780
vn -0.2467 -0.6922 -0.6783
vn -0.1910 0.9809 0.0359
vn -0.3332 0.9427 0.0187
vn -0.3363 0.9415 0.0222
vn -0.3357 0.9415 0.0295
vn 0.2372 -0.8914 -0.3862
vn 0.2336 -0.8901 -0.3912
vn 0.2401 -0.8873 -0.3937
vn 0.0904 -0.7106 -0.6978
vn 0.0894 -0.7119 -0.6965
vn 0.0884 -0.7107 -0.6979
vn -0.0241 0.9361 -0.3509
vn -0.0293 0.9343 -0.3554
vn -0.0347 0.9356 -0.3513
vn -0.3795 0.8447 0.3773
vn -0.4665 0.8805 0.0846
vn -0.2941 0.9112 0.2884
vn 0.1543 -0.8583 -0.4894
vn 0.3042 -0.9429 0.1359
vn 0.3095 -0.9415 0.1334
vn 0.3063 -0.9432 0.1287
vn -0.3031 0.5866 -0.7510
vn -0.2155 0.6622 -0.7177
vn -0.2170 0.6655 -0.7142
vn -0.2144 0.6646 -0.7157
vn 0.0144 0.3846 0.9230
vn 0.0767 0.7448 0.6629
vn 0.0761 0.7368 0.6718
vn 0.0786 0.7403 0.6677
vn -0.0277 -0.2925 -0.9559
vn -0.0335 -0.2905 -0.9563
vn -0.0324 -0.2881 -0.9570
vn 0.3326 -0.9306 -0.1528
vn -0.0243 0.8275 0.5610
vn 0.3774 -0.9224 0.0821
vn 0.1105 -0.5278 -0.8421
vn 0.2343 -0.3225 0.9171
vn 0.0748 -0.2444 -0.9668
vn 0.0646 -0.2362 -0.9696
vn 0.0719 -0.2379 -0.9686
vn -0.1621 0.7589 0.6307
vn -0.1662 0.7613 0.6268
vn -0.1577 0.7554 0.6360
vn 0.2431 -0.9700 0.0034
vn 0.2440 -0.9698 0.0041
vn 0.2440 -0.9698 -0.0036
vn -0.0375 0.6383 0.7688
vn -0.0376 0.6384 0.7688
vn -0.0377 0.6383 0.7688
vn 0.1025 -0.6222 -0.7761
vn 0.0988 -0.6246 -0.7747
vn -0.0023 -0.2851 -0.9585
vn -0.0029 -0.2880 -0.9576
vn -0.0032 -0.2863 -0.9581
vn -0.0706 0.5881 0.8057
vn -0.2492 0.8648 -0.4359
vn -0.2491 0.8648 -0.4360
vn 0.3881 -0.8958 0.2163
vn 0.3886 -0.8957 0.2160
vn 0.3888 -0.8956 0.2163
vn -0.0729 -0.1696 -0.9828
vn -0.0776 -0.1827 -0.9801
vn -0.0675 -0.1729 -0.9826
vn 0.0940 -0.9256 -0.3667
vn 0.0946 -0.9264 -0.3645
vn 0.0932 -0.9261 -0.3655
vn 0.2616 -0.8684 -0.4214
vn 0.2603 -0.8691 -0.4206
vn 0.2603 -0.8692 -0.4205
vn -0.3654 0.2954 -0.8827
vn 0.2128 -0.0462 0.9760
vn 0.2092 -0.0474 0.9767
vn 0.2111 -0.0511 0.9761
vn 0.0137 -0.4309 -0.9023
vn 0.0152 -0.4309 -0.9023
vn -0.3515 0.0639 -0.9340
vn 0.2870 -0.9271 -0.2410
vn 0.2877 -0.9273 -0.2393
vn 0.2870 -0.9266 -0.2429
vn -0.0916 0.1272 -0.9876
vn 0.2627 -0.0743 0.9620
vn 0.2668 -0.0694 0.9613
vn 0.2646 -0.0805 0.9610
vn 0.3301 -0.8638 -0.3805
vn 0.3364 -0.8629 -0.3772
vn 0.3360 -0.8602 -0.3837
vn 0.3057 -0.9519 0.0185
vn 0.3013 -0.9535 0.0119
vn 0.3107 -0.9504 0.0154
vn 0.3687 -0.8008 0.4720
vn 0.3706 -0.8000 0.4718
vn 0.3745 -0.8006 0.4678
vn 0.2151 -0.4939 -0.8425
vn 0.2180 -0.4961 -0.8404
vn 0.2172 -0.4982 -0.8394
vn 0.3792 -0.6136 0.6926
vn 0.4252 -0.8607 0.2798
vn -0.2382 0.9621 -0.1331
vn 0.2425 -0.9701 -0.0109
vn 0.2426 -0.9701 -0.0094
vn 0.2413 -0.9704 -0.0110
vn 0.3939 -0.5864 0.7078
vn -0.3806 0.9096 -0.1669
vn -0.3842 0.9073 -0.1711
vn -0.3890 0.9048 -0.1735
vn -0.1838 0.0244 -0.9827
vn 0.1950 0.3393 0.9203
vn 0.1959 0.3369 0.9209
vn 0.2036 0.3430 0.9170
vn -0.2781 0.8149 0.5086
vn -0.2787 0.8130 0.5112
vn -0.2753 0.8137 0.5119
vn -0.3076 0.9186 -0.2480
vn -0.3076 0.9183 -0.2490
vn -0.3076 0.9187 -0.2476
vn 0.1400 0.1929 0.9712
vn 0.3300 -0.9369 -0.1149
vn 0.3288 -0.9368 -0.1192
vn 0.3344 -0.9355 -0.1141
vn -0.7422 0.6688 -0.0429
vn -0.7386 0.6726 -0.0453
vn -0.7413 0.6701 -0.0373
vn -0.1347 0.9653 0.2236
vn -0.1348 0.9653 0.2235
vn -0.1349 0.9653 0.2235
vn -0.2410 0.8397 0.4866
vn -0.1689 0.8838 0.4363
vn -0.5095 0.6107 -0.6061
vn -0.2980 0.9129 0.2789
vn -0.2984 0.9127 0.2791
vn -0.2985 0.9125 0.2796
vn -0.5874 0.8070 0.0615
vn -0.1399 0.5080 0.8499
vn 0.1218 0.2833 0.9513
vn 0.1175 0.2872 0.9506
vn 0.1217 0.2777 0.9529
vn -0.2629 0.8358 -0.4820
vn -0.2607 0.8347 -0.4850
vn -0.2640 0.8341 -0.4844
vn 0.0982 -0.7118 0.6954
vn -0.1287 0.5605 0.8181
vn -0.1328 0.5563 0.8203
vn -0.1351 0.5512 0.8234
vn -0.2409 0.4620 -0.8535
vn -0.3713 0.8566 -0.3582
vn -0.3715 0.8570 -0.3570
vn -0.3709 0.8576 -0.3563
vn -0.0045 -0.2974 0.9547
vn -0.3510 0.3724 0.8591
vn -0.3510 0.3723 0.8592
vn -0.1143 -0.2858 0.9515
vn 0.0285 -0.1949 -0.9804
vn 0.2170 0.6199 0.7541
vn 0.2136 0.6206 0.7545
vn 0.2151 0.6183 0.7560
vn 0.5075 0.8309 0.2282
vn 0.0214 -0.1886 -0.9818
vn 0.0765 0.9815 0.1757
vn -0.5671 0.5950 0.5695
vn -0.5680 0.5941 0.5696
vn -0.5675 0.5933 0.5708
vn -0.4162 0.2423 0.8764
vn 0.5615 -0.3053 0.7691
vn 0.0616 0.9966 -0.0545
vn 0.4207 0.8118 0.4049
vn -0.0856 0.8679 0.4893
vn 0.7117 -0.6967 0.0898
vn 0.0181 0.8819 -0.4710
vn 0.0226 0.8818 -0.4711
vn 0.0211 0.8818 -0.4711
vn 0.4909 0.8089 0.3236
vn 0.2554 0.9544 -0.1548
vn 0.8833 -0.3441 -0.3184
vn -0.5011 0.7595 -0.4148
vn -0.5015 0.7574 -0.4181
vn -0.5016 0.7613 -0.4109
vn 0.5623 -0.6555 0.5041
vn 0.5647 -0.6536 0.5040
vn 0.5596 -0.6569 0.5053
vn 0.4761 0.8771 -0.0632
vn 0.4839 0.8731 -0.0589
vn 0.4767 0.8771 -0.0585
vn -0.1497 0.9749 -0.1645
vn -0.1525 0.9737 -0.1691
vn -0.1482 0.9742 -0.1703
vn 0.7260 0.5638 0.3938
vn 0.3635 0.9257 -0.1049
vn -0.3534 0.9120 -0.2082
vn -0.3485 0.9153 -0.2021
vn -0.3426 0.9167 -0.2058
vn 0.6779 -0.4836 0.5537
vn 0.8705 -0.4841 -0.0887
vn 0.8705 -0.4841 -0.0886
vn 0.8705 -0.4841 -0.0888
vn 0.1047 0.5571 -0.8238
vn 0.0992 0.5586 -0.8235
vn 0.1006 0.5581 -0.8236
vn 0.5097 -0.8601 -0.0186
vn 0.5201 0.8209 0.2358
vn -0.0990 0.6309 0.7695
vn 0.5874 0.7880 0.1846
vn 0.5862 0.7891 0.1835
vn 0.5864 0.7883 0.1862
vn 0.4903 0.4076 0.7704
vn 0.4944 0.4084 0.7673
vn 0.4880 0.4129 0.7690
vn 0.5617 0.7434 0.3631
vn 0.6200 0.2458 -0.7451
vn 0.6188 0.2492 -0.7450
vn 0.6195 0.2521 -0.7434
vn 0.7430 0.2803 0.6078
vn 0.3111 -0.6269 -0.7143
vn 0.3031 -0.6332 -0.7122
vn 0.3035 -0.6271 -0.7174
vn 0.7146 -0.0036 -0.6995
vn 0.5463 -0.6725 0.4993
vn 0.5490 0.8005 0.2405
vn 0.5444 0.8040 0.2390
vn 0.5465 0.8019 0.2414
vn 0.7172 0.4103 0.5633
vn 0.9525 0.2176 0.2132
vn 0.8041 0.4606 -0.3759
vn 0.8061 0.4596 -0.3728
vn 0.8035 0.4589 -0.3792
vn 0.8304 0.4034 -0.3843
vn 0.5748 0.6892 0.4411
vn 0.5746 0.6892 0.4415
vn 0.5770 0.6903 0.4365
vn 0.1621 0.5748 -0.8021
vn 0.9271 -0.3654 -0.0831
vn 0.8729 -0.2317 -0.4293
vn 0.8715 -0.2313 -0.4325
vn 0.8709 -0.2286 -0.4351
vn 0.8693 0.0594 -0.4907
vn 0.7223 0.6904 -0.0416
vn 0.9553 0.2871 -0.0709
vn 0.9542 0.2901 -0.0737
vn 0.9546 0.2890 -0.0716
vn 0.8613 0.4245 -0.2792
vn 0.1436 0.5494 -0.8231
vn 0.1397 0.5423 -0.8285
vn 0.1445 0.5484 -0.8236
vn 0.0122 0.8314 -0.5556
vn 0.0119 0.8315 -0.5554
vn -0.1137 0.8723 -0.4756
vn -0.1089 0.8747 -0.4723
vn -0.1029 0.8744 -0.4741
vn 0.8842 0.2106 -0.4169
vn 0.8812 0.2166 -0.4201
vn 0.8828 0.2141 -0.4182
vn 0.8494 0.4453 0.2832
vn 0.8520 0.4442 0.2772
vn 0.8512 0.4486 0.2724
vn 0.7036 0.7095 0.0383
vn 0.6985 0.7143 0.0435
vn 0.7007 0.7117 0.0502
vn 0.6585 0.0534 0.7507
vn 0.8682 0.1993 -0.4545
vn 0.8659 0.2014 -0.4579
vn 0.8639 0.2053 -0.4599
vn 0.7473 -0.3773 -0.5470
vn 0.7511 -0.3761 -0.5425
vn 0.7502 -0.3716 -0.5469
vn 0.9498 0.1682 -0.2639
vn -0.0650 0.7760 -0.6274
vn 0.7068 0.3800 -0.5967
vn 0.7075 0.3791 -0.5964
vn 0.7049 0.3856 -0.5954
vn 0.7021 -0.3564 0.6165
vn 0.7571 0.5262 0.3871
vn 0.7573 0.5258 0.3873
vn 0.9395 0.0898 -0.3306
vn 0.8824 0.1176 -0.4557
vn 0.8518 0.2093 -0.4802
vn 0.8494 0.2129 -0.4829
vn 0.8515 0.2104 -0.4803
vn 0.7901 0.6081 -0.0767
vn 0.7878 0.6110 -0.0780
vn 0.7890 0.6100 -0.0732
vn 0.6846 0.6645 -0.2996
vn 0.6837 0.6673 -0.2955
vn 0.6882 0.6610 -0.2991
vn 0.7651 0.5169 -0.3839
vn 0.7659 0.5163 -0.3833
vn 0.7661 0.5155 -0.3840
vn 0.8782 0.1970 0.4358
vn 0.8412 0.0549 -0.5379
vn 0.8398 0.0555 -0.5400
vn 0.8398 0.0554 -0.5400
vn 0.7646 -0.6413 0.0641
vn 0.7632 -0.6429 0.0646
vn 0.7637 -0.6427 0.0606
vn 0.9904 -0.0249 -0.1360
vn 0.9910 -0.0252 -0.1316
vn 0.9850 0.0545 -0.1635
vn 0.9844 0.0516 -0.1679
vn 0.9847 0.0555 -0.1652
vn 0.9039 0.1695 -0.3927
vn 0.9041 0.1696 -0.3922
vn 0.9036 0.1717 -0.3924
vn -0.0139 0.9685 -0.2485
vn 0.6221 0.6881 -0.3736
vn 0.6180 0.6908 -0.3752
vn 0.6193 0.6927 -0.3697
vn 0.9484 -0.0181 0.3164
vn 0.9489 -0.0108 0.3155
vn 0.9467 -0.0083 0.3221
vn 0.8290 0.3022 -0.4705
vn 0.8313 0.3005 -0.4676
vn 0.8302 0.3007 -0.4694
vn 0.5447 -0.1906 0.8167
vn 0.8942 0.4146 0.1691
vn 0.8915 0.4201 0.1698
vn 0.8926 0.4174 0.1703
vn -0.8938 -0.4167 -0.1659
vn -0.8937 -0.4167 -0.1662
vn 0.9477 -0.0667 -0.3122
vn 0.9409 0.0780 -0.3297
vn 0.9420 0.0802 -0.3258
vn 0.9416 0.0740 -0.3285
vn 0.7811 0.5965 0.1847
vn 0.3167 -0.1458 0.9372
vn 0.7943 0.5723 0.2041
vn 0.9907 0.0381 -0.1304
vn 0.9911 0.0363 -0.1281
vn 0.9908 0.0353 -0.1306
vn 0.9782 -0.0594 -0.1992
vn 0.9779 -0.0572 -0.2013
vn 0.9779 -0.0545 -0.2019
vn 0.7780 0.6224 -0.0852
vn 0.7768 0.6235 -0.0883
vn 0.7746 0.6261 -0.0893
vn 0.7385 0.6587 -0.1439
vn 0.7380 0.6588 -0.1458
vn 0.7378 0.6606 -0.1390
vn 0.9215 0.1180 -0.3700
vn 0.9619 0.2527 -0.1041
vn 0.9634 0.2466 -0.1046
vn 0.2687 0.3256 0.9065
vn 0.2688 0.3256 0.9065
vn -0.0835 0.8096 0.5810
vn -0.0843 0.8099 0.5804
vn -0.0852 0.8097 0.5806
vn 0.9659 0.0200 0.2581
vn 0.9659 0.0199 0.2580
vn 0.9662 0.0098 0.2576
vn 0.3849 0.7297 -0.5651
vn 0.3870 0.7338 -0.5584
vn 0.3941 0.7328 -0.5547
vn 0.9101 -0.4115 0.0489
vn 0.9079 -0.4163 0.0499
vn 0.9060 -0.4205 0.0491
vn 0.4187 0.2387 -0.8762
vn 0.8221 0.5551 -0.1266
vn 0.8201 0.5561 -0.1349
vn 0.8210 0.5550 -0.1338
vn 0.9920 -0.0850 0.0931
vn 0.6396 0.5051 0.5795
vn 0.6436 0.5044 0.5757
vn 0.6435 0.5003 0.5793
vn 0.5859 0.6695 0.4567
vn 0.5867 0.6636 0.4642
vn 0.5911 0.6601 0.4635
vn 0.3606 0.6644 0.6547
vn 0.9754 0.0016 0.2204
vn 0.9757 0.0009 0.2190
vn 0.9755 0.0010 0.2198
vn 0.9887 -0.0393 -0.1446
vn 0.3448 0.9283 -0.1394
vn 0.7981 0.5604 -0.2213
vn 0.0088 0.8071 0.5904
vn 0.9496 0.2627 0.1708
vn 0.4848 0.8706 -0.0842
vn 0.4849 0.8701 -0.0883
vn 0.4872 0.8690 -0.0862
vn 0.9020 0.2326 0.3638
vn 0.9042 0.2315 0.3591
vn 0.9001 0.2374 0.3652
vn -0.3093 0.9298 -0.1993
vn -0.3133 0.9297 -0.1935
vn -0.3071 0.9327 -0.1892
vn 0.8737 0.3792 0.3048
vn 0.8750 0.3814 0.2983
vn 0.8764 0.3779 0.2985
vn 0.9647 0.0019 0.2633
vn 0.9632 0.0030 0.2688
vn 0.9649 -0.0039 0.2627
vn 0.3347 0.8081 -0.4847
vn 0.9212 0.2664 -0.2836
vn 0.9250 0.2635 -0.2737
vn 0.9234 0.2634 -0.2792
vn -0.3144 0.9174 0.2438
vn 0.6810 -0.0020 -0.7322
vn 0.8984 0.3860 -0.2093
vn 0.8974 0.3892 -0.2077
vn 0.8977 0.3903 -0.2044
vn 0.9894 -0.0264 -0.1425
vn 0.9481 0.2681 0.1709
vn 0.8190 -0.1412 0.5562
vn 0.8163 -0.1436 0.5594
vn 0.8214 -0.1417 0.5525
vn 0.8625 0.4351 -0.2584
vn 0.8593 0.4370 -0.2659
vn 0.8598 0.4388 -0.2610
vn 0.8951 0.4381 -0.0831
vn 0.7943 0.4614 -0.3952
vn 0.7913 0.4670 -0.3947
vn 0.7947 0.4586 -0.3976
vn 0.0542 0.8563 0.5136
vn 0.0543 0.8563 0.5136
vn 0.8837 0.3504 -0.3104
vn 0.8819 0.3510 -0.3146
vn 0.8841 0.3532 -0.3060
vn 0.8919 0.4366 -0.1180
vn 0.9099 0.4149 -0.0023
vn 0.7631 0.6295 0.1463
vn 0.5385 0.7474 0.3891
vn 0.5313 0.7504 0.3933
vn 0.5359 0.7467 0.3940
vn 0.4214 0.8242 -0.3783
vn 0.4252 0.8241 -0.3743
vn 0.4307 0.8218 -0.3729
vn 0.5968 -0.2026 0.7764
vn 0.5968 -0.2024 0.7764
vn 0.5968 -0.2023 0.7764
vn 0.6545 0.1990 0.7294
vn 0.6523 0.1944 0.7326
vn 0.6591 0.1986 0.7254
vn 0.8385 0.5436 0.0384
vn 0.8412 0.5398 0.0315
vn 0.8345 0.5496 0.0408
vn -0.2527 0.9659 -0.0573
vn -0.2479 0.9670 -0.0579
vn -0.2558 0.9648 -0.0606
vn 0.4265 0.8393 0.3371
vn 0.4211 0.8412 0.3393
vn 0.4167 0.8416 0.3437
vn 0.6584 0.2307 0.7164
vn 0.5883 0.5163 -0.6223
vn 0.1307 0.9124 0.3878
vn 0.1290 0.9138 0.3851
vn 0.1311 0.9110 0.3911
vn 0.3951 0.5516 0.7346
vn 0.4355 0.7898 -0.4319
vn 0.4384 0.7876 -0.4330
vn 0.4330 0.7921 -0.4302
vn 0.9005 0.4318 -0.0508
vn 0.8739 0.4461 -0.1930
vn 0.8739 0.4462 -0.1930
vn 0.9171 0.3961 -0.0439
vn 0.3780 0.6183 0.6890
vn 0.3807 0.6133 0.6921
vn 0.3847 0.6170 0.6865
vn 0.8048 0.5193 -0.2876
vn 0.5581 0.6709 -0.4883
vn 0.8840 0.3873 0.2618
vn 0.8837 0.3891 0.2603
vn 0.8831 0.3889 0.2626
vn 0.0511 0.8803 0.4716
vn -0.1819 0.9668 0.1795
vn -0.1777 0.9676 0.1795
vn -0.1796 0.9676 0.1772
vn 0.2005 0.8899 -0.4097
vn 0.2057 0.8881 -0.4112
vn 0.2071 0.8856 -0.4158
vn 0.5215 0.8529 0.0234
vn 0.5215 0.8529 0.0236
vn 0.5028 0.8534 -0.1379
vn -0.1795 0.9664 0.1838
vn -0.1784 0.9658 0.1881
vn -0.1739 0.9665 0.1891
vn 0.4861 0.8562 -0.1753
vn 0.3033 0.8577 0.4151
vn 0.2939 0.8598 0.4176
vn 0.2992 0.8556 0.4224
vn 0.4795 0.8670 0.1357
vn 0.4762 0.8676 0.1429
vn 0.4809 0.8654 0.1409
vn 0.0563 0.9977 -0.0373
vn 0.0501 0.9982 -0.0315
vn 0.0509 0.9981 -0.0356
vn -0.3829 0.8176 0.4300
vn -0.0499 0.9873 -0.1507
vn -0.0543 0.9861 -0.1573
vn -0.0541 0.9870 -0.1516
vn -0.2628 0.9461 -0.1894
vn -0.2673 0.9455 -0.1859
vn -0.1802 0.9111 0.3706
vn -0.1704 0.9110 0.3754
vn -0.1716 0.9137 0.3684
vn -0.1777 0.9127 0.3680
vn -0.1764 0.9151 0.3626
vn -0.1774 0.9106 0.3733
vn -0.0534 0.9772 0.2056
vn -0.0531 0.9776 0.2035
vn -0.0555 0.9769 0.2065
vn -0.0141 0.9412 0.3375
vn -0.0120 0.9428 0.3330
vn -0.0203 0.9395 0.3419
vn -0.0261 0.9913 -0.1293
vn -0.0413 0.9480 0.3154
vn -0.0422 0.9482 0.3150
vn -0.0462 0.9457 0.3216
vn -0.0690 0.9965 -0.0467
vn -0.0733 0.9960 -0.0512
vn -0.0716 0.9963 -0.0478
vn 0.6143 0.7830 0.0974
vn 0.5993 0.7857 -0.1536
vn 0.1562 -0.7186 -0.6776
vn 0.1551 -0.7202 -0.6762
vn 0.1583 -0.7191 -0.6767
usemtl Default_OBJ
s off
f 3//1 2//2 1//3
f 1//4 2//5 5//4
f 9//6 6//6 4//6
f 4//7 6//8 7//9
f 4//10 7//11 8//12
f 1//13 15//14 3//15
f 3//16 10//17 2//18
f 9//19 4//19 12//19
f 1//20 5//21 11//22
f 2//23 13//24 5//25
f 8//26 7//27 14//28
f 4//29 8//30 12//31
f 2//32 24//32 13//32
f 9//33 17//34 6//35
f 7//36 6//36 32//36
f 15//37 16//37 3//37
f 1//38 11//39 15//40
f 8//41 20//41 12//41
f 2//42 19//43 24//44
f 10//45 22//46 2//47
f 7//48 39//49 14//50
f 7//51 32//52 39//53
f 9//54 25//55 17//56
f 8//57 14//57 21//57
f 6//58 17//59 18//60
f 6//61 18//62 32//63
f 5//64 23//65 11//66
f 2//67 22//68 19//69
f 8//70 33//71 20//72
f 10//73 26//74 22//75
f 3//76 31//76 10//76
f 31//77 33//78 8//79
f 11//80 29//81 15//82
f 9//83 12//84 27//85
f 5//86 28//87 23//88
f 8//89 21//90 31//91
f 3//92 16//92 31//92
f 11//93 23//94 40//95
f 14//96 39//97 41//98
f 5//99 13//100 28//101
f 33//102 37//103 20//104
f 9//105 27//105 25//105
f 37//106 16//106 15//106
f 31//107 21//108 10//109
f 17//110 35//111 18//112
f 13//113 24//114 30//115
f 30//116 34//117 13//118
f 26//119 36//120 22//121
f 37//122 33//122 16//122
f 17//123 38//124 35//125
f 25//126 38//126 17//126
f 27//127 53//128 25//129
f 16//130 33//131 31//132
f 12//133 50//134 27//135
f 23//136 28//137 46//138
f 21//139 44//140 10//141
f 44//142 26//143 10//144
f 19//145 30//146 24//147
f 14//148 41//148 44//148
f 29//149 11//150 43//151
f 20//152 42//153 12//154
f 13//155 51//155 28//155
f 14//156 44//156 21//156
f 19//157 22//157 45//157
f 13//158 34//159 51//160
f 29//161 37//161 15//161
f 36//162 45//163 22//162
f 23//164 46//165 40//166
f 18//167 57//168 32//169
f 37//170 42//170 20//170
f 12//171 47//172 50//171
f 19//173 49//174 30//175
f 11//176 40//177 43//178
f 42//179 47//179 12//179
f 48//180 37//181 29//182
f 53//183 54//184 25//185
f 18//186 35//187 56//188
f 43//189 48//190 29//191
f 30//192 55//193 34//194
f 18//195 56//196 57//197
f 26//198 62//199 36//200
f 39//201 32//202 60//203
f 25//204 54//205 38//206
f 38//207 52//207 35//207
f 32//208 57//209 60//209
f 49//210 55//210 30//211
f 45//212 49//213 19//214
f 39//215 58//215 41//215
f 35//216 52//216 56//216
f 27//217 50//218 61//219
f 39//220 60//221 58//222
f 51//223 59//224 28//224
f 41//225 62//226 44//227
f 44//228 62//228 26//228
f 61//229 53//229 27//229
f 34//230 55//231 73//232
f 45//233 76//233 49//233
f 36//234 64//235 45//236
f 37//237 65//237 42//237
f 41//238 58//239 62//240
f 47//241 72//241 50//241
f 36//242 62//243 64//244
f 28//245 59//246 46//247
f 53//248 69//249 54//250
f 56//251 71//252 57//253
f 48//254 65//255 37//256
f 54//257 67//258 38//257
f 38//259 67//259 52//259
f 43//260 40//260 68//260
f 46//261 92//262 40//263
f 34//264 73//265 70//266
f 55//267 49//268 73//269
f 57//270 63//270 60//270
f 43//271 68//272 66//273
f 42//274 79//274 47//274
f 34//275 70//276 51//277
f 53//278 61//279 69//280
f 50//281 72//282 61//281
f 43//283 66//284 48//285
f 42//286 65//287 79//286
f 62//288 58//288 74//288
f 59//289 51//290 77//291
f 66//292 84//292 48//292
f 56//293 52//293 71//293
f 59//294 75//295 46//296
f 47//297 79//298 78//297
f 76//299 45//300 83//301
f 60//302 82//303 58//304
f 46//305 75//306 92//307
f 74//308 64//308 62//308
f 86//309 66//309 68//309
f 47//310 78//310 72//310
f 40//311 92//312 81//313
f 51//314 80//315 77//316
f 51//317 70//318 80//319
f 68//320 40//321 81//322
f 57//323 71//324 90//325
f 64//326 83//327 45//328
f 54//329 88//330 67//331
f 57//332 90//333 63//334
f 59//335 77//335 87//335
f 69//336 88//336 54//336
f 68//337 81//338 86//339
f 67//340 88//340 89//340
f 48//341 91//341 65//341
f 84//342 91//343 48//344
f 72//345 85//346 61//347
f 65//348 91//349 79//350
f 49//351 101//352 73//353
f 61//354 85//354 69//354
f 70//355 103//356 80//357
f 70//358 73//359 113//360
f 58//361 97//362 74//363
f 69//364 96//364 88//364
f 67//365 89//366 52//367
f 63//368 95//369 60//370
f 60//371 95//371 82//371
f 79//372 93//372 78//372
f 59//373 87//374 75//375
f 49//376 94//377 101//378
f 76//379 94//380 49//381
f 72//382 99//383 85//384
f 80//385 103//385 77//385
f 70//386 100//387 103//388
f 58//389 82//390 97//391
f 75//392 105//393 92//394
f 88//395 96//395 89//395
f 71//396 52//397 98//398
f 70//399 113//399 100//399
f 76//400 83//400 94//401
f 90//402 114//403 63//404
f 93//405 118//406 78//407
f 71//408 102//408 90//408
f 52//409 89//410 98//411
f 64//412 112//413 83//414
f 63//415 114//416 95//417
f 77//418 103//419 109//420
f 64//421 74//422 112//423
f 98//424 102//424 71//424
f 95//425 110//425 82//425
f 92//426 105//427 81//428
f 77//429 109//430 87//431
f 97//432 82//433 106//434
f 78//435 111//436 72//437
f 66//438 86//439 84//439
f 104//440 114//441 90//440
f 79//442 91//443 93//444
f 111//445 99//446 72//447
f 69//448 116//449 96//450
f 101//451 113//451 73//451
f 101//452 94//453 107//454
f 90//455 102//456 104//457
f 82//458 110//459 106//460
f 103//461 100//461 115//461
f 78//462 118//463 111//464
f 96//465 117//466 89//467
f 113//468 101//469 119//470
f 74//471 97//472 108//473
f 95//474 114//475 110//476
f 98//477 124//477 102//477
f 91//478 123//479 93//480
f 101//481 107//482 119//483
f 87//484 105//484 75//484
f 74//485 120//486 112//487
f 100//488 121//488 122//488
f 87//489 109//490 105//491
f 102//492 124//492 135//492
f 114//493 104//494 125//495
f 115//496 100//496 122//496
f 100//497 113//498 121//499
f 93//500 123//501 118//502
f 85//503 116//504 69//505
f 89//506 129//506 98//506
f 114//507 125//508 110//508
f 83//509 149//509 94//509
f 89//510 117//511 129//512
f 96//513 128//513 117//514
f 84//515 86//516 126//517
f 113//518 127//519 121//520
f 98//521 129//521 124//521
f 113//522 119//522 127//522
f 103//523 115//524 109//525
f 109//526 115//527 130//528
f 131//529 128//529 96//529
f 108//530 120//530 74//530
f 116//531 131//531 96//531
f 81//532 132//533 86//534
f 122//535 140//535 115//535
f 112//536 134//536 83//536
f 81//537 133//538 132//539
f 134//540 149//541 83//542
f 145//543 116//543 85//543
f 121//544 141//545 122//544
f 91//546 166//547 123//548
f 91//549 84//549 166//550
f 121//551 137//552 141//553
f 121//554 127//555 137//556
f 119//557 107//557 136//557
f 97//558 154//558 108//558
f 99//559 145//560 85//561
f 128//562 138//563 117//564
f 131//565 139//566 128//567
f 132//568 143//569 86//570
f 81//571 105//571 133//571
f 129//572 144//573 124//574
f 119//575 148//576 127//577
f 86//578 143//578 126//578
f 102//579 142//579 104//579
f 142//580 125//581 104//582
f 117//583 138//584 129//585
f 115//586 140//587 130//588
f 102//589 135//590 142//591
f 154//592 120//592 108//592
f 105//593 146//594 133//595
f 119//596 136//596 148//596
f 84//597 126//597 166//597
f 129//598 157//599 144//600
f 94//601 149//602 107//603
f 99//604 159//605 145//605
f 109//606 152//607 105//608
f 116//609 150//610 131//609
f 122//611 147//611 140//611
f 136//612 168//612 148//612
f 141//613 160//614 122//615
f 97//616 106//617 153//618
f 125//619 161//620 110//621
f 118//622 123//623 151//624
f 128//625 139//626 138//627
f 109//628 130//629 152//630
f 112//631 120//632 134//633
f 99//634 111//635 159//636
f 137//637 127//637 156//637
f 144//638 135//638 124//638
f 122//639 160//640 147//641
f 131//642 150//643 139//644
f 97//645 153//646 154//645
f 127//647 148//648 156//649
f 141//650 137//651 158//652
f 137//653 156//654 172//655
f 152//656 130//656 170//656
f 138//657 167//657 129//657
f 118//658 155//659 111//660
f 116//661 162//661 150//661
f 167//662 163//663 129//664
f 130//665 140//666 165//666
f 137//667 172//668 158//669
f 130//670 165//671 170//670
f 129//672 163//673 157//674
f 107//675 149//675 164//675
f 135//676 187//677 142//678
f 107//679 164//680 136//681
f 110//682 161//683 106//684
f 145//685 162//685 116//686
f 150//687 171//688 139//689
f 144//690 175//691 135//692
f 187//693 125//694 142//695
f 143//696 132//697 169//698
f 143//699 169//700 126//701
f 162//702 200//702 150//702
f 150//703 200//704 171//705
f 141//706 158//707 160//708
f 154//709 173//710 120//711
f 140//712 147//713 174//714
f 105//715 199//716 146//717
f 105//718 152//719 199//720
f 111//721 155//721 159//721
f 165//722 140//723 174//724
f 172//725 177//725 158//725
f 132//726 133//727 169//728
f 166//729 151//729 123//729
f 162//730 145//730 176//730
f 139//731 184//732 138//731
f 152//733 170//733 199//733
f 156//734 192//735 172//736
f 182//737 175//738 144//739
f 118//740 151//741 155//742
f 135//743 183//744 187//745
f 159//746 180//746 145//746
f 171//747 184//748 139//749
f 157//750 182//751 144//752
f 148//753 186//754 156//755
f 168//756 186//757 148//758
f 134//759 120//759 181//759
f 185//760 167//761 138//762
f 178//763 182//764 157//765
f 106//766 161//767 179//768
f 157//769 163//770 178//771
f 175//772 183//772 135//772
f 153//773 189//774 154//775
f 145//776 180//777 176//777
f 179//778 153//779 106//780
f 155//781 190//782 159//783
f 133//784 146//785 203//786
f 164//787 168//788 136//789
f 161//790 125//790 187//791
f 158//792 193//793 160//794
f 166//795 126//796 151//797
f 134//798 181//799 149//800
f 147//801 193//802 188//803
f 120//804 173//804 181//804
f 147//805 188//806 174//807
f 138//808 184//809 185//810
f 167//811 194//812 163//813
f 149//814 181//814 164//814
f 160//815 193//816 147//817
f 177//818 193//819 158//820
f 191//821 178//822 163//823
f 199//824 203//825 146//826
f 161//827 187//828 216//829
f 173//830 154//831 189//832
f 167//833 185//834 194//835
f 170//836 165//837 195//838
f 161//839 216//840 179//841
f 156//842 186//843 192//842
f 186//844 168//844 198//845
f 151//846 190//847 155//848
f 172//849 192//850 177//851
f 133//852 203//853 169//854
f 174//855 188//856 197//857
f 164//858 181//858 204//858
f 165//859 174//859 202//859
f 176//860 201//861 162//861
f 174//862 197//863 202//864
f 171//865 196//866 184//867
f 182//868 205//869 175//870
f 176//871 207//872 201//873
f 169//874 208//875 126//876
f 163//877 194//878 191//879
f 193//880 177//881 209//882
f 168//883 206//884 198//885
f 126//886 208//887 151//888
f 180//889 159//889 220//889
f 183//890 211//890 187//890
f 202//891 195//892 165//893
f 164//894 206//894 168//894
f 199//895 170//896 210//897
f 162//898 239//898 200//898
f 182//899 178//900 205//901
f 164//902 215//902 206//902
f 198//903 206//904 212//905
f 180//906 207//906 176//906
f 151//907 234//908 190//909
f 153//910 179//911 232//912
f 195//913 210//913 170//914
f 213//915 195//916 202//917
f 197//918 213//918 202//918
f 187//919 211//919 216//919
f 164//920 204//921 215//922
f 205//923 223//924 175//925
f 192//926 186//926 219//926
f 162//927 201//928 239//929
f 173//930 189//930 222//930
f 175//931 217//932 183//933
f 198//934 226//935 186//936
f 153//937 232//938 189//939
f 179//940 216//941 229//942
f 190//943 220//943 159//943
f 200//944 218//945 171//946
f 193//947 214//948 188//949
f 175//950 223//951 217//952
f 171//953 218//953 196//953
f 173//954 222//955 181//956
f 200//957 239//957 218//957
f 186//958 226//959 219//960
f 203//961 227//962 169//963
f 193//964 209//964 214//964
f 229//965 232//966 179//967
f 188//968 237//969 197//970
f 198//971 212//972 226//973
f 221//974 208//975 169//976
f 180//977 220//978 207//979
f 151//980 208//981 274//981
f 181//982 238//982 204//982
f 192//983 230//984 177//985
f 178//986 191//987 225//988
f 222//989 238//989 181//989
f 195//990 231//990 210//990
f 177//991 224//991 209//991
f 178//992 225//993 205//994
f 196//995 233//996 184//997
f 220//998 247//999 207//1000
f 177//1001 230//1002 224//1003
f 183//1004 217//1005 211//1006
f 199//1007 236//1008 203//1009
f 185//1010 246//1011 194//1012
f 238//1013 244//1014 204//1015
f 205//1016 225//1016 235//1016
f 196//1017 218//1017 233//1017
f 184//1018 240//1019 185//1020
f 199//1021 243//1021 236//1021
f 201//1022 207//1023 239//1024
f 199//1025 210//1026 243//1027
f 194//1028 246//1029 191//1030
f 205//1031 235//1032 223//1033
f 211//1034 242//1034 216//1034
f 151//1035 274//1035 234//1035
f 188//1036 259//1037 237//1038
f 188//1039 214//1040 259//1041
f 192//1042 219//1043 277//1044
f 197//1045 237//1046 213//1047
f 190//1048 234//1049 220//1050
f 184//1051 233//1052 240//1053
f 204//1054 244//1055 215//1056
f 210//1057 231//1058 243//1058
f 195//1059 213//1059 231//1059
f 169//1060 227//1061 221//1062
f 219//1063 226//1064 277//1065
f 242//1066 229//1066 216//1066
f 185//1067 240//1067 246//1067
f 208//1068 255//1069 274//1070
f 217//1071 253//1072 211//1073
f 211//1074 250//1075 242//1076
f 277//1077 230//1078 192//1079
f 206//1080 252//1081 212//1082
f 246//1083 225//1083 191//1083
f 217//1084 223//1085 253//1086
f 237//1087 249//1087 213//1087
f 206//1088 215//1089 252//1090
f 203//1091 236//1091 227//1091
f 218//1092 265//1093 233//1094
f 237//1095 259//1095 256//1096
f 244//1097 267//1098 215//1099
f 234//1100 258//1101 220//1101
f 223//1102 235//1103 261//1104
f 213//1105 257//1106 231//1107
f 226//1108 212//1109 251//1110
f 212//1111 252//1112 251//1113
f 208//1114 221//1115 255//1116
f 226//1117 251//1118 262//1117
f 207//1119 254//1120 239//1121
f 242//1122 273//1123 229//1124
f 239//1125 264//1125 218//1125
f 264//1126 265//1127 218//1126
f 237//1128 256//1129 249//1130
f 213//1131 249//1132 257//1133
f 253//1134 250//1134 211//1134
f 227//1135 236//1136 294//1137
f 262//1138 277//1139 226//1140
f 223//1141 272//1142 253//1143
f 224//1144 271//1145 209//1146
f 242//1147 250//1148 273//1149
f 253//1150 275//1151 250//1152
f 209//1153 271//1153 214//1153
f 240//1154 276//1155 246//1156
f 234//1157 274//1157 258//1157
f 239//1158 254//1158 264//1158
f 265//1159 296//1160 233//1161
f 247//1162 290//1163 207//1164
f 231//1165 307//1166 243//1167
f 246//1168 269//1169 225//1170
f 235//1171 279//1171 261//1171
f 272//1172 275//1173 253//1174
f 269//1175 288//1176 225//1177
f 261//1178 272//1179 223//1180
f 270//1181 281//1182 215//1183
f 257//1184 307//1185 231//1186
f 227//1187 294//1187 221//1187
f 230//1188 282//1188 224//1188
f 267//1189 270//1190 215//1191
f 207//1192 290//1193 254//1194
f 263//1195 282//1196 230//1197
f 215//1198 281//1199 252//1200
f 214//1201 297//1201 259//1201
f 225//1202 279//1203 235//1204
f 220//1205 287//1205 247//1205
f 277//1206 305//1206 230//1206
f 243//1207 293//1208 236//1209
f 258//1210 287//1211 220//1212
f 288//1213 279//1213 225//1213
f 263//1214 230//1215 305//1216
f 246//1217 276//1217 269//1217
f 236//1218 293//1219 294//1220
f 240//1221 233//1221 308//1222
f 251//1223 252//1224 281//1225
f 224//1226 282//1227 271//1228
f 259//1229 295//1230 256//1231
f 274//1232 255//1232 258//1232
f 271//1233 297//1233 214//1233
f 307//1234 292//1235 243//1236
f 221//1237 294//1238 255//1239
f 250//1240 275//1241 273//1242
f 243//1243 292//1244 293//1245
f 299//1246 258//1246 255//1246
f 297//1247 295//1248 259//1249
f 277//1250 262//1251 305//1252
f 240//1253 308//1254 276//1255
f 294//1256 299//1256 255//1256
f 233//1257 296//1258 308//1259
f 247//1260 287//1261 290//1262
f 254//1263 373//1263 264//1263
f 276//1264 330//1264 269//1264
f 257//1265 317//1266 307//1267
f 299//1268 328//1269 258//1270
f 290//1271 373//1272 254//1273
f 294//1274 328//1275 299//1276
f 264//1277 373//1278 500//1279
f 249//1280 329//1280 257//1281
f 264//1282 500//1283 265//1284
f 251//1285 403//1286 262//1287
f 265//1288 378//1289 296//1290
f 261//1291 344//1292 272//1293
f 297//1294 446//1295 295//1296
f 265//1297 500//1298 378//1299
f 271//1300 282//1301 332//1302
f 305//1303 380//1304 263//1305
f 279//1306 344//1307 261//1308
f 281//1309 340//1309 251//1309
f 287//1310 258//1311 343//1312
f 294//1313 293//1314 346//1315
f 257//1316 329//1317 317//1318
f 249//1319 256//1320 329//1321
f 271//1322 402//1323 297//1324
f 269//1325 347//1325 288//1325
f 272//1326 344//1327 345//1327
f 272//1328 345//1329 275//1330
f 270//1331 416//1332 281//1333
f 251//1334 340//1335 403//1336
f 287//1337 343//1337 290//1337
f 263//1338 380//1338 282//1338
f 296//1339 384//1339 308//1339
f 305//1340 262//1340 379//1340
f 307//1341 411//1341 292//1341
f 346//1342 328//1343 294//1344
f 258//1345 328//1345 343//1345
f 282//1346 380//1346 332//1346
f 292//1347 346//1347 293//1347
f 377//1348 373//1348 290//1348
f 256//1349 295//1350 329//1350
f 308//1351 384//1352 276//1352
f 296//1353 378//1353 384//1353
f 279//1354 288//1355 425//1356
f 275//1357 385//1358 273//1359
f 317//1360 411//1361 307//1362
f 262//1363 403//1363 379//1363
f 275//1364 345//1365 385//1366
f 343//1367 377//1367 290//1367
f 279//1368 425//1369 344//1370
f 297//1371 402//1371 446//1371
f 271//1372 332//1373 402//1374
f 281//1375 416//1376 340//1377
f 343//1378 328//1378 415//1378
f 305//1379 379//1379 380//1379
f 276//1380 384//1381 330//1381
f 330//1382 347//1383 269//1384
f 292//1385 411//1386 346//1387
f 347//1388 425//1389 288//1390
f 330//1391 484//1391 347//1391
f 500//1392 462//1392 378//1392
f 328//1393 459//1393 415//1393
f 332//1394 510//1394 402//1394
f 490//1395 425//1396 347//1397
f 380//1398 379//1398 465//1398
f 346//1399 411//1400 471//1399
f 378//1401 496//1402 384//1403
f 330//1404 477//1404 484//1404
f 332//1405 472//1405 510//1405
f 380//1406 472//1407 332//1407
f 425//1408 490//1408 491//1408
f 384//1409 477//1410 330//1411
f 379//1412 403//1412 485//1412
f 385//1413 508//1413 381//1414
f 487//1415 508//1416 385//1417
f 345//1418 487//1418 385//1418
f 344//1419 491//1419 460//1419
f 485//1420 531//1421 379//1422
f 377//1423 464//1423 373//1423
f 411//1424 317//1424 501//1424
f 384//1425 496//1425 477//1425
f 425//1426 491//1427 344//1428
f 416//1429 534//1429 340//1429
f 346//1430 471//1431 511//1432
f 343//1433 495//1434 377//1435
f 462//1436 500//1436 502//1436
f 402//1437 510//1437 446//1437
f 340//1438 486//1439 403//1440
f 340//1441 534//1442 486//1443
f 416//1444 492//1444 534//1444
f 490//1445 347//1446 484//1447
f 380//1448 465//1449 472//1450
f 446//1451 510//1451 295//1451
f 411//1452 501//1452 471//1452
f 377//1453 495//1454 464//1455
f 343//1456 415//1456 540//1456
f 540//1457 495//1458 343//1459
f 346//1460 512//1461 328//1462
f 378//1463 462//1463 496//1463
f 295//1464 510//1465 535//1466
f 329//1467 295//1467 518//1467
f 379//1468 531//1469 465//1469
f 328//1470 512//1470 459//1470
f 345//1471 524//1472 487//1473
f 524//1474 345//1474 344//1474
f 535//1475 518//1476 295//1477
f 403//1478 486//1479 485//1480
f 460//1481 524//1481 344//1481
f 511//1482 512//1483 346//1484
f 492//1485 530//1486 534//1487
f 329//1488 543//1488 317//1488
f 317//1489 543//1489 501//1490
f 464//1491 544//1492 373//1493
f 329//1494 550//1494 543//1494
f 471//1495 548//1496 511//1497
f 373//1498 544//1499 500//1500
f 492//1501 532//1501 530//1501
f 459//1502 558//1502 415//1502
f 518//1503 550//1504 329//1505
f 502//1506 551//1506 462//1506
f 472//1507 554//1508 510//1509
f 465//1510 552//1511 472//1512
f 495//1513 541//1514 464//1515
f 518//1516 535//1517 562//1518
f 477//1519 545//1519 484//1519
f 512//1520 558//1520 459//1520
f 512//1521 574//1522 558//1523
f 415//1524 558//1524 540//1524
f 500//1525 567//1526 502//1527
f 524//1528 569//1528 487//1528
f 554//1529 553//1530 510//1531
f 460//1532 569//1533 524//1534
f 511//1535 548//1535 512//1535
f 462//1536 551//1536 572//1536
f 540//1537 558//1538 568//1539
f 485//1540 566//1540 531//1541
f 534//1542 530//1543 486//1544
f 471//1545 576//1546 548//1547
f 501//1548 576//1549 471//1550
f 518//1551 562//1552 550//1553
f 490//1554 484//1555 561//1556
f 490//1557 561//1557 491//1557
f 381//1558 508//1559 555//1560
f 540//1561 571//1561 495//1561
f 486//1562 577//1562 485//1563
f 512//1564 548//1565 570//1566
f 500//1567 544//1568 567//1569
f 535//1570 553//1571 562//1572
f 531//1573 552//1573 465//1573
f 462//1574 572//1574 496//1574
f 495//1575 571//1575 541//1575
f 487//1576 569//1577 573//1578
f 530//1579 532//1580 584//1581
f 464//1582 563//1583 544//1584
f 512//1585 570//1586 574//1587
f 496//1588 586//1589 477//1590
f 464//1591 541//1592 563//1593
f 510//1594 553//1595 535//1594
f 531//1596 566//1596 552//1596
f 575//1597 565//1597 564//1597
f 574//1598 570//1598 589//1598
f 484//1599 545//1600 561//1601
f 552//1602 542//1603 472//1603
f 472//1604 542//1605 554//1606
f 501//1607 543//1608 576//1609
f 568//1610 580//1611 540//1612
f 540//1613 580//1613 571//1613
f 561//1614 591//1614 491//1614
f 491//1615 591//1615 460//1615
f 477//1616 586//1617 545//1618
f 567//1619 551//1620 502//1621
f 508//1622 582//1622 555//1622
f 508//1623 487//1623 585//1623
f 508//1624 585//1624 582//1624
f 486//1625 530//1626 587//1627
f 486//1628 587//1629 577//1630
f 568//1631 558//1631 592//1631
f 550//1632 562//1633 593//1634
f 487//1635 573//1636 585//1637
f 544//1638 563//1638 567//1638
f 460//1639 588//1640 569//1641
f 460//1642 591//1642 588//1642
f 577//1643 566//1644 485//1645
f 574//1646 592//1646 558//1646
f 543//1647 550//1647 590//1647
f 496//1648 578//1648 586//1648
f 496//1649 572//1650 578//1651
f 552//1652 566//1653 600//1654
f 599//1655 584//1656 532//1657
f 571//1658 595//1658 541//1658
f 570//1659 548//1659 597//1659
f 590//1660 576//1661 543//1662
f 592//1663 614//1663 568//1663
f 530//1664 584//1664 587//1664
f 562//1665 617//1666 593//1667
f 562//1668 553//1669 617//1670
f 554//1671 596//1672 553//1673
f 567//1674 604//1674 551//1674
f 551//1675 602//1676 572//1677
f 542//1678 552//1678 605//1678
f 588//1679 573//1680 569//1681
f 554//1682 542//1682 596//1682
f 582//1683 601//1684 555//1683
f 574//1685 589//1685 638//1685
f 590//1686 610//1687 576//1688
f 603//1689 606//1689 555//1689
f 607//1690 561//1691 545//1692
f 551//1693 604//1694 602//1695
f 599//1696 619//1697 584//1698
f 541//1699 594//1700 563//1701
f 587//1702 611//1703 577//1704
f 550//1705 593//1705 590//1705
f 552//1706 600//1706 605//1706
f 541//1707 595//1708 594//1709
f 582//1710 585//1711 601//1711
f 577//1712 608//1713 566//1714
f 567//1715 625//1716 604//1717
f 553//1718 596//1719 612//1720
f 577//1721 611//1722 608//1723
f 586//1724 618//1725 545//1726
f 567//1727 563//1728 625//1727
f 553//1729 612//1729 617//1729
f 561//1730 615//1731 591//1732
f 570//1733 598//1733 589//1733
f 608//1734 600//1735 566//1735
f 606//1736 603//1737 621//1738
f 592//1739 644//1739 614//1739
f 605//1740 620//1741 542//1742
f 555//1743 601//1743 603//1743
f 578//1744 572//1744 602//1744
f 587//1745 584//1746 622//1747
f 616//1748 623//1748 599//1748
f 570//1749 597//1750 598//1751
f 590//1752 624//1753 610//1754
f 590//1755 593//1756 624//1757
f 542//1758 620//1759 596//1760
f 574//1761 638//1762 592//1763
f 615//1764 588//1764 591//1764
f 603//1765 601//1765 621//1765
f 587//1766 622//1767 611//1768
f 608//1769 627//1769 600//1769
f 576//1770 597//1771 548//1772
f 586//1773 626//1774 618//1775
f 561//1776 607//1777 615//1778
f 580//1779 595//1780 571//1781
f 578//1782 602//1782 626//1782
f 578//1783 626//1784 586//1785
f 568//1786 614//1787 580//1788
f 618//1789 607//1790 545//1791
f 599//1792 623//1793 619//1794
f 585//1795 634//1795 601//1795
f 596//1796 636//1797 612//1798
f 616//1799 650//1800 623//1801
f 605//1802 600//1803 628//1804
f 563//1805 642//1806 625//1807
f 580//1808 632//1809 595//1810
f 600//1811 627//1811 628//1811
f 608//1812 611//1813 627//1812
f 615//1814 659//1815 588//1816
f 619//1817 630//1817 584//1817
f 638//1818 589//1819 668//1820
f 621//1821 637//1822 606//1823
f 609//1824 631//1825 629//1826
f 616//1827 629//1828 633//1829
f 606//1830 637//1831 609//1832
f 580//1833 614//1833 672//1833
f 610//1834 640//1834 576//1834
f 623//1835 657//1835 619//1835
f 594//1836 595//1837 642//1838
f 593//1839 643//1840 624//1841
f 605//1842 628//1843 620//1844
f 576//1845 640//1845 597//1845
f 617//1846 643//1847 593//1848
f 588//1849 663//1849 573//1849
f 584//1850 630//1851 622//1851
f 585//1852 573//1853 635//1854
f 594//1855 642//1856 563//1857
f 596//1858 620//1859 636//1860
f 607//1861 639//1862 615//1863
f 663//1864 635//1864 573//1864
f 652//1865 626//1865 602//1865
f 609//1866 637//1867 631//1868
f 589//1869 598//1870 668//1871
f 624//1872 647//1873 610//1874
f 659//1875 663//1875 588//1875
f 585//1876 649//1876 634//1876
f 622//1877 641//1878 611//1879
f 616//1880 633//1881 650//1882
f 643//1883 648//1884 624//1885
f 627//1886 611//1887 645//1888
f 585//1889 635//1890 649//1891
f 625//1892 642//1893 651//1894
f 597//1895 656//1896 598//1897
f 625//1898 651//1899 604//1900
f 632//1901 670//1902 595//1901
f 623//1903 650//1904 657//1905
f 598//1906 646//1907 668//1908
f 614//1909 661//1910 672//1911
f 607//1912 618//1913 653//1914
f 641//1915 645//1915 611//1915
f 624//1916 648//1916 647//1916
f 604//1917 652//1918 602//1919
f 604//1920 651//1921 652//1922
f 595//1923 654//1923 642//1923
f 610//1924 647//1924 640//1924
f 628//1925 660//1926 620//1927
f 629//1928 664//1928 633//1928
f 580//1929 672//1930 632//1931
f 634//1932 655//1932 601//1932
f 640//1933 666//1934 597//1935
f 628//1936 662//1937 660//1938
f 653//1939 639//1940 607//1941
f 619//1942 669//1942 630//1942
f 601//1943 655//1944 621//1945
f 656//1946 646//1946 598//1946
f 627//1947 662//1948 628//1949
f 639//1950 659//1950 615//1950
f 592//1951 638//1951 644//1951
f 618//1952 658//1953 653//1954
f 657//1955 669//1956 619//1957
f 618//1958 626//1958 658//1958
f 612//1959 643//1960 617//1961
f 630//1962 667//1963 622//1964
f 595//1965 670//1966 654//1967
f 614//1968 644//1968 661//1968
f 621//1969 655//1970 665//1971
f 620//1972 671//1972 636//1972
f 659//1973 675//1974 663//1975
f 647//1976 666//1977 640//1978
f 612//1979 636//1980 643//1981
f 621//1982 665//1982 637//1982
f 627//1983 694//1983 662//1983
f 635//1984 663//1985 681//1986
f 673//1987 650//1988 633//1987
f 597//1989 666//1990 656//1991
f 639//1992 675//1993 659//1994
f 645//1995 694//1996 627//1997
f 660//1998 671//1998 620//1998
f 626//1999 691//2000 658//2001
f 636//2002 678//2002 643//2003
f 626//2004 652//2005 691//2006
f 629//2007 631//2008 664//2009
f 660//2010 662//2010 676//2010
f 635//2011 681//2012 649//2013
f 641//2014 622//2014 679//2014
f 670//2015 632//2016 677//2017
f 641//2018 679//2019 645//2020
f 630//2021 669//2021 667//2021
f 636//2022 671//2022 678//2022
f 622//2023 667//2023 679//2023
f 646//2024 680//2025 668//2026
f 634//2027 649//2028 655//2029
f 647//2030 683//2031 666//2032
f 663//2033 675//2034 681//2035
f 638//2036 668//2036 644//2036
f 670//2037 685//2037 654//2037
f 669//2038 682//2039 667//2040
f 666//2041 684//2041 656//2041
f 646//2042 656//2043 696//2044
f 633//2045 664//2045 673//2045
f 650//2046 689//2047 657//2048
f 642//2049 654//2049 686//2049
f 652//2050 651//2051 698//2052
f 637//2053 688//2054 631//2055
f 642//2056 686//2057 651//2058
f 643//2059 678//2060 648//2061
f 645//2062 679//2062 694//2062
f 648//2063 683//2064 647//2065
f 653//2066 687//2067 639//2068
f 654//2069 690//2069 686//2069
f 646//2070 696//2071 680//2072
f 649//2073 702//2074 655//2075
f 648//2076 678//2077 697//2078
f 655//2079 702//2080 665//2081
f 650//2082 673//2083 689//2084
f 666//2085 683//2085 693//2085
f 651//2086 686//2087 698//2088
f 657//2089 689//2090 669//2091
f 670//2092 677//2093 685//2094
f 639//2095 692//2095 675//2095
f 672//2096 695//2096 632//2096
f 668//2097 674//2098 644//2099
f 654//2100 685//2101 690//2102
f 648//2103 697//2104 683//2105
f 652//2106 698//2106 691//2106
f 631//2107 708//2107 664//2107
f 644//2108 700//2109 661//2110
f 658//2111 687//2112 653//2113
f 631//2114 688//2114 708//2114
f 695//2115 672//2116 661//2117
f 660//2118 676//2119 671//2120
f 695//2121 677//2122 632//2122
f 662//2123 694//2123 676//2123
f 665//2124 701//2125 637//2126
f 684//2127 696//2128 656//2129
f 692//2130 639//2131 687//2132
f 637//2133 701//2133 688//2133
f 658//2134 706//2135 687//2136
f 676//2137 707//2138 671//2139
f 703//2140 681//2141 675//2142
f 690//2143 704//2143 686//2143
f 649//2144 681//2145 702//2146
f 668//2147 680//2148 699//2149
f 686//2150 704//2150 698//2150
f 679//2151 709//2152 694//2153
f 683//2154 697//2154 693//2154
f 678//2155 671//2156 705//2157
f 697//2158 678//2159 705//2160
f 691//2161 706//2162 658//2163
f 692//2164 703//2164 675//2164
f 644//2165 674//2166 700//2167
f 666//2168 711//2169 684//2170
f 687//2171 714//2171 692//2171
f 694//2172 715//2173 676//2174
f 668//2175 699//2175 674//2175
f 707//2176 705//2177 671//2178
f 667//2179 724//2179 679//2179
f 692//2180 720//2181 703//2182
f 669//2183 689//2184 718//2185
f 698//2186 704//2187 712//2188
f 691//2189 713//2189 706//2189
f 665//2190 710//2191 701//2192
f 679//2193 724//2193 709//2193
f 687//2194 706//2195 714//2196
f 698//2197 713//2198 691//2199
f 673//2200 716//2201 689//2202
f 693//2203 711//2204 666//2205
f 694//2206 709//2207 715//2208
f 681//2209 728//2209 702//2209
f 689//2210 723//2211 718//2212
f 698//2213 712//2213 713//2213
f 714//2214 720//2215 692//2216
f 697//2217 705//2218 725//2219
f 685//2220 719//2221 690//2222
f 697//2223 722//2224 693//2225
f 667//2226 682//2227 717//2228
f 697//2229 725//2229 722//2229
f 682//2230 669//2230 718//2231
f 702//2232 729//2232 665//2232
f 676//2233 715//2233 707//2234
f 688//2235 740//2236 708//2237
f 689//2238 716//2239 723//2240
f 713//2241 738//2242 706//2243
f 707//2244 725//2244 705//2244
f 706//2245 738//2246 714//2247
f 714//2248 738//2249 720//2250
f 707//2251 715//2251 725//2251
f 717//2252 724//2253 667//2254
f 682//2255 718//2256 734//2255
f 728//2257 727//2258 702//2259
f 719//2260 704//2260 690//2260
f 661//2261 736//2261 695//2261
f 684//2262 726//2263 696//2264
f 664//2265 708//2266 673//2267
f 681//2268 703//2269 728//2270
f 693//2271 732//2271 711//2271
f 713//2272 712//2272 738//2272
f 673//2273 708//2273 716//2273
f 680//2274 730//2275 699//2276
f 722//2277 732//2278 693//2279
f 680//2280 696//2281 730//2282
f 711//2283 726//2283 684//2283
f 729//2284 710//2285 665//2286
f 688//2287 701//2288 740//2289
f 695//2290 735//2290 677//2290
f 709//2291 724//2292 715//2293
f 712//2294 704//2294 721//2294
f 685//2295 677//2296 733//2297
f 720//2298 745//2298 703//2298
f 682//2299 734//2299 717//2300
f 704//2301 719//2302 721//2303
f 756//2304 734//2305 718//2306
f 700//2307 731//2308 661//2309
f 699//2310 730//2311 737//2312
f 702//2313 727//2314 729//2315
f 710//2316 740//2317 701//2318
f 677//2319 735//2319 733//2319
f 718//2320 723//2321 756//2322
f 695//2323 736//2323 735//2323
f 732//2324 722//2324 741//2324
f 712//2325 721//2325 742//2325
f 724//2326 739//2326 715//2326
f 717//2327 739//2327 724//2327
f 747//2328 723//2329 716//2328
f 712//2330 742//2330 738//2330
f 739//2331 744//2331 715//2331
f 745//2332 728//2333 703//2334
f 725//2335 741//2336 722//2337
f 699//2338 737//2339 674//2340
f 734//2341 746//2342 717//2343
f 738//2344 742//2345 720//2346
f 715//2347 749//2347 725//2347
f 726//2348 748//2349 696//2350
f 685//2351 733//2352 719//2353
f 730//2354 696//2355 748//2356
f 720//2357 742//2358 745//2359
f 661//2360 731//2361 736//2362
f 708//2363 747//2364 716//2365
f 732//2366 726//2366 711//2366
f 674//2367 750//2368 700//2369
f 715//2370 744//2371 749//2372
f 736//2373 757//2374 735//2375
f 717//2376 746//2377 739//2378
f 734//2379 756//2380 746//2381
f 708//2382 743//2383 747//2384
f 728//2385 745//2386 727//2387
f 740//2388 710//2389 752//2390
f 726//2391 751//2392 748//2393
f 674//2394 762//2395 750//2395
f 732//2396 754//2397 726//2398
f 725//2399 749//2400 741//2401
f 741//2402 755//2402 732//2402
f 753//2403 719//2404 733//2404
f 747//2405 756//2406 723//2407
f 733//2408 735//2409 753//2410
f 729//2411 760//2411 710//2411
f 708//2412 740//2413 743//2414
f 741//2415 749//2416 755//2417
f 700//2418 750//2418 731//2418
f 736//2419 731//2420 757//2421
f 674//2422 737//2422 762//2422
f 727//2423 760//2424 729//2424
f 719//2425 758//2426 721//2426
f 737//2427 730//2428 761//2429
f 743//2430 740//2430 759//2430
f 760//2431 752//2432 710//2433
f 737//2434 761//2435 767//2434
f 739//2436 770//2437 744//2438
f 743//2439 764//2440 747//2441
f 732//2442 755//2442 754//2442
f 763//2443 760//2444 727//2445
f 719//2446 753//2447 758//2448
f 748//2449 761//2450 730//2451
f 737//2452 767//2453 762//2454
f 721//2455 765//2456 742//2457
f 756//2458 771//2459 746//2460
f 726//2461 778//2462 751//2463
f 731//2464 766//2464 757//2464
f 762//2465 772//2465 750//2465
f 726//2466 754//2466 778//2466
f 758//2467 765//2468 721//2469
f 742//2470 776//2471 745//2472
f 750//2473 772//2474 768//2475
f 745//2476 776//2476 727//2476
f 739//2477 746//2477 770//2478
f 744//2479 769//2480 749//2481
f 750//2482 775//2483 731//2484
f 749//2485 774//2486 755//2487
f 747//2488 777//2489 756//2490
f 735//2491 773//2491 753//2491
f 744//2492 770//2493 769//2494
f 727//2495 776//2495 763//2495
f 757//2496 773//2497 735//2498
f 750//2499 768//2500 775//2501
f 748//2502 751//2503 761//2504
f 765//2505 776//2506 742//2506
f 731//2507 775//2507 766//2507
f 747//2508 764//2509 777//2510
f 760//2511 780//2512 752//2513
f 749//2514 769//2515 774//2516
f 777//2517 771//2518 756//2519
f 754//2520 774//2521 778//2522
f 743//2523 779//2524 764//2525
f 740//2526 752//2527 759//2528
f 753//2529 786//2530 758//2531
f 773//2532 786//2533 753//2534
f 743//2535 759//2536 779//2537
f 763//2538 785//2539 760//2540
f 757//2541 766//2542 773//2543
f 755//2544 774//2545 754//2546
f 761//2547 751//2548 781//2549
f 767//2550 772//2551 762//2551
f 746//2552 771//2553 783//2554
f 776//2555 785//2556 763//2557
f 746//2558 784//2559 770//2560
f 765//2561 782//2561 776//2561
f 768//2562 800//2562 775//2562
f 746//2563 783//2564 784//2565
f 760//2566 785//2567 780//2568
f 769//2569 770//2569 784//2569
f 752//2570 780//2571 759//2572
f 761//2573 781//2574 767//2575
f 771//2576 777//2577 783//2578
f 758//2579 786//2579 765//2579
f 774//2580 769//2580 787//2580
f 779//2581 759//2581 789//2581
f 765//2582 786//2583 782//2584
f 774//2585 798//2586 778//2587
f 779//2588 789//2588 790//2588
f 779//2589 791//2590 764//2590
f 767//2591 781//2591 788//2591
f 776//2592 792//2593 785//2594
f 773//2595 766//2596 793//2597
f 800//2598 766//2599 775//2600
f 782//2601 792//2602 776//2603
f 797//2604 780//2605 785//2606
f 778//2607 794//2608 751//2609
f 774//2610 787//2611 798//2612
f 790//2613 791//2613 779//2613
f 764//2614 795//2614 777//2614
f 751//2615 794//2616 781//2617
f 772//2618 796//2618 768//2618
f 773//2619 793//2620 786//2621
f 791//2622 795//2622 764//2622
f 766//2623 800//2624 799//2625
f 759//2626 797//2627 789//2628
f 801//2629 782//2630 786//2631
f 780//2632 797//2632 759//2632
f 777//2633 795//2634 783//2635
f 767//2636 788//2636 772//2636
f 778//2637 798//2637 794//2637
f 784//2638 787//2639 769//2640
f 766//2641 799//2642 793//2643
f 796//2644 791//2645 790//2646
f 793//2647 801//2648 786//2649
f 796//2650 800//2650 768//2651
f 782//2652 801//2653 792//2654
f 796//2655 790//2656 802//2657
f 792//2658 803//2659 785//2660
f 772//2661 788//2662 796//2663
f 804//2664 791//2664 796//2664
f 787//2665 784//2666 805//2667
f 790//2668 789//2668 802//2668
f 785//2669 803//2670 797//2671
f 793//2672 799//2673 801//2674
f 791//2675 804//2676 795//2677
f 797//2678 806//2679 789//2680
f 781//2681 807//2682 788//2683
f 800//2684 796//2684 802//2685
f 788//2686 804//2686 796//2686
f 784//2687 783//2688 805//2689
f 795//2690 809//2691 783//2692
f 787//2693 808//2694 798//2695
f 794//2696 798//2696 808//2696
f 787//2697 805//2698 808//2699
f 783//2700 809//2701 805//2702
f 794//2703 807//2704 781//2705
f 801//2706 803//2707 792//2708
f 794//2709 808//2709 807//2709
f 807//2710 804//2710 788//2710
f 795//2711 804//2712 809//2713
f 797//2714 803//2715 806//2716
f 789//2717 806//2717 802//2718
f 800//2719 802//2720 799//2721
f 805//2722 809//2722 808//2722
f 799//2723 810//2724 801//2725
f 810//2726 803//2727 801//2728
f 799//2729 802//2729 810//2729
f 808//2730 809//2731 807//2732
f 807//2733 809//2734 804//2735
f 802//2736 806//2737 810//2738
f 810//2739 806//2740 803//2741
usemtl Материал
f 189//2742 232//2742 228//2742
f 189//2743 228//2743 222//2743
f 232//2744 241//2745 228//2746
f 228//2747 241//2748 222//2749
f 229//2750 245//2751 232//2752
f 232//2753 248//2753 241//2753
f 241//2754 260//2755 222//2756
f 238//2757 260//2757 244//2757
f 222//2758 260//2759 238//2760
f 232//2761 245//2762 248//2763
f 245//2764 268//2765 248//2766
f 248//2767 266//2768 241//2769
f 229//2770 273//2771 245//2772
f 260//2773 280//2774 244//2775
f 244//2776 280//2777 267//2778
f 245//2779 283//2780 268//2781
f 241//2782 266//2782 278//2782
f 273//2783 283//2783 245//2783
f 268//2784 291//2785 248//2786
f 241//2787 286//2788 260//2789
f 241//2790 278//2791 286//2792
f 248//2793 291//2794 266//2795
f 266//2796 285//2796 278//2796
f 260//2797 284//2798 280//2799
f 260//2800 286//2800 284//2800
f 266//2801 289//2801 285//2801
f 268//2802 283//2802 291//2802
f 267//2803 280//2804 270//2805
f 291//2806 304//2806 266//2806
f 286//2807 302//2808 284//2809
f 278//2810 285//2811 286//2810
f 286//2812 285//2813 298//2814
f 266//2815 304//2816 289//2817
f 289//2818 301//2819 285//2820
f 285//2821 301//2821 298//2821
f 286//2822 298//2822 302//2822
f 301//2823 303//2824 298//2825
f 289//2826 306//2827 301//2828
f 289//2829 304//2830 300//2831
f 270//2832 280//2833 311//2834
f 283//2835 309//2836 291//2837
f 303//2838 312//2838 298//2838
f 301//2839 310//2840 303//2841
f 289//2842 300//2843 306//2844
f 291//2845 309//2845 304//2845
f 301//2846 306//2847 310//2848
f 298//2849 312//2850 302//2851
f 284//2852 321//2852 280//2852
f 303//2853 310//2854 316//2855
f 316//2856 310//2856 313//2856
f 313//2857 324//2857 315//2858
f 313//2859 310//2860 314//2861
f 316//2862 313//2862 318//2862
f 314//2863 324//2863 313//2863
f 313//2864 315//2865 318//2866
f 321//2867 311//2868 280//2869
f 302//2870 321//2871 284//2872
f 318//2873 331//2873 319//2873
f 304//2874 309//2874 300//2874
f 300//2875 333//2875 306//2875
f 319//2876 322//2877 318//2878
f 331//2879 323//2880 319//2881
f 306//2882 333//2882 310//2882
f 323//2883 327//2884 319//2885
f 309//2886 325//2887 300//2888
f 300//2889 325//2890 333//2891
f 318//2892 322//2893 316//2893
f 315//2894 336//2895 318//2896
f 283//2897 334//2898 320//2899
f 302//2900 312//2901 341//2902
f 314//2903 310//2904 333//2905
f 316//2906 335//2906 303//2906
f 283//2907 320//2907 309//2907
f 302//2908 341//2909 321//2910
f 316//2911 322//2912 337//2913
f 319//2914 338//2914 322//2914
f 303//2915 326//2915 312//2915
f 336//2916 331//2917 318//2918
f 315//2919 324//2919 336//2919
f 337//2920 335//2921 316//2922
f 327//2923 323//2924 356//2925
f 327//2926 338//2927 319//2928
f 325//2929 309//2929 367//2929
f 354//2930 375//2931 353//2931
f 354//2932 370//2932 375//2932
f 356//2933 323//2934 342//2934
f 322//2935 338//2935 339//2935
f 355//2936 358//2936 327//2936
f 355//2937 327//2938 357//2939
f 348//2940 359//2940 360//2940
f 360//2941 349//2941 348//2941
f 333//2942 351//2942 314//2942
f 368//2943 363//2943 353//2943
f 312//2944 326//2945 341//2946
f 355//2947 357//2948 372//2949
f 283//2950 273//2951 334//2952
f 359//2953 348//2953 364//2953
f 364//2954 348//2955 365//2956
f 320//2957 367//2957 309//2957
f 349//2958 361//2958 350//2958
f 368//2959 369//2960 361//2961
f 371//2962 355//2963 354//2964
f 365//2965 348//2966 366//2967
f 348//2968 350//2969 366//2970
f 349//2971 350//2971 348//2971
f 389//2972 361//2972 349//2972
f 361//2973 362//2974 350//2975
f 375//2976 368//2976 353//2976
f 355//2977 372//2977 370//2977
f 322//2978 339//2979 337//2980
f 327//2981 358//2982 338//2983
f 325//2984 351//2984 333//2984
f 361//2985 369//2986 362//2987
f 314//2988 351//2989 352//2989
f 374//2990 368//2990 361//2990
f 368//2991 376//2992 369//2993
f 368//2994 375//2995 376//2996
f 405//2997 324//2998 314//2999
f 327//3000 356//3001 357//3002
f 325//3003 367//3003 351//3003
f 355//3004 370//3005 354//3006
f 355//3007 371//3007 358//3007
f 364//3008 386//3009 359//3010
f 350//3011 362//3011 390//3011
f 391//3012 382//3013 395//3012
f 361//3014 389//3015 383//3016
f 392//3017 382//3018 391//3017
f 362//3019 393//3019 390//3019
f 353//3020 394//3021 354//3022
f 371//3023 354//3023 406//3023
f 364//3024 388//3024 387//3024
f 365//3025 388//3025 364//3025
f 365//3026 395//3027 388//3028
f 388//3029 395//3029 382//3029
f 382//3030 401//3031 388//3032
f 382//3033 392//3033 396//3033
f 363//3034 394//3035 353//3036
f 357//3037 356//3038 397//3039
f 383//3040 374//3040 361//3040
f 368//3041 409//3041 363//3041
f 335//3042 326//3043 303//3044
f 339//3045 338//3046 398//3047
f 358//3048 400//3048 338//3048
f 364//3049 387//3049 386//3049
f 382//3050 396//3050 401//3050
f 362//3051 369//3051 393//3051
f 401//3052 387//3052 388//3052
f 390//3053 404//3054 350//3055
f 352//3056 405//3056 314//3056
f 350//3057 404//3057 366//3057
f 394//3058 427//3059 354//3060
f 336//3061 418//3062 331//3062
f 370//3063 372//3064 407//3065
f 354//3066 427//3066 406//3066
f 331//3067 410//3068 323//3067
f 371//3069 408//3070 358//3069
f 400//3071 399//3071 338//3071
f 334//3072 412//3073 320//3074
f 360//3075 413//3076 349//3077
f 320//3078 412//3078 367//3078
f 414//3079 367//3079 412//3079
f 374//3080 409//3080 368//3080
f 338//3081 399//3081 398//3081
f 358//3082 408//3083 400//3084
f 270//3085 311//3086 416//3087
f 387//3088 426//3088 386//3088
f 413//3089 389//3090 349//3091
f 331//3092 418//3093 410//3094
f 367//3095 417//3095 351//3095
f 351//3096 417//3096 453//3096
f 324//3097 451//3098 336//3099
f 395//3100 365//3100 423//3100
f 351//3101 453//3102 352//3103
f 326//3104 335//3105 444//3106
f 356//3107 342//3108 448//3109
f 395//3110 423//3111 391//3112
f 367//3113 414//3114 417//3115
f 324//3116 405//3116 451//3117
f 385//3118 381//3119 273//3120
f 366//3121 497//3121 365//3121
f 392//3122 432//3122 429//3122
f 370//3123 450//3124 375//3125
f 376//3126 435//3127 369//3126
f 394//3128 436//3129 437//3130
f 371//3131 431//3131 408//3132
f 390//3133 420//3134 404//3135
f 391//3136 432//3137 392//3138
f 396//3139 480//3139 401//3139
f 393//3140 435//3141 424//3140
f 369//3142 435//3143 393//3142
f 394//3144 363//3144 436//3144
f 363//3145 438//3146 436//3147
f 323//3148 452//3149 342//3150
f 357//3151 470//3152 372//3153
f 399//3154 440//3155 398//3156
f 408//3157 439//3157 400//3157
f 400//3158 440//3158 399//3158
f 334//3159 441//3159 412//3159
f 359//3160 386//3160 442//3160
f 359//3161 413//3162 360//3163
f 404//3164 420//3164 422//3164
f 401//3165 480//3166 468//3167
f 374//3168 383//3168 430//3168
f 394//3169 437//3170 427//3171
f 372//3172 445//3173 407//3174
f 397//3175 356//3175 449//3175
f 408//3176 431//3176 439//3176
f 428//3177 413//3177 359//3177
f 426//3178 442//3178 386//3178
f 365//3179 478//3179 423//3179
f 393//3180 443//3181 390//3182
f 392//3183 429//3184 396//3185
f 375//3186 434//3187 376//3188
f 430//3189 409//3190 374//3191
f 407//3192 450//3193 370//3193
f 407//3194 445//3195 447//3196
f 371//3197 406//3197 431//3197
f 404//3198 422//3199 366//3198
f 453//3200 454//3201 352//3202
f 337//3203 419//3204 335//3205
f 357//3206 449//3207 470//3208
f 359//3209 442//3210 428//3211
f 401//3212 468//3212 387//3212
f 389//3213 433//3214 383//3215
f 424//3216 443//3217 393//3217
f 339//3218 419//3218 337//3218
f 397//3219 449//3220 357//3221
f 468//3222 426//3222 387//3222
f 389//3223 421//3224 433//3225
f 375//3226 450//3227 434//3228
f 434//3229 435//3230 376//3231
f 352//3232 454//3233 405//3234
f 447//3235 450//3236 407//3237
f 342//3238 452//3238 448//3238
f 423//3239 432//3239 391//3239
f 429//3240 480//3240 396//3240
f 323//3241 410//3242 452//3243
f 389//3244 413//3244 421//3244
f 366//3245 422//3246 497//3247
f 390//3248 443//3248 420//3248
f 433//3249 430//3250 383//3251
f 363//3252 455//3253 438//3254
f 335//3255 461//3256 444//3257
f 427//3258 456//3258 406//3258
f 356//3259 448//3260 449//3261
f 440//3262 458//3263 398//3264
f 439//3265 440//3266 400//3267
f 365//3268 497//3268 478//3268
f 409//3269 455//3269 363//3269
f 398//3270 457//3270 339//3270
f 334//3271 273//3272 441//3273
f 444//3274 461//3274 326//3274
f 437//3275 456//3275 427//3275
f 451//3276 418//3277 336//3278
f 398//3279 458//3280 457//3281
f 417//3282 463//3282 453//3282
f 430//3283 455//3284 409//3285
f 339//3286 457//3286 419//3286
f 311//3287 321//3288 466//3289
f 414//3290 463//3290 417//3290
f 412//3291 467//3292 414//3291
f 414//3293 473//3293 463//3293
f 335//3294 475//3294 461//3294
f 406//3295 476//3296 431//3297
f 474//3298 437//3298 436//3298
f 335//3299 419//3299 475//3299
f 439//3300 483//3300 440//3300
f 412//3301 441//3302 467//3303
f 414//3304 467//3304 473//3304
f 405//3305 469//3305 451//3305
f 436//3306 438//3306 474//3306
f 479//3307 437//3307 474//3307
f 273//3308 489//3308 441//3308
f 428//3309 493//3309 413//3309
f 458//3310 482//3311 457//3312
f 494//3313 439//3313 431//3313
f 440//3314 482//3314 458//3314
f 470//3315 449//3315 499//3315
f 311//3316 492//3317 416//3318
f 405//3319 454//3320 469//3321
f 438//3322 498//3323 474//3324
f 461//3325 509//3326 326//3327
f 437//3328 479//3328 456//3328
f 440//3329 483//3329 482//3329
f 311//3330 466//3331 492//3332
f 413//3333 493//3333 421//3333
f 423//3334 507//3335 432//3336
f 341//3337 481//3338 321//3339
f 449//3340 448//3340 499//3340
f 494//3341 483//3341 439//3341
f 381//3342 488//3342 273//3342
f 455//3343 504//3344 438//3345
f 456//3346 476//3347 406//3348
f 476//3349 494//3349 431//3349
f 426//3350 468//3351 505//3352
f 478//3353 507//3353 423//3353
f 470//3354 499//3355 445//3356
f 426//3357 505//3357 442//3357
f 453//3358 526//3358 503//3358
f 438//3359 504//3360 498//3361
f 456//3362 479//3362 476//3362
f 505//3363 507//3363 478//3363
f 468//3364 507//3365 505//3366
f 507//3367 468//3367 480//3367
f 430//3368 504//3369 455//3370
f 457//3371 520//3371 419//3371
f 428//3372 513//3372 493//3372
f 428//3373 442//3374 513//3375
f 442//3376 505//3376 513//3376
f 513//3377 478//3377 497//3377
f 507//3378 429//3379 432//3380
f 507//3381 480//3381 429//3381
f 481//3382 506//3383 321//3384
f 509//3385 481//3385 341//3386
f 326//3387 509//3388 341//3389
f 445//3390 514//3391 447//3392
f 479//3393 514//3394 476//3395
f 478//3396 513//3397 505//3398
f 473//3399 515//3399 463//3399
f 424//3400 504//3401 516//3402
f 523//3403 452//3404 410//3405
f 445//3406 499//3406 494//3406
f 321//3407 506//3407 521//3407
f 443//3408 516//3409 420//3410
f 463//3411 526//3411 453//3411
f 433//3412 504//3412 430//3413
f 424//3414 435//3414 504//3414
f 450//3415 447//3415 479//3415
f 514//3416 479//3417 447//3418
f 494//3419 517//3420 483//3421
f 422//3422 513//3423 497//3424
f 422//3425 420//3426 522//3427
f 522//3428 433//3428 421//3428
f 443//3429 424//3430 516//3431
f 453//3432 503//3433 454//3434
f 519//3435 498//3435 434//3436
f 434//3437 498//3438 435//3439
f 445//3440 494//3441 514//3442
f 321//3443 521//3443 466//3443
f 422//3444 522//3445 513//3446
f 421//3447 493//3448 522//3449
f 420//3450 516//3451 522//3452
f 515//3453 526//3453 463//3453
f 433//3454 522//3455 504//3456
f 504//3457 522//3458 516//3458
f 450//3459 519//3459 434//3459
f 435//3460 498//3461 504//3462
f 479//3463 474//3463 519//3463
f 410//3464 539//3464 523//3464
f 494//3465 476//3465 514//3465
f 448//3466 517//3467 499//3468
f 499//3469 517//3470 494//3471
f 517//3472 482//3473 483//3474
f 474//3475 498//3476 519//3477
f 450//3478 479//3478 519//3478
f 493//3479 513//3479 522//3480
f 473//3481 525//3481 515//3482
f 418//3483 539//3484 410//3485
f 452//3486 523//3486 448//3487
f 448//3488 523//3488 517//3488
f 457//3489 482//3490 520//3491
f 503//3492 469//3493 454//3494
f 419//3495 520//3495 475//3495
f 517//3496 523//3497 482//3498
f 503//3499 533//3499 527//3499
f 451//3500 528//3501 418//3502
f 528//3503 539//3504 418//3505
f 467//3506 525//3506 473//3506
f 526//3507 533//3508 503//3509
f 527//3510 469//3510 503//3510
f 461//3511 546//3511 509//3511
f 482//3512 523//3512 520//3512
f 441//3513 489//3513 467//3513
f 515//3514 538//3514 526//3514
f 461//3515 529//3516 546//3517
f 469//3518 528//3519 451//3520
f 466//3521 532//3522 492//3523
f 536//3524 538//3525 515//3526
f 538//3527 533//3528 526//3529
f 529//3530 461//3530 537//3530
f 475//3531 520//3532 539//3533
f 273//3534 488//3534 489//3534
f 475//3535 537//3535 461//3535
f 520//3536 523//3537 539//3538
f 469//3539 527//3539 547//3539
f 469//3540 547//3540 528//3540
f 538//3541 549//3542 533//3543
f 527//3544 529//3545 547//3546
f 539//3547 528//3547 547//3547
f 475//3548 539//3549 537//3550
f 489//3551 525//3552 467//3551
f 529//3553 537//3554 547//3555
f 547//3556 537//3556 539//3556
f 546//3557 529//3557 527//3557
f 515//3558 525//3558 536//3558
f 525//3559 560//3560 536//3561
f 509//3562 546//3563 481//3564
f 381//3565 555//3566 488//3567
f 538//3568 557//3569 549//3570
f 527//3571 533//3572 546//3573
f 466//3574 521//3575 532//3576
f 489//3577 560//3578 525//3579
f 536//3580 557//3580 538//3580
f 481//3581 556//3581 506//3581
f 489//3582 559//3583 560//3584
f 536//3585 565//3585 557//3585
f 506//3586 556//3587 521//3588
f 549//3589 546//3589 533//3589
f 564//3590 546//3590 549//3591
f 564//3592 556//3592 546//3592
f 560//3593 565//3594 536//3595
f 546//3596 556//3596 481//3596
f 564//3597 549//3597 575//3597
f 549//3598 557//3599 575//3600
f 559//3601 565//3601 560//3601
f 488//3602 581//3603 489//3604
f 521//3605 556//3606 579//3607
f 564//3608 583//3608 556//3609
f 565//3610 575//3610 557//3610
f 489//3611 581//3612 559//3613
f 564//3614 565//3614 583//3614
f 488//3615 555//3616 581//3617
f 583//3618 579//3619 556//3620
f 521//3621 599//3622 532//3623
f 559//3624 581//3624 565//3624
f 521//3625 579//3626 599//3627
f 579//3628 616//3629 599//3629
f 581//3630 606//3631 565//3632
f 581//3633 555//3634 606//3635
f 565//3636 606//3637 609//3638
f 579//3639 583//3640 616//3641
f 565//3642 609//3642 583//3642
f 583//3643 613//3644 616//3645
f 583//3646 609//3647 613//3648
f 629//3649 616//3649 613//3649
f 613//3650 609//3650 629//3650
f 470//3651 445//3652 372//3653
