# Blender v2.91.2 OBJ File: 'Cabbage_lowpoly.blend'
# www.blender.org
mtllib Cabbage_lowpoly.mtl
o Mesh1.0
v 0.017710 0.044808 -0.518510
v -0.050833 0.055789 -0.510637
v -0.005709 0.078180 -0.504285
v 0.021217 0.193091 -0.522095
v 0.077535 0.246678 -0.509421
v 0.024866 0.050008 -0.503537
v -0.113881 -0.000338 -0.493864
v -0.001869 0.130007 -0.501778
v -0.000587 -0.027038 -0.493339
v 0.188852 0.220512 -0.506990
v 0.003317 0.178010 -0.503502
v 0.188196 0.292080 -0.488335
v -0.066747 0.160415 -0.503344
v -0.128276 0.211432 -0.493981
v -0.007133 0.251812 -0.501559
v -0.060603 0.044609 -0.479669
v 0.170521 0.126416 -0.496109
v -0.038845 0.371323 -0.469581
v 0.086958 0.264419 -0.486271
v -0.207956 0.038943 -0.452015
v 0.312922 0.172079 -0.449829
v 0.188771 -0.036656 -0.413069
v 0.001718 0.022702 -0.474405
v 0.209615 0.070599 -0.458718
v 0.046816 0.015191 -0.462566
v 0.305390 0.250183 -0.456834
v 0.277975 0.331653 -0.450928
v -0.049429 0.010072 -0.461156
v 0.078969 0.336476 -0.475093
v 0.039877 0.009697 -0.460332
v 0.098397 -0.019862 -0.431466
v -0.189625 0.284781 -0.452555
v -0.266348 0.189881 -0.412365
v 0.101278 -0.121511 -0.390732
v 0.052317 -0.056084 -0.418868
v 0.043867 0.007016 -0.457892
v 0.315710 0.116754 -0.433719
v 0.155322 -0.072817 -0.422901
v 0.026969 -0.136400 -0.360282
v 0.150715 -0.034378 -0.388331
v -0.211374 0.026375 -0.401550
v -0.002998 -0.035285 -0.423817
v -0.113153 0.040207 -0.463837
v 0.213619 0.495645 -0.362155
v -0.237879 0.035462 -0.407368
v 0.107086 -0.021676 -0.407025
v -0.221720 0.386833 -0.389222
v 0.110361 0.423143 -0.434241
v 0.018861 0.515141 -0.400263
v 0.347189 0.317326 -0.407884
v 0.205217 -0.041765 -0.388394
v -0.187618 0.014779 -0.381271
v -0.297071 0.112599 -0.425060
v -0.303218 0.192149 -0.413423
v 0.391617 0.262174 -0.399061
v -0.058173 -0.117146 -0.365173
v -0.220710 -0.018532 -0.416463
v -0.325260 0.241643 -0.412119
v -0.171046 0.467975 -0.395465
v -0.436237 0.159383 -0.340173
v -0.286896 0.120673 -0.410765
v -0.236121 0.104627 -0.408824
v -0.316010 0.239122 -0.394934
v -0.286372 0.051856 -0.398174
v 0.102952 0.540132 -0.359633
v -0.258438 0.021576 -0.400733
v 0.108712 -0.069420 -0.374784
v 0.033801 -0.100946 -0.338243
v -0.252210 -0.018177 -0.379261
v -0.247644 0.035097 -0.387007
v -0.259758 -0.001177 -0.365399
v -0.133640 0.532114 -0.375780
v 0.300845 0.458352 -0.337292
v -0.114770 -0.102329 -0.351800
v 0.174182 -0.087272 -0.375656
v 0.008994 -0.090115 -0.345181
v -0.354262 0.275768 -0.367761
v -0.208070 -0.008032 -0.362716
v -0.026759 0.582861 -0.352298
v -0.203266 0.013386 -0.389089
v 0.320925 0.048498 -0.368902
v -0.305627 0.013083 -0.383523
v -0.199339 -0.007878 -0.350650
v -0.327436 -0.016403 -0.380274
v -0.225377 0.011537 -0.375780
v -0.199759 0.011891 -0.368497
v -0.247788 0.007229 -0.368620
v -0.234692 0.386574 -0.355058
v 0.072802 -0.072727 -0.328659
v -0.275663 -0.034198 -0.363853
v -0.239790 0.005336 -0.354063
v 0.425681 0.222689 -0.341843
v -0.388128 0.029514 -0.352076
v -0.105521 -0.076437 -0.322695
v -0.378070 -0.023465 -0.348251
v -0.168529 0.521510 -0.352410
v -0.419601 0.218566 -0.316037
v 0.022250 0.469749 -0.374413
v 0.342230 0.391868 -0.338622
v 0.076582 0.560097 -0.337187
v 0.204663 -0.053913 -0.309836
v -0.218207 -0.082289 -0.334879
v 0.395543 0.368880 -0.322260
v 0.279440 -0.002787 -0.355497
v -0.121817 0.566990 -0.310603
v 0.327212 -0.023155 -0.348609
v -0.266322 -0.032425 -0.337572
v 0.427939 0.140264 -0.337078
v -0.236776 -0.055759 -0.335558
v -0.054930 0.490015 -0.345245
v 0.257458 -0.008896 -0.360783
v -0.225187 -0.015402 -0.340692
v 0.112625 0.516397 -0.346705
v 0.381530 0.033269 -0.335368
v 0.179959 0.527141 -0.339958
v -0.255469 -0.105703 -0.320115
v 0.091535 -0.092508 -0.300569
v -0.369924 0.010194 -0.305352
v -0.176433 0.494377 -0.302790
v 0.013248 0.559875 -0.339920
v 0.141411 -0.131102 -0.321797
v 0.221801 -0.093138 -0.302159
v 0.224472 0.408153 -0.340961
v 0.201487 0.475847 -0.340505
v -0.325073 0.435714 -0.321150
v 0.170080 0.456164 -0.330001
v -0.065094 0.566534 -0.321182
v -0.398137 0.074203 -0.320407
v 0.319620 0.373511 -0.333446
v -0.410725 0.208718 -0.301734
v -0.023685 0.540684 -0.286384
v 0.374719 -0.016634 -0.327323
v 0.259085 0.458681 -0.331610
v -0.103085 -0.075654 -0.312353
v -0.304649 0.415182 -0.309868
v 0.005541 0.560324 -0.236449
v 0.422167 0.298662 -0.283934
v 0.261426 0.450025 -0.306052
v -0.137693 -0.085222 -0.284373
v -0.156566 -0.125434 -0.294207
v 0.166348 -0.126073 -0.257734
v 0.187088 -0.094776 -0.270172
v -0.422680 0.327106 -0.268150
v -0.463851 -0.020638 -0.252315
v 0.422475 0.031914 -0.291624
v 0.315119 0.364730 -0.311730
v 0.222248 -0.080265 -0.295314
v -0.495836 0.132548 -0.246924
v 0.392341 0.359210 -0.298740
v 0.203483 0.564315 -0.195670
v 0.368402 0.024494 -0.297986
v -0.474929 0.182917 -0.269995
v -0.142763 0.508217 -0.285959
v -0.102963 -0.077529 -0.311020
v -0.102958 -0.077480 -0.310790
v -0.355050 0.456483 -0.268903
v 0.278377 0.406518 -0.294332
v -0.306464 0.477251 -0.282211
v -0.489618 0.025352 -0.200708
v -0.311722 0.416289 -0.278770
v 0.456703 0.258886 -0.249055
v 0.400779 0.027633 -0.252668
v 0.300414 -0.130171 -0.198012
v 0.412763 -0.022262 -0.278956
v 0.024394 -0.097421 -0.244435
v 0.255021 -0.100543 -0.195450
v 0.357843 0.345471 -0.289940
v 0.255935 -0.160601 -0.202670
v 0.040560 -0.179433 -0.277656
v -0.202250 -0.158736 -0.232785
v 0.247587 0.493193 -0.236041
v 0.375341 -0.006454 -0.257133
v 0.055562 -0.110488 -0.213371
v -0.263058 -0.129323 -0.207628
v -0.452966 0.201991 -0.270010
v -0.037705 -0.129272 -0.094881
v -0.202039 0.497882 -0.256885
v -0.498388 0.221849 -0.221302
v -0.052218 -0.161062 -0.180601
v 0.439652 0.025185 -0.209582
v -0.117680 -0.166209 -0.240727
v 0.110393 -0.186750 -0.179056
v -0.424936 0.168833 -0.266276
v 0.400124 0.256673 -0.261303
v -0.319685 0.499532 -0.204644
v 0.306915 0.482994 -0.234407
v -0.464398 0.025159 -0.219987
v -0.304819 0.476001 -0.191890
v 0.390538 -0.111014 -0.165511
v -0.445153 0.182420 -0.240343
v 0.455263 0.201704 -0.231619
v 0.051931 -0.174702 -0.173223
v -0.466075 0.169133 -0.227008
v 0.439124 0.293069 -0.186620
v -0.523081 0.151342 -0.200303
v -0.445849 0.347389 -0.188720
v 0.269627 -0.100729 -0.193834
v 0.294733 -0.077361 -0.175893
v -0.022270 -0.190448 -0.168557
v 0.366009 -0.062883 -0.174951
v 0.410139 0.167972 -0.224615
v 0.317031 -0.175340 -0.137748
v 0.449791 0.240139 -0.152065
v 0.381744 0.433492 -0.196629
v -0.255330 0.530076 -0.194166
v 0.032695 -0.208615 -0.129617
v 0.315801 -0.103828 -0.151612
v -0.482049 0.180286 -0.186188
v 0.392927 0.000031 -0.180132
v 0.413311 0.043697 -0.176600
v -0.399966 0.427422 -0.125009
v 0.433238 -0.033234 -0.169903
v 0.149197 -0.117294 -0.158858
v 0.295307 0.523110 -0.185622
v -0.352093 -0.146924 -0.166774
v 0.411351 0.055237 -0.169310
v 0.041554 -0.116552 -0.124439
v 0.226945 0.501525 -0.185991
v -0.188837 0.550336 -0.183193
v -0.477947 -0.036162 -0.196023
v 0.458837 0.155757 -0.190458
v -0.458524 0.007208 -0.159156
v -0.001082 -0.161888 -0.071859
v -0.401095 -0.046732 -0.188790
v 0.418957 0.007634 -0.168105
v -0.356581 -0.098788 -0.139343
v -0.375441 -0.068318 -0.152416
v -0.544027 0.149902 -0.119162
v 0.216089 0.527523 -0.148125
v -0.449316 0.110336 -0.184892
v -0.484238 0.281711 -0.161798
v 0.433694 0.385730 -0.106335
v 0.156809 -0.140946 -0.166603
v -0.464740 0.020260 -0.142728
v -0.293900 -0.107655 -0.164618
v -0.112926 -0.194951 -0.083919
v 0.415044 0.048795 -0.173392
v 0.421933 -0.040900 -0.133928
v 0.408978 0.040213 -0.174147
v 0.418356 0.054893 -0.173427
v -0.521636 0.232391 -0.085905
v 0.416450 0.052793 -0.173384
v 0.419831 0.056631 -0.173248
v -0.500325 0.232318 -0.141656
v 0.186331 0.534324 -0.152665
v 0.419192 0.057042 -0.173026
v 0.215368 0.548918 -0.179427
v -0.458641 -0.042636 -0.106533
v 0.416973 0.044657 -0.173705
v 0.416997 0.051813 -0.173253
v 0.418676 0.055873 -0.172807
v 0.242493 0.537580 -0.187379
v 0.411864 0.043661 -0.172872
v 0.417913 0.054112 -0.173077
v -0.459218 -0.001573 -0.121508
v 0.403303 0.049359 -0.173485
v 0.419555 0.061514 -0.173433
v 0.419708 0.061940 -0.173417
v 0.419851 0.061517 -0.173309
v -0.346463 0.457970 -0.146611
v 0.416048 0.059139 -0.171334
v -0.285292 0.497524 -0.136395
v 0.366213 0.001824 -0.160761
v 0.380461 -0.001185 -0.166455
v 0.501277 0.140968 -0.130436
v 0.208226 0.573382 -0.136587
v 0.302935 -0.075228 -0.133768
v -0.326339 0.441212 -0.164035
v -0.052698 0.610038 -0.116569
v -0.502902 0.118690 -0.135128
v 0.456193 0.153249 -0.155743
v 0.497010 0.206420 -0.144020
v -0.462027 0.279361 -0.145823
v 0.092633 -0.211838 -0.073928
v -0.442616 -0.007742 -0.147368
v -0.052485 0.595640 -0.083037
v 0.481827 0.200386 -0.128059
v 0.345713 0.480925 -0.113055
v 0.359592 -0.072690 -0.126977
v 0.154519 0.591357 -0.143216
v 0.039769 -0.241867 -0.099539
v -0.414230 -0.053330 -0.126753
v -0.511227 0.318734 -0.131914
v -0.313447 -0.103468 -0.133403
v 0.311503 -0.099423 -0.099282
v -0.412094 -0.107901 -0.126679
v -0.499807 0.257749 -0.114605
v 0.328600 -0.078707 -0.086306
v -0.271124 -0.130954 -0.128479
v 0.468172 -0.035629 -0.085835
v 0.208499 -0.111559 -0.078963
v 0.117753 -0.152023 -0.094828
v 0.190861 0.550944 -0.112232
v 0.174576 -0.108068 -0.112172
v 0.453407 -0.001559 -0.120175
v 0.488795 0.256784 -0.126574
v 0.385591 -0.093968 -0.063352
v -0.515432 0.317267 -0.107820
v -0.405909 0.446247 -0.120467
v -0.471253 0.271724 -0.096718
v -0.026651 -0.216773 -0.118858
v 0.439114 -0.001520 -0.096041
v -0.211792 0.557267 -0.085288
v -0.041528 0.614822 -0.053135
v 0.096779 -0.173039 -0.062801
v -0.139435 -0.139171 -0.090489
v -0.282719 -0.121754 -0.093317
v 0.463112 0.024189 -0.078355
v 0.044631 -0.117684 -0.109515
v -0.526607 0.101878 -0.084384
v -0.496339 0.159757 -0.096758
v 0.183488 0.519107 -0.106229
v -0.296702 -0.123093 -0.093276
v 0.046512 -0.117907 -0.112803
v 0.435717 0.376334 -0.082195
v -0.331141 0.499702 -0.088880
v -0.078568 -0.216468 -0.102594
v -0.146060 -0.210307 -0.076480
v 0.315350 -0.181272 -0.096199
v 0.043740 -0.121840 -0.108335
v -0.257111 0.598475 -0.025623
v 0.046624 -0.117139 -0.110677
v 0.179506 0.599154 -0.040624
v 0.056445 -0.143496 -0.034856
v 0.047367 -0.117353 -0.110627
v -0.548985 0.200567 -0.054035
v 0.048960 -0.116925 -0.101211
v 0.052717 -0.119675 -0.093761
v -0.283245 -0.193295 -0.126163
v 0.463830 0.284018 -0.108357
v -0.450295 0.372156 -0.100175
v -0.130603 0.599492 -0.108311
v -0.275207 -0.130141 -0.094310
v -0.490349 0.270130 -0.092059
v 0.420814 0.426480 -0.101287
v -0.051504 -0.247710 -0.087069
v 0.486950 0.257058 -0.073430
v 0.445077 0.368298 -0.067108
v 0.121708 0.596339 -0.007367
v 0.506291 0.268747 -0.088682
v 0.273376 -0.084272 -0.100210
v 0.128326 -0.225309 -0.050575
v 0.027401 -0.127580 -0.090146
v 0.025137 -0.326550 -0.085938
v -0.281828 -0.125458 -0.091564
v -0.281594 -0.125419 -0.091559
v 0.048648 -0.128163 -0.069793
v 0.374688 0.482063 -0.052682
v 0.064351 -0.123950 -0.042129
v -0.055973 -0.333056 -0.076765
v -0.103895 -0.235807 -0.000813
v -0.413141 -0.081659 -0.011544
v -0.478545 0.111472 -0.081779
v -0.086477 -0.239960 -0.049877
v 0.487134 0.172738 0.006463
v 0.048633 -0.129637 -0.070954
v 0.492714 0.302334 -0.066542
v -0.437950 0.401924 -0.026237
v 0.311417 0.518500 -0.029748
v 0.252227 -0.181235 -0.036996
v -0.488577 0.170667 -0.041534
v -0.440745 -0.008086 -0.024314
v 0.456392 -0.008469 0.023651
v 0.047767 -0.129117 -0.069749
v 0.047769 -0.129027 -0.069544
v 0.012583 -0.341318 -0.057729
v 0.520248 0.357076 0.033688
v 0.508804 0.316017 -0.035462
v -0.497993 0.068188 -0.012841
v 0.083302 -0.255747 -0.031902
v -0.532935 0.210696 -0.039090
v -0.106661 0.597454 0.001656
v 0.067626 -0.144280 -0.018153
v 0.121854 0.565073 -0.039785
v 0.502270 0.021782 -0.005377
v -0.482293 0.320895 0.011100
v 0.112097 -0.128095 -0.021209
v 0.083498 -0.335700 -0.010863
v -0.027675 -0.331616 0.018768
v -0.084462 -0.341888 -0.018912
v 0.103986 -0.232528 -0.001255
v 0.432260 -0.037812 -0.014156
v -0.103008 -0.331012 -0.009431
v -0.505812 0.194716 -0.036137
v -0.192896 0.610362 -0.004964
v 0.490996 0.301254 -0.022371
v 0.084949 -0.267248 0.002995
v -0.233694 -0.187689 -0.020622
v 0.316476 -0.161281 0.035089
v -0.512495 0.259745 -0.013461
v -0.170131 0.577218 0.012978
v 0.272208 -0.194422 0.007874
v 0.496178 0.346239 -0.010563
v -0.490567 0.227863 -0.006034
v 0.043438 -0.353558 -0.003418
v 0.545661 0.187620 -0.011542
v 0.478909 -0.062804 0.023555
v -0.091984 -0.276987 0.003309
v -0.286646 -0.198198 -0.008280
v -0.378209 -0.150811 -0.005994
v -0.515229 0.148036 -0.002397
v 0.081148 -0.135629 0.026196
v 0.542229 0.160254 0.063447
v -0.491210 0.236574 0.025360
v -0.442252 -0.027779 -0.008098
v -0.352990 0.531458 0.098991
v 0.386391 -0.070390 0.014102
v 0.503107 0.229129 0.053627
v -0.511723 0.255313 0.027756
v 0.060431 -0.164502 0.027091
v 0.460216 0.003313 0.073335
v 0.465568 0.295197 0.036809
v -0.459627 -0.075776 0.033456
v -0.171653 -0.220199 0.051315
v -0.454725 -0.012177 0.042635
v 0.170655 -0.201701 0.031208
v -0.090262 -0.143080 0.029984
v 0.037319 -0.336267 0.069982
v -0.094641 -0.233140 0.033373
v 0.515421 0.078232 0.006951
v -0.297412 -0.132155 0.017549
v -0.377164 -0.090610 0.012866
v -0.327613 -0.132976 0.020741
v 0.192293 0.571929 0.091373
v 0.097892 -0.234130 0.033297
v 0.493300 0.350822 0.039450
v -0.485344 -0.003451 0.055820
v -0.511573 0.215835 0.041151
v -0.189691 -0.142340 0.031668
v 0.040494 -0.268089 0.068126
v -0.401488 -0.086312 0.047698
v 0.483669 -0.000735 0.074014
v 0.306819 -0.114572 0.027734
v 0.146135 -0.129331 0.024014
v 0.199635 -0.151481 0.034721
v -0.194425 -0.135521 0.031301
v -0.114977 -0.151775 0.029979
v -0.235402 -0.140597 0.028303
v 0.352762 -0.165057 0.078496
v -0.169382 -0.141414 0.026721
v 0.408610 0.340629 0.108341
v -0.236650 -0.144395 0.035857
v -0.034897 -0.346942 0.053200
v -0.157479 -0.139968 0.096251
v 0.059192 -0.129704 0.074673
v -0.042232 -0.269782 0.075410
v 0.045503 -0.152429 0.055909
v -0.467740 -0.086854 0.078898
v 0.350563 -0.107753 0.076877
v -0.169083 0.609358 0.109757
v 0.486392 0.386842 0.062280
v 0.075721 -0.222206 0.066867
v 0.282601 -0.136354 0.091881
v -0.422408 -0.135967 0.106956
v -0.467487 0.075442 0.060944
v -0.083624 -0.133791 0.062591
v 0.442113 -0.094456 0.090836
v -0.154671 -0.130669 0.076203
v -0.077849 -0.227897 0.080557
v 0.061466 -0.146151 0.098333
v -0.409644 0.461493 0.094893
v -0.478768 0.093579 0.106458
v 0.185186 0.598587 0.051453
v 0.540943 0.248149 0.086508
v 0.459092 0.121608 0.111326
v -0.281834 -0.163929 0.111030
v -0.492071 0.190952 0.048481
v -0.050012 -0.327420 0.075892
v -0.487734 0.030771 0.107129
v -0.535908 0.173030 0.099801
v -0.504249 0.254361 0.099784
v 0.268073 -0.198231 0.115688
v 0.366803 -0.094909 0.090490
v 0.226880 0.579281 0.078409
v -0.049674 -0.243756 0.080714
v -0.032539 -0.134244 0.107859
v -0.519839 0.255535 0.099393
v -0.030966 0.607927 0.074590
v -0.467314 -0.019069 0.114270
v 0.216012 0.570916 0.082552
v 0.111422 0.644624 0.094525
v 0.074201 0.625740 0.102728
v 0.192190 -0.119882 0.073767
v 0.477986 0.310996 0.127988
v 0.339354 0.524781 0.067411
v 0.111106 -0.198373 0.093108
v 0.435290 0.221657 0.120076
v -0.147251 0.581544 0.117643
v 0.014291 -0.232387 0.099957
v 0.024723 -0.172800 0.118019
v 0.015680 -0.146256 0.091802
v 0.360751 0.437885 0.106687
v -0.189821 -0.239452 0.074189
v 0.279336 -0.182978 0.148450
v -0.083520 -0.140638 0.089173
v 0.211704 0.576309 0.159996
v 0.453201 0.159920 0.165571
v 0.471788 0.389760 0.111236
v -0.051449 -0.147904 0.087441
v 0.009460 -0.198352 0.094478
v -0.094324 -0.238485 0.147183
v 0.011075 -0.180549 0.088940
v -0.268056 -0.197092 0.108875
v -0.049132 -0.132721 0.098927
v -0.350949 -0.113912 0.060604
v -0.437823 -0.097871 0.133681
v 0.195361 -0.169907 0.135053
v 0.024420 -0.149923 0.138835
v 0.011141 -0.125956 0.108958
v 0.311561 0.483760 0.129572
v 0.313198 0.501477 0.191883
v -0.493247 0.153736 0.146493
v -0.009514 -0.136218 0.105664
v -0.141486 -0.236238 0.130614
v -0.447397 0.267864 0.198517
v 0.126232 -0.219483 0.194434
v -0.512772 0.291388 0.121591
v 0.503488 0.386704 0.120030
v 0.150186 -0.225690 0.157506
v -0.520880 0.298614 0.151403
v -0.110822 -0.192199 0.125526
v -0.347691 -0.141343 0.157978
v 0.310400 -0.101944 0.126180
v 0.397606 0.429262 0.115401
v 0.208087 0.538665 0.162006
v -0.017947 -0.229656 0.176243
v -0.039410 -0.143726 0.132193
v 0.039406 0.644901 0.140974
v 0.029470 -0.190819 0.136132
v -0.258356 -0.116115 0.162742
v 0.161896 -0.133926 0.105667
v 0.051839 -0.239263 0.161006
v 0.448788 0.425970 0.168740
v -0.005824 -0.127447 0.133288
v -0.149472 -0.152733 0.107931
v -0.196465 0.552993 0.218893
v 0.512337 0.273435 0.185614
v -0.286386 -0.119489 0.156832
v 0.427752 -0.064103 0.132693
v 0.495567 0.096656 0.189854
v 0.044021 -0.122142 0.156632
v -0.275982 -0.162696 0.169132
v 0.055518 -0.212803 0.138583
v 0.010459 -0.172522 0.146531
v 0.437433 0.425619 0.247002
v 0.191555 -0.108309 0.197900
v -0.523238 0.128704 0.190216
v -0.437434 -0.040759 0.148383
v 0.296835 -0.110073 0.181502
v 0.037124 -0.127246 0.168688
v -0.154284 0.561472 0.196596
v -0.150469 -0.186664 0.165280
v -0.203476 -0.144434 0.160340
v -0.252071 -0.197847 0.216138
v 0.255238 -0.131447 0.164829
v 0.010305 0.590835 0.150612
v 0.169141 -0.223089 0.224931
v 0.038179 -0.105660 0.214470
v 0.164735 -0.197263 0.205462
v 0.403729 -0.044570 0.143042
v -0.047420 0.626347 0.169221
v 0.138922 0.527304 0.214584
v -0.325171 -0.172417 0.202733
v -0.091523 0.620806 0.177275
v -0.364796 -0.099792 0.169811
v -0.069216 -0.137441 0.210183
v -0.099620 -0.150278 0.187856
v -0.450892 0.067982 0.163317
v -0.250279 0.505979 0.283253
v -0.003087 0.618781 0.179541
v 0.132871 -0.191636 0.194504
v -0.404724 -0.073004 0.215924
v -0.401811 -0.055326 0.210281
v -0.453825 0.262671 0.278339
v 0.458431 0.068941 0.262532
v 0.393831 0.283578 0.268145
v -0.342359 -0.104583 0.241430
v -0.424844 0.336947 0.224050
v 0.042894 -0.131133 0.229594
v -0.178024 -0.204664 0.245613
v 0.004268 -0.100392 0.229428
v -0.502302 0.309516 0.207659
v -0.098222 -0.099422 0.304977
v -0.092552 0.638447 0.209394
v 0.070058 -0.200879 0.264846
v -0.351634 0.442428 0.235886
v 0.117401 -0.084726 0.307054
v -0.394518 -0.097140 0.267499
v -0.377773 -0.069828 0.226353
v -0.466504 0.212854 0.223008
v 0.355790 0.368269 0.299874
v -0.001768 -0.104212 0.243894
v -0.063176 -0.138581 0.321898
v 0.055650 0.489083 0.367459
v 0.333546 -0.075621 0.240303
v -0.148867 0.608435 0.190303
v -0.051908 -0.219443 0.212539
v -0.226452 -0.105178 0.236063
v -0.043382 -0.180804 0.260877
v 0.021973 -0.166628 0.312462
v 0.197134 0.534841 0.248668
v -0.132447 -0.185647 0.297346
v -0.462458 0.054272 0.261672
v -0.167095 -0.111044 0.207070
v 0.205715 -0.173590 0.283611
v 0.107736 -0.070293 0.294439
v -0.399340 -0.041088 0.242017
v -0.094322 0.541200 0.269366
v 0.080703 -0.155545 0.286506
v 0.203046 -0.120175 0.302586
v -0.436476 0.359771 0.245040
v -0.176847 -0.103098 0.250023
v 0.411529 0.423357 0.234802
v -0.221968 -0.143204 0.290881
v -0.127250 0.620161 0.244853
v -0.306068 -0.165823 0.257574
v 0.341822 -0.040753 0.267305
v 0.010542 -0.075382 0.325692
v -0.504653 0.182089 0.242726
v 0.103760 -0.068283 0.310605
v 0.302167 -0.102429 0.298565
v -0.128418 -0.140284 0.251228
v -0.209575 -0.080871 0.290739
v 0.260939 0.435604 0.307428
v -0.360011 -0.063489 0.267265
v -0.251488 -0.081682 0.255544
v -0.092229 0.617720 0.271047
v 0.447675 0.255654 0.293138
v -0.451111 0.129425 0.316145
v -0.417651 0.256365 0.282385
v -0.479471 0.285945 0.267376
v -0.009975 -0.131382 0.334007
v -0.402485 -0.018506 0.268070
v -0.322668 0.375807 0.325004
v -0.196944 -0.084456 0.324864
v -0.428577 0.259576 0.260900
v 0.162103 -0.155291 0.272981
v -0.430473 0.264050 0.259023
v 0.107051 -0.073277 0.293958
v -0.430103 0.259655 0.259053
v -0.430135 0.255927 0.262551
v -0.429869 0.254896 0.262426
v -0.430410 0.257727 0.260996
v 0.363993 0.398428 0.317452
v -0.429691 0.257518 0.262177
v -0.394421 -0.013457 0.271041
v 0.160988 -0.112890 0.318827
v -0.420196 0.000581 0.303956
v 0.006991 -0.211239 0.317780
v -0.402167 0.413607 0.297851
v -0.026192 -0.072997 0.336844
v 0.127938 -0.107401 0.404311
v -0.022610 -0.056996 0.337176
v 0.263652 -0.031395 0.323079
v -0.409516 0.389206 0.267610
v -0.084953 -0.092655 0.307435
v -0.432097 0.163891 0.288479
v 0.356801 0.244472 0.312036
v -0.256659 -0.137372 0.301810
v -0.387045 -0.019001 0.273801
v 0.296850 0.305925 0.348549
v -0.205066 -0.053051 0.328573
v 0.020138 -0.015126 0.449400
v -0.048127 -0.187228 0.286267
v 0.229236 -0.113185 0.315038
v -0.019023 0.537597 0.305490
v 0.194930 -0.129143 0.383650
v -0.147037 -0.100108 0.333883
v -0.176016 0.552926 0.312208
v -0.350308 0.426300 0.334587
v 0.334998 -0.002183 0.336969
v -0.317569 -0.026557 0.323363
v 0.311654 -0.067580 0.375021
v -0.383055 0.295301 0.399489
v -0.222463 -0.123592 0.337659
v -0.400283 -0.008014 0.354165
v 0.382472 0.378725 0.339930
v 0.286332 0.377635 0.406765
v 0.190799 -0.095302 0.372031
v 0.158338 0.005012 0.396086
v 0.335795 0.079881 0.374890
v 0.051159 -0.174329 0.376538
v -0.088964 -0.051718 0.361410
v 0.024266 -0.075641 0.386538
v -0.365739 0.407344 0.357677
v -0.269816 -0.074050 0.398076
v -0.356858 0.260624 0.343907
v 0.316237 0.249318 0.362528
v -0.304219 0.394307 0.361843
v 0.130257 0.491617 0.351532
v -0.089659 0.458156 0.411926
v -0.213062 0.452665 0.376334
v 0.204917 -0.047228 0.393780
v 0.301650 0.014495 0.359476
v 0.366537 0.151662 0.370750
v -0.373395 -0.060670 0.338646
v 0.319583 0.396781 0.371398
v 0.057860 -0.099677 0.389369
v 0.013168 -0.090630 0.383665
v 0.129063 -0.089276 0.362685
v 0.251835 0.218435 0.371658
v 0.253289 0.235321 0.398054
v 0.289677 0.359963 0.357810
v -0.393263 0.166903 0.412395
v -0.384878 0.137965 0.344268
v 0.258552 0.155643 0.383530
v 0.141725 0.395288 0.404134
v -0.202741 -0.021701 0.375697
v -0.238769 0.456870 0.339521
v -0.202094 -0.044853 0.378845
v -0.161600 -0.041838 0.395629
v -0.300068 0.108813 0.376468
v -0.298895 -0.032095 0.399318
v 0.067291 -0.036226 0.379385
v -0.123682 0.030052 0.418328
v 0.152068 -0.014146 0.392638
v -0.317500 0.315976 0.367847
v -0.335670 0.132483 0.383978
v 0.311135 0.181626 0.430875
v -0.322115 0.401647 0.392169
v -0.137898 -0.089303 0.410341
v 0.225845 0.382693 0.411727
v 0.259998 0.337910 0.455071
v 0.041540 -0.001673 0.414468
v 0.278434 0.025606 0.376977
v -0.345222 0.216160 0.387968
v -0.073328 0.006130 0.474420
v 0.136171 -0.043384 0.400923
v 0.284406 0.076248 0.398996
v 0.023235 0.443842 0.394129
v 0.276450 -0.012654 0.428435
v -0.029210 -0.000343 0.425988
v 0.286184 0.043517 0.404571
v -0.121757 -0.007697 0.404845
v -0.266455 -0.034926 0.425407
v -0.273290 0.158672 0.425847
v -0.315820 0.163219 0.477668
v -0.246773 0.051419 0.432808
v 0.059737 -0.031867 0.423970
v -0.218533 -0.046696 0.441544
v -0.253094 0.058908 0.413138
v -0.195813 0.222473 0.454197
v -0.254372 0.102213 0.429180
v -0.018749 0.047192 0.434384
v 0.075822 -0.098226 0.445057
v -0.119886 0.086026 0.458556
v -0.219744 0.242188 0.446354
v -0.199386 0.087466 0.455264
v -0.324353 0.296046 0.444309
v -0.126426 0.026043 0.424304
v 0.049176 0.411100 0.420874
v 0.245493 0.055013 0.434104
v 0.221976 0.272797 0.429711
v -0.014102 -0.016669 0.466803
v -0.309724 0.040232 0.456491
v -0.312292 0.358097 0.418424
v -0.102295 0.360921 0.441378
v 0.219841 -0.014676 0.459538
v -0.276600 0.391040 0.426213
v -0.016892 0.281659 0.460651
v -0.247657 0.250980 0.430683
v 0.080383 0.195738 0.474813
v -0.161918 0.068292 0.458125
v -0.254904 0.306595 0.445744
v -0.297362 0.410386 0.433986
v -0.254206 0.387808 0.446491
v 0.021644 0.086017 0.457504
v 0.075185 -0.005187 0.450848
v -0.238403 0.168802 0.462951
v 0.233198 0.335939 0.448886
v -0.156301 0.101843 0.458730
v 0.168684 0.181011 0.454846
v -0.277209 0.306734 0.475302
v 0.166991 0.039201 0.469342
v 0.240751 0.144883 0.461306
v 0.117212 0.026100 0.469905
v -0.020103 0.102685 0.465288
v 0.180157 0.229543 0.502568
v 0.103400 0.247254 0.479577
v -0.170655 0.239435 0.460568
v -0.202568 0.201954 0.463192
v 0.125108 -0.028088 0.480929
v -0.013317 0.134872 0.464856
v -0.215694 0.329519 0.474843
v -0.174758 0.177276 0.468572
v -0.185871 0.209288 0.461898
v -0.035137 0.099404 0.464279
v 0.178841 0.324106 0.481737
v -0.025644 0.103789 0.465371
v -0.026926 0.105248 0.467270
v -0.035704 0.147513 0.473122
v -0.251199 0.066276 0.500474
v -0.026966 0.103996 0.466888
v -0.025485 0.104998 0.465972
v -0.061424 0.183140 0.468323
v -0.125082 0.242871 0.467636
v -0.167215 0.141127 0.483570
v -0.090885 0.152996 0.468055
v -0.014256 0.232875 0.480775
v -0.056015 0.129927 0.487284
v -0.057328 0.201975 0.489356
v -0.032258 0.173791 0.500953
v 0.124909 0.265897 0.499721
v -0.036215 0.104963 0.510936
v -0.090221 0.304121 0.486616
v -0.054871 0.268377 0.485217
v 0.127002 0.094659 0.499140
v -0.121140 0.287951 0.510153
v -0.134624 0.262663 0.490425
v -0.219097 0.247675 0.512740
v -0.079734 0.090055 0.497083
v -0.096969 0.193180 0.513891
v 0.037530 0.262761 0.497769
v -0.119866 0.038381 0.505846
v -0.078519 0.317943 0.513814
v -0.173936 0.153984 0.514764
v 0.068698 0.223170 0.518511
v 0.047768 -0.129061 -0.069646
v -0.102961 -0.077505 -0.310905
v -0.281711 -0.125439 -0.091561
vn -0.0476 0.3648 -0.9299
vn -0.0480 0.3625 -0.9308
vn -0.0499 0.3594 -0.9319
vn 0.5902 0.6303 -0.5044
vn 0.5931 0.6300 -0.5013
vn 0.5927 0.6298 -0.5020
vn -0.1342 -0.1444 -0.9804
vn -0.1351 -0.1410 -0.9807
vn -0.1327 -0.1403 -0.9812
vn 0.0637 0.1701 -0.9834
vn 0.0624 0.1689 -0.9837
vn 0.0604 0.1648 -0.9845
vn -0.7424 0.0572 -0.6675
vn -0.7398 0.0576 -0.6704
vn -0.7415 0.0561 -0.6686
vn 0.0809 0.2533 -0.9640
vn 0.0809 0.2516 -0.9645
vn 0.0777 0.2495 -0.9653
vn -0.0665 -0.3154 -0.9466
vn -0.0706 -0.3160 -0.9461
vn -0.0694 -0.3139 -0.9469
vn 0.1140 -0.1355 -0.9842
vn 0.1137 -0.1379 -0.9839
vn 0.1079 -0.1331 -0.9852
vn -0.6806 0.7299 -0.0631
vn -0.6792 0.7313 -0.0625
vn -0.6810 0.7295 -0.0640
vn -0.6671 0.6966 -0.2639
vn -0.6653 0.6989 -0.2625
vn -0.6658 0.6971 -0.2659
vn 0.0265 -0.3170 -0.9481
vn 0.0203 -0.3143 -0.9491
vn 0.0239 -0.3132 -0.9494
vn -0.0115 0.0244 -0.9996
vn -0.0079 0.0303 -0.9995
vn -0.0073 0.0230 -0.9997
vn 0.1561 0.0489 -0.9865
vn 0.1538 0.0451 -0.9871
vn 0.1532 0.0495 -0.9870
vn 0.6030 0.6198 -0.5022
vn 0.6041 0.6177 -0.5036
vn 0.6022 0.6202 -0.5026
vn -0.4584 0.8721 0.1713
vn -0.4568 0.8730 0.1710
vn -0.4570 0.8729 0.1710
vn -0.0926 0.0781 -0.9926
vn -0.0858 0.0767 -0.9934
vn -0.0881 0.0741 -0.9933
vn -0.3588 0.1266 -0.9248
vn -0.3585 0.1268 -0.9249
vn -0.3593 0.1238 -0.9250
vn -0.1031 -0.2802 -0.9544
vn -0.1047 -0.2780 -0.9549
vn -0.1095 -0.2791 -0.9540
vn 0.0066 -0.0397 -0.9992
vn 0.0098 -0.0399 -0.9992
vn 0.0109 -0.0332 -0.9994
vn 0.2794 0.2452 -0.9283
vn 0.2818 0.2454 -0.9276
vn 0.2757 0.2463 -0.9292
vn -0.1334 0.2240 -0.9654
vn -0.1344 0.2212 -0.9659
vn -0.1366 0.2212 -0.9656
vn -0.2341 0.8159 -0.5287
vn -0.2336 0.8153 -0.5298
vn -0.2338 0.8149 -0.5303
vn 0.0324 0.2687 -0.9627
vn 0.0352 0.2661 -0.9633
vn 0.0325 0.2656 -0.9635
vn 0.3576 -0.1729 -0.9177
vn 0.3533 -0.1779 -0.9185
vn 0.3561 -0.1717 -0.9185
vn 0.1373 0.1689 -0.9760
vn 0.1364 0.1649 -0.9768
vn 0.1344 0.1648 -0.9771
vn 0.0255 -0.3283 -0.9442
vn 0.0202 -0.3311 -0.9434
vn 0.0236 -0.3279 -0.9444
vn 0.0264 0.9382 0.3450
vn 0.0246 0.9379 0.3461
vn 0.0308 0.9373 0.3471
vn 0.4174 0.4738 0.7755
vn 0.4180 0.4745 0.7747
vn 0.4200 0.4731 0.7745
vn 0.7740 -0.0914 -0.6266
vn 0.7709 -0.0874 -0.6309
vn 0.7719 -0.0860 -0.6300
vn -0.3006 -0.1962 -0.9334
vn -0.3028 -0.1867 -0.9346
vn -0.2977 -0.1919 -0.9352
vn 0.2819 -0.3807 -0.8807
vn 0.2883 -0.3787 -0.8795
vn 0.2851 -0.3849 -0.8778
vn 0.0960 0.4820 0.8709
vn 0.0961 0.4816 0.8711
vn 0.0955 0.4832 0.8703
vn -0.2681 -0.2067 -0.9410
vn -0.2663 -0.2018 -0.9425
vn -0.2637 -0.2111 -0.9412
vn 0.0019 -0.2887 -0.9574
vn -0.0019 -0.2930 -0.9561
vn 0.0002 -0.2925 -0.9563
vn 0.4048 -0.0392 -0.9136
vn 0.4056 -0.0437 -0.9130
vn 0.4017 -0.0441 -0.9147
vn 0.3500 0.1865 -0.9180
vn 0.3483 0.1823 -0.9195
vn 0.3470 0.1874 -0.9190
vn 0.1011 0.4949 0.8630
vn 0.1013 0.4935 0.8638
vn 0.0998 0.4957 0.8628
vn -0.5158 0.0535 -0.8550
vn -0.5119 0.0562 -0.8572
vn -0.5122 0.0528 -0.8572
vn 0.4522 -0.1820 -0.8732
vn 0.4494 -0.1841 -0.8742
vn 0.4536 -0.1777 -0.8733
vn -0.0020 0.7325 0.6807
vn -0.0014 0.7304 0.6831
vn -0.0004 0.7308 0.6826
vn 0.1751 -0.4577 -0.8717
vn 0.1785 -0.4627 -0.8683
vn 0.1722 -0.4603 -0.8709
vn -0.2715 0.2931 -0.9167
vn -0.2697 0.2937 -0.9171
vn -0.2718 0.2903 -0.9176
vn 0.0391 0.7393 0.6722
vn 0.0392 0.7360 0.6759
vn 0.0393 0.7380 0.6737
vn -0.0120 0.7142 0.6998
vn -0.0094 0.7126 0.7015
vn -0.0106 0.7128 0.7013
vn -0.1039 0.9946 0.0082
vn -0.1019 0.9948 0.0077
vn -0.1046 0.9945 0.0070
vn 0.2270 0.7939 0.5641
vn 0.2297 0.7944 0.5623
vn 0.2243 0.7949 0.5638
vn -0.1797 -0.7800 -0.5995
vn -0.1825 -0.7757 -0.6041
vn -0.1792 -0.7770 -0.6034
vn 0.0085 -0.3860 -0.9224
vn 0.0062 -0.3861 -0.9224
vn 0.0080 -0.3829 -0.9237
vn 0.0572 0.5995 0.7983
vn 0.0567 0.5994 0.7985
vn 0.0606 0.6010 0.7969
vn 0.3865 -0.3134 -0.8674
vn 0.3852 -0.3152 -0.8673
vn 0.3823 -0.3112 -0.8701
vn -0.4755 -0.1959 -0.8576
vn -0.4809 -0.1912 -0.8557
vn -0.4734 -0.1926 -0.8596
vn 0.1456 -0.5250 -0.8385
vn 0.1495 -0.5251 -0.8378
vn 0.1464 -0.5260 -0.8378
vn 0.2310 -0.6260 -0.7448
vn 0.2289 -0.6315 -0.7408
vn 0.2295 -0.6260 -0.7453
vn -0.0941 0.5884 0.8031
vn -0.0926 0.5900 0.8021
vn -0.0953 0.5907 0.8012
vn -0.1453 0.5274 0.8371
vn -0.1446 0.5303 0.8354
vn -0.1465 0.5299 0.8353
vn -0.1079 0.3266 -0.9390
vn -0.1047 0.3256 -0.9397
vn -0.1112 0.3241 -0.9395
vn 0.0066 -0.6336 -0.7736
vn 0.0025 -0.6309 -0.7759
vn 0.0057 -0.6320 -0.7749
vn -0.5026 -0.3734 -0.7798
vn -0.5044 -0.3706 -0.7799
vn -0.5022 -0.3713 -0.7810
vn 0.5450 0.1898 -0.8167
vn 0.5453 0.1881 -0.8169
vn 0.5487 0.1866 -0.8149
vn -0.0947 -0.7798 -0.6188
vn -0.0982 -0.7776 -0.6211
vn -0.0956 -0.7804 -0.6180
vn -0.1439 0.5054 0.8508
vn -0.1422 0.5070 0.8501
vn -0.1438 0.5089 0.8487
vn 0.0323 -0.6461 -0.7626
vn 0.0330 -0.6490 -0.7601
vn 0.0327 -0.6455 -0.7631
vn -0.3372 0.4195 -0.8428
vn -0.3318 0.4186 -0.8454
vn -0.3390 0.4178 -0.8429
vn 0.2224 0.7463 0.6273
vn 0.2274 0.7448 0.6273
vn 0.2256 0.7471 0.6253
vn 0.1922 -0.7332 -0.6523
vn 0.1904 -0.7365 -0.6491
vn 0.1923 -0.7331 -0.6524
vn 0.3497 -0.5566 -0.7536
vn 0.3543 -0.5554 -0.7523
vn 0.3515 -0.5591 -0.7509
vn 0.1449 -0.6538 -0.7427
vn 0.1439 -0.6549 -0.7419
vn 0.1444 -0.6493 -0.7467
vn 0.5465 0.2450 -0.8008
vn 0.5499 0.2406 -0.7998
vn 0.5458 0.2441 -0.8016
vn 0.0816 0.4081 -0.9093
vn 0.0807 0.4074 -0.9097
vn 0.0763 0.4079 -0.9098
vn 0.1881 0.8541 0.4850
vn 0.1881 0.8550 0.4834
vn 0.1819 0.8556 0.4846
vn -0.4925 -0.2081 -0.8451
vn -0.4887 -0.2057 -0.8479
vn -0.4855 -0.2110 -0.8484
vn 0.1302 0.5135 -0.8482
vn 0.1296 0.5083 -0.8513
vn 0.1315 0.5091 -0.8506
vn -0.6257 -0.3072 -0.7170
vn -0.6249 -0.3049 -0.7187
vn -0.6245 -0.3061 -0.7186
vn -0.0090 -0.8372 -0.5469
vn -0.0136 -0.8373 -0.5465
vn -0.0129 -0.8387 -0.5445
vn -0.5995 0.7220 -0.3455
vn -0.5992 0.7227 -0.3445
vn -0.5981 0.7226 -0.3466
vn -0.4699 -0.2677 -0.8411
vn -0.4716 -0.2706 -0.8393
vn -0.4732 -0.2665 -0.8397
vn 0.5582 -0.0183 -0.8295
vn 0.5624 -0.0228 -0.8266
vn 0.5581 -0.0170 -0.8296
vn 0.5500 -0.4971 -0.6711
vn 0.5501 -0.4979 -0.6705
vn 0.5460 -0.4984 -0.6734
vn -0.1635 0.5017 0.8495
vn -0.1642 0.5033 0.8484
vn -0.1663 0.5030 0.8481
vn -0.3172 0.4955 -0.8086
vn -0.3144 0.4970 -0.8088
vn -0.3143 0.4938 -0.8108
vn -0.1395 -0.7612 -0.6334
vn -0.1389 -0.7622 -0.6323
vn -0.1339 -0.7621 -0.6335
vn 0.2403 0.4923 -0.8366
vn 0.2402 0.4921 -0.8367
vn 0.2407 0.4871 -0.8396
vn 0.3073 0.1607 -0.9380
vn 0.3052 0.1636 -0.9381
vn 0.3090 0.1596 -0.9376
vn -0.3827 0.1737 -0.9074
vn -0.3820 0.1681 -0.9088
vn -0.3874 0.1717 -0.9058
vn 0.1520 0.9778 0.1442
vn 0.1531 0.9775 0.1448
vn 0.1533 0.9777 0.1437
vn -0.5258 -0.0291 -0.8501
vn -0.5254 -0.0324 -0.8502
vn -0.5301 -0.0294 -0.8474
vn 0.8365 0.3843 -0.3906
vn 0.8369 0.3814 -0.3927
vn 0.8359 0.3814 -0.3947
vn 0.1897 -0.7919 -0.5804
vn 0.1884 -0.7930 -0.5794
vn 0.1860 -0.7903 -0.5839
vn 0.1332 0.9844 0.1150
vn 0.1346 0.9842 0.1149
vn 0.1351 0.9843 0.1138
vn 0.3322 -0.6486 -0.6848
vn 0.3301 -0.6478 -0.6865
vn 0.3339 -0.6442 -0.6881
vn 0.0227 -0.0312 -0.9993
vn 0.0263 -0.0291 -0.9992
vn 0.0260 -0.0340 -0.9991
vn 0.0334 -0.0184 -0.9993
vn 0.0308 -0.0245 -0.9992
vn 0.0283 -0.0241 -0.9993
vn 0.0252 -0.0288 -0.9993
vn 0.0293 -0.0343 -0.9990
vn 0.0258 -0.0305 -0.9992
vn 0.6672 -0.1690 -0.7254
vn 0.6685 -0.1683 -0.7244
vn 0.6628 -0.1735 -0.7285
vn 0.5057 0.2793 -0.8162
vn 0.5094 0.2797 -0.8138
vn 0.5062 0.2754 -0.8173
vn 0.2787 0.7489 0.6013
vn 0.2732 0.7490 0.6036
vn 0.2767 0.7484 0.6027
vn -0.5600 -0.5043 -0.6573
vn -0.5565 -0.5050 -0.6598
vn -0.5607 -0.5062 -0.6553
vn 0.8358 -0.0906 -0.5415
vn 0.8355 -0.0953 -0.5411
vn 0.8352 -0.0928 -0.5420
vn 0.7638 0.1524 -0.6272
vn 0.7634 0.1502 -0.6282
vn 0.7616 0.1522 -0.6299
vn 0.3112 0.7074 0.6346
vn 0.3120 0.7073 0.6344
vn 0.3155 0.7087 0.6311
vn -0.3518 0.6717 0.6519
vn -0.3514 0.6730 0.6509
vn -0.3512 0.6720 0.6520
vn 0.0479 0.3769 -0.9250
vn 0.0515 0.3783 -0.9243
vn 0.0467 0.3776 -0.9248
vn 0.5252 0.5122 -0.6796
vn 0.5279 0.5115 -0.6780
vn 0.5275 0.5103 -0.6792
vn 0.2772 0.4514 -0.8482
vn 0.2791 0.4489 -0.8489
vn 0.2761 0.4486 -0.8500
vn -0.2086 0.3997 -0.8926
vn -0.2093 0.3979 -0.8933
vn -0.2127 0.3997 -0.8916
vn 0.2066 -0.0284 -0.9780
vn 0.2044 -0.0253 -0.9786
vn 0.2023 -0.0248 -0.9790
vn 0.5933 0.7780 -0.2066
vn 0.5945 0.7775 -0.2052
vn 0.5967 0.7748 -0.2087
vn -0.6615 0.2366 -0.7117
vn -0.6612 0.2329 -0.7131
vn -0.6628 0.2313 -0.7122
vn -0.0901 0.4650 -0.8807
vn -0.0902 0.4630 -0.8818
vn -0.0883 0.4599 -0.8835
vn 0.2607 0.8182 0.5124
vn 0.2622 0.8149 0.5168
vn 0.2614 0.8178 0.5127
vn -0.3517 0.6722 0.6516
vn -0.3521 0.6719 0.6516
vn -0.3478 0.6731 0.6527
vn -0.6925 -0.4256 -0.5825
vn -0.6958 -0.4227 -0.5807
vn -0.6929 -0.4231 -0.5838
vn -0.7885 -0.4749 -0.3908
vn -0.7906 -0.4744 -0.3871
vn -0.7932 -0.4711 -0.3858
vn 0.4557 -0.5948 -0.6623
vn 0.4521 -0.5976 -0.6621
vn 0.4534 -0.5953 -0.6633
vn 0.9983 0.0399 -0.0418
vn 0.9987 0.0359 -0.0375
vn 0.9983 0.0404 -0.0409
vn 0.7140 -0.5360 -0.4504
vn 0.7138 -0.5381 -0.4482
vn 0.7124 -0.5389 -0.4495
vn 0.6844 0.1473 -0.7141
vn 0.6835 0.1474 -0.7149
vn 0.6827 0.1512 -0.7149
vn 0.2068 -0.1779 -0.9621
vn 0.2019 -0.1774 -0.9632
vn 0.2022 -0.1748 -0.9636
vn 0.6229 -0.5729 -0.5327
vn 0.6228 -0.5739 -0.5317
vn 0.6208 -0.5738 -0.5343
vn -0.9455 -0.2587 -0.1979
vn -0.9458 -0.2560 -0.1996
vn -0.9453 -0.2569 -0.2012
vn 0.4799 -0.7876 -0.3865
vn 0.4774 -0.7890 -0.3866
vn 0.4755 -0.7886 -0.3898
vn 0.4249 -0.4721 -0.7724
vn 0.4283 -0.4733 -0.7698
vn 0.4278 -0.4743 -0.7694
vn 0.5743 -0.4239 -0.7004
vn 0.5710 -0.4264 -0.7015
vn 0.5707 -0.4228 -0.7040
vn -0.3304 -0.7675 -0.5494
vn -0.3324 -0.7626 -0.5549
vn -0.3288 -0.7663 -0.5520
vn 0.2066 0.8153 0.5409
vn 0.2094 0.8157 0.5393
vn 0.2055 0.8183 0.5368
vn 0.4119 -0.8129 -0.4118
vn 0.4108 -0.8138 -0.4112
vn 0.4080 -0.8147 -0.4121
vn -0.1487 0.8787 0.4536
vn -0.1475 0.8778 0.4558
vn -0.1482 0.8796 0.4521
vn 0.1327 0.9797 0.1506
vn 0.1355 0.9786 0.1547
vn 0.1328 0.9797 0.1503
vn 0.0051 -0.5510 -0.8345
vn 0.0016 -0.5500 -0.8351
vn 0.0024 -0.5507 -0.8347
vn 0.1935 0.5364 -0.8215
vn 0.1972 0.5377 -0.8197
vn 0.1943 0.5352 -0.8221
vn -0.4385 -0.8706 -0.2229
vn -0.4390 -0.8697 -0.2256
vn -0.4345 -0.8713 -0.2281
vn -0.1576 -0.5413 -0.8259
vn -0.1612 -0.5444 -0.8232
vn -0.1591 -0.5422 -0.8251
vn 0.4410 0.5532 -0.7067
vn 0.4407 0.5516 -0.7082
vn 0.4381 0.5527 -0.7089
vn -0.0752 0.5407 -0.8379
vn -0.0748 0.5438 -0.8359
vn -0.0732 0.5426 -0.8368
vn -0.4940 -0.6003 -0.6290
vn -0.4962 -0.5949 -0.6324
vn -0.4970 -0.5945 -0.6321
vn 0.2456 0.8171 0.5216
vn 0.2484 0.8167 0.5209
vn 0.2451 0.8187 0.5193
vn -0.5252 -0.7285 -0.4398
vn -0.5276 -0.7272 -0.4390
vn -0.5285 -0.7251 -0.4415
vn -0.5773 0.5306 -0.6206
vn -0.5771 0.5280 -0.6230
vn -0.5756 0.5282 -0.6242
vn 0.3158 -0.8485 -0.4246
vn 0.3125 -0.8498 -0.4244
vn 0.3116 -0.8484 -0.4279
vn 0.3186 0.7069 0.6315
vn 0.3220 0.7037 0.6334
vn 0.3219 0.7068 0.6299
vn -0.3803 0.7907 0.4798
vn -0.3796 0.7915 0.4791
vn -0.3813 0.7924 0.4762
vn 0.0366 0.8035 0.5942
vn 0.0356 0.8050 0.5921
vn 0.0355 0.8034 0.5944
vn -0.7539 0.4341 -0.4932
vn -0.7540 0.4324 -0.4945
vn -0.7560 0.4302 -0.4935
vn -0.4372 -0.8993 0.0114
vn -0.4391 -0.8984 0.0095
vn -0.4402 -0.8979 0.0071
vn 0.1378 -0.9859 -0.0954
vn 0.1370 -0.9862 -0.0935
vn 0.1351 -0.9863 -0.0946
vn -0.9053 0.2467 -0.3459
vn -0.9069 0.2444 -0.3432
vn -0.9064 0.2486 -0.3415
vn 0.7509 0.4752 -0.4586
vn 0.7504 0.4757 -0.4589
vn 0.7487 0.4764 -0.4610
vn 0.3389 -0.8490 -0.4055
vn 0.3376 -0.8501 -0.4041
vn 0.3393 -0.8477 -0.4079
vn -0.4138 0.7723 0.4819
vn -0.4131 0.7721 0.4829
vn -0.4130 0.7728 0.4818
vn -0.0524 0.2883 -0.9561
vn -0.0507 0.2832 -0.9577
vn -0.0534 0.2889 -0.9559
vn -0.2725 -0.7814 -0.5613
vn -0.2785 -0.7786 -0.5624
vn -0.2753 -0.7789 -0.5634
vn 0.2709 -0.1908 -0.9435
vn 0.2724 -0.1943 -0.9424
vn 0.2684 -0.1922 -0.9439
vn -0.8087 -0.4431 0.3867
vn -0.8082 -0.4433 0.3877
vn -0.8086 -0.4433 0.3868
vn -0.6668 0.3126 -0.6765
vn -0.6681 0.3134 -0.6749
vn -0.6699 0.3073 -0.6759
vn 0.8592 -0.0047 -0.5117
vn 0.8567 -0.0090 -0.5157
vn 0.8555 -0.0058 -0.5177
vn -0.3303 0.1382 -0.9337
vn -0.3268 0.1406 -0.9346
vn -0.3282 0.1389 -0.9343
vn -0.7590 0.4194 -0.4980
vn -0.7583 0.4179 -0.5003
vn -0.7580 0.4190 -0.4999
vn 0.2099 -0.2591 -0.9428
vn 0.2064 -0.2593 -0.9435
vn 0.2082 -0.2573 -0.9436
vn -0.5115 -0.1608 -0.8441
vn -0.5140 -0.1579 -0.8431
vn -0.5105 -0.1582 -0.8452
vn -0.8492 0.4217 -0.3177
vn -0.8471 0.4258 -0.3180
vn -0.8487 0.4218 -0.3191
vn 0.2616 -0.3662 -0.8930
vn 0.2608 -0.3665 -0.8931
vn 0.2574 -0.3661 -0.8943
vn -0.5698 -0.4159 -0.7088
vn -0.5729 -0.4140 -0.7074
vn -0.5705 -0.4141 -0.7093
vn 0.4623 0.6201 -0.6338
vn 0.4622 0.6197 -0.6343
vn 0.4596 0.6206 -0.6353
vn -0.2442 -0.7666 -0.5939
vn -0.2496 -0.7679 -0.5900
vn -0.2459 -0.7667 -0.5930
vn 0.5364 -0.2323 -0.8114
vn 0.5351 -0.2322 -0.8123
vn 0.5373 -0.2334 -0.8105
vn -0.0117 -0.8378 -0.5459
vn -0.0100 -0.8371 -0.5469
vn -0.0072 -0.8351 -0.5501
vn -0.5226 -0.5774 -0.6273
vn -0.5208 -0.5780 -0.6283
vn -0.5232 -0.5759 -0.6282
vn 0.0644 0.7843 -0.6171
vn 0.0672 0.7821 -0.6196
vn 0.0674 0.7817 -0.6200
vn 0.2500 0.6663 -0.7025
vn 0.2485 0.6653 -0.7040
vn 0.2468 0.6662 -0.7038
vn 0.1751 -0.3509 -0.9199
vn 0.1709 -0.3492 -0.9213
vn 0.1728 -0.3470 -0.9218
vn 0.8527 0.4041 -0.3311
vn 0.8521 0.4030 -0.3340
vn 0.8514 0.4056 -0.3325
vn 0.7250 -0.4530 -0.5188
vn 0.7250 -0.4531 -0.5187
vn 0.7255 -0.4510 -0.5198
vn -0.0352 -0.3603 0.9322
vn -0.0375 -0.3601 0.9321
vn -0.0390 -0.3621 0.9313
vn 0.6505 0.4268 -0.6282
vn 0.6520 0.4286 -0.6255
vn 0.6537 0.4261 -0.6254
vn -0.2845 -0.6047 -0.7439
vn -0.2842 -0.6045 -0.7442
vn -0.2861 -0.6028 -0.7448
vn 0.2790 0.7366 -0.6161
vn 0.2806 0.7368 -0.6152
vn 0.2826 0.7352 -0.6161
vn -0.3217 0.8575 -0.4014
vn -0.3176 0.8602 -0.3989
vn -0.3225 0.8569 -0.4022
vn -0.2549 0.6400 0.7249
vn -0.2554 0.6398 0.7248
vn -0.2549 0.6399 0.7249
vn 0.8006 -0.5829 -0.1387
vn 0.7991 -0.5840 -0.1428
vn 0.7995 -0.5839 -0.1409
vn 0.1668 0.0681 -0.9836
vn 0.1713 0.0662 -0.9830
vn 0.1683 0.0680 -0.9834
vn 0.0165 -0.5484 -0.8361
vn 0.0143 -0.5511 -0.8343
vn 0.0104 -0.5518 -0.8339
vn 0.2627 0.7493 0.6079
vn 0.2656 0.7491 0.6069
vn 0.2639 0.7518 0.6043
vn 0.2523 0.8415 0.4777
vn 0.2505 0.8425 0.4770
vn -0.3698 -0.9254 0.0828
vn -0.3681 -0.9262 0.0819
vn -0.3680 -0.9262 0.0818
vn 0.4250 -0.1987 -0.8831
vn 0.4244 -0.2001 -0.8831
vn 0.4220 -0.2003 -0.8842
vn -0.1249 -0.3126 0.9416
vn -0.1286 -0.3095 0.9422
vn -0.1281 -0.3095 0.9422
vn 0.1920 -0.3315 0.9237
vn 0.1908 -0.3336 0.9232
vn 0.1945 -0.3358 0.9216
vn -0.4776 0.8068 -0.3479
vn -0.4780 0.8075 -0.3457
vn -0.4741 0.8092 -0.3471
vn 0.6774 0.4573 -0.5762
vn 0.6753 0.4575 -0.5784
vn 0.6741 0.4580 -0.5795
vn -0.9173 -0.3977 -0.0176
vn -0.9185 -0.3951 -0.0155
vn -0.9188 -0.3943 -0.0157
vn -0.3196 -0.9158 0.2431
vn -0.3198 -0.9158 0.2429
vn -0.3181 -0.9160 0.2445
vn -0.2630 0.3827 -0.8856
vn -0.2621 0.3852 -0.8848
vn -0.2623 0.3801 -0.8870
vn 0.5275 -0.1645 -0.8334
vn 0.5272 -0.1661 -0.8333
vn -0.8947 0.4362 0.0963
vn -0.8929 0.4393 0.0988
vn -0.8931 0.4391 0.0977
vn -0.7467 -0.5347 -0.3956
vn -0.7489 -0.5329 -0.3939
vn -0.7485 -0.5332 -0.3942
vn -0.3123 -0.6916 -0.6513
vn -0.3168 -0.6941 -0.6464
vn -0.3156 -0.6899 -0.6515
vn -0.0279 -0.8275 -0.5608
vn -0.0270 -0.8239 -0.5660
vn -0.0280 -0.8250 -0.5645
vn 0.4526 0.7967 0.4005
vn 0.4554 0.7953 0.4001
vn 0.4506 0.7985 0.3993
vn 0.8967 0.2387 -0.3727
vn 0.8985 0.2347 -0.3709
vn 0.8966 0.2370 -0.3741
vn -0.3305 -0.7534 -0.5685
vn -0.3318 -0.7510 -0.5709
vn -0.3293 -0.7511 -0.5722
vn 0.6979 0.2883 0.6556
vn 0.6992 0.2862 0.6551
vn 0.6998 0.2867 0.6542
vn -0.3938 -0.5636 -0.7261
vn -0.3984 -0.5621 -0.7248
vn -0.3958 -0.5622 -0.7261
vn 0.6087 0.7485 -0.2632
vn 0.6114 0.7452 -0.2664
vn 0.6087 0.7471 -0.2672
vn 0.7469 0.5251 0.4079
vn 0.7460 0.5262 0.4081
vn 0.7455 0.5279 0.4068
vn -0.0092 -0.8873 -0.4611
vn -0.0079 -0.8867 -0.4623
vn -0.0130 -0.8868 -0.4620
vn -0.8477 0.2713 -0.4558
vn -0.8482 0.2734 -0.4535
vn -0.8467 0.2730 -0.4567
vn -0.1765 -0.7193 -0.6719
vn -0.1799 -0.7177 -0.6727
vn -0.1779 -0.7182 -0.6727
vn -0.1569 0.4222 0.8928
vn -0.1567 0.4233 0.8923
vn -0.1590 0.4219 0.8926
vn 0.1116 0.8166 0.5663
vn 0.1115 0.8152 0.5684
vn 0.1135 0.8178 0.5642
vn 0.1008 0.7033 0.7037
vn 0.1018 0.7050 0.7018
vn 0.1022 0.7064 0.7004
vn -0.0918 -0.0490 0.9946
vn -0.0925 -0.0483 0.9945
vn -0.0910 -0.0504 0.9946
vn -0.0390 0.4178 0.9077
vn -0.0422 0.4183 0.9073
vn -0.0406 0.4173 0.9079
vn 0.2608 -0.3867 -0.8846
vn 0.2588 -0.3867 -0.8851
vn -0.4498 -0.5907 -0.6699
vn -0.4534 -0.5880 -0.6699
vn -0.4544 -0.5872 -0.6699
vn 0.9434 0.2296 -0.2395
vn 0.9441 0.2274 -0.2387
vn 0.9441 0.2258 -0.2401
vn 0.1031 0.7031 0.7036
vn 0.1027 0.7038 0.7029
vn 0.1023 0.7051 0.7017
vn 0.2855 0.9194 0.2706
vn 0.2871 0.9202 0.2659
vn 0.2850 0.9201 0.2686
vn -0.2865 -0.0115 0.9580
vn -0.2881 -0.0082 0.9576
vn -0.2899 -0.0098 0.9570
vn 0.2166 0.7284 0.6500
vn 0.2203 0.7282 0.6490
vn 0.2161 0.7292 0.6493
vn -0.6202 0.7779 0.1011
vn -0.6170 0.7809 0.0974
vn -0.6216 0.7768 0.1004
vn 0.0940 0.3467 0.9332
vn 0.0942 0.3476 0.9329
vn 0.0937 0.3482 0.9327
vn 0.3510 0.8038 0.4803
vn 0.3521 0.8060 0.4758
vn 0.3485 0.8062 0.4781
vn 0.1358 0.0756 0.9878
vn 0.1339 0.0748 0.9882
vn 0.1345 0.0728 0.9882
vn -0.2520 -0.7783 -0.5751
vn -0.2520 -0.7768 -0.5772
vn -0.2530 -0.7753 -0.5787
vn 0.0150 0.8374 -0.5464
vn 0.0137 0.8350 -0.5500
vn 0.0103 0.8373 -0.5467
vn 0.2814 -0.2515 0.9260
vn 0.2837 -0.2562 0.9240
vn 0.2853 -0.2529 0.9245
vn 0.8000 -0.5836 -0.1394
vn 0.7972 -0.5877 -0.1384
vn 0.7980 -0.5860 -0.1407
vn 0.8942 -0.4432 -0.0627
vn 0.8934 -0.4449 -0.0625
vn 0.8939 -0.4435 -0.0656
vn -0.5724 -0.4201 -0.7042
vn -0.5746 -0.4204 -0.7022
vn -0.5740 -0.4175 -0.7044
vn 0.1602 0.0801 0.9838
vn 0.1602 0.0800 0.9838
vn 0.1615 0.0799 0.9836
vn -0.2440 -0.8285 -0.5040
vn -0.2443 -0.8256 -0.5086
vn -0.2421 -0.8263 -0.5084
vn -0.0738 -0.4714 -0.8788
vn -0.0761 -0.4724 -0.8781
vn -0.0744 -0.4689 -0.8801
vn -0.9581 0.1911 0.2133
vn -0.9577 0.1933 0.2132
vn -0.9582 0.1930 0.2113
vn -0.3421 0.4618 -0.8184
vn -0.3386 0.4628 -0.8192
vn -0.3427 0.4582 -0.8201
vn 0.2312 0.9277 0.2931
vn 0.2311 0.9281 0.2919
vn 0.2302 0.9284 0.2916
vn 0.3097 0.8014 0.5117
vn 0.3113 0.8017 0.5102
vn 0.3094 0.8038 0.5082
vn 0.6192 -0.5172 -0.5908
vn 0.6212 -0.5181 -0.5880
vn 0.6188 -0.5198 -0.5890
vn 0.5762 0.1319 -0.8066
vn 0.5775 0.1279 -0.8063
vn 0.5749 0.1305 -0.8078
vn 0.3015 -0.9047 -0.3012
vn 0.3008 -0.9039 -0.3040
vn 0.3020 -0.9033 -0.3048
vn 0.0780 -0.6172 -0.7830
vn 0.0816 -0.6207 -0.7798
vn 0.0790 -0.6199 -0.7807
vn -0.5741 -0.4198 -0.7030
vn -0.5760 -0.4201 -0.7012
vn -0.5716 -0.4192 -0.7054
vn -0.1697 0.7596 0.6279
vn -0.1705 0.7595 0.6278
vn -0.1666 0.7608 0.6272
vn -0.1535 0.6438 0.7497
vn -0.1542 0.6447 0.7487
vn -0.1532 0.6443 0.7493
vn -0.8375 -0.4484 -0.3122
vn -0.8395 -0.4454 -0.3114
vn -0.8397 -0.4450 -0.3112
vn -0.2688 0.5515 0.7897
vn -0.2678 0.5527 0.7892
vn -0.2681 0.5525 0.7892
vn -0.2900 0.5417 -0.7889
vn -0.2889 0.5376 -0.7922
vn -0.2933 0.5403 -0.7887
vn -0.2522 -0.4776 0.8416
vn -0.2539 -0.4782 0.8407
vn -0.2533 -0.4785 0.8408
vn 0.6547 -0.7298 -0.1966
vn 0.6520 -0.7321 -0.1971
vn 0.6521 -0.7316 -0.1988
vn 0.7127 -0.2044 -0.6710
vn 0.7128 -0.2073 -0.6700
vn 0.7116 -0.2040 -0.6723
vn 0.2579 0.8807 0.3973
vn 0.2581 0.8807 0.3973
vn 0.2579 0.8809 0.3969
vn 0.4905 0.6812 -0.5435
vn 0.4918 0.6811 -0.5425
vn 0.4893 0.6806 -0.5453
vn 0.8427 0.0996 -0.5291
vn 0.8414 0.0991 -0.5312
vn 0.8406 0.0960 -0.5331
vn -0.2836 0.9321 0.2254
vn -0.2823 0.9333 0.2220
vn -0.2856 0.9319 0.2235
vn -0.7351 -0.1889 -0.6511
vn -0.7363 -0.1823 -0.6517
vn -0.7343 -0.1880 -0.6523
vn -0.1444 0.7689 0.6228
vn -0.1465 0.7679 0.6235
vn -0.1481 0.7674 0.6238
vn 0.5193 -0.1944 0.8322
vn 0.5238 -0.1926 0.8298
vn 0.5206 -0.1902 0.8324
vn -0.7701 0.6032 0.2073
vn -0.7713 0.6026 0.2051
vn -0.7715 0.6021 0.2056
vn -0.6921 -0.4419 -0.5707
vn -0.6920 -0.4433 -0.5698
vn -0.6900 -0.4414 -0.5736
vn 0.7599 0.5313 0.3744
vn 0.7620 0.5318 0.3695
vn 0.7582 0.5345 0.3734
vn -0.3493 0.9319 0.0972
vn -0.3467 0.9328 0.0982
vn -0.3498 0.9320 0.0951
vn 0.1964 0.8944 0.4019
vn 0.1995 0.8922 0.4052
vn 0.1961 0.8950 0.4006
vn 0.8443 0.5260 0.1021
vn 0.8452 0.5249 0.1007
vn 0.8440 0.5275 0.0977
vn -0.1750 -0.8855 -0.4304
vn -0.1780 -0.8842 -0.4319
vn -0.1758 -0.8833 -0.4345
vn -0.6535 -0.0516 0.7551
vn -0.6551 -0.0496 0.7539
vn -0.6549 -0.0525 0.7539
vn 0.0968 0.8378 -0.5374
vn 0.0908 0.8364 -0.5406
vn 0.0923 0.8387 -0.5367
vn -0.9704 0.0945 0.2223
vn -0.9704 0.0948 0.2222
vn -0.9704 0.0946 0.2223
vn -0.1274 0.9844 0.1215
vn -0.1240 0.9850 0.1198
vn -0.1264 0.9848 0.1192
vn -0.3460 0.9195 -0.1866
vn -0.3458 0.9190 -0.1896
vn -0.3855 -0.6153 -0.6875
vn -0.3852 -0.6153 -0.6877
vn -0.3852 -0.6139 -0.6890
vn -0.9986 -0.0430 0.0304
vn 0.7405 -0.2752 -0.6131
vn 0.7417 -0.2754 -0.6115
vn 0.7391 -0.2774 -0.6139
vn -0.7257 0.4248 -0.5412
vn -0.7240 0.4274 -0.5415
vn -0.7257 0.4227 -0.5428
vn 0.7116 -0.5230 -0.4691
vn 0.7077 -0.5259 -0.4719
vn 0.7082 -0.5247 -0.4724
vn -0.7009 0.3147 -0.6400
vn -0.6964 0.3167 -0.6440
vn -0.6995 0.3128 -0.6425
vn 0.6798 0.3149 -0.6623
vn 0.6818 0.3139 -0.6608
vn 0.6800 0.3136 -0.6628
vn -0.8021 0.0859 -0.5909
vn -0.8001 0.0893 -0.5931
vn -0.7975 0.0877 -0.5969
vn 0.7349 0.4312 0.5234
vn 0.7355 0.4277 0.5255
vn 0.7370 0.4264 0.5245
vn -0.5159 0.8441 -0.1462
vn -0.5124 0.8463 -0.1458
vn -0.5153 0.8439 -0.1493
vn -0.5410 0.4815 0.6895
vn -0.5414 0.4844 0.6872
vn -0.5433 0.4819 0.6875
vn 0.2905 -0.9501 -0.1137
vn 0.2900 -0.9506 -0.1107
vn 0.2918 -0.9499 -0.1122
vn 0.9484 0.0074 -0.3169
vn 0.9476 0.0043 -0.3195
vn 0.9466 0.0096 -0.3224
vn 0.1745 0.3263 0.9290
vn 0.1780 0.3284 0.9276
vn 0.1723 0.3258 0.9296
vn 0.3414 0.9160 0.2107
vn 0.3433 0.9170 0.2032
vn 0.3403 0.9173 0.2069
vn -0.5528 0.6160 0.5612
vn -0.5521 0.6179 0.5599
vn -0.5511 0.6187 0.5598
vn 0.8351 0.3578 -0.4177
vn 0.8351 0.3564 -0.4191
vn 0.8349 0.3598 -0.4166
vn -0.4720 0.7324 0.4907
vn -0.4757 0.7312 0.4890
vn -0.4756 0.7311 0.4891
vn -0.4518 0.7082 -0.5425
vn -0.4498 0.7105 -0.5412
vn -0.4495 0.7106 -0.5413
vn -0.6420 0.7410 -0.1970
vn -0.6414 0.7406 -0.2002
vn -0.6417 0.7400 -0.2014
vn 0.2600 0.7214 -0.6419
vn 0.2582 0.7174 -0.6470
vn 0.2582 0.7175 -0.6470
vn 0.3349 -0.7963 -0.5038
vn 0.3334 -0.7953 -0.5064
vn 0.3357 -0.7934 -0.5077
vn 0.4406 -0.7851 -0.4353
vn 0.4399 -0.7853 -0.4357
vn 0.4375 -0.7850 -0.4386
vn 0.8200 0.4812 0.3099
vn 0.8211 0.4784 0.3114
vn 0.8210 0.4803 0.3088
vn -0.2854 -0.8618 -0.4193
vn -0.2878 -0.8629 -0.4154
vn -0.2852 -0.8641 -0.4147
vn -0.0703 0.9927 0.0980
vn -0.0688 0.9931 0.0948
vn -0.0683 0.9933 0.0931
vn -0.8802 0.0441 -0.4725
vn -0.8779 0.0506 -0.4762
vn -0.8787 0.0431 -0.4755
vn 0.5487 0.6861 -0.4777
vn 0.5514 0.6848 -0.4765
vn 0.5486 0.6841 -0.4806
vn -0.2755 0.9353 -0.2221
vn -0.2715 0.9359 -0.2244
vn -0.2753 0.9347 -0.2248
vn 0.2447 -0.7617 -0.6000
vn 0.2412 -0.7622 -0.6007
vn 0.2432 -0.7608 -0.6017
vn 0.3300 0.9108 0.2480
vn 0.3327 0.9098 0.2480
vn 0.3325 0.9105 0.2458
vn -0.2046 0.9662 0.1570
vn -0.2020 0.9671 0.1544
vn -0.2043 0.9663 0.1568
vn 0.2096 0.8624 0.4608
vn 0.2119 0.8610 0.4625
vn 0.2102 0.8623 0.4608
vn -0.2157 0.9701 0.1113
vn -0.2115 0.9709 0.1120
vn -0.2169 0.9700 0.1101
vn -0.6367 0.3776 -0.6723
vn -0.6388 0.3780 -0.6702
vn -0.6340 0.3803 -0.6734
vn 0.5934 -0.7073 -0.3842
vn 0.5923 -0.7097 -0.3814
vn 0.5919 -0.7071 -0.3869
vn -0.6341 -0.0887 -0.7681
vn -0.6336 -0.0877 -0.7687
vn -0.6319 -0.0871 -0.7702
vn 0.9726 -0.0695 0.2221
vn 0.9719 -0.0716 0.2243
vn 0.9721 -0.0723 0.2232
vn 0.2394 -0.9646 -0.1105
vn 0.2393 -0.9655 -0.1029
vn 0.2412 -0.9645 -0.1076
vn -0.8234 0.1519 -0.5468
vn -0.8235 0.1509 -0.5468
vn -0.8222 0.1547 -0.5478
vn 0.1225 0.2946 0.9477
vn 0.1282 0.2909 0.9481
vn 0.1250 0.2938 0.9477
vn -0.7314 0.3772 -0.5682
vn -0.7282 0.3814 -0.5694
vn -0.7289 0.3780 -0.5708
vn 0.0008 -0.7962 -0.6051
vn -0.0022 -0.7953 -0.6061
vn -0.0003 -0.7941 -0.6078
vn -0.5161 0.7825 -0.3483
vn -0.5138 0.7855 -0.3450
vn -0.5139 0.7840 -0.3482
vn 0.0346 -0.8231 -0.5669
vn 0.0318 -0.8219 -0.5687
vn 0.0322 -0.8208 -0.5702
vn -0.5096 -0.8345 -0.2097
vn -0.5131 -0.8317 -0.2121
vn -0.5103 -0.8331 -0.2132
vn 0.4731 0.4848 0.7356
vn 0.4752 0.4827 0.7357
vn 0.4749 0.4842 0.7349
vn 0.1949 0.3844 0.9024
vn 0.1968 0.3804 0.9036
vn 0.1956 0.3858 0.9016
vn -0.6745 0.1567 -0.7215
vn -0.6737 0.1607 -0.7213
vn -0.6705 0.1590 -0.7246
vn 0.2928 0.6049 -0.7405
vn 0.2940 0.6026 -0.7419
vn 0.2941 0.6014 -0.7429
vn 0.4838 0.6202 -0.6175
vn 0.4869 0.6169 -0.6183
vn 0.4846 0.6183 -0.6187
vn -0.2199 0.7947 -0.5658
vn -0.2157 0.7946 -0.5675
vn -0.2192 0.7925 -0.5691
vn 0.6023 -0.7797 -0.1711
vn 0.6029 -0.7779 -0.1772
vn 0.6013 -0.7796 -0.1750
vn -0.8198 -0.1903 -0.5400
vn -0.8200 -0.1884 -0.5405
vn -0.8169 -0.1876 -0.5454
vn 0.8200 0.2160 -0.5300
vn 0.8156 0.2157 -0.5369
vn 0.8173 0.2201 -0.5326
vn -0.2913 -0.9327 -0.2127
vn -0.2959 -0.9310 -0.2136
vn -0.2903 -0.9325 -0.2149
vn -0.1960 0.5433 0.8163
vn -0.1973 0.5446 0.8152
vn -0.1982 0.5433 0.8158
vn -0.1208 -0.8786 -0.4619
vn -0.1227 -0.8801 -0.4587
vn -0.1208 -0.8781 -0.4629
vn 0.3836 -0.7676 -0.5135
vn 0.3831 -0.7680 -0.5133
vn 0.3820 -0.7658 -0.5173
vn 0.9514 -0.2181 -0.2173
vn 0.9503 -0.2227 -0.2174
vn 0.9498 -0.2234 -0.2191
vn 0.1224 0.5848 -0.8019
vn 0.1215 0.5822 -0.8039
vn 0.1216 0.5827 -0.8036
vn -0.8514 0.1209 -0.5104
vn -0.8542 0.1215 -0.5056
vn -0.8521 0.1210 -0.5092
vn 0.4010 0.4674 -0.7878
vn 0.4027 0.4653 -0.7882
vn 0.3981 0.4682 -0.7889
vn 0.9961 -0.0864 -0.0188
vn 0.9959 -0.0887 -0.0185
vn 0.9960 -0.0867 -0.0205
vn 0.5441 -0.7257 -0.4211
vn 0.5411 -0.7292 -0.4189
vn 0.5418 -0.7272 -0.4214
vn -0.4756 0.7909 0.3850
vn -0.4745 0.7921 0.3841
vn -0.4783 0.7908 0.3819
vn -0.4013 0.7751 0.4880
vn -0.3994 0.7748 0.4901
vn -0.3992 0.7769 0.4869
vn -0.6566 -0.3601 -0.6627
vn -0.6580 -0.3574 -0.6628
vn -0.6541 -0.3612 -0.6647
vn 0.7298 0.6431 0.2320
vn 0.7295 0.6428 0.2337
vn 0.7302 0.6425 0.2323
vn -0.4873 0.5913 -0.6425
vn -0.4854 0.5939 -0.6416
vn -0.4844 0.5935 -0.6427
vn 0.9759 -0.0881 -0.1998
vn 0.9748 -0.0878 -0.2052
vn 0.9755 -0.0849 -0.2032
vn -0.4466 0.8369 -0.3165
vn -0.4431 0.8391 -0.3156
vn -0.4439 0.8375 -0.3186
vn -0.3771 0.7859 -0.4900
vn -0.3768 0.7840 -0.4933
vn -0.3803 0.7846 -0.4898
vn -0.3898 -0.8605 -0.3280
vn -0.3949 -0.8590 -0.3259
vn -0.3922 -0.8590 -0.3292
vn 0.8470 0.5316 -0.0079
vn 0.8468 0.5318 -0.0061
vn 0.8483 0.5294 -0.0086
vn -0.6136 0.7063 0.3532
vn -0.6116 0.7080 0.3531
vn -0.6146 0.7059 0.3520
vn -0.4941 -0.8432 -0.2120
vn -0.4973 -0.8417 -0.2103
vn -0.4945 -0.8424 -0.2141
vn 0.4299 -0.9029 -0.0032
vn 0.4292 -0.9032 -0.0058
vn 0.4312 -0.9022 -0.0076
vn 0.0532 -0.9399 -0.3372
vn 0.0478 -0.9388 -0.3411
vn 0.0507 -0.9385 -0.3415
vn -0.2548 0.9176 0.3053
vn -0.2512 0.9196 0.3022
vn -0.2554 0.9185 0.3020
vn -0.9494 0.0956 -0.2991
vn -0.9489 0.0889 -0.3029
vn -0.9505 0.0867 -0.2984
vn 0.9759 -0.0973 -0.1953
vn 0.9759 -0.1014 -0.1931
vn 0.9757 -0.1015 -0.1943
vn -0.8332 0.1289 -0.5377
vn -0.8339 0.1300 -0.5365
vn -0.8317 0.1297 -0.5399
vn -0.6941 0.6186 -0.3682
vn -0.6928 0.6198 -0.3686
vn -0.6930 0.6178 -0.3716
vn -0.3633 0.6652 -0.6523
vn -0.3662 0.6645 -0.6514
vn -0.3657 0.6664 -0.6498
vn 0.5082 0.7563 -0.4120
vn 0.5073 0.7546 -0.4161
vn 0.5052 0.7563 -0.4157
vn -0.1496 0.8063 0.5722
vn -0.1461 0.8069 0.5723
vn -0.1478 0.8074 0.5711
vn 0.6619 -0.2821 -0.6945
vn 0.6593 -0.2831 -0.6965
vn 0.6592 -0.2816 -0.6972
vn -0.2365 0.8587 -0.4546
vn -0.2334 0.8575 -0.4585
vn -0.2377 0.8570 -0.4572
vn 0.2718 -0.8444 -0.4616
vn 0.2708 -0.8422 -0.4662
vn 0.2724 -0.8425 -0.4646
vn 0.8530 0.5219 -0.0073
vn 0.8528 0.5221 -0.0097
vn 0.8520 0.5236 -0.0078
vn -0.2123 0.2883 0.9337
vn -0.2133 0.2929 0.9320
vn -0.2141 0.2908 0.9325
vn -0.1099 0.9180 0.3810
vn -0.1079 0.9207 0.3750
vn -0.1106 0.9188 0.3789
vn -0.1285 0.3635 0.9227
vn -0.1330 0.3684 0.9201
vn -0.1310 0.3645 0.9220
vn -0.3240 -0.9051 -0.2753
vn -0.3264 -0.9037 -0.2771
vn -0.3229 -0.9039 -0.2806
vn -0.1458 -0.9561 -0.2542
vn -0.1459 -0.9560 -0.2546
vn -0.1470 -0.9557 -0.2550
vn 0.4643 -0.7393 -0.4877
vn 0.4601 -0.7430 -0.4861
vn 0.4613 -0.7401 -0.4893
vn 0.9554 -0.2436 0.1671
vn 0.9544 -0.2456 0.1695
vn 0.9553 -0.2446 0.1663
vn 0.5858 -0.7596 -0.2826
vn 0.5825 -0.7626 -0.2813
vn 0.5856 -0.7591 -0.2842
vn 0.8176 0.3031 -0.4895
vn 0.8186 0.2966 -0.4919
vn 0.8150 0.3011 -0.4950
vn 0.9046 -0.0724 -0.4201
vn 0.9026 -0.0739 -0.4240
vn 0.9021 -0.0737 -0.4251
vn -0.4009 0.7701 0.4962
vn -0.3989 0.7719 0.4950
vn -0.4007 0.7724 0.4929
vn -0.9352 -0.2008 -0.2916
vn -0.9370 -0.1995 -0.2866
vn -0.9353 -0.2011 -0.2910
vn -0.3480 0.6080 0.7137
vn -0.3436 0.6112 0.7130
vn -0.3487 0.6090 0.7124
vn 0.8450 0.4986 0.1932
vn 0.8456 0.4964 0.1964
vn 0.8458 0.4970 0.1940
vn 0.0517 -0.8071 -0.5881
vn 0.0491 -0.8081 -0.5870
vn 0.0521 -0.8053 -0.5905
vn 0.2566 -0.7381 -0.6240
vn 0.2582 -0.7359 -0.6259
vn 0.2599 -0.7374 -0.6235
vn -0.1566 0.8185 -0.5528
vn -0.1582 0.8162 -0.5557
vn -0.1585 0.8183 -0.5525
vn -0.1755 -0.9645 -0.1974
vn -0.1787 -0.9633 -0.2005
vn -0.1791 -0.9631 -0.2010
vn 0.0792 -0.7895 -0.6086
vn 0.0760 -0.7877 -0.6113
vn 0.0803 -0.7871 -0.6116
vn -0.2921 0.9033 0.3143
vn -0.2877 0.9053 0.3126
vn -0.2899 0.9050 0.3113
vn 0.6286 0.4788 -0.6129
vn 0.6285 0.4772 -0.6143
vn 0.6245 0.4836 -0.6133
vn -0.6582 -0.7365 -0.1559
vn -0.6606 -0.7353 -0.1513
vn -0.6606 -0.7344 -0.1557
vn -0.8630 -0.3464 -0.3678
vn -0.8654 -0.3456 -0.3628
vn -0.8645 -0.3428 -0.3676
vn -0.8307 0.4300 -0.3535
vn -0.8307 0.4335 -0.3493
vn -0.8292 0.4331 -0.3534
vn 0.9484 -0.2413 -0.2054
vn 0.9492 -0.2422 -0.2010
vn 0.9487 -0.2443 -0.2010
vn -0.2865 -0.9518 -0.1099
vn -0.2903 -0.9504 -0.1113
vn -0.2914 -0.9501 -0.1110
vn 0.1208 0.5992 0.7914
vn 0.1244 0.6009 0.7896
vn 0.1215 0.6011 0.7899
vn 0.1492 0.7814 -0.6059
vn 0.1495 0.7815 -0.6057
vn 0.1538 0.7800 -0.6065
vn 0.8306 -0.5533 -0.0638
vn 0.8299 -0.5541 -0.0644
vn 0.8298 -0.5540 -0.0670
vn -0.2027 -0.6649 -0.7189
vn -0.2009 -0.6614 -0.7226
vn -0.1960 -0.6643 -0.7213
vn 0.8529 -0.4777 -0.2105
vn 0.8534 -0.4790 -0.2056
vn 0.8525 -0.4776 -0.2126
vn -0.1108 -0.9443 -0.3100
vn -0.1146 -0.9428 -0.3131
vn -0.1098 -0.9440 -0.3110
vn 0.2241 0.7323 -0.6431
vn 0.2231 0.7298 -0.6462
vn 0.2204 0.7317 -0.6450
vn 0.9075 -0.4157 -0.0597
vn 0.9062 -0.4189 -0.0572
vn 0.9062 -0.4181 -0.0632
vn 0.9192 0.1776 0.3515
vn 0.9197 0.1760 0.3509
vn 0.9207 0.1763 0.3482
vn 0.8260 0.5584 -0.0764
vn 0.8273 0.5564 -0.0769
vn 0.8275 0.5562 -0.0770
vn 0.6371 0.6637 -0.3918
vn 0.6389 0.6625 -0.3911
vn 0.6358 0.6623 -0.3963
vn 0.8788 0.4190 0.2285
vn 0.8804 0.4148 0.2301
vn 0.8804 0.4155 0.2284
vn 0.9257 -0.3419 -0.1619
vn 0.9266 -0.3411 -0.1583
vn 0.9249 -0.3447 -0.1601
vn 0.0169 -0.9244 -0.3811
vn 0.0129 -0.9229 -0.3849
vn 0.0144 -0.9237 -0.3829
vn 0.9220 -0.3804 -0.0720
vn 0.9200 -0.3855 -0.0706
vn 0.9195 -0.3865 -0.0708
vn -0.7905 -0.2621 -0.5536
vn -0.7909 -0.2651 -0.5516
vn -0.7917 -0.2606 -0.5526
vn -0.4676 0.3742 0.8008
vn -0.4674 0.3748 0.8007
vn -0.4719 0.3716 0.7995
vn -0.7385 0.6742 0.0003
vn -0.7369 0.6760 -0.0013
vn -0.7401 0.6725 -0.0019
vn 0.0636 0.9100 -0.4098
vn 0.0681 0.9110 -0.4068
vn 0.0664 0.9088 -0.4120
vn -0.8999 0.4002 0.1731
vn -0.9002 0.4002 0.1716
vn -0.9006 0.3985 0.1736
vn 0.6172 -0.7833 -0.0746
vn 0.6137 -0.7861 -0.0736
vn 0.6166 -0.7836 -0.0754
vn -0.3590 0.9101 0.2067
vn -0.3605 0.9099 0.2051
vn -0.3620 0.9094 0.2047
vn 0.6200 -0.3392 -0.7075
vn 0.6160 -0.3431 -0.7091
vn 0.6166 -0.3423 -0.7089
vn 0.9367 0.3495 -0.0217
vn 0.9372 0.3481 -0.0225
vn 0.9366 0.3497 -0.0236
vn -0.1015 -0.9441 -0.3136
vn -0.1059 -0.9436 -0.3136
vn -0.1048 -0.9428 -0.3164
vn 0.9013 -0.0994 -0.4216
vn 0.8996 -0.0944 -0.4264
vn 0.9019 -0.0946 -0.4215
vn -0.4080 0.3495 0.8434
vn -0.4092 0.3484 0.8433
vn -0.4108 0.3502 0.8418
vn -0.9905 -0.0468 -0.1294
vn -0.9905 -0.0399 -0.1316
vn -0.9899 -0.0461 -0.1343
vn 0.8138 0.2626 0.5185
vn 0.8147 0.2619 0.5174
vn 0.8159 0.2592 0.5169
vn 0.9192 -0.3845 -0.0846
vn 0.9189 -0.3863 -0.0804
vn 0.9196 -0.3845 -0.0801
vn -0.9665 0.0760 -0.2453
vn -0.9654 0.0765 -0.2492
vn -0.9660 0.0704 -0.2486
vn -0.9165 -0.3991 -0.0277
vn -0.9163 -0.3992 -0.0318
vn -0.9155 -0.4013 -0.0291
vn -0.7093 0.7002 -0.0814
vn -0.7083 0.7014 -0.0797
vn -0.7075 0.7018 -0.0829
vn 0.2031 0.9445 0.2581
vn 0.2045 0.9437 0.2602
vn 0.2060 0.9441 0.2574
vn -0.9067 -0.4207 -0.0294
vn -0.9090 -0.4156 -0.0314
vn -0.9081 -0.4175 -0.0330
vn 0.9243 -0.1565 -0.3480
vn 0.9237 -0.1626 -0.3468
vn 0.9238 -0.1591 -0.3481
vn -0.8073 0.3929 -0.4402
vn -0.8066 0.3922 -0.4422
vn -0.8057 0.3915 -0.4444
vn -0.1950 0.8962 -0.3984
vn -0.1968 0.8942 -0.4022
vn -0.1993 0.8954 -0.3982
vn -0.4234 -0.9052 0.0369
vn -0.4248 -0.9045 0.0361
vn -0.4205 -0.9067 0.0328
vn 0.0922 -0.9808 -0.1720
vn 0.0931 -0.9813 -0.1683
vn 0.0924 -0.9809 -0.1709
vn 0.8833 0.3355 -0.3274
vn 0.8822 0.3342 -0.3318
vn 0.8803 0.3414 -0.3294
vn -0.8900 0.2165 -0.4014
vn -0.8896 0.2151 -0.4028
vn -0.8905 0.2154 -0.4008
vn 0.9028 0.1605 0.3989
vn 0.9030 0.1575 0.3996
vn 0.9033 0.1629 0.3970
vn 0.4308 0.6268 0.6492
vn 0.4355 0.6246 0.6482
vn 0.4346 0.6274 0.6462
vn -0.8098 0.5706 -0.1368
vn -0.8077 0.5737 -0.1358
vn -0.8082 0.5727 -0.1372
vn -0.4474 -0.8716 -0.2004
vn -0.4523 -0.8693 -0.1993
vn -0.4522 -0.8693 -0.1996
vn 0.6618 -0.3593 0.6580
vn 0.6615 -0.3642 0.6556
vn 0.6640 -0.3607 0.6550
vn 0.8234 -0.2227 -0.5219
vn 0.8229 -0.2237 -0.5223
vn 0.8209 -0.2219 -0.5262
vn 0.5522 0.7935 0.2557
vn 0.5496 0.7971 0.2501
vn 0.5487 0.7958 0.2560
vn 0.3249 0.7808 0.5336
vn 0.3266 0.7829 0.5296
vn 0.3254 0.7827 0.5305
vn 0.5006 -0.4381 0.7466
vn 0.4973 -0.4361 0.7500
vn 0.4980 -0.4368 0.7491
vn -0.7892 0.2104 -0.5769
vn -0.7902 0.2078 -0.5765
vn -0.7884 0.2138 -0.5768
vn 0.6603 0.0584 0.7487
vn 0.6619 0.0556 0.7475
vn 0.6602 0.0596 0.7487
vn 0.2509 0.9412 0.2262
vn 0.2526 0.9416 0.2227
vn 0.2497 0.9424 0.2226
vn -0.3448 -0.0302 -0.9382
vn -0.3435 -0.0278 -0.9387
vn -0.3444 -0.0271 -0.9384
vn -0.9654 -0.1713 0.1964
vn -0.9663 -0.1660 0.1969
vn -0.9656 -0.1705 0.1965
vn 0.4754 -0.8160 -0.3288
vn 0.4734 -0.8177 -0.3275
vn 0.4741 -0.8170 -0.3282
vn 0.7607 -0.5106 0.4008
vn 0.7605 -0.5108 0.4009
vn 0.7606 -0.5106 0.4010
vn 0.4700 0.1456 -0.8706
vn 0.4702 0.1455 -0.8705
vn 0.4666 0.1465 -0.8723
vn 0.9160 -0.3798 0.1295
vn 0.9162 -0.3796 0.1285
vn 0.9162 -0.3800 0.1272
vn -0.1643 0.8789 -0.4479
vn -0.1690 0.8776 -0.4487
vn -0.1649 0.8799 -0.4457
vn 0.0371 -0.9346 -0.3538
vn 0.0323 -0.9347 -0.3541
vn 0.0340 -0.9331 -0.3579
vn -0.5706 -0.7448 -0.3460
vn -0.5739 -0.7417 -0.3472
vn -0.5718 -0.7422 -0.3495
vn -0.2008 0.9772 -0.0689
vn -0.2008 0.9772 -0.0686
vn 0.8212 -0.4765 0.3139
vn 0.8212 -0.4767 0.3137
vn 0.8214 -0.4764 0.3137
vn -0.0259 0.0631 -0.9977
vn -0.0263 0.0636 -0.9976
vn -0.0260 0.0635 -0.9976
vn -0.2633 0.0617 -0.9627
vn 0.6348 -0.5859 -0.5038
vn 0.6342 -0.5857 -0.5048
vn 0.6340 -0.5858 -0.5048
vn 0.1056 0.0128 -0.9943
vn 0.1060 0.0163 -0.9942
vn 0.1844 -0.4346 0.8815
vn 0.1842 -0.4343 0.8817
vn 0.1865 -0.4335 0.8816
vn 0.2611 0.9244 -0.2780
vn 0.2605 0.9257 -0.2741
vn 0.2660 0.9244 -0.2733
vn -0.5004 -0.7587 0.4172
vn -0.4994 -0.7614 0.4133
vn -0.4994 -0.7613 0.4136
vn 0.2351 -0.3289 -0.9147
vn 0.2350 -0.3313 -0.9138
vn 0.2354 -0.3343 -0.9126
vn -0.1947 -0.1901 0.9622
vn -0.1962 -0.1911 0.9618
vn -0.1964 -0.1913 0.9617
vn -0.0032 0.1025 0.9947
vn -0.0030 0.1027 0.9947
vn 0.0005 0.1004 0.9949
vn -0.0079 0.0007 1.0000
vn -0.0110 -0.0013 0.9999
vn -0.0038 0.0006 1.0000
vn -0.5533 0.1961 -0.8096
vn -0.5533 0.1961 -0.8095
vn -0.5533 0.1962 -0.8095
vn 0.6783 0.4562 0.5761
vn 0.6784 0.4563 0.5759
vn 0.6784 0.4563 0.5758
vn -0.8828 0.3731 -0.2853
vn -0.8827 0.3731 -0.2856
vn -0.8823 0.3731 -0.2869
vn 0.0211 -0.0938 0.9954
vn 0.0161 -0.0913 0.9957
vn 0.0171 -0.0948 0.9953
vn -0.1157 -0.1013 0.9881
vn -0.5894 0.5601 -0.5821
vn -0.7244 0.4217 0.5453
vn -0.7245 0.4215 0.5453
vn -0.7243 0.4220 0.5452
vn -0.2510 0.1972 0.9477
vn -0.4674 0.0287 0.8836
vn -0.3496 -0.0567 0.9352
vn -0.1406 -0.7639 -0.6298
vn -0.1405 -0.7627 -0.6313
vn -0.1360 -0.7613 -0.6340
vn 0.6316 0.7447 0.2155
vn 0.6338 0.7436 0.2129
vn 0.6317 0.7456 0.2122
vn -0.6536 0.3261 -0.6830
vn -0.6542 0.3257 -0.6825
vn -0.6550 0.3216 -0.6837
vn -0.2071 0.2795 -0.9376
vn -0.2071 0.2794 -0.9376
vn -0.8975 -0.4059 -0.1724
vn -0.8976 -0.4055 -0.1726
vn -0.4336 0.2736 -0.8586
vn -0.4336 0.2732 -0.8587
vn -0.4329 0.2735 -0.8589
vn -0.8638 0.3139 0.3942
vn -0.4335 0.0566 -0.8994
vn -0.4341 0.0562 -0.8991
vn -0.4340 0.0561 -0.8992
vn -0.4037 0.0857 -0.9109
vn -0.4037 0.0860 -0.9108
vn -0.4035 0.0860 -0.9109
vn -0.5125 -0.8523 0.1046
vn -0.5126 -0.8524 0.1036
vn -0.5127 -0.8522 0.1041
vn 0.3415 -0.2641 -0.9020
vn 0.2539 -0.0154 -0.9671
vn 0.4653 -0.1750 -0.8677
vn -0.3886 -0.0107 -0.9213
vn -0.3889 -0.0131 -0.9212
vn -0.3861 -0.0101 -0.9224
vn 0.5226 0.2300 -0.8210
vn 0.5229 0.2258 -0.8219
vn 0.5212 0.2317 -0.8214
vn -0.4422 0.8849 0.1467
vn -0.4405 0.8866 0.1410
vn -0.4402 0.8865 0.1423
vn 0.0660 0.2983 -0.9522
vn 0.0674 0.2958 -0.9529
vn 0.0672 0.2981 -0.9522
vn -0.9256 -0.3642 0.1029
vn -0.9261 -0.3636 0.1006
vn -0.9245 -0.3677 0.1005
vn -0.9118 0.3386 -0.2323
vn -0.9130 0.3392 -0.2268
vn -0.9114 0.3410 -0.2305
vn 0.2670 0.8287 -0.4919
vn 0.2647 0.8287 -0.4931
vn 0.2634 0.8298 -0.4920
vn -0.4966 -0.8635 0.0877
vn -0.4966 -0.8636 0.0871
vn -0.4928 -0.8656 0.0885
vn -0.6967 -0.7138 0.0713
vn -0.6995 -0.7110 0.0726
vn -0.6974 -0.7133 0.0693
vn 0.2344 0.0778 0.9690
vn 0.2353 0.0760 0.9690
vn 0.2369 0.0776 0.9684
vn -0.9061 0.4214 -0.0370
vn -0.9064 0.4207 -0.0394
vn -0.9065 0.4205 -0.0388
vn -0.9443 0.2727 -0.1841
vn -0.9430 0.2773 -0.1838
vn -0.9436 0.2756 -0.1835
vn 0.5865 0.2016 -0.7844
vn 0.5856 0.1982 -0.7860
vn 0.5859 0.2024 -0.7847
vn 0.0180 0.9276 -0.3732
vn 0.0197 0.9256 -0.3779
vn 0.0186 0.9263 -0.3764
vn -0.0070 0.3334 0.9428
vn -0.0037 0.3325 0.9431
vn -0.0039 0.3333 0.9428
vn -0.8777 0.0949 -0.4697
vn -0.8774 0.0934 -0.4706
vn -0.8778 0.0949 -0.4695
vn -0.5357 -0.7262 -0.4309
vn -0.5388 -0.7228 -0.4327
vn -0.5356 -0.7258 -0.4316
vn 0.6164 -0.7834 -0.0795
vn 0.6138 -0.7856 -0.0784
vn 0.6146 -0.7846 -0.0818
vn 0.8925 0.2959 0.3405
vn 0.8913 0.2963 0.3433
vn 0.8920 0.2960 0.3415
vn 0.6665 -0.6275 -0.4026
vn 0.6682 -0.6257 -0.4024
vn 0.6662 -0.6283 -0.4019
vn 0.6639 -0.5968 -0.4506
vn 0.6651 -0.5978 -0.4475
vn 0.6610 -0.5995 -0.4513
vn -0.9799 0.1748 -0.0962
vn -0.9799 0.1739 -0.0979
vn -0.9807 0.1703 -0.0963
vn 0.8516 0.5038 -0.1451
vn 0.8520 0.5030 -0.1452
vn 0.8516 0.5033 -0.1465
vn 0.6452 -0.3598 0.6740
vn 0.6472 -0.3598 0.6721
vn 0.6479 -0.3568 0.6730
vn -0.0187 0.9563 -0.2919
vn -0.0191 0.9578 -0.2868
vn -0.0159 0.9565 -0.2912
vn 0.7042 0.1240 0.6991
vn 0.7059 0.1204 0.6980
vn 0.7067 0.1195 0.6973
vn -0.3426 0.1403 -0.9289
vn -0.3417 0.1427 -0.9289
vn -0.3444 0.1397 -0.9284
vn 0.1765 0.0565 -0.9827
vn 0.1778 0.0519 -0.9827
vn 0.1778 0.0538 -0.9826
vn -0.8238 0.5626 0.0696
vn -0.8236 0.5627 0.0713
vn -0.8214 0.5661 0.0697
vn -0.6231 -0.7582 -0.1918
vn -0.6239 -0.7573 -0.1931
vn -0.6213 -0.7594 -0.1930
vn 0.8689 -0.4639 0.1727
vn 0.8666 -0.4681 0.1731
vn 0.8698 -0.4625 0.1718
vn 0.0656 -0.8483 -0.5254
vn 0.0676 -0.8446 -0.5311
vn 0.0709 -0.8461 -0.5283
vn 0.5119 -0.7937 0.3286
vn 0.5077 -0.7957 0.3304
vn 0.5105 -0.7945 0.3287
vn 0.7242 0.6527 0.2224
vn 0.7263 0.6497 0.2244
vn 0.7261 0.6507 0.2222
vn -0.6359 -0.7508 -0.1788
vn -0.6401 -0.7481 -0.1752
vn -0.6400 -0.7475 -0.1776
vn 0.8074 -0.0685 -0.5860
vn 0.8046 -0.0669 -0.5900
vn 0.8067 -0.0666 -0.5872
vn -0.2926 0.8364 0.4634
vn -0.2891 0.8365 0.4654
vn -0.2882 0.8372 0.4649
vn 0.7188 -0.3570 -0.5966
vn 0.7191 -0.3609 -0.5939
vn 0.7147 -0.3620 -0.5985
vn -0.9203 0.3889 -0.0426
vn -0.9196 0.3905 -0.0431
vn -0.9198 0.3898 -0.0443
vn 0.5911 0.7827 0.1948
vn 0.5944 0.7805 0.1934
vn 0.5946 0.7809 0.1918
vn 0.7108 0.6981 -0.0861
vn 0.7122 0.6960 -0.0912
vn 0.7097 0.6986 -0.0912
vn 0.0354 -0.8846 -0.4649
vn 0.0369 -0.8832 -0.4675
vn 0.0388 -0.8835 -0.4669
vn -0.8703 0.4915 -0.0312
vn -0.8702 0.4919 -0.0300
vn -0.8714 0.4894 -0.0336
vn 0.8854 -0.3238 0.3336
vn 0.8850 -0.3258 0.3326
vn 0.8859 -0.3235 0.3324
vn 0.3757 -0.8824 0.2832
vn 0.3761 -0.8815 0.2854
vn 0.3763 -0.8827 0.2815
vn 0.3312 0.9288 -0.1664
vn 0.3314 0.9280 -0.1704
vn 0.3311 0.9284 -0.1687
vn 0.6307 -0.4279 -0.6474
vn 0.6302 -0.4304 -0.6462
vn 0.6272 -0.4292 -0.6499
vn -0.6082 0.7898 0.0796
vn -0.6061 0.7913 0.0812
vn -0.6069 0.7908 0.0801
vn 0.2332 0.3363 -0.9124
vn 0.2328 0.3356 -0.9128
vn 0.2370 0.3358 -0.9116
vn -0.6083 0.7342 -0.3014
vn -0.6060 0.7352 -0.3037
vn -0.6071 0.7349 -0.3023
vn 0.6060 -0.7572 0.2439
vn 0.6040 -0.7587 0.2442
vn 0.6051 -0.7581 0.2430
vn -0.4922 0.8528 -0.1743
vn -0.4943 0.8510 -0.1773
vn -0.4935 0.8523 -0.1734
vn -0.6543 -0.7402 -0.1552
vn -0.6562 -0.7384 -0.1551
vn -0.6665 -0.7312 -0.1457
vn -0.4505 -0.8776 -0.1639
vn -0.4473 -0.8790 -0.1654
vn -0.4483 -0.8789 -0.1629
vn -0.2517 -0.6803 -0.6884
vn -0.2490 -0.6782 -0.6914
vn -0.2490 -0.6763 -0.6933
vn -0.9532 0.2294 -0.1969
vn -0.9527 0.2302 -0.1983
vn -0.9532 0.2289 -0.1977
vn -0.2270 0.5589 -0.7975
vn -0.2257 0.5572 -0.7991
vn -0.2277 0.5552 -0.8000
vn -0.2677 0.9550 -0.1276
vn -0.2673 0.9547 -0.1307
vn -0.2716 0.9535 -0.1309
vn -0.5548 -0.8318 -0.0155
vn -0.5524 -0.8334 -0.0171
vn -0.5508 -0.8345 -0.0154
vn 0.6072 0.0178 -0.7943
vn 0.6081 0.0196 -0.7936
vn 0.6055 0.0182 -0.7957
vn -0.5887 -0.6089 -0.5317
vn -0.5882 -0.6070 -0.5344
vn -0.5896 -0.6048 -0.5353
vn 0.7369 0.6728 -0.0661
vn 0.7349 0.6749 -0.0662
vn 0.7346 0.6756 -0.0635
vn -0.4102 -0.5108 -0.7556
vn -0.4106 -0.5092 -0.7564
vn -0.4102 -0.5077 -0.7576
vn 0.6839 -0.3900 -0.6165
vn 0.6855 -0.3905 -0.6145
vn 0.6848 -0.3950 -0.6124
vn 0.8447 0.4938 0.2064
vn 0.8454 0.4915 0.2090
vn 0.8458 0.4930 0.2038
vn -0.1885 -0.5218 -0.8320
vn -0.1892 -0.5215 -0.8320
vn -0.1895 -0.5213 -0.8320
vn -0.7581 -0.5437 -0.3601
vn -0.7622 -0.5388 -0.3588
vn -0.7591 -0.5428 -0.3593
vn -0.8269 -0.0266 -0.5617
vn -0.8262 -0.0257 -0.5629
vn -0.8269 -0.0295 -0.5616
vn -0.8594 -0.2827 -0.4260
vn -0.8595 -0.2813 -0.4267
vn -0.8593 -0.2819 -0.4267
vn 0.4442 0.7366 -0.5099
vn 0.4458 0.7353 -0.5105
vn 0.4421 0.7366 -0.5118
vn -0.6613 0.7459 0.0793
vn -0.6600 0.7475 0.0751
vn -0.6621 0.7450 0.0808
vn 0.4188 -0.8899 0.1808
vn 0.4183 -0.8909 0.1770
vn 0.4223 -0.8894 0.1751
vn -0.3439 0.9382 -0.0394
vn -0.3447 0.9379 -0.0390
vn -0.3467 0.9370 -0.0422
vn 0.2805 0.8780 0.3880
vn 0.2832 0.8768 0.3887
vn 0.2795 0.8787 0.3869
vn 0.9214 0.0863 -0.3789
vn 0.9223 0.0804 -0.3781
vn 0.9208 0.0846 -0.3807
vn -0.4444 0.7551 0.4821
vn -0.4435 0.7553 0.4826
vn -0.4436 0.7555 0.4821
vn -0.7675 0.6070 -0.2061
vn -0.7680 0.6056 -0.2085
vn -0.7680 0.6064 -0.2063
vn -0.3888 0.7399 -0.5490
vn -0.3886 0.7409 -0.5478
vn -0.3865 0.7404 -0.5499
vn 0.8849 -0.4501 0.1196
vn 0.8849 -0.4518 0.1136
vn 0.8875 -0.4453 0.1187
vn -0.9093 0.1295 0.3955
vn -0.9089 0.1324 0.3953
vn -0.9102 0.1335 0.3921
vn -0.7402 0.1072 -0.6638
vn -0.7400 0.1126 -0.6632
vn -0.7394 0.1078 -0.6646
vn 0.3494 -0.9368 -0.0191
vn 0.3471 -0.9376 -0.0198
vn 0.3477 -0.9373 -0.0229
vn -0.4025 0.8114 -0.4238
vn -0.3997 0.8113 -0.4266
vn -0.4009 0.8112 -0.4258
vn 0.6477 0.7247 0.2350
vn 0.6492 0.7240 0.2333
vn 0.6445 0.7274 0.2355
vn 0.1156 -0.7959 -0.5943
vn 0.1152 -0.7950 -0.5956
vn 0.1192 -0.7966 -0.5927
vn 0.6372 -0.7665 -0.0809
vn 0.6374 -0.7657 -0.0855
vn 0.6382 -0.7651 -0.0856
vn -0.4158 0.0877 -0.9052
vn -0.4162 0.0885 -0.9050
vn -0.4154 0.0856 -0.9056
vn -0.2021 -0.9794 0.0048
vn -0.2041 -0.9789 0.0053
vn -0.2006 -0.9797 0.0027
vn 0.7564 -0.2716 -0.5950
vn 0.7577 -0.2722 -0.5931
vn 0.7549 -0.2772 -0.5944
vn -0.5392 0.8034 0.2526
vn -0.5384 0.8037 0.2532
vn -0.5389 0.8036 0.2527
vn 0.9940 0.1011 -0.0422
vn 0.9945 0.0960 -0.0420
vn 0.9944 0.0960 -0.0453
vn -0.1206 0.7980 0.5905
vn -0.1180 0.7981 0.5908
vn -0.1217 0.7989 0.5890
vn -0.7346 0.6706 -0.1035
vn -0.7345 0.6707 -0.1031
vn -0.7340 0.6713 -0.1033
vn 0.9859 0.1472 -0.0791
vn 0.9863 0.1432 -0.0822
vn 0.9864 0.1397 -0.0863
vn -0.6609 0.7505 0.0039
vn -0.6631 0.7485 0.0047
vn -0.6643 0.7475 0.0040
vn 0.8632 0.1187 0.4908
vn 0.8639 0.1149 0.4904
vn 0.8629 0.1205 0.4908
vn -0.1902 0.9425 0.2748
vn -0.1892 0.9433 0.2727
vn -0.1882 0.9435 0.2726
vn 0.1247 -0.9657 -0.2279
vn 0.1226 -0.9657 -0.2290
vn 0.1262 -0.9648 -0.2306
vn 0.6878 0.7070 0.1644
vn 0.6877 0.7071 0.1645
vn 0.6889 0.7069 0.1603
vn -0.8507 -0.4616 -0.2516
vn -0.8493 -0.4607 -0.2578
vn -0.8492 -0.4638 -0.2527
vn 0.1638 0.9345 0.3161
vn 0.1645 0.9343 0.3162
vn 0.1656 0.9339 0.3168
vn -0.6392 -0.5920 -0.4909
vn -0.6397 -0.5864 -0.4969
vn -0.6395 -0.5875 -0.4959
vn -0.4491 0.8183 -0.3587
vn -0.4497 0.8196 -0.3551
vn -0.4523 0.8167 -0.3583
vn 0.2038 -0.7443 -0.6360
vn 0.2008 -0.7447 -0.6365
vn 0.1992 -0.7434 -0.6385
vn 0.1895 -0.9777 0.0899
vn 0.1849 -0.9787 0.0893
vn 0.1880 -0.9781 0.0891
vn -0.4862 -0.8736 -0.0223
vn -0.4873 -0.8729 -0.0223
vn -0.4858 -0.8737 -0.0266
vn 0.2376 -0.7159 -0.6565
vn 0.2361 -0.7186 -0.6541
vn 0.2367 -0.7179 -0.6547
vn -0.9692 0.1969 -0.1482
vn -0.9676 0.2008 -0.1528
vn -0.9681 0.1980 -0.1533
vn 0.7334 -0.4178 0.5362
vn 0.7357 -0.4165 0.5341
vn 0.7360 -0.4162 0.5339
vn -0.9564 -0.2297 -0.1806
vn -0.9564 -0.2291 -0.1809
vn -0.9561 -0.2304 -0.1810
vn 0.9736 -0.2277 -0.0157
vn 0.9735 -0.2283 -0.0135
vn 0.9733 -0.2290 -0.0153
vn -0.0398 -0.8050 -0.5920
vn -0.0364 -0.8041 -0.5934
vn -0.0378 -0.8057 -0.5911
vn 0.3667 -0.9191 -0.1439
vn 0.3652 -0.9198 -0.1438
vn 0.3648 -0.9196 -0.1456
vn 0.1901 -0.9776 0.0907
vn 0.1857 -0.9781 0.0935
vn 0.1861 -0.9783 0.0906
vn 0.5476 0.7810 -0.3004
vn 0.5494 0.7791 -0.3019
vn 0.5481 0.7798 -0.3024
vn -0.8303 -0.2826 -0.4803
vn -0.8269 -0.2840 -0.4853
vn -0.8271 -0.2869 -0.4834
vn -0.3389 0.9317 -0.1305
vn -0.3373 0.9323 -0.1303
vn -0.3381 0.9319 -0.1314
vn -0.0402 -0.6768 -0.7351
vn -0.0419 -0.6745 -0.7371
vn -0.0384 -0.6743 -0.7375
vn -0.5324 0.8389 -0.1127
vn -0.5320 0.8390 -0.1141
vn -0.5323 0.8387 -0.1149
vn -0.4582 -0.8682 -0.1904
vn -0.4613 -0.8667 -0.1900
vn -0.4600 -0.8673 -0.1901
vn 0.6915 0.3821 -0.6131
vn 0.6956 0.3832 -0.6077
vn 0.6954 0.3801 -0.6099
vn 0.1206 0.7913 0.5995
vn 0.1218 0.7908 0.5999
vn 0.1209 0.7903 0.6006
vn 0.0466 -0.9568 -0.2869
vn 0.0453 -0.9565 -0.2882
vn 0.0468 -0.9562 -0.2889
vn 0.3494 0.9361 0.0410
vn 0.3448 0.9377 0.0429
vn 0.3491 0.9360 0.0442
vn -0.1647 0.7494 -0.6414
vn -0.1616 0.7502 -0.6411
vn -0.1633 0.7475 -0.6439
vn -0.7950 0.0699 -0.6026
vn -0.7945 0.0701 -0.6032
vn -0.7933 0.0714 -0.6046
vn -0.3402 0.9341 -0.1082
vn -0.3383 0.9350 -0.1066
vn -0.3401 0.9344 -0.1060
vn -0.4062 0.8661 -0.2912
vn 0.2814 0.8978 -0.3389
vn -0.2056 -0.9748 0.0864
vn -0.2052 -0.9751 0.0847
vn -0.2028 -0.9766 0.0713
vn -0.9089 -0.0876 0.4076
vn -0.8949 -0.0316 0.4452
vn -0.9250 -0.0704 0.3734
vn 0.1989 -0.9733 -0.1143
vn 0.1990 -0.9733 -0.1143
vn 0.1987 -0.9734 -0.1144
vn -0.8658 0.0440 -0.4985
vn -0.8696 0.0166 -0.4935
vn -0.8665 0.0436 -0.4973
vn 0.0588 0.4160 0.9074
vn 0.7945 -0.5790 -0.1833
vn 0.7945 -0.5789 -0.1833
vn -0.8165 -0.5364 0.2137
vn -0.6589 0.6880 0.3042
vn -0.6592 0.6877 0.3041
vn -0.6591 0.6878 0.3042
vn -0.1901 -0.9728 -0.1327
vn -0.1857 -0.9742 -0.1280
vn -0.1825 -0.9753 -0.1242
vn 0.0662 -0.6875 -0.7231
vn 0.0648 -0.6898 -0.7211
vn 0.0634 -0.6879 -0.7230
vn -0.0429 -0.8440 -0.5346
vn -0.0412 -0.8434 -0.5357
vn -0.0386 -0.8441 -0.5347
vn 0.1451 0.9858 0.0847
vn 0.1456 0.9857 0.0845
vn 0.1468 0.9858 0.0817
vn 0.9026 0.2611 0.3423
vn 0.9002 0.2660 0.3447
vn 0.9012 0.2611 0.3459
vn -0.8241 -0.2728 0.4964
vn -0.8244 -0.2730 0.4958
vn -0.8252 -0.2726 0.4947
vn -0.4902 0.0547 -0.8699
vn -0.4917 0.0562 -0.8689
vn -0.4893 0.0565 -0.8703
vn -0.5563 0.7747 0.3006
vn -0.5522 0.7721 0.3146
vn -0.5568 0.7633 0.3277
vn -0.7889 -0.6004 0.1309
vn -0.7903 -0.5993 0.1276
vn -0.7888 -0.6006 0.1306
vn -0.9986 -0.0273 0.0454
vn -0.9987 -0.0276 0.0440
vn -0.9986 -0.0303 0.0426
vn -0.7070 -0.6643 0.2424
vn -0.7089 -0.6629 0.2407
vn -0.7098 -0.6616 0.2419
vn 0.2977 0.2097 -0.9313
vn 0.2984 0.2091 -0.9313
vn 0.2989 0.2085 -0.9312
vn 0.0668 0.9977 -0.0132
vn 0.0672 0.9976 -0.0158
vn 0.0667 0.9976 -0.0164
vn 0.8263 0.3010 -0.4760
vn 0.8273 0.2982 -0.4761
vn 0.8260 0.3018 -0.4761
vn -0.4981 0.6993 -0.5126
vn -0.4954 0.7024 -0.5111
vn -0.4957 0.7010 -0.5127
vn -0.0028 -0.8674 -0.4977
vn -0.0016 -0.8672 -0.4980
vn 0.0007 -0.8666 -0.4990
vn -0.0534 -0.6963 -0.7158
vn -0.0522 -0.6931 -0.7189
vn -0.0519 -0.6952 -0.7169
vn -0.8110 -0.5731 0.1178
vn -0.8138 -0.5693 0.1163
vn -0.8129 -0.5714 0.1125
vn 0.7442 -0.6515 0.1476
vn 0.7403 -0.6564 0.1451
vn 0.7444 -0.6522 0.1429
vn 0.3108 0.9503 0.0168
vn 0.3151 0.9489 0.0153
vn 0.3132 0.9495 0.0159
vn -0.7827 -0.6094 0.1264
vn -0.7840 -0.6084 0.1232
vn -0.7845 -0.6077 0.1234
vn -0.8559 0.3736 -0.3575
vn -0.8543 0.3774 -0.3573
vn -0.8541 0.3761 -0.3592
vn -0.5313 0.8469 -0.0211
vn -0.5286 0.8486 -0.0240
vn -0.5297 0.8478 -0.0245
vn -0.8145 0.0871 -0.5735
vn -0.8144 0.0898 -0.5733
vn -0.8149 0.0866 -0.5731
vn 0.5839 -0.7391 -0.3358
vn 0.5869 -0.7372 -0.3347
vn 0.5814 -0.7409 -0.3362
vn 0.3909 -0.9126 -0.1196
vn 0.3898 -0.9133 -0.1176
vn 0.3860 -0.9148 -0.1191
vn 0.4186 -0.8990 0.1288
vn 0.4186 -0.8990 0.1284
vn 0.4197 -0.8990 0.1250
vn -0.2414 -0.5926 -0.7685
vn -0.2450 -0.5939 -0.7663
vn -0.2455 -0.5921 -0.7676
vn 0.2123 -0.8771 -0.4308
vn -0.9283 0.0338 0.3704
vn -0.9280 0.0344 0.3710
vn -0.9282 0.0346 0.3704
vn 0.1869 0.4015 0.8966
vn 0.1845 0.3990 0.8982
vn 0.1858 0.3991 0.8979
vn -0.7539 0.3170 -0.5754
vn -0.7505 0.3210 -0.5776
vn -0.7521 0.3215 -0.5754
vn 0.7613 -0.4530 -0.4639
vn 0.7573 -0.4591 -0.4645
vn 0.7579 -0.4550 -0.4675
vn -0.1272 -0.1340 -0.9828
vn -0.1234 -0.1363 -0.9830
vn -0.1231 -0.1373 -0.9828
vn -0.2935 0.9552 0.0371
vn -0.2928 0.9554 0.0384
vn -0.9003 0.4178 0.1223
vn -0.8999 0.4192 0.1199
vn -0.9017 0.4153 0.1200
vn -0.1013 -0.1157 -0.9881
vn -0.1053 -0.1138 -0.9879
vn -0.1038 -0.1130 -0.9882
vn 0.1927 0.6824 -0.7051
vn 0.1903 0.6825 -0.7057
vn 0.1912 0.6816 -0.7063
vn -0.0566 0.4442 -0.8941
vn -0.0568 0.4444 -0.8940
vn -0.6222 -0.4855 -0.6142
vn -0.6221 -0.4858 -0.6140
vn -0.6223 -0.4852 -0.6143
vn 0.0397 -0.4195 -0.9069
vn 0.0386 -0.4208 -0.9063
vn 0.0405 -0.4191 -0.9070
vn 0.0862 -0.4094 -0.9083
vn 0.0864 -0.4097 -0.9081
vn 0.0863 -0.4096 -0.9082
vn 0.8641 0.3642 -0.3474
vn 0.8665 0.3622 -0.3434
vn 0.8665 0.3598 -0.3459
vn 0.5908 0.7502 -0.2969
vn 0.5910 0.7493 -0.2988
vn 0.5909 0.7490 -0.2998
vn 0.1741 -0.9835 0.0489
vn 0.1732 -0.9835 0.0525
vn 0.1736 -0.9836 0.0498
vn -0.6410 0.0016 0.7675
vn -0.6408 0.0037 0.7677
vn -0.6407 0.0021 0.7678
vn 0.2300 0.0815 0.9698
vn 0.2284 0.0825 0.9701
vn 0.2300 0.0800 0.9699
vn -0.0005 -0.9482 -0.3176
vn -0.0039 -0.9476 -0.3194
vn -0.0028 -0.9474 -0.3199
vn -0.2059 0.1157 -0.9717
vn -0.2037 0.1200 -0.9716
vn -0.2065 0.1179 -0.9713
vn -0.2214 0.6421 -0.7339
vn -0.2199 0.6439 -0.7328
vn -0.2194 0.6415 -0.7351
vn -0.5457 -0.8177 0.1833
vn -0.5434 -0.8201 0.1792
vn -0.5429 -0.8202 0.1805
vn 0.2068 -0.8564 -0.4731
vn 0.2059 -0.8573 -0.4718
vn 0.2054 -0.8555 -0.4753
vn -0.1960 0.9736 -0.1168
vn -0.1931 0.9743 -0.1158
vn -0.1945 0.9737 -0.1191
vn 0.9543 0.2966 0.0370
vn 0.9542 0.2970 0.0356
vn 0.9541 0.2974 0.0359
vn 0.1969 -0.9720 -0.1285
vn 0.1962 -0.9720 -0.1294
vn 0.1960 -0.9718 -0.1314
vn 0.0480 -0.9875 -0.1503
vn 0.0455 -0.9878 -0.1486
vn 0.0473 -0.9873 -0.1517
vn -0.6222 -0.7084 -0.3331
vn -0.6252 -0.7059 -0.3329
vn -0.6239 -0.7063 -0.3345
vn 0.0833 -0.5708 -0.8169
vn 0.0809 -0.5708 -0.8171
vn 0.0811 -0.5690 -0.8183
vn -0.4788 -0.8346 0.2724
vn -0.4826 -0.8334 0.2692
vn -0.4778 -0.8365 0.2683
vn 0.0788 -0.5179 -0.8518
vn 0.0729 -0.5144 -0.8544
vn 0.0764 -0.5172 -0.8525
vn -0.9915 0.1261 -0.0326
vn -0.9916 0.1235 -0.0373
vn -0.9919 0.1217 -0.0362
vn 0.6391 0.4987 0.5856
vn 0.6398 0.4970 0.5862
vn 0.6437 0.4949 0.5837
vn 0.1643 0.9325 0.3215
vn 0.1651 0.9327 0.3206
vn 0.1666 0.9314 0.3237
vn 0.4722 -0.8049 -0.3594
vn 0.4700 -0.8025 -0.3676
vn 0.4711 -0.8042 -0.3624
vn 0.6031 -0.4967 0.6241
vn 0.6034 -0.4977 0.6231
vn 0.6033 -0.4978 0.6230
vn 0.8704 -0.4100 -0.2725
vn 0.8689 -0.4090 -0.2790
vn 0.8714 -0.4051 -0.2767
vn -0.6777 0.1925 -0.7097
vn -0.6769 0.1964 -0.7094
vn -0.6768 0.1939 -0.7102
vn -0.3179 0.8186 -0.4783
vn -0.3164 0.8199 -0.4771
vn -0.3119 0.8196 -0.4806
vn 0.9827 0.0115 -0.1850
vn 0.9817 0.0101 -0.1902
vn 0.9819 0.0119 -0.1889
vn 0.8474 0.3903 0.3600
vn 0.8488 0.3878 0.3594
vn 0.8481 0.3890 0.3597
vn -0.6018 -0.6756 -0.4259
vn -0.6027 -0.6761 -0.4239
vn -0.6023 -0.6756 -0.4252
vn 0.9164 0.3492 -0.1956
vn 0.9156 0.3478 -0.2018
vn 0.9159 0.3503 -0.1961
vn -0.8650 0.4987 -0.0551
vn -0.8625 0.5025 -0.0600
vn -0.8641 0.5001 -0.0572
vn 0.5997 -0.6160 -0.5108
vn 0.5964 -0.6167 -0.5138
vn 0.5985 -0.6149 -0.5135
vn 0.5148 -0.8186 -0.2547
vn 0.5074 -0.8242 -0.2515
vn 0.5141 -0.8185 -0.2566
vn 0.0197 -0.8893 -0.4568
vn 0.0193 -0.8898 -0.4560
vn 0.0200 -0.8887 -0.4581
vn -0.9635 0.0202 -0.2671
vn -0.9626 0.0225 -0.2699
vn -0.9625 0.0178 -0.2705
vn 0.4252 0.8780 -0.2201
vn 0.4280 0.8761 -0.2219
vn 0.4243 0.8779 -0.2219
vn -0.4920 0.8621 0.1211
vn -0.4908 0.8631 0.1190
vn -0.4940 0.8614 0.1183
vn -0.5045 0.6193 -0.6016
vn -0.5053 0.6206 -0.5996
vn -0.5034 0.6224 -0.5993
vn -0.4952 0.8032 -0.3312
vn -0.4926 0.8040 -0.3331
vn -0.4905 0.8048 -0.3342
vn -0.3314 -0.9290 0.1645
vn -0.3335 -0.9282 0.1648
vn -0.3357 -0.9279 0.1620
vn 0.6841 0.3159 0.6575
vn 0.6825 0.3147 0.6597
vn 0.6864 0.3184 0.6538
vn -0.0111 0.9153 -0.4026
vn -0.0110 0.9153 -0.4027
vn -0.0112 0.9154 -0.4024
vn 0.5810 -0.5073 0.6364
vn 0.6974 0.7067 0.1189
vn 0.6964 0.7073 0.1215
vn 0.6964 0.7071 0.1224
vn 0.7103 -0.6460 0.2795
vn 0.7118 -0.6442 0.2801
vn 0.7110 -0.6451 0.2800
vn 0.1878 -0.7001 -0.6889
vn 0.1864 -0.6989 -0.6905
vn 0.1877 -0.6984 -0.6907
vn 0.5670 -0.7011 -0.4325
vn 0.5662 -0.7008 -0.4339
vn 0.5679 -0.6998 -0.4332
vn 0.9397 0.2865 -0.1868
vn 0.9396 0.2840 -0.1912
vn 0.9390 0.2875 -0.1890
vn 0.5714 0.6004 -0.5594
vn 0.5714 0.5989 -0.5611
vn 0.5699 0.6010 -0.5604
vn -0.2165 -0.2619 -0.9405
vn -0.2181 -0.2643 -0.9395
vn -0.2177 -0.2617 -0.9403
vn -0.9583 -0.2575 0.1238
vn -0.9593 -0.2517 0.1281
vn -0.9585 -0.2561 0.1251
vn 0.8161 0.5333 -0.2225
vn 0.8179 0.5304 -0.2228
vn 0.8152 0.5342 -0.2239
vn -0.6169 0.7716 0.1550
vn -0.6150 0.7737 0.1524
vn -0.6190 0.7704 0.1528
vn -0.4260 0.6044 -0.6732
vn -0.4289 0.6089 -0.6673
vn -0.4302 0.6029 -0.6719
vn 0.8691 0.3499 -0.3497
vn 0.8687 0.3480 -0.3524
vn 0.8681 0.3506 -0.3513
vn 0.6795 0.7322 -0.0472
vn 0.6825 0.7291 -0.0517
vn 0.6810 0.7306 -0.0494
vn 0.5313 -0.6339 0.5621
vn 0.5255 -0.6382 0.5626
vn 0.5294 -0.6349 0.5628
vn -0.4602 0.8877 0.0154
vn -0.4576 0.8891 0.0116
vn -0.4601 0.8878 0.0132
vn 0.2213 -0.9747 -0.0318
vn 0.2209 -0.9747 -0.0342
vn 0.2213 -0.9746 -0.0345
vn 0.9199 0.0064 -0.3921
vn 0.9203 0.0010 -0.3912
vn 0.9186 -0.0001 -0.3951
vn -0.9631 0.1976 -0.1828
vn -0.9618 0.1973 -0.1899
vn -0.9625 0.1941 -0.1895
vn -0.3438 0.8844 -0.3155
vn -0.3429 0.8829 -0.3208
vn -0.3449 0.8817 -0.3220
vn -0.7978 -0.6019 0.0358
vn -0.7978 -0.6021 0.0323
vn -0.7954 -0.6052 0.0318
vn -0.0662 -0.9807 -0.1838
vn -0.0668 -0.9810 -0.1821
vn -0.0682 -0.9804 -0.1848
vn -0.9920 -0.0257 0.1240
vn -0.9926 -0.0260 0.1182
vn -0.9925 -0.0279 0.1188
vn 0.7975 -0.2250 -0.5598
vn 0.7980 -0.2252 -0.5590
vn 0.7955 -0.2298 -0.5607
vn 0.5206 0.8533 -0.0298
vn 0.5240 0.8513 -0.0250
vn 0.5225 0.8520 -0.0321
vn 0.5391 0.7741 0.3319
vn 0.5425 0.7730 0.3288
vn 0.5386 0.7760 0.3283
vn 0.2375 -0.9636 0.1227
vn 0.2367 -0.9642 0.1197
vn 0.2374 -0.9640 0.1201
vn -0.9525 0.2319 0.1976
vn -0.9519 0.2337 0.1981
vn -0.9521 0.2356 0.1947
vn -0.6446 0.7412 0.1874
vn -0.6437 0.7414 0.1897
vn -0.6436 0.7418 0.1884
vn 0.7289 0.1581 0.6661
vn 0.7315 0.1553 0.6640
vn 0.7314 0.1559 0.6639
vn 0.0706 -0.9843 0.1620
vn 0.0709 -0.9843 0.1618
vn 0.0704 -0.9843 0.1618
vn -0.9869 0.0411 0.1560
vn -0.9863 0.0419 0.1594
vn -0.9863 0.0433 0.1594
vn 0.9914 -0.1299 -0.0175
vn 0.9910 -0.1326 -0.0194
vn 0.9914 -0.1297 -0.0173
vn -0.4183 -0.9055 -0.0719
vn -0.4194 -0.9048 -0.0736
vn -0.4171 -0.9059 -0.0732
vn 0.7992 -0.4633 -0.3828
vn 0.7979 -0.4663 -0.3820
vn 0.7985 -0.4661 -0.3810
vn 0.3853 -0.8255 0.4124
vn 0.3846 -0.8252 0.4137
vn 0.3853 -0.8266 0.4102
vn 0.9389 -0.0104 -0.3441
vn 0.9370 -0.0118 -0.3491
vn 0.9386 -0.0068 -0.3449
vn -0.9744 0.2091 0.0828
vn -0.9750 0.2075 0.0791
vn -0.9746 0.2075 0.0848
vn -0.6411 0.7675 -0.0056
vn -0.6400 0.7683 -0.0071
vn -0.6415 0.7671 -0.0075
vn -0.8198 -0.0274 -0.5719
vn -0.8206 -0.0254 -0.5709
vn -0.8194 -0.0276 -0.5725
vn -0.5279 0.7910 0.3093
vn -0.5258 0.7926 0.3086
vn -0.5264 0.7939 0.3044
vn 0.8181 0.5526 0.1589
vn 0.8201 0.5504 0.1566
vn 0.8174 0.5549 0.1550
vn -0.3828 -0.8956 0.2264
vn -0.3816 -0.8965 0.2250
vn -0.3787 -0.8968 0.2285
vn 0.4100 0.7855 0.4637
vn 0.4119 0.7847 0.4631
vn 0.4113 0.7858 0.4618
vn -0.8546 -0.4731 0.2139
vn -0.8540 -0.4738 0.2152
vn -0.8526 -0.4771 0.2134
vn 0.9254 0.2195 -0.3089
vn 0.9240 0.2217 -0.3116
vn 0.9252 0.2227 -0.3072
vn 0.7712 -0.1591 -0.6164
vn 0.7700 -0.1633 -0.6168
vn 0.7685 -0.1607 -0.6193
vn -0.3061 -0.9511 -0.0405
vn -0.3052 -0.9514 -0.0421
vn 0.9283 -0.2950 -0.2264
vn 0.9263 -0.2986 -0.2300
vn 0.9271 -0.2931 -0.2337
vn 0.4332 -0.7926 -0.4291
vn 0.4373 -0.7904 -0.4291
vn 0.4333 -0.7923 -0.4295
vn 0.4969 -0.8379 -0.2261
vn 0.4925 -0.8412 -0.2230
vn 0.4940 -0.8386 -0.2294
vn -0.7202 0.6662 -0.1936
vn -0.7191 0.6666 -0.1961
vn -0.7220 0.6633 -0.1969
vn -0.6088 -0.6840 -0.4019
vn -0.6085 -0.6831 -0.4037
vn -0.6065 -0.6848 -0.4040
vn 0.0246 0.8323 -0.5538
vn 0.0255 0.8308 -0.5560
vn 0.0227 0.8316 -0.5549
vn -0.9906 0.1329 -0.0336
vn -0.9907 0.1313 -0.0367
vn -0.9908 0.1309 -0.0356
vn 0.4494 0.8562 -0.2549
vn 0.4473 0.8561 -0.2590
vn 0.4515 0.8545 -0.2569
vn -0.7356 -0.1606 -0.6581
vn -0.7365 -0.1590 -0.6575
vn -0.7356 -0.1588 -0.6585
vn 0.6024 -0.7772 0.1819
vn 0.6024 -0.7769 0.1832
vn 0.6009 -0.7781 0.1831
vn -0.7211 0.6649 -0.1946
vn -0.7213 0.6640 -0.1971
vn -0.7240 0.6618 -0.1946
vn -0.1322 0.9901 0.0469
vn -0.1297 0.9904 0.0486
vn -0.1285 0.9907 0.0447
vn 0.9836 0.1787 -0.0262
vn 0.9832 0.1802 -0.0273
vn 0.9829 0.1827 -0.0236
vn 0.8088 -0.5738 -0.1288
vn 0.8075 -0.5761 -0.1267
vn 0.8070 -0.5755 -0.1325
vn 0.9988 -0.0113 -0.0479
vn 0.9986 -0.0133 -0.0521
vn 0.9986 -0.0092 -0.0514
vn -0.8859 0.4621 -0.0412
vn -0.8823 0.4690 -0.0398
vn -0.8845 0.4646 -0.0422
vn 0.8365 0.3469 -0.4242
vn 0.8374 0.3442 -0.4247
vn 0.8360 0.3446 -0.4270
vn 0.9717 0.2340 -0.0311
vn 0.9727 0.2302 -0.0277
vn 0.9725 0.2309 -0.0305
vn 0.1332 0.9903 0.0408
vn 0.1394 0.9893 0.0430
vn 0.1380 0.9897 0.0388
vn -0.9272 -0.2861 0.2418
vn -0.9298 -0.2813 0.2373
vn -0.9290 -0.2845 0.2369
vn -0.7289 0.1795 0.6607
vn -0.7276 0.1825 0.6613
vn -0.7290 0.1807 0.6603
vn -0.8503 0.5030 0.1549
vn -0.8490 0.5053 0.1542
vn -0.8512 0.5030 0.1496
vn 0.3179 -0.8701 -0.3767
vn 0.3163 -0.8709 -0.3762
vn 0.3165 -0.8699 -0.3784
vn 0.2938 -0.8943 -0.3374
vn 0.2922 -0.8945 -0.3382
vn 0.2269 -0.9023 -0.3666
vn 0.2213 -0.9041 -0.3656
vn 0.2245 -0.9024 -0.3678
vn -0.7008 0.2569 -0.6655
vn -0.7009 0.2548 -0.6662
vn -0.7022 0.2545 -0.6650
vn -0.2913 0.9531 0.0820
vn -0.2874 0.9544 0.0802
vn -0.2905 0.9536 0.0791
vn 0.2279 0.5400 0.8103
vn 0.2295 0.5393 0.8103
vn 0.2319 0.5393 0.8096
vn 0.4403 0.4857 -0.7551
vn 0.4419 0.4833 -0.7557
vn 0.4371 0.4881 -0.7555
vn -0.9822 0.0772 -0.1714
vn -0.9818 0.0764 -0.1739
vn -0.9829 0.0691 -0.1706
vn 0.6016 -0.7725 -0.2033
vn 0.6007 -0.7721 -0.2071
vn 0.6015 -0.7703 -0.2117
vn -0.9618 -0.0013 -0.2737
vn -0.9619 -0.0035 -0.2734
vn -0.9623 -0.0047 -0.2721
vn 0.8497 -0.4879 -0.1998
vn 0.8485 -0.4900 -0.2000
vn 0.8485 -0.4884 -0.2038
vn 0.6715 0.3062 -0.6748
vn 0.6716 0.3046 -0.6755
vn 0.6725 0.3019 -0.6757
vn -0.1672 -0.2734 -0.9472
vn -0.1640 -0.2734 -0.9478
vn -0.1693 -0.2757 -0.9462
vn 0.6321 -0.7698 -0.0888
vn 0.6280 -0.7736 -0.0849
vn 0.6292 -0.7725 -0.0858
vn 0.9338 -0.3161 -0.1676
vn 0.9320 -0.3195 -0.1713
vn 0.9336 -0.3133 -0.1740
vn -0.9086 -0.2926 -0.2980
vn -0.9087 -0.2940 -0.2962
vn -0.9082 -0.2927 -0.2993
vn -0.1394 -0.1464 -0.9793
vn -0.1346 -0.1494 -0.9796
vn -0.1400 -0.1468 -0.9792
vn 0.2645 -0.9642 0.0188
vn 0.2607 -0.9653 0.0181
vn 0.2627 -0.9647 0.0179
vn -0.9807 0.1926 0.0323
vn -0.9809 0.1917 0.0336
vn -0.9805 0.1937 0.0342
vn 0.5069 0.8524 0.1284
vn 0.5124 0.8496 0.1246
vn 0.5071 0.8526 0.1261
vn -0.9062 -0.2421 0.3468
vn -0.9068 -0.2384 0.3477
vn -0.9068 -0.2387 0.3475
vn 0.5250 0.7910 -0.3142
vn 0.5265 0.7897 -0.3149
vn 0.5257 0.7900 -0.3153
vn -0.9663 0.2428 -0.0852
vn -0.9652 0.2451 -0.0910
vn -0.9667 0.2420 -0.0827
vn -0.6881 -0.4307 -0.5839
vn -0.6880 -0.4305 -0.5843
vn -0.6877 -0.4274 -0.5869
vn -0.4814 0.8523 0.2047
vn -0.4762 0.8549 0.2060
vn -0.4819 0.8522 0.2036
vn -0.9993 0.0288 0.0221
vn -0.9994 0.0279 0.0217
vn -0.9994 0.0266 0.0216
vn 0.8308 0.5405 -0.1329
vn 0.8308 0.5396 -0.1365
vn 0.8299 0.5411 -0.1355
vn -0.3055 0.6848 -0.6616
vn -0.3020 0.6851 -0.6629
vn -0.3035 0.6839 -0.6635
vn -0.8668 -0.4530 -0.2086
vn -0.8636 -0.4579 -0.2111
vn -0.8647 -0.4560 -0.2107
vn -0.3005 0.8877 0.3490
vn -0.2982 0.8881 0.3497
vn -0.2986 0.8889 0.3475
vn -0.9925 -0.0425 0.1148
vn -0.9923 -0.0450 0.1158
vn -0.9919 -0.0444 0.1187
vn 0.0032 -0.7634 -0.6459
vn 0.0025 -0.7641 -0.6450
vn -0.0010 -0.7637 -0.6455
vn -0.9879 0.0801 -0.1327
vn -0.9867 0.0846 -0.1388
vn -0.9866 0.0807 -0.1419
vn -0.9888 0.1331 -0.0680
vn -0.9887 0.1325 -0.0707
vn -0.9890 0.1311 -0.0690
vn 0.5910 0.5675 0.5733
vn 0.5877 0.5695 0.5748
vn 0.5906 0.5676 0.5736
vn 0.2912 0.9403 0.1760
vn 0.2901 0.9407 0.1759
vn 0.2937 0.9390 0.1791
vn 0.5948 0.6446 -0.4803
vn 0.5939 0.6438 -0.4825
vn 0.5936 0.6458 -0.4802
vn 0.6531 -0.6854 -0.3219
vn 0.6514 -0.6893 -0.3173
vn 0.6493 -0.6898 -0.3202
vn -0.3554 0.8888 0.2892
vn -0.3537 0.8887 0.2918
vn -0.3558 0.8887 0.2893
vn 0.9596 -0.2762 -0.0532
vn 0.9595 -0.2763 -0.0553
vn 0.9609 -0.2710 -0.0566
vn -0.6513 -0.3501 -0.6732
vn -0.6520 -0.3478 -0.6738
vn -0.6475 -0.3533 -0.6752
vn 0.0941 -0.9907 -0.0986
vn 0.0905 -0.9912 -0.0971
vn 0.0923 -0.9909 -0.0980
vn -0.8613 -0.5047 -0.0582
vn -0.8636 -0.5009 -0.0572
vn -0.8620 -0.5035 -0.0597
vn 0.4341 -0.8683 0.2399
vn 0.4314 -0.8690 0.2424
vn 0.4312 -0.8697 0.2402
vn 0.0942 0.2874 0.9532
vn 0.0917 0.2865 0.9537
vn 0.0931 0.2861 0.9537
vn -0.1705 -0.9849 -0.0300
vn -0.1743 -0.9843 -0.0295
vn -0.1733 -0.9844 -0.0304
vn 0.8040 -0.5797 -0.1327
vn 0.8032 -0.5813 -0.1300
vn 0.8031 -0.5809 -0.1326
vn -0.9931 -0.0699 0.0938
vn -0.9935 -0.0671 0.0920
vn -0.9934 -0.0699 0.0910
vn -0.9310 -0.2443 0.2712
vn -0.9326 -0.2404 0.2691
vn -0.9311 -0.2438 0.2712
vn 0.0617 0.9792 0.1931
vn 0.0660 0.9782 0.1970
vn 0.0644 0.9789 0.1939
vn 0.8628 -0.1161 0.4921
vn 0.8616 -0.1200 0.4933
vn 0.8641 -0.1178 0.4894
vn 0.8764 -0.4627 0.1335
vn 0.8753 -0.4653 0.1315
vn 0.8771 -0.4615 0.1331
vn 0.1697 -0.8654 0.4714
vn 0.1716 -0.8660 0.4697
vn 0.1682 -0.8646 0.4734
vn -0.2456 0.9640 -0.1015
vn -0.2440 0.9644 -0.1023
vn -0.2465 0.9636 -0.1038
vn 0.1605 0.9549 -0.2499
vn 0.1648 0.9537 -0.2514
vn 0.1645 0.9527 -0.2555
vn -0.8495 0.0480 0.5254
vn -0.8502 0.0504 0.5240
vn -0.8500 0.0511 0.5243
vn 0.6771 0.7329 0.0661
vn 0.6761 0.7337 0.0677
vn 0.6755 0.7346 0.0634
vn 0.4069 -0.9130 0.0297
vn 0.4069 -0.9130 0.0292
vn 0.4084 -0.9123 0.0285
vn 0.4536 -0.6082 0.6514
vn 0.4488 -0.6096 0.6534
vn 0.4540 -0.6073 0.6519
vn -0.9980 0.0181 0.0598
vn -0.9980 0.0193 0.0609
vn -0.9982 0.0167 0.0575
vn 0.4452 -0.7834 -0.4337
vn 0.4402 -0.7837 -0.4383
vn 0.4448 -0.7812 -0.4381
vn -0.8461 -0.1431 -0.5135
vn -0.8441 -0.1389 -0.5179
vn -0.8461 -0.1439 -0.5133
vn 0.0234 0.8896 0.4562
vn 0.0242 0.8891 0.4571
vn 0.0242 0.8893 0.4566
vn -0.0402 0.1118 0.9929
vn -0.0352 0.1087 0.9935
vn -0.0370 0.1076 0.9935
vn 0.5860 0.7459 0.3166
vn 0.5872 0.7443 0.3182
vn 0.5865 0.7451 0.3176
vn -0.4562 0.8535 0.2519
vn -0.4512 0.8567 0.2501
vn -0.4556 0.8538 0.2518
vn -0.3799 -0.8843 0.2715
vn -0.3781 -0.8846 0.2730
vn -0.3802 -0.8843 0.2710
vn -0.4457 -0.8763 -0.1830
vn -0.4462 -0.8756 -0.1852
vn -0.4436 -0.8774 -0.1827
vn -0.0873 0.4330 0.8971
vn -0.0919 0.4293 0.8985
vn -0.0851 0.4303 0.8986
vn -0.0420 0.1819 0.9824
vn -0.0412 0.1808 0.9827
vn -0.0352 0.1832 0.9824
vn 0.0243 -0.7136 -0.7001
vn 0.0232 -0.7147 -0.6991
vn 0.0240 -0.7124 -0.7014
vn 0.1983 -0.7641 0.6139
vn 0.1936 -0.7660 0.6130
vn 0.1965 -0.7652 0.6131
vn 0.0157 0.9668 0.2551
vn 0.0162 0.9664 0.2564
vn 0.0186 0.9667 0.2553
vn 0.0100 -0.5799 0.8146
vn 0.0123 -0.5804 0.8143
vn 0.0106 -0.5817 0.8133
vn -0.4358 0.8606 0.2636
vn -0.4291 0.8626 0.2679
vn -0.4309 0.8627 0.2647
vn 0.8243 -0.0235 0.5656
vn 0.8244 -0.0237 0.5656
vn 0.8271 -0.0212 0.5616
vn 0.9638 -0.2071 0.1678
vn 0.9631 -0.2113 0.1667
vn 0.9641 -0.2102 0.1625
vn -0.1989 0.9788 0.0495
vn -0.1950 0.9797 0.0461
vn -0.1978 0.9790 0.0485
vn 0.1108 0.7838 0.6110
vn 0.1130 0.7842 0.6101
vn 0.1140 0.7856 0.6082
vn 0.0128 0.8337 0.5521
vn 0.0129 0.8334 0.5526
vn 0.0133 0.8333 0.5527
vn 0.3663 -0.8762 -0.3132
vn 0.3671 -0.8761 -0.3126
vn 0.3585 -0.8787 -0.3151
vn -0.3878 -0.8102 -0.4394
vn -0.3881 -0.8085 -0.4425
vn -0.3872 -0.8089 -0.4424
vn 0.6844 -0.4736 0.5543
vn 0.6849 -0.4745 0.5530
vn 0.6849 -0.4741 0.5533
vn -0.0832 -0.1109 -0.9903
vn -0.0834 -0.1113 -0.9903
vn -0.0836 -0.1119 -0.9902
vn -0.7222 0.6879 -0.0724
vn -0.7198 0.6904 -0.0723
vn -0.7208 0.6890 -0.0765
vn -0.8241 0.1155 0.5545
vn -0.8227 0.1177 0.5562
vn -0.8227 0.1200 0.5557
vn 0.4681 -0.6873 0.5555
vn 0.4662 -0.6889 0.5550
vn 0.4675 -0.6892 0.5536
vn 0.1414 -0.8927 -0.4280
vn 0.1418 -0.8936 -0.4258
vn 0.1416 -0.8934 -0.4263
vn -0.1659 -0.9655 0.2009
vn -0.1645 -0.9652 0.2033
vn -0.1673 -0.9652 0.2012
vn 0.8314 -0.5517 0.0659
vn 0.8286 -0.5555 0.0696
vn 0.8296 -0.5545 0.0655
vn 0.7763 0.5769 0.2541
vn 0.7786 0.5757 0.2496
vn 0.7765 0.5775 0.2520
vn 0.0891 -0.9678 0.2353
vn 0.0874 -0.9678 0.2362
vn 0.0884 -0.9679 0.2354
vn 0.1726 0.9242 -0.3408
vn 0.1727 0.9241 -0.3408
vn 0.1723 0.9240 -0.3412
vn -0.3187 -0.8243 -0.4680
vn -0.3212 -0.8239 -0.4669
vn -0.3209 -0.8238 -0.4672
vn -0.3122 0.8807 -0.3564
vn -0.3095 0.8823 -0.3546
vn -0.3107 0.8811 -0.3566
vn 0.4536 0.3976 0.7976
vn 0.4571 0.3963 0.7962
vn 0.4519 0.3979 0.7984
vn -0.7213 -0.6322 -0.2829
vn -0.7207 -0.6315 -0.2861
vn -0.7213 -0.6331 -0.2810
vn 0.7184 0.5446 0.4328
vn 0.7184 0.5424 0.4355
vn 0.7184 0.5442 0.4333
vn -0.1790 -0.9496 0.2573
vn -0.1753 -0.9508 0.2553
vn -0.1754 -0.9490 0.2620
vn 0.0966 -0.9908 0.0953
vn 0.0997 -0.9905 0.0952
vn 0.1003 -0.9901 0.0982
vn 0.5503 -0.7873 -0.2780
vn 0.5483 -0.7885 -0.2787
vn 0.5541 -0.7845 -0.2786
vn 0.0539 0.3231 0.9448
vn 0.0534 0.3174 0.9468
vn 0.0564 0.3228 0.9448
vn -0.7282 -0.4187 0.5426
vn -0.7272 -0.4144 0.5473
vn -0.7292 -0.4182 0.5416
vn 0.6301 -0.6830 0.3695
vn 0.6285 -0.6841 0.3701
vn 0.6300 -0.6837 0.3683
vn -0.6351 0.7719 0.0279
vn -0.6324 0.7741 0.0281
vn -0.6311 0.7752 0.0268
vn -0.9359 -0.2648 -0.2323
vn -0.9374 -0.2615 -0.2301
vn -0.9363 -0.2619 -0.2338
vn 0.0907 -0.9902 0.1064
vn 0.0862 -0.9905 0.1070
vn 0.0865 -0.9908 0.1042
vn -0.6057 0.7836 -0.1378
vn -0.6030 0.7854 -0.1401
vn -0.6056 0.7836 -0.1389
vn -0.2885 0.4740 -0.8319
vn -0.2862 0.4722 -0.8337
vn -0.2894 0.4724 -0.8325
vn 0.3265 0.9337 0.1472
vn 0.3278 0.9328 0.1500
vn 0.3299 0.9325 0.1470
vn 0.8533 0.4923 -0.1719
vn 0.8543 0.4906 -0.1718
vn 0.8518 0.4943 -0.1736
vn -0.2761 -0.6165 -0.7374
vn -0.2755 -0.6165 -0.7376
vn -0.2748 -0.6162 -0.7381
vn -0.0805 0.9873 -0.1372
vn -0.0879 0.9862 -0.1401
vn -0.0882 0.9868 -0.1360
vn -0.0261 -0.9750 0.2208
vn -0.0296 -0.9743 0.2234
vn -0.0315 -0.9754 0.2181
vn -0.8505 -0.5189 -0.0863
vn -0.8522 -0.5161 -0.0858
vn -0.8491 -0.5203 -0.0915
vn 0.5682 0.8059 -0.1662
vn 0.5691 0.8051 -0.1669
vn 0.5671 0.8069 -0.1653
vn 0.7046 -0.5280 0.4741
vn 0.7036 -0.5302 0.4730
vn 0.7040 -0.5267 0.4764
vn -0.6739 -0.7196 -0.1673
vn -0.6756 -0.7172 -0.1706
vn -0.6745 -0.7184 -0.1702
vn 0.6249 -0.7803 -0.0239
vn 0.6219 -0.7827 -0.0243
vn 0.6217 -0.7826 -0.0311
vn 0.1555 0.9398 0.3044
vn 0.1540 0.9398 0.3050
vn 0.1533 0.9404 0.3034
vn 0.1094 0.9367 -0.3327
vn 0.1134 0.9358 -0.3339
vn 0.1109 0.9358 -0.3348
vn -0.3138 0.0344 0.9489
vn -0.3115 0.0406 0.9494
vn -0.3106 0.0393 0.9497
vn 0.0749 -0.9853 0.1533
vn 0.0716 -0.9853 0.1552
vn 0.0721 -0.9856 0.1532
vn -0.4609 -0.8854 -0.0600
vn -0.4589 -0.8860 -0.0660
vn -0.4582 -0.8865 -0.0646
vn 0.0082 -0.9616 0.2742
vn 0.0113 -0.9629 0.2695
vn 0.0124 -0.9618 0.2734
vn 0.4990 0.8585 -0.1184
vn 0.4996 0.8583 -0.1174
vn 0.4991 0.8584 -0.1184
vn -0.2032 0.9766 0.0700
vn -0.2002 0.9773 0.0690
vn -0.2018 0.9773 0.0647
vn 0.7319 0.5716 0.3709
vn 0.7354 0.5700 0.3665
vn 0.7326 0.5737 0.3662
vn -0.6773 -0.7239 0.1315
vn -0.6804 -0.7204 0.1345
vn -0.6827 -0.7184 0.1333
vn -0.9380 0.3366 -0.0829
vn -0.9369 0.3395 -0.0840
vn -0.9380 0.3356 -0.0871
vn -0.5312 -0.7833 0.3228
vn -0.5383 -0.7825 0.3129
vn -0.5369 -0.7829 0.3145
vn 0.2626 -0.9181 -0.2968
vn 0.2618 -0.9178 -0.2983
vn 0.2630 -0.9172 -0.2991
vn 0.9849 0.1651 -0.0515
vn 0.9859 0.1592 -0.0516
vn 0.9858 0.1601 -0.0512
vn -0.2738 0.9499 0.1509
vn -0.2783 0.9490 0.1479
vn -0.2775 0.9488 0.1509
vn -0.3037 0.9312 0.2016
vn -0.3070 0.9312 0.1963
vn -0.3111 0.9288 0.2016
vn 0.7900 0.5816 0.1939
vn 0.7891 0.5817 0.1975
vn 0.7908 0.5802 0.1947
vn -0.3126 -0.9090 0.2757
vn -0.3163 -0.9081 0.2744
vn -0.3158 -0.9087 0.2730
vn 0.9988 0.0041 0.0496
vn 0.9988 0.0027 0.0487
vn 0.9990 0.0016 0.0446
vn 0.8363 0.4878 0.2503
vn 0.8380 0.4831 0.2536
vn 0.8375 0.4873 0.2475
vn -0.8830 0.4687 -0.0245
vn -0.8819 0.4710 -0.0209
vn -0.8827 0.4692 -0.0286
vn 0.0981 -0.9923 0.0761
vn 0.0976 -0.9923 0.0766
vn 0.1003 -0.9922 0.0746
vn -0.7173 -0.3307 0.6133
vn -0.7206 -0.3292 0.6102
vn -0.7192 -0.3330 0.6098
vn -0.2871 -0.9041 0.3164
vn -0.2882 -0.9038 0.3164
vn -0.2900 -0.9040 0.3142
vn -0.9702 -0.1918 -0.1481
vn -0.9707 -0.1865 -0.1514
vn -0.9699 -0.1921 -0.1498
vn -0.3934 0.9013 0.1812
vn -0.3917 0.9012 0.1856
vn -0.3923 0.9023 0.1788
vn 0.1461 0.9797 0.1375
vn 0.1500 0.9792 0.1364
vn 0.1464 0.9799 0.1355
vn -0.4743 -0.8401 0.2633
vn -0.4751 -0.8398 0.2628
vn -0.4719 -0.8418 0.2621
vn 0.3666 -0.8461 -0.3868
vn 0.3668 -0.8464 -0.3860
vn 0.3659 -0.8459 -0.3881
vn 0.5497 0.8159 0.1794
vn 0.5480 0.8181 0.1743
vn 0.5459 0.8183 0.1799
vn 0.1943 -0.6288 -0.7529
vn 0.1970 -0.6257 -0.7548
vn 0.1990 -0.6287 -0.7517
vn -0.9715 -0.1899 0.1417
vn -0.9710 -0.1929 0.1411
vn -0.9704 -0.1912 0.1478
vn 0.9431 0.3127 0.1134
vn 0.9447 0.3102 0.1064
vn 0.9425 0.3160 0.1093
vn -0.0328 -0.7679 0.6397
vn -0.0337 -0.7701 0.6371
vn -0.0304 -0.7750 0.6312
vn 0.2803 0.9286 -0.2433
vn 0.2813 0.9283 -0.2432
vn 0.2812 0.9280 -0.2445
vn -0.0163 0.9411 -0.3378
vn -0.0203 0.9411 -0.3376
vn -0.0236 0.9398 -0.3409
vn -0.1002 0.9640 -0.2463
vn -0.0980 0.9641 -0.2468
vn -0.0981 0.9633 -0.2497
vn 0.0661 -0.9359 -0.3460
vn 0.0658 -0.9351 -0.3483
vn 0.0660 -0.9344 -0.3500
vn -0.3472 0.9192 0.1857
vn -0.3440 0.9216 0.1800
vn -0.3478 0.9203 0.1790
vn -0.9717 -0.1014 -0.2133
vn -0.9705 -0.1032 -0.2180
vn -0.9710 -0.1049 -0.2148
vn 0.4746 0.8729 -0.1129
vn 0.4798 0.8699 -0.1144
vn 0.4754 0.8722 -0.1149
vn -0.9484 0.1817 -0.2599
vn -0.9479 0.1845 -0.2596
vn -0.9477 0.1836 -0.2612
vn -0.1225 -0.8948 -0.4292
vn -0.1236 -0.8921 -0.4345
vn -0.1193 -0.8934 -0.4331
vn -0.9482 0.2045 -0.2429
vn -0.9475 0.2073 -0.2433
vn -0.9474 0.2068 -0.2441
vn 0.4918 0.7351 0.4666
vn 0.4929 0.7351 0.4655
vn 0.4920 0.7357 0.4655
vn 0.5141 0.8031 -0.3011
vn 0.5158 0.8021 -0.3010
vn 0.5148 0.8019 -0.3033
vn 0.9202 0.1905 0.3418
vn 0.9223 0.1862 0.3388
vn 0.9220 0.1915 0.3366
vn 0.9173 0.0656 0.3927
vn 0.9194 0.0633 0.3882
vn 0.9174 0.0679 0.3922
vn -0.3438 0.2891 -0.8934
vn -0.3406 0.2859 -0.8957
vn -0.3459 0.2876 -0.8931
vn 0.2546 -0.9330 -0.2543
vn 0.2540 -0.9334 -0.2535
vn 0.2532 -0.9337 -0.2531
vn -0.7891 0.2626 0.5552
vn -0.7891 0.2629 0.5552
vn -0.7890 0.2619 0.5558
vn 0.1051 -0.9940 -0.0316
vn 0.1028 -0.9941 -0.0346
vn 0.1067 -0.9938 -0.0324
vn -0.0287 0.9943 0.1024
vn -0.0276 0.9944 0.1021
vn 0.4853 -0.3545 0.7993
vn 0.4902 -0.3552 0.7960
vn 0.4883 -0.3559 0.7968
vn -0.9473 -0.3197 -0.0225
vn -0.9458 -0.3240 -0.0199
vn -0.9463 -0.3231 -0.0144
vn -0.9779 -0.0601 -0.2001
vn -0.9780 -0.0637 -0.1987
vn -0.9785 -0.0637 -0.1961
vn 0.0893 0.0253 0.9957
vn 0.0850 0.0230 0.9961
vn 0.0867 0.0201 0.9960
vn -0.5544 0.8278 0.0860
vn -0.5539 0.8280 0.0875
vn -0.5548 0.8276 0.0848
vn 0.4399 0.8903 0.1174
vn 0.4446 0.8888 0.1117
vn 0.4393 0.8909 0.1150
vn -0.2180 0.9759 0.0098
vn -0.2179 0.9759 0.0103
vn -0.2216 0.9751 0.0064
vn 0.7467 -0.1543 0.6470
vn 0.7462 -0.1552 0.6474
vn 0.1226 -0.9738 0.1914
vn 0.1218 -0.9740 0.1912
vn 0.1238 -0.9743 0.1882
vn 0.0690 -0.0033 0.9976
vn 0.0660 0.0009 0.9978
vn 0.0694 -0.0009 0.9976
vn 0.4723 -0.7134 0.5176
vn 0.4746 -0.7132 0.5159
vn 0.4745 -0.7125 0.5168
vn 0.2846 -0.9280 -0.2404
vn 0.2824 -0.9285 -0.2412
vn 0.2812 -0.9289 -0.2409
vn -0.9570 -0.1319 0.2585
vn -0.9564 -0.1304 0.2613
vn -0.9571 -0.1277 0.2600
vn 0.8789 0.4338 0.1982
vn 0.8773 0.4382 0.1956
vn 0.8780 0.4342 0.2017
vn 0.0378 -0.9338 0.3557
vn 0.0354 -0.9334 0.3571
vn 0.0352 -0.9347 0.3538
vn -0.0142 -0.9046 0.4259
vn -0.0177 -0.9041 0.4269
vn -0.0153 -0.9047 0.4257
vn -0.1555 -0.4839 -0.8612
vn -0.1545 -0.4836 -0.8615
vn -0.1560 -0.4841 -0.8610
vn -0.0306 -0.9684 -0.2474
vn -0.0330 -0.9681 -0.2483
vn -0.0309 -0.9671 -0.2524
vn 0.8862 -0.3307 0.3245
vn 0.8834 -0.3343 0.3285
vn 0.8843 -0.3356 0.3246
vn 0.5530 0.7885 0.2692
vn 0.5527 0.7900 0.2654
vn 0.5483 0.7918 0.2691
vn 0.0836 -0.6305 0.7717
vn 0.0793 -0.6304 0.7722
vn 0.0792 -0.6307 0.7719
vn 0.8267 -0.2791 0.4886
vn 0.8258 -0.2807 0.4892
vn 0.8292 -0.2794 0.4841
vn -0.7794 -0.6155 -0.1174
vn -0.7790 -0.6155 -0.1200
vn -0.7808 -0.6127 -0.1224
vn -0.2002 -0.2152 -0.9558
vn -0.1954 -0.2160 -0.9566
vn -0.1946 -0.2157 -0.9569
vn -0.2359 -0.2605 0.9362
vn -0.2378 -0.2583 0.9363
vn -0.2369 -0.2588 0.9364
vn -0.5356 -0.1686 -0.8275
vn -0.5364 -0.1676 -0.8272
vn -0.5341 -0.1685 -0.8284
vn -0.5931 0.8025 0.0650
vn -0.5922 0.8031 0.0654
vn -0.5934 0.8023 0.0645
vn -0.7645 0.6313 -0.1303
vn -0.7658 0.6294 -0.1317
vn -0.7663 0.6296 -0.1277
vn -0.2092 -0.5679 0.7960
vn -0.2122 -0.5641 0.7980
vn -0.2130 -0.5652 0.7970
vn 0.0776 0.8294 -0.5533
vn 0.0756 0.8275 -0.5563
vn 0.0755 0.8282 -0.5554
vn -0.2067 -0.9519 0.2260
vn -0.2093 -0.9512 0.2269
vn -0.2089 -0.9511 0.2275
vn 0.1281 -0.3844 -0.9142
vn 0.1244 -0.3815 -0.9159
vn 0.1268 -0.3813 -0.9157
vn 0.7979 0.5702 -0.1955
vn 0.7993 0.5675 -0.1977
vn 0.7976 0.5706 -0.1956
vn 0.0916 0.5932 -0.7998
vn 0.0909 0.5920 -0.8008
vn 0.0907 0.5920 -0.8008
vn 0.9657 0.2354 0.1095
vn 0.9663 0.2340 0.1074
vn 0.9666 0.2337 0.1054
vn -0.4730 -0.8447 -0.2506
vn -0.4770 -0.8417 -0.2528
vn -0.4737 -0.8440 -0.2515
vn 0.6192 0.7840 -0.0428
vn 0.6197 0.7836 -0.0442
vn 0.6181 0.7847 -0.0456
vn -0.9343 0.2364 -0.2667
vn -0.9321 0.2374 -0.2736
vn -0.9341 0.2359 -0.2680
vn -0.5395 -0.3823 -0.7502
vn -0.5390 -0.3807 -0.7514
vn -0.5398 -0.3830 -0.7496
vn -0.4276 0.8531 -0.2989
vn -0.4226 0.8557 -0.2987
vn -0.4238 0.8548 -0.2994
vn 0.6571 0.4221 -0.6246
vn 0.6553 0.4200 -0.6279
vn 0.6555 0.4208 -0.6271
vn -0.0165 -0.8238 0.5666
vn -0.0168 -0.8232 0.5675
vn -0.0170 -0.8243 0.5659
vn 0.8600 -0.5040 0.0798
vn 0.8591 -0.5052 0.0815
vn 0.8585 -0.5070 0.0776
vn -0.9519 -0.1302 -0.2773
vn -0.9512 -0.1339 -0.2780
vn -0.9518 -0.1353 -0.2753
vn 0.7108 0.6868 0.1519
vn 0.7130 0.6849 0.1502
vn 0.7106 0.6880 0.1473
vn -0.9577 0.1448 0.2487
vn -0.9590 0.1405 0.2460
vn -0.9584 0.1401 0.2487
vn 0.9963 -0.0834 0.0227
vn 0.9960 -0.0871 0.0224
vn 0.9961 -0.0857 0.0203
vn 0.8526 -0.5013 0.1474
vn 0.8517 -0.5037 0.1445
vn 0.8538 -0.5013 0.1406
vn 0.7538 0.6532 -0.0710
vn 0.7516 0.6550 -0.0775
vn 0.7515 0.6559 -0.0703
vn -0.9145 0.3370 0.2237
vn -0.9140 0.3427 0.2173
vn -0.9154 0.3376 0.2195
vn 0.1806 -0.6113 0.7705
vn 0.1805 -0.6098 0.7717
vn 0.1804 -0.6118 0.7701
vn -0.6515 -0.7586 -0.0094
vn -0.6543 -0.7562 -0.0107
vn -0.6521 -0.7580 -0.0124
vn 0.9679 0.2506 -0.0195
vn 0.9687 0.2470 -0.0244
vn 0.9677 0.2510 -0.0243
vn 0.1260 -0.9789 0.1609
vn 0.1237 -0.9789 0.1629
vn 0.1225 -0.9797 0.1585
vn 0.9745 -0.1165 -0.1917
vn 0.9750 -0.1151 -0.1901
vn 0.9752 -0.1145 -0.1892
vn 0.1037 0.9942 -0.0283
vn 0.1043 0.9941 -0.0297
vn 0.1037 0.9942 -0.0282
vn -0.2157 -0.5507 0.8064
vn -0.2155 -0.5526 0.8051
vn -0.2130 -0.5540 0.8048
vn 0.1408 -0.9897 0.0259
vn 0.1368 -0.9903 0.0234
vn 0.1420 -0.9896 0.0249
vn -0.9066 0.1978 0.3728
vn -0.9070 0.1952 0.3731
vn -0.9061 0.1989 0.3735
vn -0.7812 -0.5365 0.3190
vn -0.7818 -0.5367 0.3172
vn -0.7803 -0.5392 0.3168
vn -0.9665 0.1884 -0.1742
vn -0.9661 0.1883 -0.1765
vn -0.9668 0.1860 -0.1754
vn 0.0595 0.5181 -0.8532
vn 0.0605 0.5165 -0.8541
vn 0.0577 0.5174 -0.8538
vn 0.8289 0.2327 0.5087
vn 0.8287 0.2379 0.5066
vn 0.8273 0.2377 0.5090
vn -0.3780 -0.8471 -0.3736
vn -0.3824 -0.8439 -0.3763
vn -0.3779 -0.8460 -0.3761
vn 0.9636 0.0521 -0.2621
vn 0.9624 0.0516 -0.2668
vn 0.9631 0.0530 -0.2639
vn 0.7552 0.5960 0.2729
vn 0.7578 0.5948 0.2683
vn 0.7540 0.5989 0.2697
vn 0.3720 0.9282 0.0032
vn 0.3713 0.9285 0.0043
vn 0.3719 0.9283 0.0033
vn -0.6808 -0.4336 -0.5904
vn -0.6789 -0.4326 -0.5932
vn -0.6798 -0.4363 -0.5895
vn 0.7059 -0.3892 -0.5918
vn 0.7035 -0.3932 -0.5921
vn 0.7036 -0.3888 -0.5948
vn 0.0539 -0.4005 0.9147
vn 0.0537 -0.3990 0.9154
vn 0.0537 -0.4002 0.9148
vn -0.3940 0.7906 -0.4688
vn -0.3937 0.7888 -0.4720
vn -0.3949 0.7883 -0.4718
vn -0.3665 -0.8492 -0.3802
vn -0.3651 -0.8486 -0.3829
vn -0.3633 -0.8510 -0.3792
vn -0.1929 -0.9402 0.2809
vn -0.1974 -0.9402 0.2778
vn -0.1957 -0.9413 0.2752
vn -0.9526 -0.0343 0.3023
vn -0.9531 -0.0366 0.3003
vn -0.9525 -0.0395 0.3018
vn 0.9545 -0.0601 0.2922
vn 0.9547 -0.0641 0.2906
vn 0.9550 -0.0607 0.2904
vn 0.5215 0.8123 0.2612
vn 0.5188 0.8150 0.2579
vn 0.5158 0.8153 0.2632
vn 0.5431 -0.7524 0.3728
vn 0.5415 -0.7504 0.3790
vn 0.5438 -0.7513 0.3740
vn 0.8637 0.1478 -0.4819
vn 0.8633 0.1418 -0.4843
vn 0.8618 0.1490 -0.4849
vn -0.0657 0.7307 -0.6796
vn -0.0624 0.7301 -0.6805
vn -0.0646 0.7280 -0.6826
vn -0.3823 -0.8430 -0.3785
vn -0.3819 -0.8424 -0.3802
vn -0.3778 -0.8443 -0.3801
vn 0.0869 -0.9934 0.0743
vn 0.0862 -0.9936 0.0736
vn 0.0869 -0.9939 0.0681
vn -0.2789 0.8622 -0.4229
vn -0.2746 0.8628 -0.4244
vn -0.2798 0.8612 -0.4243
vn -0.8738 -0.2184 0.4345
vn -0.8750 -0.2203 0.4310
vn -0.8738 -0.2215 0.4328
vn 0.2514 0.1111 -0.9615
vn 0.2545 0.1083 -0.9610
vn 0.2518 0.1042 -0.9621
vn 0.0759 -0.9849 -0.1556
vn 0.0766 -0.9839 -0.1615
vn 0.0808 -0.9838 -0.1600
vn -0.9013 0.1650 0.4005
vn -0.9004 0.1676 0.4015
vn -0.9000 0.1683 0.4020
vn -0.6525 -0.5736 0.4952
vn -0.6538 -0.5665 0.5016
vn -0.6571 -0.5668 0.4969
vn 0.4043 -0.9004 0.1605
vn 0.4048 -0.9006 0.1580
vn 0.2297 -0.9527 -0.1989
vn 0.2327 -0.9519 -0.1992
vn 0.2350 -0.9515 -0.1984
vn 0.7804 -0.5809 0.2314
vn 0.7778 -0.5836 0.2332
vn 0.7810 -0.5810 0.2290
vn 0.9878 0.0427 -0.1497
vn 0.9883 0.0363 -0.1483
vn 0.9878 0.0404 -0.1506
vn 0.1128 0.7723 0.6252
vn 0.1168 0.7709 0.6262
vn 0.1176 0.7722 0.6244
vn 0.5510 0.2531 0.7952
vn 0.5477 0.2509 0.7982
vn 0.5502 0.2501 0.7967
vn 0.5016 0.8564 0.1219
vn 0.5000 0.8569 0.1253
vn 0.5040 0.8545 0.1259
vn -0.4432 0.5717 -0.6904
vn -0.4421 0.5750 -0.6884
vn -0.4453 0.5716 -0.6892
vn -0.2602 0.9653 -0.0200
vn -0.2575 0.9660 -0.0215
vn -0.2602 0.9653 -0.0212
vn 0.0286 -0.9270 0.3739
vn 0.0278 -0.9261 0.3763
vn 0.0255 -0.9270 0.3743
vn -0.3820 -0.7083 0.5936
vn -0.3835 -0.7078 0.5933
vn -0.3857 -0.7083 0.5912
vn -0.8689 0.3733 -0.3251
vn -0.8672 0.3750 -0.3277
vn -0.8683 0.3731 -0.3270
vn -0.1987 -0.9619 0.1881
vn -0.1988 -0.9617 0.1887
vn -0.1954 -0.9632 0.1844
vn -0.1439 -0.9893 -0.0246
vn -0.1408 -0.9897 -0.0259
vn -0.1399 -0.9899 -0.0214
vn -0.8548 -0.4363 -0.2809
vn -0.8572 -0.4336 -0.2779
vn -0.8555 -0.4349 -0.2810
vn 0.9706 0.2335 -0.0592
vn 0.9702 0.2344 -0.0608
vn 0.9697 0.2364 -0.0615
vn -0.9255 0.0575 -0.3743
vn -0.9234 0.0616 -0.3789
vn -0.9243 0.0547 -0.3778
vn 0.1489 0.9786 0.1419
vn 0.1496 0.9791 0.1379
vn 0.1456 0.9794 0.1402
vn -0.6150 -0.2065 -0.7610
vn -0.6142 -0.2028 -0.7626
vn -0.6127 -0.2065 -0.7628
vn -0.1316 -0.9430 0.3058
vn -0.1309 -0.9428 0.3065
vn -0.1301 -0.9442 0.3027
vn 0.2113 0.8627 -0.4594
vn 0.2097 0.8627 -0.4603
vn 0.2105 0.8630 -0.4592
vn 0.6024 -0.3803 0.7017
vn 0.6021 -0.3825 0.7008
vn 0.6037 -0.3814 0.7001
vn 0.4489 -0.8586 0.2478
vn 0.4445 -0.8616 0.2449
vn 0.4459 -0.8602 0.2472
vn -0.1361 -0.9879 0.0741
vn -0.1372 -0.9875 0.0772
vn -0.1397 -0.9871 0.0785
vn 0.6626 -0.2671 0.6997
vn 0.6642 -0.2680 0.6979
vn 0.6641 -0.2664 0.6986
vn 0.0305 -0.9244 0.3802
vn 0.0312 -0.9240 0.3811
vn 0.0283 -0.9245 0.3800
vn -0.5091 -0.5945 -0.6224
vn -0.5115 -0.5958 -0.6192
vn -0.5131 -0.5937 -0.6199
vn 0.2993 -0.9492 -0.0977
vn 0.2975 -0.9500 -0.0946
vn 0.2980 -0.9494 -0.0993
vn 0.7217 0.3675 -0.5866
vn 0.7215 0.3687 -0.5861
vn 0.7223 0.3675 -0.5859
vn -0.6707 0.5937 -0.4446
vn -0.6707 0.5941 -0.4441
vn -0.6690 0.5946 -0.4460
vn 0.9525 0.2035 0.2264
vn 0.9538 0.2028 0.2217
vn 0.9535 0.2050 0.2210
vn -0.7895 -0.1497 0.5952
vn -0.7874 -0.1474 0.5986
vn -0.7901 -0.1476 0.5949
vn 0.9470 -0.0875 0.3090
vn 0.9488 -0.0801 0.3057
vn 0.9478 -0.0804 0.3085
vn -0.0994 0.9668 -0.2354
vn -0.1007 0.9659 -0.2387
vn -0.1019 0.9657 -0.2389
vn 0.1851 -0.9803 0.0685
vn 0.1858 -0.9802 0.0686
vn 0.1827 -0.9809 0.0669
vn -0.1352 0.9630 0.2331
vn -0.1284 0.9643 0.2314
vn -0.1352 0.9627 0.2343
vn -0.9660 0.1342 0.2209
vn -0.9666 0.1369 0.2167
vn -0.9668 0.1329 0.2181
vn 0.2469 0.7340 0.6327
vn 0.2498 0.7342 0.6313
vn 0.2480 0.7340 0.6322
vn -0.9852 0.0506 0.1641
vn -0.9849 0.0526 0.1646
vn -0.9857 0.0508 0.1609
vn 0.4415 0.3450 0.8283
vn 0.4413 0.3404 0.8303
vn 0.4425 0.3430 0.8286
vn -0.3681 -0.6602 -0.6547
vn -0.3723 -0.6572 -0.6554
vn -0.3701 -0.6574 -0.6564
vn 0.3221 -0.9467 -0.0057
vn 0.3222 -0.9467 -0.0047
vn 0.3249 -0.9457 -0.0078
vn -0.9833 -0.1301 0.1273
vn -0.9833 -0.1290 0.1283
vn -0.9837 -0.1263 0.1277
vn 0.2616 0.9094 -0.3235
vn 0.2643 0.9090 -0.3223
vn 0.2634 0.9088 -0.3236
vn 0.7781 0.4443 0.4440
vn 0.7781 0.4444 0.4440
vn 0.7796 0.4454 0.4402
vn 0.0180 0.9269 -0.3748
vn 0.0190 0.9267 -0.3753
vn 0.0166 0.9257 -0.3779
vn 0.8842 0.3893 -0.2583
vn 0.8859 0.3840 -0.2603
vn 0.8840 0.3874 -0.2616
vn -0.8229 0.5072 -0.2561
vn -0.8216 0.5094 -0.2558
vn -0.8200 0.5118 -0.2562
vn -0.3839 0.8550 0.3487
vn -0.3827 0.8573 0.3444
vn -0.3862 0.8560 0.3437
vn 0.4624 0.5993 -0.6535
vn 0.4598 0.6024 -0.6524
vn 0.4637 0.5988 -0.6530
vn -0.9449 -0.3264 -0.0234
vn -0.9468 -0.3205 -0.0276
vn -0.9460 -0.3229 -0.0287
vn 0.9803 0.1613 0.1144
vn 0.9812 0.1571 0.1122
vn 0.9805 0.1616 0.1118
vn -0.6395 -0.7444 -0.1925
vn -0.6417 -0.7428 -0.1912
vn -0.6406 -0.7423 -0.1965
vn -0.2698 0.8690 -0.4147
vn -0.2673 0.8695 -0.4154
vn -0.2657 0.8691 -0.4172
vn 0.0654 -0.9926 0.1025
vn 0.0650 -0.9923 0.1058
vn 0.0641 -0.9926 0.1034
vn 0.2257 0.8799 0.4180
vn 0.2301 0.8789 0.4178
vn 0.2284 0.8817 0.4129
vn 0.0695 0.8777 0.4741
vn 0.0747 0.8789 0.4710
vn 0.0760 0.8783 0.4720
vn 0.5369 -0.5854 0.6075
vn 0.5363 -0.5842 0.6092
vn 0.5334 -0.5874 0.6087
vn 0.7318 0.6418 0.2292
vn 0.7347 0.6383 0.2300
vn 0.7342 0.6405 0.2253
vn 0.2073 0.9723 -0.1081
vn 0.2093 0.9717 -0.1094
vn 0.2111 0.9714 -0.1091
vn 0.9104 -0.3890 0.1406
vn 0.9092 -0.3920 0.1404
vn 0.9099 -0.3923 0.1346
vn 0.9643 0.1764 0.1974
vn 0.9650 0.1766 0.1939
vn 0.9644 0.1806 0.1932
vn -0.1773 -0.9630 0.2027
vn -0.1773 -0.9622 0.2067
vn -0.1768 -0.9633 0.2021
vn -0.4532 -0.8895 0.0586
vn -0.4565 -0.8878 0.0594
vn -0.4536 -0.8892 0.0595
vn -0.2008 -0.3613 0.9106
vn -0.2017 -0.3638 0.9094
vn -0.2006 -0.3640 0.9095
vn -0.9050 -0.1527 -0.3970
vn -0.9029 -0.1560 -0.4006
vn -0.9038 -0.1579 -0.3978
vn 0.8821 0.2875 0.3732
vn 0.8833 0.2840 0.3731
vn 0.8835 0.2859 0.3711
vn 0.6349 0.7665 0.0963
vn 0.6359 0.7658 0.0959
vn 0.6342 0.7673 0.0954
vn -0.4200 0.8795 -0.2239
vn -0.4166 0.8815 -0.2224
vn -0.4196 0.8793 -0.2255
vn -0.0112 -0.5997 0.8001
vn -0.0121 -0.6003 0.7997
vn -0.0146 -0.6004 0.7996
vn -0.4675 -0.6283 0.6219
vn -0.4690 -0.6250 0.6241
vn -0.4732 -0.6248 0.6210
vn -0.0037 -0.9872 0.1596
vn -0.0065 -0.9871 0.1602
vn -0.0046 -0.9877 0.1560
vn -0.4379 -0.2250 0.8704
vn -0.4369 -0.2201 0.8722
vn -0.4369 -0.2236 0.8713
vn 0.0783 0.9736 -0.2143
vn 0.0776 0.9740 -0.2127
vn 0.0783 0.9731 -0.2166
vn -0.8528 -0.4809 0.2039
vn -0.8529 -0.4812 0.2025
vn -0.8521 -0.4840 0.1990
vn -0.1359 -0.9878 0.0758
vn -0.1387 -0.9871 0.0801
vn -0.1402 -0.9872 0.0766
vn -0.2431 -0.9394 0.2416
vn -0.2392 -0.9403 0.2421
vn -0.2441 -0.9396 0.2401
vn -0.0982 0.9578 0.2702
vn -0.0919 0.9590 0.2681
vn -0.0986 0.9590 0.2657
vn -0.4852 -0.4732 -0.7353
vn -0.4820 -0.4737 -0.7371
vn -0.4806 -0.4741 -0.7377
vn 0.6792 0.7326 0.0457
vn 0.6804 0.7315 0.0438
vn 0.6793 0.7328 0.0405
vn 0.4458 -0.4566 0.7699
vn 0.4470 -0.4561 0.7695
vn 0.4494 -0.4545 0.7690
vn 0.3621 -0.0467 0.9309
vn 0.3632 -0.0463 0.9306
vn 0.3622 -0.0455 0.9310
vn -0.7085 0.5455 0.4477
vn -0.7074 0.5514 0.4422
vn -0.7094 0.5483 0.4428
vn -0.2770 -0.7966 -0.5373
vn -0.2798 -0.7959 -0.5369
vn -0.2792 -0.7939 -0.5401
vn -0.6596 0.2278 -0.7163
vn -0.6596 0.2296 -0.7157
vn -0.6592 0.2301 -0.7159
vn 0.8694 0.2632 -0.4182
vn 0.8714 0.2593 -0.4165
vn 0.8704 0.2582 -0.4192
vn -0.4169 0.8787 -0.2326
vn -0.4203 0.8776 -0.2307
vn -0.4200 0.8784 -0.2280
vn -0.4120 -0.4027 0.8174
vn -0.4153 -0.4019 0.8161
vn -0.4173 -0.4043 0.8139
vn 0.2343 0.3194 0.9182
vn 0.2309 0.3177 0.9196
vn 0.2331 0.3141 0.9203
vn -0.8548 0.2094 -0.4748
vn -0.8561 0.2102 -0.4722
vn -0.8540 0.2102 -0.4760
vn -0.7344 0.2855 -0.6158
vn -0.7328 0.2860 -0.6174
vn -0.7331 0.2845 -0.6178
vn -0.2004 0.1822 -0.9626
vn -0.1985 0.1822 -0.9630
vn -0.1976 0.1826 -0.9631
vn -0.6463 -0.4996 -0.5768
vn -0.6491 -0.5013 -0.5721
vn -0.6481 -0.4983 -0.5759
vn 0.4361 -0.4612 0.7727
vn 0.4399 -0.4615 0.7704
vn 0.4370 -0.4589 0.7736
vn 0.4694 -0.8652 0.1765
vn 0.4677 -0.8657 0.1784
vn 0.4669 -0.8665 0.1768
vn -0.0627 -0.7124 0.6990
vn -0.0627 -0.7086 0.7028
vn -0.0634 -0.7103 0.7011
vn 0.2680 0.7529 -0.6011
vn 0.2685 0.7504 -0.6040
vn 0.2671 0.7529 -0.6015
vn -0.8786 0.0958 -0.4678
vn -0.8792 0.0997 -0.4659
vn -0.8806 0.0993 -0.4634
vn -0.3715 0.8689 0.3273
vn -0.3687 0.8709 0.3249
vn -0.3714 0.8697 0.3252
vn -0.7902 -0.1587 -0.5919
vn -0.7889 -0.1558 -0.5944
vn -0.7889 -0.1567 -0.5941
vn -0.0594 -0.6971 0.7146
vn -0.0604 -0.6997 0.7119
vn -0.0602 -0.6993 0.7122
vn -0.6526 -0.7293 0.2055
vn -0.6557 -0.7269 0.2039
vn -0.6513 -0.7307 0.2048
vn 0.9386 0.0700 -0.3379
vn 0.9371 0.0696 -0.3421
vn 0.9378 0.0738 -0.3391
vn -0.0828 0.9871 -0.1373
vn -0.0807 0.9869 -0.1400
vn -0.0836 0.9865 -0.1408
vn 0.7953 -0.5765 0.1876
vn 0.7928 -0.5806 0.1855
vn 0.7962 -0.5755 0.1867
vn 0.4244 0.7747 0.4687
vn 0.4277 0.7749 0.4654
vn 0.4238 0.7787 0.4627
vn -0.0604 -0.7681 -0.6375
vn -0.0622 -0.7655 -0.6404
vn -0.0584 -0.7659 -0.6403
vn -0.3336 -0.9417 0.0440
vn -0.3369 -0.9405 0.0449
vn -0.3385 -0.9400 0.0428
vn -0.8589 0.0170 -0.5118
vn -0.8571 0.0127 -0.5150
vn -0.8596 0.0103 -0.5109
vn -0.9655 -0.1342 0.2234
vn -0.9641 -0.1364 0.2277
vn -0.9657 -0.1331 0.2231
vn 0.9056 -0.2138 0.3663
vn 0.9060 -0.2165 0.3638
vn 0.9073 -0.2144 0.3618
vn 0.5720 0.8106 -0.1256
vn 0.5746 0.8084 -0.1276
vn 0.5699 0.8120 -0.1260
vn 0.3850 -0.8983 0.2117
vn 0.3826 -0.8990 0.2132
vn 0.3852 -0.8984 0.2108
vn 0.0938 -0.9129 0.3973
vn 0.0954 -0.9150 0.3920
vn 0.0982 -0.9121 0.3980
vn 0.8406 -0.5384 -0.0594
vn 0.8393 -0.5404 -0.0596
vn 0.8406 -0.5383 -0.0604
vn -0.4575 -0.8606 -0.2237
vn -0.4521 -0.8624 -0.2279
vn -0.4543 -0.8612 -0.2281
vn 0.2865 0.8487 0.4446
vn 0.2917 0.8478 0.4428
vn 0.2868 0.8500 0.4419
vn -0.2888 0.8362 -0.4662
vn -0.2861 0.8358 -0.4687
vn -0.2871 0.8355 -0.4686
vn -0.1952 0.8572 -0.4766
vn -0.1941 0.8573 -0.4768
vn -0.1945 0.8564 -0.4782
vn 0.8072 0.2977 -0.5098
vn 0.8060 0.2954 -0.5129
vn 0.8054 0.2990 -0.5118
vn 0.1857 0.9789 -0.0858
vn 0.1871 0.9787 -0.0850
vn 0.1845 0.9791 -0.0853
vn -0.6904 -0.6204 -0.3721
vn -0.6909 -0.6170 -0.3767
vn -0.6908 -0.6168 -0.3773
vn -0.7876 0.5142 0.3395
vn -0.7882 0.5136 0.3392
vn -0.7913 0.5095 0.3380
vn 0.5732 0.5410 -0.6154
vn 0.5721 0.5375 -0.6195
vn 0.5708 0.5395 -0.6190
vn -0.7973 0.0997 -0.5954
vn -0.7931 0.0996 -0.6009
vn -0.7942 0.0969 -0.5998
vn 0.7270 0.6614 -0.1846
vn 0.7273 0.6622 -0.1805
vn 0.7261 0.6618 -0.1868
vn 0.2861 0.8487 0.4448
vn 0.2909 0.8468 0.4453
vn 0.2887 0.8489 0.4427
vn -0.0517 -0.9329 0.3563
vn -0.0523 -0.9343 0.3527
vn -0.0466 -0.9341 0.3539
vn -0.8059 -0.5816 -0.1106
vn -0.8095 -0.5769 -0.1088
vn -0.8069 -0.5799 -0.1128
vn -0.1980 -0.1083 -0.9742
vn -0.2007 -0.1092 -0.9736
vn -0.1985 -0.1047 -0.9745
vn 0.6160 0.6932 -0.3741
vn 0.6195 0.6918 -0.3709
vn 0.6179 0.6903 -0.3765
vn 0.5261 -0.7654 0.3706
vn 0.5244 -0.7672 0.3693
vn 0.5279 -0.7641 0.3708
vn -0.8291 -0.1707 -0.5324
vn -0.8269 -0.1749 -0.5344
vn -0.8310 -0.1733 -0.5286
vn 0.3318 -0.8896 0.3139
vn 0.3302 -0.8892 0.3167
vn 0.3329 -0.8895 0.3130
vn -0.2658 0.8211 -0.5050
vn -0.2669 0.8189 -0.5081
vn -0.2716 0.8181 -0.5068
vn -0.7596 -0.6473 -0.0629
vn -0.7638 -0.6421 -0.0656
vn -0.7597 -0.6468 -0.0668
vn 0.1959 0.8128 0.5486
vn 0.1984 0.8161 0.5428
vn 0.1940 0.8152 0.5458
vn 0.1015 -0.9377 0.3324
vn 0.1014 -0.9398 0.3264
vn 0.1040 -0.9379 0.3310
vn -0.5339 -0.5633 0.6306
vn -0.5374 -0.5670 0.6242
vn -0.5358 -0.5687 0.6241
vn -0.4293 -0.8893 -0.1573
vn -0.4318 -0.8875 -0.1609
vn -0.4289 -0.8889 -0.1611
vn -0.9451 0.2221 0.2399
vn -0.9457 0.2224 0.2370
vn -0.9456 0.2190 0.2406
vn 0.0060 0.8227 0.5684
vn 0.0089 0.8230 0.5680
vn 0.0071 0.8269 0.5623
vn -0.9607 0.0757 0.2671
vn -0.9620 0.0753 0.2623
vn -0.9622 0.0722 0.2627
vn -0.2329 -0.8888 0.3947
vn -0.2353 -0.8898 0.3910
vn -0.2307 -0.8916 0.3896
vn 0.6803 0.5205 -0.5160
vn 0.6808 0.5214 -0.5145
vn 0.6827 0.5189 -0.5145
vn -0.4548 -0.0692 -0.8879
vn -0.4548 -0.0654 -0.8882
vn -0.4532 -0.0659 -0.8889
vn -0.0610 -0.9774 0.2026
vn -0.0648 -0.9767 0.2045
vn -0.0634 -0.9770 0.2037
vn 0.0169 -0.9414 0.3367
vn 0.0098 -0.9426 0.3337
vn 0.0137 -0.9426 0.3336
vn -0.0149 -0.9440 0.3296
vn -0.0169 -0.9455 0.3252
vn -0.0125 -0.9454 0.3256
vn -0.6116 0.7910 -0.0133
vn -0.6107 0.7917 -0.0170
vn -0.6113 0.7912 -0.0194
vn -0.6172 0.6567 0.4334
vn -0.6139 0.6571 0.4375
vn -0.6165 0.6581 0.4323
vn -0.3690 -0.6988 -0.6128
vn -0.3674 -0.6966 -0.6163
vn -0.3652 -0.6972 -0.6169
vn -0.2647 -0.7163 0.6456
vn -0.2702 -0.7150 0.6448
vn -0.2700 -0.7184 0.6411
vn 0.9282 0.3545 0.1131
vn 0.9300 0.3497 0.1135
vn 0.9284 0.3545 0.1113
vn -0.4946 0.4402 -0.7494
vn -0.4911 0.4387 -0.7526
vn -0.4931 0.4371 -0.7522
vn -0.0837 0.9965 -0.0075
vn -0.0815 0.9967 -0.0063
vn -0.0819 0.9966 -0.0086
vn -0.0755 0.9410 0.3298
vn -0.0749 0.9428 0.3248
vn -0.0798 0.9416 0.3272
vn 0.7175 -0.6861 0.1201
vn 0.7179 -0.6859 0.1191
vn 0.7160 -0.6878 0.1198
vn -0.9511 0.0958 0.2937
vn -0.9505 0.1016 0.2936
vn -0.9511 0.0979 0.2929
vn -0.7397 -0.0897 -0.6669
vn -0.7409 -0.0867 -0.6660
vn -0.7375 -0.0870 -0.6697
vn 0.1525 -0.9475 0.2809
vn 0.1511 -0.9464 0.2853
vn 0.1543 -0.9468 0.2823
vn 0.4386 0.7832 0.4407
vn 0.4412 0.7833 0.4379
vn 0.4415 0.7841 0.4363
vn -0.1062 0.9850 -0.1360
vn -0.1041 0.9853 -0.1358
vn -0.1039 0.9849 -0.1387
vn -0.3751 0.6234 -0.6861
vn -0.3743 0.6251 -0.6850
vn -0.3731 0.6229 -0.6876
vn -0.7641 -0.5656 0.3101
vn -0.7656 -0.5669 0.3042
vn -0.7641 -0.5671 0.3076
vn -0.3571 -0.9039 0.2354
vn -0.3579 -0.9045 0.2321
vn -0.3584 -0.9048 0.2301
vn -0.2420 0.9599 -0.1412
vn -0.2466 0.9583 -0.1443
vn -0.2438 0.9597 -0.1397
vn 0.4761 -0.8421 0.2533
vn 0.4749 -0.8441 0.2489
vn 0.4740 -0.8448 0.2484
vn 0.7385 0.6511 -0.1754
vn 0.7405 0.6487 -0.1756
vn 0.7415 0.6478 -0.1747
vn -0.6435 -0.6772 0.3567
vn -0.6453 -0.6779 0.3523
vn -0.6432 -0.6798 0.3525
vn 0.2998 0.9046 0.3029
vn 0.3023 0.9042 0.3017
vn 0.2977 0.9051 0.3035
vn 0.3139 0.8127 -0.4908
vn 0.3127 0.8110 -0.4945
vn 0.3136 0.8110 -0.4939
vn 0.1675 0.9640 -0.2064
vn 0.1683 0.9639 -0.2062
vn 0.1680 0.9634 -0.2091
vn 0.8600 -0.0657 0.5061
vn 0.8573 -0.0697 0.5101
vn 0.8594 -0.0703 0.5064
vn -0.9474 0.2255 -0.2272
vn -0.9462 0.2301 -0.2274
vn -0.9462 0.2268 -0.2307
vn -0.4719 0.8817 -0.0033
vn -0.4674 0.8841 -0.0021
vn -0.4695 0.8829 -0.0045
vn 0.8943 -0.3789 -0.2382
vn 0.8941 -0.3808 -0.2356
vn 0.8927 -0.3832 -0.2373
vn 0.6486 -0.6774 0.3471
vn 0.6499 -0.6781 0.3432
vn 0.6511 -0.6758 0.3456
vn 0.8221 0.5290 -0.2105
vn 0.8198 0.5309 -0.2146
vn 0.8215 0.5304 -0.2092
vn -0.0385 -0.9669 0.2522
vn -0.0393 -0.9658 0.2564
vn -0.0392 -0.9670 0.2517
vn 0.0057 0.9842 -0.1770
vn 0.0114 0.9838 -0.1788
vn 0.0101 0.9830 -0.1832
vn 0.1149 0.8984 -0.4239
vn 0.1125 0.8972 -0.4270
vn 0.1120 0.8976 -0.4264
vn 0.4643 -0.6752 -0.5731
vn 0.4664 -0.6768 -0.5695
vn 0.4623 -0.6775 -0.5721
vn 0.0727 0.8939 -0.4423
vn 0.0757 0.8953 -0.4389
vn 0.0740 0.8931 -0.4437
vn -0.0264 0.7692 -0.6385
vn -0.0227 0.7674 -0.6408
vn -0.0265 0.7661 -0.6422
vn -0.9795 0.1946 0.0527
vn -0.9794 0.1957 0.0500
vn -0.9804 0.1909 0.0482
vn -0.9084 0.1293 0.3976
vn -0.9088 0.1291 0.3968
vn -0.9089 0.1242 0.3980
vn 0.3570 -0.7542 0.5511
vn 0.3619 -0.7525 0.5502
vn 0.3579 -0.7531 0.5520
vn -0.0831 0.6522 -0.7535
vn -0.0808 0.6546 -0.7516
vn -0.0799 0.6513 -0.7546
vn -0.8633 -0.3415 -0.3716
vn -0.8622 -0.3418 -0.3738
vn -0.8615 -0.3438 -0.3736
vn -0.7617 -0.5666 0.3144
vn -0.7608 -0.5692 0.3117
vn -0.7583 -0.5698 0.3166
vn 0.0863 0.8310 0.5495
vn 0.0890 0.8314 0.5485
vn 0.0848 0.8350 0.5436
vn -0.6059 0.6819 -0.4097
vn -0.6056 0.6799 -0.4136
vn -0.6078 0.6802 -0.4097
vn 0.0823 0.9020 -0.4238
vn 0.0838 0.8998 -0.4281
vn 0.0788 0.9009 -0.4268
vn -0.8482 -0.4825 0.2188
vn -0.8492 -0.4809 0.2181
vn -0.8483 -0.4832 0.2165
vn 0.5971 0.7878 0.1511
vn 0.6027 0.7840 0.1487
vn 0.6010 0.7855 0.1477
vn 0.2702 -0.9447 0.1858
vn 0.2685 -0.9457 0.1831
vn 0.2712 -0.9444 0.1860
vn 0.3748 -0.8606 0.3447
vn 0.3742 -0.8622 0.3414
vn 0.3774 -0.8610 0.3410
vn -0.2310 -0.8898 0.3936
vn -0.2337 -0.8919 0.3873
vn -0.2283 -0.8930 0.3879
vn 0.5134 0.6892 0.5114
vn 0.5158 0.6875 0.5112
vn 0.5148 0.6912 0.5072
vn -0.5563 0.7553 -0.3466
vn -0.5559 0.7564 -0.3446
vn -0.5544 0.7569 -0.3459
vn -0.1711 0.9337 0.3146
vn -0.1714 0.9327 0.3172
vn -0.1692 0.9347 0.3126
vn -0.5645 -0.7734 0.2882
vn -0.5673 -0.7706 0.2903
vn -0.5656 -0.7722 0.2894
vn -0.2374 -0.9390 0.2487
vn -0.2359 -0.9397 0.2478
vn -0.2326 -0.9405 0.2477
vn -0.0656 0.9439 -0.3237
vn -0.0678 0.9442 -0.3223
vn -0.0643 0.9436 -0.3247
vn 0.3907 -0.2985 0.8708
vn 0.3950 -0.3011 0.8679
vn 0.3966 -0.3001 0.8675
vn -0.1331 -0.9788 0.1555
vn -0.1333 -0.9792 0.1530
vn -0.1313 -0.9800 0.1497
vn 0.6067 -0.7940 -0.0385
vn 0.6048 -0.7953 -0.0413
vn 0.6070 -0.7937 -0.0408
vn 0.7232 0.5629 -0.4002
vn 0.7232 0.5624 -0.4008
vn 0.7206 0.5650 -0.4018
vn -0.7941 0.5448 -0.2694
vn -0.7954 0.5451 -0.2651
vn -0.7943 0.5463 -0.2656
vn 0.7079 0.3190 -0.6302
vn 0.7101 0.3200 -0.6271
vn 0.7092 0.3171 -0.6297
vn 0.5750 -0.7568 0.3110
vn 0.5734 -0.7582 0.3104
vn 0.5747 -0.7576 0.3093
vn -0.6609 0.7440 0.0987
vn -0.6587 0.7453 0.1027
vn -0.6580 0.7464 0.0997
vn -0.0620 0.9354 -0.3481
vn -0.0583 0.9336 -0.3535
vn -0.0629 0.9337 -0.3525
vn 0.1897 -0.9697 0.1542
vn 0.1853 -0.9710 0.1514
vn 0.1874 -0.9708 0.1498
vn -0.7125 0.4332 0.5520
vn -0.7141 0.4317 0.5511
vn -0.7088 0.4337 0.5563
vn 0.4755 0.6562 0.5860
vn 0.4767 0.6529 0.5886
vn 0.4766 0.6544 0.5870
vn -0.9407 0.3252 -0.0965
vn -0.9410 0.3259 -0.0915
vn -0.9409 0.3254 -0.0939
vn -0.2179 0.9446 -0.2456
vn -0.2167 0.9448 -0.2456
vn -0.2191 0.9436 -0.2484
vn -0.0667 -0.9544 0.2909
vn -0.0697 -0.9539 0.2920
vn -0.0701 -0.9545 0.2897
vn -0.6115 0.5609 -0.5582
vn -0.6092 0.5611 -0.5604
vn -0.6110 0.5589 -0.5606
vn 0.4745 -0.8474 0.2383
vn 0.4724 -0.8483 0.2390
vn 0.4734 -0.8485 0.2365
vn 0.6621 0.7481 0.0445
vn 0.6620 0.7481 0.0456
vn 0.6597 0.7505 0.0404
vn 0.2338 -0.9682 0.0889
vn 0.2293 -0.9695 0.0862
vn 0.2296 -0.9694 0.0871
vn -0.8441 -0.2254 0.4865
vn -0.8440 -0.2235 0.4876
vn -0.8460 -0.2215 0.4849
vn 0.0806 -0.9713 0.2237
vn 0.0809 -0.9717 0.2221
vn 0.0781 -0.9724 0.2198
vn -0.5595 0.5849 -0.5872
vn -0.5584 0.5853 -0.5879
vn -0.5583 0.5860 -0.5873
vn -0.5370 -0.7617 0.3626
vn -0.5370 -0.7618 0.3624
vn -0.5384 -0.7619 0.3601
vn -0.0296 -0.6543 0.7557
vn -0.0299 -0.6552 0.7549
vn -0.0286 -0.6561 0.7541
vn 0.6053 0.7939 0.0579
vn 0.6095 0.7910 0.0543
vn 0.6062 0.7934 0.0544
vn 0.8946 -0.1226 -0.4297
vn 0.8939 -0.1259 -0.4302
vn 0.8935 -0.1250 -0.4313
vn -0.8883 0.1325 0.4398
vn -0.8883 0.1336 0.4393
vn -0.8895 0.1345 0.4367
vn -0.8514 -0.1845 0.4910
vn -0.8523 -0.1819 0.4904
vn -0.8524 -0.1875 0.4882
vn -0.3969 0.7583 -0.5172
vn -0.3993 0.7591 -0.5142
vn -0.3963 0.7590 -0.5165
vn -0.1615 0.9356 -0.3138
vn -0.1614 0.9358 -0.3134
vn -0.1628 0.9357 -0.3131
vn -0.8425 0.2637 0.4698
vn -0.8432 0.2657 0.4673
vn -0.8434 0.2625 0.4689
vn 0.9468 0.2156 0.2390
vn 0.9468 0.2156 0.2391
vn 0.9915 0.0849 0.0987
vn 0.9916 0.0834 0.0993
vn 0.9915 0.0842 0.0990
vn -0.7145 -0.4635 -0.5241
vn -0.7266 -0.4666 -0.5043
vn -0.7395 -0.4630 -0.4886
vn -0.5943 0.6159 0.5171
vn -0.7221 0.3271 0.6095
vn -0.7222 0.3243 0.6109
vn -0.7224 0.3250 0.6103
vn 0.0137 -0.4346 -0.9005
vn 0.0135 -0.4307 -0.9024
vn 0.0138 -0.4334 -0.9011
vn -0.0414 -0.8401 0.5409
vn -0.0362 -0.8399 0.5415
vn -0.0433 -0.8384 0.5433
vn -0.0111 0.9157 -0.4016
vn -0.0148 0.9141 -0.4052
vn -0.0162 0.9152 -0.4028
vn -0.8326 0.0659 0.5499
vn -0.8264 0.0728 0.5583
vn -0.8451 0.0612 0.5312
vn -0.9649 0.0676 0.2538
vn -0.9648 0.0697 0.2535
vn -0.9656 0.0644 0.2521
vn 0.2409 -0.2864 -0.9273
vn 0.2412 -0.2866 -0.9272
vn 0.2408 -0.2872 -0.9271
vn 0.7753 -0.3429 -0.5305
vn 0.7736 -0.3446 -0.5318
vn 0.7743 -0.3422 -0.5322
vn 0.1823 0.4452 0.8767
vn 0.1824 0.4449 0.8768
vn 0.1826 0.4454 0.8765
vn 0.9750 -0.1412 -0.1715
vn 0.9739 -0.1466 -0.1733
vn 0.9749 -0.1394 -0.1735
vn 0.9529 0.0120 0.3029
vn 0.9534 0.0094 0.3017
vn 0.9540 0.0089 0.2998
vn -0.6510 -0.4913 0.5786
vn -0.6513 -0.4910 0.5786
vn -0.6497 -0.4923 0.5792
vn 0.7432 0.0143 0.6689
vn 0.7421 0.0119 0.6702
vn 0.7428 0.0133 0.6694
vn 0.8269 0.1898 0.5293
vn 0.8267 0.1923 0.5287
vn 0.8244 0.1979 0.5302
vn 0.5479 0.8284 -0.1168
vn 0.5503 0.8272 -0.1136
vn 0.5497 0.8272 -0.1167
vn 0.2531 0.7470 -0.6147
vn 0.2533 0.7454 -0.6166
vn 0.2524 0.7473 -0.6147
vn -0.9591 -0.2763 0.0620
vn -0.9592 -0.2754 0.0635
vn -0.9597 -0.2747 0.0599
vn -0.5912 0.7425 0.3148
vn -0.5894 0.7441 0.3144
vn -0.5927 0.7432 0.3105
vn -0.1914 0.8307 -0.5228
vn -0.1915 0.8291 -0.5253
vn -0.1926 0.8311 -0.5218
vn -0.3454 0.8308 -0.4365
vn -0.3453 0.8305 -0.4371
vn -0.3433 0.8294 -0.4407
vn 0.1062 -0.0000 0.9943
vn 0.1068 -0.0009 0.9943
vn 0.1074 -0.0017 0.9942
vn -0.8037 0.3715 0.4649
vn -0.8027 0.3731 0.4653
vn -0.8040 0.3739 0.4623
vn 0.1695 -0.7825 0.5991
vn 0.1668 -0.7850 0.5966
vn 0.1684 -0.7828 0.5990
vn 0.6516 0.4828 -0.5851
vn 0.6518 0.4815 -0.5859
vn 0.6484 0.4836 -0.5879
vn -0.7888 0.0468 0.6129
vn -0.7914 0.0491 0.6093
vn -0.7926 0.0471 0.6079
vn -0.6103 0.5251 0.5932
vn -0.6070 0.5305 0.5917
vn -0.6093 0.5275 0.5920
vn 0.3465 -0.0047 -0.9380
vn 0.3478 -0.0032 -0.9376
vn 0.3474 -0.0048 -0.9377
vn 0.8119 0.1438 0.5658
vn 0.8127 0.1429 0.5648
vn 0.8126 0.1421 0.5652
vn 0.1701 -0.2735 -0.9467
vn 0.1721 -0.2689 -0.9477
vn 0.1698 -0.2702 -0.9477
vn 0.0553 -0.8489 0.5257
vn 0.0534 -0.8483 0.5269
vn 0.0567 -0.8481 0.5269
vn -0.6057 -0.5228 0.5998
vn -0.6043 -0.5254 0.5990
vn -0.6038 -0.5223 0.6022
vn -0.3438 0.7768 0.5276
vn -0.3398 0.7762 0.5310
vn -0.3426 0.7780 0.5266
vn 0.8934 -0.0211 0.4488
vn 0.8932 -0.0255 0.4488
vn 0.8937 -0.0243 0.4481
vn 0.9231 -0.1235 -0.3641
vn 0.9219 -0.1307 -0.3648
vn 0.9225 -0.1238 -0.3657
vn 0.6847 0.4527 0.5712
vn 0.6897 0.4463 0.5701
vn 0.6853 0.4556 0.5682
vn -0.5561 -0.6381 0.5325
vn -0.5551 -0.6384 0.5333
vn -0.5558 -0.6416 0.5286
vn -0.4256 -0.7870 -0.4465
vn -0.4253 -0.7869 -0.4471
vn -0.4248 -0.7870 -0.4474
vn 0.2856 -0.8472 0.4479
vn 0.2856 -0.8451 0.4520
vn 0.2808 -0.8483 0.4490
vn 0.1756 -0.9731 0.1491
vn 0.1757 -0.9734 0.1471
vn 0.1808 -0.9718 0.1513
vn -0.3987 -0.8810 0.2545
vn -0.4015 -0.8794 0.2559
vn -0.3990 -0.8816 0.2523
vn -0.1758 0.9653 0.1929
vn -0.1724 0.9662 0.1916
vn -0.1748 0.9662 0.1893
vn -0.0443 -0.8154 0.5773
vn -0.0456 -0.8186 0.5726
vn -0.0430 -0.8178 0.5739
vn -0.0837 -0.9073 0.4122
vn -0.0823 -0.9091 0.4083
vn -0.0786 -0.9100 0.4070
vn -0.8462 0.1680 0.5057
vn -0.8476 0.1659 0.5040
vn -0.8466 0.1644 0.5062
vn 0.9179 -0.2349 0.3199
vn 0.9166 -0.2371 0.3218
vn 0.9171 -0.2386 0.3194
vn 0.9248 -0.2124 0.3158
vn 0.9238 -0.2164 0.3160
vn 0.9237 -0.2151 0.3170
vn -0.9479 -0.2750 -0.1610
vn -0.9468 -0.2765 -0.1643
vn -0.9479 -0.2758 -0.1594
vn -0.2689 -0.8527 0.4478
vn -0.2753 -0.8516 0.4461
vn -0.2716 -0.8535 0.4447
vn 0.7931 0.2010 0.5749
vn 0.7944 0.2032 0.5724
vn 0.7951 0.2031 0.5715
vn 0.3190 0.3673 -0.8737
vn 0.3185 0.3668 -0.8741
vn 0.3182 0.3642 -0.8753
vn -0.2830 0.7815 -0.5560
vn -0.2863 0.7805 -0.5558
vn -0.2844 0.7802 -0.5572
vn -0.7196 0.3643 0.5911
vn -0.7224 0.3627 0.5888
vn -0.7210 0.3618 0.5910
vn -0.8339 0.4284 -0.3480
vn -0.8332 0.4309 -0.3465
vn -0.8315 0.4316 -0.3498
vn -0.6710 -0.6857 0.2819
vn -0.6714 -0.6870 0.2780
vn -0.6706 -0.6872 0.2796
vn 0.2804 0.7137 -0.6419
vn 0.2814 0.7127 -0.6426
vn 0.2818 0.7125 -0.6426
vn 0.3749 -0.8851 0.2758
vn 0.3732 -0.8859 0.2757
vn 0.3737 -0.8864 0.2733
vn 0.5516 0.4429 -0.7068
vn 0.5530 0.4407 -0.7071
vn 0.5524 0.4370 -0.7099
vn -0.1679 0.2680 0.9487
vn -0.1673 0.2648 0.9497
vn -0.1646 0.2685 0.9491
vn -0.5366 -0.4426 0.7185
vn -0.5357 -0.4389 0.7213
vn -0.5397 -0.4396 0.7180
vn 0.3021 -0.7499 0.5885
vn 0.3010 -0.7513 0.5874
vn 0.3034 -0.7530 0.5838
vn 0.3379 0.8742 -0.3488
vn 0.3382 0.8737 -0.3497
vn 0.3358 0.8750 -0.3489
vn 0.0634 0.9065 0.4174
vn 0.0616 0.9076 0.4153
vn 0.0560 0.9063 0.4189
vn 0.8003 -0.5767 0.1643
vn 0.7975 -0.5807 0.1635
vn 0.7999 -0.5775 0.1632
vn -0.2476 0.8357 -0.4902
vn -0.2463 0.8384 -0.4862
vn -0.2471 0.8375 -0.4873
vn -0.9110 0.2685 0.3131
vn -0.9084 0.2744 0.3154
vn -0.9117 0.2687 0.3109
vn 0.9202 -0.3514 0.1726
vn 0.9203 -0.3530 0.1686
vn 0.9215 -0.3497 0.1691
vn -0.3533 -0.8624 0.3625
vn -0.3544 -0.8631 0.3597
vn -0.3509 -0.8647 0.3594
vn 0.2135 0.8161 0.5370
vn 0.2140 0.8150 0.5385
vn 0.2149 0.8159 0.5367
vn 0.9851 -0.0856 0.1490
vn 0.9854 -0.0858 0.1473
vn 0.9854 -0.0843 0.1476
vn -0.7137 0.4863 -0.5041
vn -0.7118 0.4888 -0.5044
vn -0.7111 0.4871 -0.5070
vn -0.8904 -0.3458 0.2959
vn -0.8932 -0.3420 0.2918
vn -0.8916 -0.3449 0.2935
vn -0.8631 0.2404 0.4442
vn -0.8667 0.2406 0.4369
vn -0.8672 0.2350 0.4389
vn 0.4404 -0.8032 0.4011
vn 0.4404 -0.8017 0.4040
vn 0.4361 -0.8041 0.4040
vn -0.8235 0.5672 -0.0089
vn -0.8229 0.5682 -0.0075
vn -0.8219 0.5696 -0.0096
vn 0.3451 0.6983 -0.6272
vn 0.3459 0.6962 -0.6290
vn 0.3446 0.6958 -0.6302
vn -0.8086 -0.1416 -0.5711
vn -0.8088 -0.1384 -0.5716
vn -0.8062 -0.1386 -0.5752
vn -0.4359 0.8199 -0.3712
vn -0.4352 0.8211 -0.3694
vn -0.4354 0.8206 -0.3702
vn -0.3017 0.8286 -0.4716
vn -0.2990 0.8301 -0.4706
vn -0.3018 0.8280 -0.4726
vn 0.3940 0.6050 -0.6919
vn 0.3925 0.6015 -0.6958
vn 0.3904 0.6068 -0.6924
vn 0.5717 -0.7706 0.2816
vn 0.5687 -0.7730 0.2813
vn 0.5692 -0.7734 0.2791
vn -0.0393 0.9435 -0.3291
vn -0.0381 0.9448 -0.3254
vn -0.0377 0.9436 -0.3291
vn 0.6376 0.3894 0.6647
vn 0.6385 0.3816 0.6684
vn 0.6416 0.3865 0.6626
vn 0.9526 -0.2151 0.2151
vn 0.9527 -0.2153 0.2144
vn 0.9530 -0.2178 0.2104
vn -0.1016 0.7840 -0.6124
vn -0.1033 0.7798 -0.6174
vn -0.1065 0.7826 -0.6134
vn 0.5409 -0.5425 0.6427
vn 0.5348 -0.5465 0.6445
vn 0.5385 -0.5466 0.6413
vn -0.5795 0.5517 0.5999
vn -0.5807 0.5528 0.5977
vn -0.5840 0.5484 0.5985
vn 0.0814 0.7995 -0.5951
vn 0.0791 0.7978 -0.5977
vn 0.0761 0.7982 -0.5976
vn -0.7174 0.1546 0.6792
vn -0.7191 0.1572 0.6769
vn -0.7156 0.1581 0.6804
vn 0.7818 -0.1309 -0.6096
vn 0.7812 -0.1387 -0.6086
vn 0.7782 -0.1342 -0.6135
vn -0.7539 -0.0928 -0.6504
vn -0.7503 -0.0910 -0.6549
vn -0.7503 -0.0939 -0.6544
vn 0.0344 -0.8339 0.5509
vn 0.0344 -0.8321 0.5536
vn 0.0335 -0.8348 0.5495
vn 0.6494 0.2025 0.7330
vn 0.6529 0.2017 0.7301
vn 0.6530 0.2034 0.7296
vn -0.4923 -0.7060 0.5091
vn -0.4941 -0.7073 0.5056
vn -0.4907 -0.7076 0.5084
vn 0.0604 -0.8802 0.4708
vn 0.0605 -0.8789 0.4732
vn 0.0577 -0.8798 0.4718
vn 0.6294 0.2948 -0.7190
vn 0.6304 0.2951 -0.7180
vn 0.6299 0.2957 -0.7182
vn -0.3768 -0.8153 0.4397
vn -0.3798 -0.8163 0.4352
vn -0.3768 -0.8160 0.4383
vn -0.6181 0.2207 0.7545
vn -0.6168 0.2229 0.7549
vn -0.6196 0.2216 0.7530
vn -0.9132 -0.2513 0.3207
vn -0.9148 -0.2457 0.3205
vn -0.9134 -0.2520 0.3197
vn 0.4760 0.6547 0.5872
vn 0.4824 0.6520 0.5849
vn 0.4776 0.6552 0.5853
vn 0.1050 -0.7772 0.6204
vn 0.1043 -0.7771 0.6207
vn 0.1026 -0.7792 0.6184
vn -0.2935 -0.7830 0.5484
vn -0.2962 -0.7810 0.5498
vn -0.2944 -0.7848 0.5453
vn -0.1400 0.6840 -0.7160
vn -0.1409 0.6859 -0.7139
vn -0.1405 0.6842 -0.7156
vn 0.7327 -0.0636 0.6776
vn 0.7320 -0.0726 0.6774
vn 0.7328 -0.0715 0.6767
vn -0.7787 0.0322 -0.6266
vn -0.7752 0.0322 -0.6309
vn -0.7792 0.0306 -0.6260
vn -0.6104 0.5313 0.5874
vn -0.6121 0.5312 0.5858
vn -0.6146 0.5297 0.5845
vn -0.2281 -0.6817 0.6952
vn -0.2317 -0.6808 0.6949
vn -0.2293 -0.6846 0.6919
vn -0.3374 0.7386 -0.5837
vn -0.3364 0.7379 -0.5850
vn -0.3402 0.7375 -0.5834
vn -0.9308 0.1602 0.3285
vn -0.9313 0.1603 0.3270
vn -0.9311 0.1613 0.3271
vn -0.7185 -0.5091 0.4739
vn -0.7206 -0.5044 0.4758
vn -0.7210 -0.5089 0.4703
vn -0.3580 0.8061 -0.4712
vn -0.3621 0.8024 -0.4743
vn -0.3626 0.8056 -0.4686
vn 0.1670 0.8219 -0.5447
vn 0.1633 0.8224 -0.5450
vn 0.1624 0.8232 -0.5440
vn 0.2199 -0.8984 0.3801
vn 0.2188 -0.8973 0.3835
vn 0.2214 -0.8957 0.3856
vn -0.8696 0.1192 0.4792
vn -0.8713 0.1208 0.4756
vn -0.8705 0.1140 0.4788
vn -0.9014 0.2029 -0.3825
vn -0.9017 0.2051 -0.3806
vn -0.8995 0.2061 -0.3852
vn 0.4550 0.4683 0.7575
vn 0.4559 0.4636 0.7597
vn 0.4586 0.4694 0.7545
vn -0.3929 0.8565 -0.3348
vn -0.3918 0.8575 -0.3336
vn -0.3927 0.8562 -0.3357
vn 0.4184 -0.5904 0.6902
vn 0.4184 -0.5930 0.6879
vn 0.4199 -0.5941 0.6861
vn -0.1425 0.6522 0.7445
vn -0.1391 0.6532 0.7443
vn -0.1409 0.6541 0.7431
vn -0.4330 -0.8319 0.3470
vn -0.4314 -0.8350 0.3416
vn -0.4311 -0.8333 0.3460
vn 0.6191 -0.7465 0.2439
vn 0.6186 -0.7465 0.2450
vn 0.6188 -0.7467 0.2438
vn -0.5054 -0.4800 0.7170
vn -0.5017 -0.4825 0.7179
vn -0.5027 -0.4834 0.7167
vn 0.9117 0.2739 -0.3063
vn 0.9118 0.2709 -0.3086
vn 0.9112 0.2721 -0.3094
vn -0.2209 -0.8501 0.4781
vn -0.2237 -0.8512 0.4749
vn -0.2221 -0.8531 0.4721
vn -0.6431 0.5654 0.5164
vn -0.6433 0.5681 0.5133
vn -0.6441 0.5685 0.5118
vn 0.1938 0.6827 -0.7045
vn 0.1964 0.6811 -0.7054
vn 0.1919 0.6805 -0.7072
vn -0.4559 0.8128 0.3627
vn -0.4537 0.8145 0.3616
vn -0.4567 0.8126 0.3619
vn -0.7276 0.3090 -0.6125
vn -0.7252 0.3116 -0.6140
vn -0.7260 0.3065 -0.6156
vn 0.4237 0.8250 0.3739
vn 0.4234 0.8244 0.3755
vn 0.4228 0.8256 0.3735
vn 0.2617 0.6651 -0.6994
vn 0.2604 0.6637 -0.7012
vn 0.2590 0.6650 -0.7005
vn -0.5563 0.4487 0.6994
vn -0.5543 0.4516 0.6992
vn -0.5588 0.4508 0.6960
vn -0.1115 -0.8479 0.5184
vn -0.1152 -0.8452 0.5219
vn -0.1135 -0.8484 0.5170
vn -0.3138 0.7853 -0.5336
vn -0.3138 0.7838 -0.5359
vn -0.3183 0.7814 -0.5367
vn 0.7612 -0.0200 -0.6482
vn 0.7565 -0.0229 -0.6536
vn 0.7574 -0.0218 -0.6526
vn -0.7042 0.6732 -0.2257
vn -0.7052 0.6728 -0.2236
vn -0.7070 0.6710 -0.2234
vn -0.8735 0.3890 -0.2927
vn -0.8735 0.3889 -0.2929
vn -0.8728 0.3901 -0.2933
vn -0.4006 0.8537 -0.3329
vn -0.4003 0.8532 -0.3343
vn -0.4033 0.8512 -0.3358
vn -0.6334 -0.1870 -0.7509
vn -0.6345 -0.1804 -0.7516
vn -0.6326 -0.1844 -0.7522
vn 0.6531 -0.2537 -0.7135
vn 0.6522 -0.2559 -0.7136
vn 0.6514 -0.2514 -0.7159
vn 0.8244 -0.4780 0.3031
vn 0.8238 -0.4804 0.3010
vn 0.8256 -0.4785 0.2991
vn 0.6418 -0.2324 0.7308
vn 0.6429 -0.2335 0.7294
vn 0.6460 -0.2354 0.7262
vn -0.7766 0.3227 0.5410
vn -0.7769 0.3224 0.5408
vn -0.7792 0.3166 0.5409
vn -0.7910 -0.5539 0.2598
vn -0.7925 -0.5526 0.2581
vn -0.7919 -0.5528 0.2595
vn 0.7192 -0.0509 0.6929
vn 0.7256 -0.0503 0.6863
vn 0.7242 -0.0505 0.6877
vn 0.6400 -0.6967 0.3241
vn 0.6402 -0.6972 0.3225
vn 0.6407 -0.6973 0.3214
vn -0.3302 0.0782 0.9407
vn -0.3323 0.0823 0.9396
vn -0.3305 0.0766 0.9407
vn 0.4978 -0.0269 0.8669
vn 0.4988 -0.0283 0.8663
vn 0.5003 -0.0275 0.8654
vn -0.2513 0.5856 0.7706
vn -0.2475 0.5852 0.7722
vn -0.2468 0.5857 0.7720
vn 0.3392 0.7740 -0.5347
vn 0.3405 0.7734 -0.5346
vn 0.3384 0.7734 -0.5360
vn 0.8287 -0.3240 -0.4564
vn 0.8288 -0.3270 -0.4541
vn 0.8288 -0.3260 -0.4548
vn 0.4410 0.2117 0.8722
vn 0.4427 0.2105 0.8716
vn 0.4433 0.2139 0.8705
vn -0.2276 -0.8059 0.5466
vn -0.2263 -0.8055 0.5477
vn -0.2291 -0.8060 0.5458
vn -0.5126 -0.0027 0.8586
vn -0.5141 -0.0074 0.8577
vn -0.5113 -0.0086 0.8594
vn -0.2613 -0.7082 0.6559
vn -0.2585 -0.7084 0.6568
vn -0.2586 -0.7127 0.6521
vn 0.9979 0.0204 -0.0613
vn 0.9979 0.0181 -0.0616
vn 0.9979 0.0183 -0.0627
vn -0.7952 0.3199 0.5150
vn -0.7964 0.3172 0.5150
vn -0.7957 0.3114 0.5195
vn 0.9605 0.2605 -0.0980
vn 0.9608 0.2589 -0.0989
vn 0.9603 0.2608 -0.0993
vn -0.7253 -0.5728 0.3820
vn -0.7253 -0.5741 0.3799
vn -0.7257 -0.5726 0.3814
vn -0.1503 0.8638 -0.4809
vn -0.1514 0.8648 -0.4787
vn -0.1514 0.8615 -0.4847
vn 0.2718 -0.8087 0.5216
vn 0.2707 -0.8093 0.5214
vn 0.2675 -0.8108 0.5207
vn 0.5218 0.3345 0.7847
vn 0.5256 0.3320 0.7833
vn 0.5233 0.3335 0.7842
vn 0.6312 0.1051 -0.7685
vn 0.6319 0.1076 -0.7675
vn 0.6306 0.1103 -0.7682
vn 0.3654 0.3709 0.8538
vn 0.3662 0.3707 0.8535
vn 0.3664 0.3743 0.8519
vn 0.2697 -0.7252 0.6335
vn 0.2692 -0.7277 0.6309
vn 0.2727 -0.7255 0.6319
vn -0.9281 0.2533 0.2729
vn -0.9273 0.2558 0.2733
vn -0.9277 0.2544 0.2733
vn 0.5245 0.8449 0.1050
vn 0.5248 0.8447 0.1052
vn 0.5240 0.8454 0.1036
vn -0.5804 -0.4261 0.6940
vn -0.5846 -0.4226 0.6926
vn -0.5828 -0.4275 0.6911
vn -0.1428 0.7648 -0.6283
vn -0.1382 0.7655 -0.6285
vn -0.1441 0.7655 -0.6272
vn 0.5507 0.8052 0.2198
vn 0.5524 0.8040 0.2204
vn 0.5511 0.8054 0.2182
vn -0.8694 0.1153 0.4804
vn -0.8700 0.1205 0.4782
vn -0.8727 0.1136 0.4749
vn -0.2806 0.8246 0.4912
vn -0.2785 0.8244 0.4927
vn -0.2796 0.8255 0.4903
vn -0.2701 -0.7669 0.5822
vn -0.2731 -0.7680 0.5793
vn -0.2688 -0.7705 0.5780
vn -0.2365 0.6789 -0.6951
vn -0.2317 0.6785 -0.6971
vn -0.2350 0.6777 -0.6967
vn 0.6692 0.0777 0.7390
vn 0.6711 0.0699 0.7381
vn 0.6672 0.0776 0.7408
vn -0.1727 -0.7251 0.6667
vn -0.1751 -0.7242 0.6669
vn -0.1738 -0.7288 0.6623
vn 0.8907 -0.4035 0.2091
vn 0.8905 -0.4035 0.2102
vn 0.8916 -0.4018 0.2086
vn -0.1031 -0.7456 0.6584
vn -0.1101 -0.7444 0.6586
vn -0.1045 -0.7449 0.6590
vn 0.4167 -0.4088 0.8119
vn 0.4159 -0.4082 0.8127
vn 0.4168 -0.4104 0.8111
vn -0.6739 -0.1882 -0.7145
vn -0.6708 -0.1927 -0.7162
vn -0.6720 -0.1944 -0.7146
vn 0.4976 0.4740 0.7265
vn 0.4983 0.4748 0.7255
vn 0.5014 0.4737 0.7240
vn -0.2291 0.6127 0.7564
vn -0.2312 0.6133 0.7553
vn -0.2289 0.6132 0.7560
vn -0.1510 -0.7539 0.6394
vn -0.1543 -0.7547 0.6377
vn -0.1553 -0.7559 0.6360
vn 0.2109 0.7355 -0.6438
vn 0.2124 0.7360 -0.6428
vn 0.2134 0.7325 -0.6464
vn 0.2255 -0.6900 0.6878
vn 0.2250 -0.6920 0.6860
vn 0.2253 -0.6923 0.6855
vn 0.0218 0.8366 -0.5473
vn 0.0225 0.8357 -0.5488
vn 0.0220 0.8348 -0.5501
vn 0.4353 0.7910 -0.4300
vn 0.4356 0.7913 -0.4290
vn 0.4336 0.7915 -0.4307
vn 0.3548 0.6217 0.6983
vn 0.3523 0.6225 0.6988
vn 0.3530 0.6228 0.6982
vn -0.5532 -0.4511 0.7003
vn -0.5538 -0.4523 0.6991
vn -0.5581 -0.4476 0.6987
vn 0.4090 0.4802 -0.7760
vn 0.4078 0.4798 -0.7768
vn 0.4093 0.4811 -0.7753
vn -0.1075 -0.7456 0.6577
vn -0.1059 -0.7455 0.6580
vn -0.1101 -0.7449 0.6580
vn -0.5977 -0.1073 -0.7945
vn -0.5947 -0.1070 -0.7968
vn -0.5940 -0.1112 -0.7968
vn 0.1973 0.7202 0.6651
vn 0.1969 0.7188 0.6668
vn 0.1960 0.7208 0.6649
vn 0.8521 -0.4039 0.3329
vn 0.8510 -0.4067 0.3323
vn 0.8520 -0.4068 0.3295
vn -0.1768 -0.9265 0.3321
vn -0.1810 -0.9262 0.3308
vn -0.1813 -0.9261 0.3308
vn -0.3850 0.3863 0.8382
vn -0.3868 0.3824 0.8391
vn -0.3850 0.3809 0.8406
vn 0.1616 0.4881 0.8577
vn 0.1685 0.4857 0.8577
vn 0.1656 0.4917 0.8549
vn 0.1770 0.6170 -0.7668
vn 0.1802 0.6139 -0.7686
vn 0.1761 0.6137 -0.7697
vn -0.0287 0.0704 0.9971
vn -0.0294 0.0707 0.9971
vn -0.0318 0.0686 0.9971
vn 0.0493 0.9412 -0.3343
vn 0.0514 0.9405 -0.3358
vn 0.0526 0.9399 -0.3373
vn -0.4470 -0.4566 0.7692
vn -0.4469 -0.4568 0.7692
vn -0.4537 -0.4566 0.7653
vn 0.8351 0.0876 0.5430
vn 0.8345 0.0865 0.5441
vn 0.8364 0.0832 0.5418
vn 0.9905 0.0860 -0.1077
vn 0.9905 0.0831 -0.1100
vn 0.9904 0.0853 -0.1091
vn -0.7635 0.1713 -0.6227
vn -0.7623 0.1767 -0.6227
vn -0.7625 0.1760 -0.6226
vn -0.3700 -0.7383 0.5639
vn -0.3714 -0.7380 0.5634
vn -0.3736 -0.7390 0.5606
vn 0.4596 -0.2316 -0.8574
vn 0.4556 -0.2330 -0.8592
vn 0.4604 -0.2283 -0.8578
vn 0.4804 0.5339 0.6958
vn 0.4785 0.5297 0.7003
vn 0.4831 0.5291 0.6976
vn 0.0098 0.8045 -0.5938
vn 0.0113 0.8032 -0.5956
vn 0.0139 0.8016 -0.5977
vn 0.8415 0.0156 0.5400
vn 0.8412 0.0095 0.5407
vn 0.8418 0.0141 0.5396
vn -0.5081 0.1235 -0.8524
vn -0.5063 0.1214 -0.8538
vn -0.5112 0.1195 -0.8511
vn -0.0773 0.7067 -0.7033
vn -0.0747 0.7099 -0.7003
vn -0.0789 0.7080 -0.7018
vn 0.9621 0.0045 -0.2727
vn 0.9618 0.0056 -0.2738
vn 0.9616 0.0073 -0.2744
vn -0.8192 -0.1526 0.5529
vn -0.8180 -0.1529 0.5545
vn -0.8223 -0.1504 0.5488
vn -0.7552 -0.0360 0.6545
vn -0.7585 -0.0339 0.6508
vn -0.7584 -0.0381 0.6506
vn 0.5461 -0.5288 0.6497
vn 0.5438 -0.5308 0.6500
vn 0.5482 -0.5283 0.6484
vn -0.7894 0.2140 0.5754
vn -0.7886 0.2193 0.5745
vn -0.7899 0.2183 0.5731
vn -0.2901 0.5551 -0.7796
vn -0.2916 0.5511 -0.7818
vn -0.2933 0.5512 -0.7811
vn -0.6938 -0.2457 0.6770
vn -0.6947 -0.2390 0.6784
vn -0.6955 -0.2433 0.6761
vn -0.0116 -0.9143 0.4048
vn -0.0124 -0.9153 0.4027
vn -0.0062 -0.9152 0.4030
vn 0.8437 0.0961 0.5281
vn 0.8437 0.0951 0.5283
vn 0.8443 0.0959 0.5273
vn -0.5459 0.3684 0.7525
vn -0.5474 0.3659 0.7526
vn -0.5488 0.3630 0.7530
vn -0.1656 -0.6237 0.7639
vn -0.1676 -0.6222 0.7647
vn -0.1679 -0.6225 0.7644
vn 0.5939 -0.3785 0.7099
vn 0.5908 -0.3805 0.7114
vn 0.5918 -0.3803 0.7107
vn 0.2380 0.5328 0.8121
vn 0.2389 0.5330 0.8117
vn 0.2349 0.5383 0.8094
vn 0.0467 -0.8236 0.5653
vn 0.0498 -0.8242 0.5640
vn 0.0454 -0.8214 0.5686
vn -0.1242 0.5655 0.8154
vn -0.1217 0.5658 0.8155
vn -0.1199 0.5681 0.8142
vn 0.2468 0.6119 -0.7515
vn 0.2492 0.6104 -0.7519
vn 0.2464 0.6123 -0.7513
vn 0.3725 -0.5506 0.7471
vn 0.3705 -0.5518 0.7472
vn 0.3711 -0.5558 0.7439
vn -0.0121 -0.9139 0.4057
vn -0.0170 -0.9125 0.4088
vn -0.0147 -0.9145 0.4044
vn -0.2886 -0.6450 0.7076
vn -0.2928 -0.6477 0.7033
vn -0.2893 -0.6482 0.7044
vn 0.9207 -0.0578 0.3859
vn 0.9212 -0.0575 0.3847
vn 0.9210 -0.0564 0.3854
vn 0.5243 0.0997 -0.8457
vn 0.5265 0.0984 -0.8444
vn 0.5253 0.0986 -0.8452
vn 0.6749 0.1048 0.7305
vn 0.6794 0.1107 0.7253
vn 0.6726 0.1091 0.7319
vn -0.0673 0.4309 -0.8999
vn -0.0704 0.4259 -0.9020
vn -0.0701 0.4281 -0.9010
vn 0.8796 -0.1399 0.4546
vn 0.8792 -0.1412 0.4551
vn 0.8798 -0.1420 0.4537
vn -0.0646 -0.7547 0.6529
vn -0.0686 -0.7563 0.6506
vn -0.0603 -0.7571 0.6505
vn -0.3378 -0.5466 0.7662
vn -0.3376 -0.5465 0.7664
vn -0.3382 -0.5502 0.7635
vn -0.6325 -0.2246 0.7413
vn -0.6364 -0.2216 0.7388
vn -0.6358 -0.2239 0.7387
vn 0.1557 -0.6474 0.7460
vn 0.1546 -0.6443 0.7489
vn 0.1505 -0.6459 0.7485
vn -0.4384 -0.5992 0.6699
vn -0.4420 -0.5973 0.6693
vn -0.4411 -0.5993 0.6680
vn 0.9534 -0.2185 0.2082
vn 0.9538 -0.2153 0.2096
vn 0.9524 -0.2203 0.2109
vn 0.7118 0.6513 0.2629
vn 0.7119 0.6514 0.2624
vn 0.7109 0.6523 0.2629
vn 0.3377 -0.6704 0.6607
vn 0.3369 -0.6733 0.6582
vn 0.3388 -0.6724 0.6581
vn -0.3502 0.6316 -0.6917
vn -0.3487 0.6296 -0.6943
vn -0.3553 0.6303 -0.6902
vn -0.1680 0.2271 -0.9593
vn -0.1665 0.2299 -0.9589
vn -0.1637 0.2261 -0.9603
vn 0.1474 -0.3396 0.9289
vn 0.1453 -0.3427 0.9281
vn 0.1467 -0.3399 0.9290
vn -0.1487 0.3426 -0.9276
vn -0.1436 0.3437 -0.9280
vn -0.1422 0.3458 -0.9274
vn -0.0361 -0.5813 0.8129
vn -0.0375 -0.5842 0.8107
vn -0.0368 -0.5826 0.8119
vn 0.3669 0.4148 -0.8327
vn 0.3678 0.4149 -0.8322
vn 0.3658 0.4156 -0.8327
vn -0.4232 0.4585 -0.7815
vn -0.4231 0.4569 -0.7825
vn -0.4241 0.4561 -0.7823
vn -0.1902 -0.7175 0.6701
vn -0.1909 -0.7164 0.6711
vn -0.1898 -0.7201 0.6674
vn -0.8085 0.5823 0.0851
vn -0.8083 0.5822 0.0877
vn -0.8080 0.5831 0.0848
vn -0.1948 0.4513 -0.8708
vn -0.1936 0.4497 -0.8720
vn -0.1949 0.4466 -0.8732
vn 0.8339 0.5487 -0.0599
vn 0.8340 0.5485 -0.0592
vn 0.8342 0.5482 -0.0593
vn 0.4206 -0.0727 -0.9043
vn 0.4195 -0.0704 -0.9050
vn 0.4241 -0.0697 -0.9029
vn -0.5630 0.3751 0.7364
vn -0.5641 0.3743 0.7360
vn -0.5659 0.3749 0.7343
vn 0.2785 0.5654 -0.7764
vn 0.2809 0.5639 -0.7766
vn 0.2763 0.5641 -0.7781
vn 0.7522 0.2147 -0.6230
vn 0.7490 0.2156 -0.6265
vn 0.7525 0.2167 -0.6219
vn -0.5180 0.2590 -0.8152
vn -0.5158 0.2563 -0.8175
vn -0.5211 0.2568 -0.8139
vn -0.6011 0.0541 0.7973
vn -0.6038 0.0523 0.7954
vn -0.6026 0.0490 0.7965
vn -0.0413 -0.7551 0.6543
vn -0.0490 -0.7564 0.6523
vn -0.0446 -0.7564 0.6526
vn -0.2970 0.2882 0.9103
vn -0.3031 0.2853 0.9092
vn -0.2984 0.2846 0.9110
vn -0.4760 -0.5084 0.7176
vn -0.4795 -0.5079 0.7156
vn -0.4766 -0.5109 0.7154
vn 0.4197 0.2584 0.8701
vn 0.4192 0.2548 0.8714
vn 0.4210 0.2586 0.8694
vn 0.9214 0.2105 -0.3266
vn 0.9231 0.2084 -0.3232
vn 0.9226 0.2081 -0.3247
vn 0.3642 -0.6589 0.6582
vn 0.3651 -0.6574 0.6592
vn 0.3621 -0.6608 0.6574
vn -0.0200 0.4974 -0.8673
vn -0.0204 0.4990 -0.8663
vn -0.0201 0.4978 -0.8670
vn 0.2523 0.2488 0.9351
vn 0.2578 0.2530 0.9325
vn 0.2544 0.2554 0.9328
vn -0.0496 0.3147 0.9479
vn -0.0488 0.3148 0.9479
vn -0.0502 0.3192 0.9464
vn -0.3666 0.4165 0.8319
vn -0.3670 0.4194 0.8303
vn -0.3679 0.4180 0.8306
vn -0.7060 -0.5018 0.4998
vn -0.7011 -0.5033 0.5052
vn -0.7033 -0.5045 0.5009
vn 0.9426 -0.2459 0.2261
vn 0.9410 -0.2493 0.2290
vn 0.9411 -0.2503 0.2274
vn -0.2755 0.3104 0.9098
vn -0.2775 0.3159 0.9073
vn -0.2767 0.3137 0.9083
vn -0.5784 0.7212 -0.3813
vn -0.5753 0.7234 -0.3818
vn -0.5771 0.7205 -0.3845
vn 0.4391 -0.4653 0.7685
vn 0.4364 -0.4634 0.7712
vn 0.4411 -0.4673 0.7662
vn 0.5841 -0.3665 0.7242
vn 0.5836 -0.3643 0.7258
vn 0.5869 -0.3669 0.7218
vn -0.2174 0.4801 -0.8499
vn -0.2167 0.4847 -0.8474
vn -0.2155 0.4829 -0.8488
vn -0.0737 0.3047 -0.9496
vn -0.0719 0.3026 -0.9504
vn -0.0727 0.3016 -0.9507
vn 0.0687 0.5265 0.8474
vn 0.0694 0.5252 0.8481
vn 0.0696 0.5279 0.8465
vn -0.7021 -0.1586 0.6942
vn -0.7028 -0.1520 0.6950
vn -0.7032 -0.1566 0.6935
vn 0.3284 -0.1332 -0.9351
vn 0.3249 -0.1327 -0.9364
vn 0.3268 -0.1310 -0.9360
vn 0.1859 0.3344 0.9239
vn 0.1846 0.3312 0.9253
vn 0.1886 0.3366 0.9226
vn 0.8057 0.2487 0.5375
vn 0.8055 0.2481 0.5381
vn 0.8068 0.2479 0.5363
vn 0.0743 -0.5622 0.8237
vn 0.0700 -0.5618 0.8243
vn 0.0737 -0.5625 0.8235
vn 0.1165 -0.7377 0.6650
vn 0.1182 -0.7353 0.6674
vn 0.1164 -0.7394 0.6631
vn -0.1395 0.4123 -0.9003
vn -0.1383 0.4074 -0.9027
vn -0.1386 0.4067 -0.9030
vn 0.9575 0.1247 -0.2603
vn 0.9583 0.1219 -0.2586
vn 0.9572 0.1240 -0.2615
vn 0.8724 0.1290 0.4714
vn 0.8738 0.1243 0.4700
vn 0.8727 0.1290 0.4709
vn -0.2408 -0.5549 0.7963
vn -0.2401 -0.5556 0.7960
vn -0.2377 -0.5550 0.7971
vn -0.6153 0.1430 -0.7752
vn -0.6132 0.1464 -0.7762
vn -0.6122 0.1419 -0.7779
vn -0.3346 -0.5204 0.7856
vn -0.3395 -0.5170 0.7858
vn -0.3403 -0.5206 0.7830
vn 0.1561 0.4900 -0.8576
vn 0.1606 0.4881 -0.8579
vn 0.1592 0.4854 -0.8597
vn -0.9530 0.0834 0.2914
vn -0.9531 0.0823 0.2911
vn -0.9536 0.0814 0.2899
vn -0.9626 0.2403 0.1250
vn -0.9637 0.2373 0.1225
vn -0.9637 0.2370 0.1226
vn -0.7011 -0.0512 0.7112
vn -0.6991 -0.0474 0.7134
vn -0.7015 -0.0453 0.7112
vn -0.0691 -0.4537 0.8885
vn -0.0758 -0.4552 0.8872
vn -0.0729 -0.4547 0.8876
vn 0.5111 0.7318 -0.4507
vn 0.5140 0.7305 -0.4496
vn 0.5125 0.7302 -0.4518
vn 0.6128 0.2167 0.7600
vn 0.6122 0.2157 0.7607
vn 0.6161 0.2175 0.7571
vn 0.5310 -0.2186 0.8187
vn 0.5311 -0.2230 0.8174
vn 0.5320 -0.2207 0.8175
vn -0.4298 -0.0007 0.9029
vn -0.4302 -0.0074 0.9027
vn -0.4267 -0.0046 0.9044
vn 0.1157 0.6291 0.7687
vn 0.1147 0.6297 0.7683
vn -0.1905 0.8050 0.5619
vn -0.1892 0.8060 0.5608
vn -0.1861 0.8076 0.5596
vn -0.2037 0.5022 -0.8404
vn -0.2044 0.5031 -0.8397
vn -0.2032 0.5021 -0.8406
vn 0.0643 0.0834 0.9944
vn 0.0659 0.0824 0.9944
vn 0.0674 0.0819 0.9944
vn 0.2111 0.2666 0.9404
vn 0.2130 0.2654 0.9403
vn 0.2165 0.2708 0.9380
vn 0.6535 -0.1218 0.7471
vn 0.6527 -0.1215 0.7478
vn 0.6530 -0.1242 0.7471
vn 0.4714 0.1434 0.8702
vn 0.4756 0.1435 0.8679
vn 0.4743 0.1472 0.8680
vn -0.3545 0.4066 0.8420
vn -0.3493 0.4078 0.8436
vn -0.3514 0.4109 0.8412
vn 0.3718 -0.6860 0.6255
vn 0.3684 -0.6848 0.6288
vn 0.3696 -0.6828 0.6302
vn 0.5246 -0.3644 0.7694
vn 0.5256 -0.3614 0.7701
vn 0.5245 -0.3684 0.7676
vn 0.6723 0.0026 -0.7403
vn 0.6716 -0.0004 -0.7409
vn 0.6701 0.0017 -0.7423
vn -0.6333 0.1257 0.7636
vn -0.6371 0.1286 0.7600
vn -0.6358 0.1238 0.7619
vn 0.7410 -0.1703 -0.6496
vn 0.7396 -0.1730 -0.6505
vn 0.7398 -0.1727 -0.6503
vn 0.5360 0.2850 -0.7946
vn 0.5345 0.2843 -0.7960
vn 0.5350 0.2844 -0.7955
vn -0.0772 -0.0058 0.9970
vn -0.0783 -0.0024 0.9969
vn -0.0754 -0.0061 0.9971
vn -0.2542 0.9575 -0.1363
vn -0.2513 0.9584 -0.1350
vn -0.2522 0.9585 -0.1331
vn 0.7037 0.1298 -0.6985
vn 0.7059 0.1282 -0.6966
vn 0.7037 0.1295 -0.6986
vn 0.1613 0.2662 0.9503
vn 0.1600 0.2625 0.9516
vn 0.1643 0.2604 0.9514
vn 0.0438 0.2847 0.9576
vn 0.0465 0.2815 0.9584
vn 0.0456 0.2878 0.9566
vn -0.5701 0.2050 0.7956
vn -0.5680 0.2048 0.7972
vn -0.5687 0.2081 0.7958
vn -0.0335 0.3596 -0.9325
vn -0.0282 0.3578 -0.9334
vn -0.0327 0.3556 -0.9341
vn 0.8104 -0.2680 0.5210
vn 0.8095 -0.2728 0.5199
vn 0.8115 -0.2694 0.5185
vn 0.3940 -0.2959 -0.8702
vn 0.3952 -0.2988 -0.8686
vn 0.3934 -0.2958 -0.8705
vn 0.4849 0.0288 0.8741
vn 0.4830 0.0241 0.8753
vn 0.4865 0.0200 0.8735
vn -0.5694 0.3299 -0.7529
vn -0.5654 0.3312 -0.7554
vn -0.5666 0.3296 -0.7552
vn 0.4085 -0.6251 0.6651
vn 0.4075 -0.6245 0.6663
vn 0.4054 -0.6275 0.6647
vn -0.8173 0.3981 -0.4165
vn -0.8179 0.3976 -0.4158
vn -0.8212 0.3904 -0.4161
vn -0.0096 0.3798 0.9250
vn -0.0058 0.3772 0.9261
vn -0.0036 0.3805 0.9248
vn -0.5990 0.1559 0.7855
vn -0.6009 0.1606 0.7830
vn -0.5998 0.1602 0.7839
vn -0.3112 0.2922 0.9043
vn -0.3088 0.2966 0.9037
vn -0.3135 0.2893 0.9045
vn -0.3822 -0.5116 0.7696
vn -0.3869 -0.5114 0.7674
vn -0.3818 -0.5125 0.7691
vn 0.3676 0.1971 0.9088
vn 0.3662 0.1952 0.9098
vn 0.3695 0.1990 0.9077
vn 0.2852 0.1459 -0.9473
vn 0.2799 0.1443 -0.9491
vn 0.2809 0.1465 -0.9485
vn 0.2540 -0.6662 0.7012
vn 0.2517 -0.6666 0.7016
vn 0.2493 -0.6675 0.7016
vn 0.2630 -0.2764 -0.9243
vn 0.2628 -0.2781 -0.9239
vn 0.2605 -0.2739 -0.9258
vn 0.2770 -0.0465 -0.9598
vn 0.2750 -0.0507 -0.9601
vn 0.2739 -0.0481 -0.9606
vn 0.3105 -0.2618 0.9138
vn 0.3157 -0.2595 0.9127
vn 0.3145 -0.2590 0.9132
vn -0.0840 0.3536 0.9316
vn -0.0822 0.3553 0.9311
vn -0.0850 0.3566 0.9304
vn -0.0057 -0.5969 0.8023
vn -0.0138 -0.6053 0.7959
vn -0.0073 -0.6003 0.7997
vn 0.1138 -0.6040 0.7888
vn 0.1100 -0.6039 0.7894
vn 0.1117 -0.6145 0.7810
vn -0.0492 -0.1217 0.9913
vn -0.0471 -0.1163 0.9921
vn -0.0483 -0.1194 0.9917
vn -0.7718 -0.0682 0.6322
vn -0.7721 -0.0615 0.6325
vn -0.7712 -0.0627 0.6335
vn 0.4221 0.3462 -0.8378
vn 0.4230 0.3437 -0.8384
vn 0.4188 0.3447 -0.8401
vn 0.7986 -0.0112 0.6018
vn 0.7969 -0.0130 0.6040
vn 0.7985 -0.0134 0.6019
vn 0.4483 -0.1135 0.8867
vn 0.4414 -0.1179 0.8895
vn 0.4473 -0.1142 0.8871
vn -0.3523 0.8439 -0.4046
vn -0.3502 0.8437 -0.4069
vn -0.3543 0.8433 -0.4041
vn 0.3473 0.2115 -0.9136
vn 0.3444 0.2083 -0.9154
vn 0.3455 0.2111 -0.9144
vn -0.2361 -0.3033 0.9232
vn -0.2339 -0.3085 0.9220
vn -0.2317 -0.3062 0.9234
vn -0.3829 -0.0333 -0.9232
vn -0.3830 -0.0300 -0.9233
vn -0.3816 -0.0308 -0.9238
vn -0.5307 -0.0584 0.8456
vn -0.5339 -0.0552 0.8437
vn -0.5363 -0.0533 0.8423
vn 0.9090 -0.1845 0.3737
vn 0.9078 -0.1888 0.3746
vn 0.9082 -0.1889 0.3734
vn 0.0168 0.0099 0.9998
vn 0.0160 0.0076 0.9998
vn 0.0169 0.0093 0.9998
vn 0.5060 -0.4792 -0.7172
vn 0.5056 -0.4829 -0.7149
vn 0.5027 -0.4812 -0.7181
vn -0.5692 0.1636 0.8058
vn -0.5670 0.1662 0.8068
vn -0.5688 0.1674 0.8052
vn 0.2049 0.3356 -0.9194
vn 0.2070 0.3373 -0.9183
vn 0.2073 0.3333 -0.9198
vn -0.0314 -0.1374 0.9900
vn -0.0347 -0.1367 0.9900
vn -0.0301 -0.1365 0.9902
vn 0.1408 0.3586 0.9228
vn 0.1382 0.3585 0.9232
vn 0.1381 0.3561 0.9242
vn -0.6751 -0.0821 0.7331
vn -0.6778 -0.0793 0.7310
vn -0.6767 -0.0831 0.7316
vn -0.0731 -0.0091 -0.9973
vn -0.0775 -0.0081 -0.9970
vn -0.0773 -0.0051 -0.9970
vn -0.1633 0.2468 0.9552
vn -0.1687 0.2460 0.9545
vn -0.1645 0.2427 0.9561
vn -0.0158 0.2235 0.9746
vn -0.0185 0.2203 0.9753
vn -0.0127 0.2178 0.9759
vn -0.5405 0.2529 -0.8025
vn -0.5399 0.2513 -0.8033
vn -0.5383 0.2543 -0.8035
vn -0.1397 -0.3700 0.9185
vn -0.1413 -0.3749 0.9163
vn -0.1414 -0.3745 0.9164
vn -0.3505 -0.5209 0.7783
vn -0.3527 -0.5214 0.7770
vn -0.3497 -0.5252 0.7758
vn 0.2381 -0.6856 0.6880
vn 0.2351 -0.6859 0.6886
vn 0.2377 -0.6864 0.6873
vn -0.2515 -0.0728 0.9651
vn -0.2552 -0.0733 0.9641
vn -0.2509 -0.0703 0.9655
vn -0.0240 -0.1934 0.9808
vn -0.0238 -0.1928 0.9810
vn -0.0243 -0.1925 0.9810
vn -0.7198 0.2229 -0.6574
vn -0.7197 0.2235 -0.6574
vn -0.7177 0.2246 -0.6592
vn 0.6630 -0.4013 0.6319
vn 0.6625 -0.4017 0.6323
vn 0.6622 -0.4021 0.6323
vn -0.0478 0.0995 0.9939
vn -0.0516 0.0985 0.9938
vn -0.0448 0.0984 0.9941
vn 0.1311 0.2221 -0.9662
vn 0.1344 0.2206 -0.9661
vn 0.1315 0.2164 -0.9674
vn -0.5122 0.8526 0.1038
vn -0.5121 0.8526 0.1040
vn -0.5121 0.8526 0.1039
vn 0.0017 0.2870 -0.9579
vn 0.4063 0.8675 0.2871
vn 0.4087 0.8663 0.2871
vn 0.4104 0.8650 0.2888
vn 0.0406 0.0598 0.9974
vn 0.0431 0.0541 0.9976
vn 0.0438 0.0592 0.9973
vn -0.1115 0.9794 0.1683
vn -0.1114 0.9789 0.1716
vn -0.1122 0.9796 0.1665
vn 0.2139 0.0358 0.9762
vn 0.2143 0.0306 0.9763
vn 0.2132 0.0362 0.9763
vn -0.0051 -0.1493 0.9888
vn -0.0080 -0.1544 0.9880
vn -0.0044 -0.1539 0.9881
vn 0.0543 -0.2925 -0.9547
vn 0.0517 -0.2868 -0.9566
vn 0.0519 -0.2866 -0.9567
vn -0.4795 0.1071 0.8710
vn -0.4754 0.1084 0.8731
vn -0.4774 0.1071 0.8721
vn -0.1252 0.3215 -0.9386
vn -0.1233 0.3169 -0.9404
vn -0.1263 0.3179 -0.9397
vn -0.8424 0.1661 0.5126
vn -0.8423 0.1673 0.5124
vn -0.8445 0.1638 0.5100
vn 0.0624 -0.4619 0.8847
vn 0.0571 -0.4624 0.8848
vn 0.0625 -0.4609 0.8852
vn -0.2217 -0.1794 0.9585
vn -0.2205 -0.1766 0.9593
vn -0.2222 -0.1792 0.9584
vn 0.7182 0.4452 -0.5349
vn 0.7179 0.4396 -0.5397
vn 0.7160 0.4449 -0.5380
vn 0.2001 -0.2047 -0.9582
vn 0.1948 -0.2051 -0.9592
vn 0.1979 -0.2045 -0.9587
vn -0.3697 0.2819 -0.8853
vn -0.3702 0.2870 -0.8835
vn -0.3681 0.2802 -0.8865
vn 0.0126 0.4525 -0.8917
vn 0.0140 0.4486 -0.8936
vn 0.0103 0.4519 -0.8920
vn 0.8406 -0.3261 0.4324
vn 0.8397 -0.3277 0.4330
vn 0.8403 -0.3262 0.4329
vn -0.0330 -0.1397 0.9896
vn -0.0337 -0.1363 0.9901
vn -0.0354 -0.1367 0.9900
vn -0.7685 -0.3782 -0.5161
vn -0.7687 -0.3755 -0.5177
vn -0.7706 -0.3722 -0.5174
vn -0.0613 0.5738 -0.8167
vn -0.0612 0.5735 -0.8169
vn -0.0612 0.5736 -0.8168
vn -0.0033 -0.1594 0.9872
vn -0.0015 -0.1623 0.9867
vn 0.0005 -0.1592 0.9873
vn -0.2299 0.2337 -0.9447
vn -0.2255 0.2331 -0.9460
vn -0.2276 0.2323 -0.9456
vn -0.0997 0.4344 -0.8952
vn -0.0974 0.4312 -0.8970
vn -0.1003 0.4336 -0.8955
vn 0.6293 -0.2284 0.7428
vn 0.6286 -0.2301 0.7429
vn 0.6300 -0.2309 0.7415
vn -0.1220 -0.3993 -0.9087
vn -0.1225 -0.4004 -0.9081
vn -0.1219 -0.4030 -0.9071
vn -0.3368 0.9056 -0.2578
vn -0.3379 0.9046 -0.2597
vn -0.3385 0.9049 -0.2582
vn 0.1076 -0.1139 0.9877
vn 0.1036 -0.1156 0.9879
vn 0.1050 -0.1154 0.9878
vn 0.6354 0.6945 -0.3374
vn 0.6371 0.6943 -0.3347
vn 0.6389 0.6921 -0.3359
vn -0.0384 0.1905 0.9809
vn -0.0392 0.1961 0.9798
vn -0.0394 0.1921 0.9806
vn -0.2568 0.4097 -0.8753
vn -0.2590 0.4117 -0.8738
vn -0.2543 0.4089 -0.8764
vn 0.1449 0.1829 -0.9724
vn 0.1470 0.1797 -0.9727
vn 0.1463 0.1802 -0.9727
vn 0.6392 -0.1330 0.7574
vn 0.6372 -0.1338 0.7590
vn 0.6415 -0.1316 0.7558
vn 0.4595 -0.1381 0.8774
vn 0.4563 -0.1369 0.8793
vn 0.4558 -0.1392 0.8791
vn -0.1883 0.1765 -0.9661
vn -0.1890 0.1742 -0.9664
vn -0.1913 0.1743 -0.9659
vn 0.1890 0.1927 -0.9629
vn 0.1899 0.1882 -0.9636
vn 0.1885 0.1917 -0.9632
vn 0.4462 -0.4028 0.7992
vn 0.4412 -0.4050 0.8008
vn 0.4448 -0.4079 0.7974
vn -0.5381 0.5130 -0.6689
vn -0.5363 0.5153 -0.6685
vn -0.5377 0.5108 -0.6708
vn -0.1372 -0.4910 0.8603
vn -0.1505 -0.4873 0.8602
vn -0.1413 -0.4904 0.8599
vn 0.2694 0.2135 0.9391
vn 0.2702 0.2106 0.9395
vn 0.2747 0.2118 0.9379
vn 0.9877 -0.0467 -0.1494
vn 0.9865 -0.0481 -0.1563
vn 0.9876 -0.0449 -0.1506
vn -0.2703 0.2925 -0.9173
vn -0.2704 0.2906 -0.9178
vn -0.2708 0.2868 -0.9189
vn -0.2218 0.1893 -0.9566
vn -0.2209 0.1888 -0.9568
vn -0.2201 0.1866 -0.9575
vn -0.0096 -0.3427 0.9394
vn -0.0130 -0.3438 0.9390
vn -0.0080 -0.3438 0.9390
vn 0.4496 -0.2284 0.8635
vn 0.4497 -0.2346 0.8618
vn 0.4492 -0.2330 0.8625
vn -0.5464 -0.1656 0.8210
vn -0.5439 -0.1696 0.8218
vn -0.5412 -0.1678 0.8240
vn 0.5823 0.5977 -0.5511
vn 0.5820 0.5960 -0.5533
vn 0.5800 0.5966 -0.5546
vn 0.0400 -0.4413 0.8965
vn 0.0328 -0.4421 0.8963
vn 0.0387 -0.4445 0.8949
vn 0.1632 0.4086 0.8980
vn 0.1656 0.4082 0.8977
vn 0.1653 0.4112 0.8964
vn -0.2551 0.1646 -0.9528
vn -0.2521 0.1661 -0.9533
vn -0.2560 0.1641 -0.9527
vn -0.6455 0.6537 -0.3949
vn -0.6427 0.6554 -0.3968
vn -0.6462 0.6517 -0.3972
vn 0.3815 -0.1736 0.9079
vn 0.3772 -0.1692 0.9105
vn 0.3769 -0.1742 0.9097
vn -0.1494 0.4196 0.8953
vn -0.1491 0.4236 0.8935
vn -0.1504 0.4204 0.8948
vn 0.5640 0.0114 0.8257
vn 0.5604 0.0177 0.8280
vn 0.5629 0.0154 0.8264
vn 0.4758 -0.0618 0.8774
vn 0.4719 -0.0656 0.8792
vn 0.4727 -0.0626 0.8790
vn -0.8659 0.4925 -0.0876
vn -0.8642 0.4963 -0.0826
vn -0.8641 0.4965 -0.0826
vn -0.0119 0.7398 -0.6727
vn -0.0106 0.7406 -0.6719
vn -0.0097 0.7388 -0.6739
vn 0.4476 -0.2026 0.8710
vn 0.4472 -0.2018 0.8714
vn 0.4484 -0.1977 0.8717
vn -0.5587 0.8114 -0.1718
vn -0.5563 0.8132 -0.1710
vn -0.5563 0.8126 -0.1738
vn -0.2059 -0.2668 0.9415
vn -0.2089 -0.2690 0.9402
vn -0.2065 -0.2718 0.9399
vn 0.5314 -0.0382 0.8463
vn 0.5280 -0.0432 0.8481
vn 0.5331 -0.0412 0.8450
vn -0.4368 0.1324 0.8898
vn -0.4395 0.1354 0.8880
vn -0.4391 0.1322 0.8887
vn 0.0952 0.2138 0.9722
vn 0.0925 0.2178 0.9716
vn 0.0903 0.2176 0.9718
vn 0.0618 -0.1169 0.9912
vn 0.0622 -0.1228 0.9905
vn 0.0674 -0.1200 0.9905
vn 0.2296 0.1345 0.9640
vn 0.2317 0.1289 0.9642
vn 0.2341 0.1349 0.9628
vn 0.7793 0.0121 0.6265
vn 0.7780 0.0105 0.6282
vn 0.7792 0.0159 0.6265
vn -0.9181 0.3648 0.1550
vn -0.9154 0.3700 0.1586
vn -0.9172 0.3673 0.1542
vn 0.1433 -0.0818 0.9863
vn 0.1473 -0.0851 0.9854
vn 0.1489 -0.0811 0.9855
vn -0.0359 0.4403 0.8971
vn -0.0355 0.4400 0.8973
vn -0.0361 0.4438 0.8954
vn 0.3306 -0.0988 0.9386
vn 0.3307 -0.0997 0.9385
vn 0.3301 -0.0957 0.9391
vn 0.1197 0.2577 0.9588
vn 0.1209 0.2594 0.9582
vn 0.1206 0.2626 0.9573
vn -0.3461 0.1558 0.9252
vn -0.3469 0.1565 0.9248
vn -0.3453 0.1549 0.9256
vn -0.3378 0.0009 0.9412
vn -0.3409 -0.0050 0.9401
vn -0.3379 -0.0053 0.9412
vn -0.2876 0.2593 0.9220
vn -0.2859 0.2582 0.9228
vn -0.2849 0.2581 0.9231
vn 0.5352 -0.0739 0.8415
vn 0.5359 -0.0779 0.8407
vn 0.5382 -0.0787 0.8391
vn -0.0712 -0.1013 0.9923
vn -0.0584 -0.1060 0.9926
vn -0.0684 -0.0958 0.9930
vn -0.2394 0.1532 0.9588
vn -0.2406 0.1544 0.9583
vn -0.2435 0.1540 0.9576
vn -0.1280 -0.0362 0.9911
vn -0.1357 -0.0461 0.9897
vn -0.1314 -0.0394 0.9905
vn 0.0121 -0.0000 0.9999
vn 0.0108 0.0004 0.9999
vn 0.0164 -0.0093 0.9998
vn 0.0417 -0.0596 0.9974
vn 0.0398 -0.0584 0.9975
vn 0.0339 -0.0642 0.9974
vn -0.1424 0.0877 0.9859
vn -0.1504 0.0949 0.9841
vn -0.1522 0.0919 0.9841
vn -0.8561 0.3023 0.4192
vn -0.8559 0.3045 0.4179
vn -0.8568 0.3016 0.4182
vn 0.9998 -0.0204 0.0012
vn 0.9700 0.2350 -0.0620
vn 0.9699 0.2356 -0.0620
vn 0.9700 0.2353 -0.0620
vn 0.0887 -0.4757 -0.8751
vn 0.0886 -0.4752 -0.8754
vn 0.0886 -0.4751 -0.8755
vn 0.9432 0.0816 0.3219
vn 0.9434 0.0809 0.3217
vn 0.9434 0.0820 0.3213
usemtl Default_OBJ
s off
f 2//1 3//2 1//3
f 1//4 3//5 6//6
f 1//7 7//8 2//9
f 4//10 5//11 10//12
f 8//13 11//14 4//15
f 5//16 12//17 10//18
f 1//19 9//20 7//21
f 4//22 10//23 17//24
f 4//25 11//26 5//27
f 5//28 11//29 19//30
f 4//31 17//32 8//33
f 11//34 13//35 15//36
f 15//37 19//38 11//39
f 6//40 22//41 1//42
f 2//43 16//44 3//45
f 13//46 14//47 15//48
f 7//49 20//50 2//51
f 13//52 8//53 28//54
f 11//55 8//56 13//57
f 12//58 27//59 10//60
f 14//61 18//62 15//63
f 5//64 19//65 12//66
f 15//67 18//68 29//69
f 10//70 21//71 17//72
f 15//73 29//74 19//75
f 8//76 17//77 28//78
f 16//79 2//80 43//81
f 3//82 23//83 6//84
f 13//85 28//86 16//87
f 13//88 43//89 14//90
f 9//91 1//92 38//93
f 3//94 16//95 23//96
f 16//97 43//98 13//99
f 28//100 17//101 25//102
f 10//103 26//104 21//105
f 27//106 26//107 10//108
f 16//109 28//110 23//111
f 14//112 33//113 32//114
f 22//115 38//116 1//117
f 6//118 23//119 30//120
f 25//121 17//122 24//123
f 14//124 32//125 18//126
f 6//127 30//128 31//129
f 6//130 31//131 22//132
f 20//133 45//134 2//135
f 45//136 43//137 2//138
f 9//139 39//140 7//141
f 25//142 30//143 28//144
f 23//145 28//146 35//147
f 17//148 21//149 24//150
f 14//151 43//152 33//153
f 30//154 25//155 31//156
f 25//157 24//158 40//159
f 23//160 36//161 30//162
f 36//163 31//164 25//165
f 19//166 48//167 12//168
f 30//169 42//170 28//171
f 7//172 57//173 20//174
f 19//175 29//176 48//177
f 34//178 39//179 9//180
f 23//181 35//182 36//183
f 30//184 36//185 42//186
f 32//187 47//188 18//189
f 28//190 42//191 35//192
f 36//193 46//194 42//195
f 36//196 25//197 46//198
f 38//199 34//200 9//201
f 27//202 50//203 26//204
f 18//205 49//206 29//207
f 45//208 41//209 43//210
f 43//211 62//212 33//213
f 12//214 44//215 27//216
f 57//217 66//218 20//219
f 25//220 40//221 46//222
f 20//223 66//224 45//225
f 21//226 37//227 111//228
f 26//229 55//230 21//231
f 24//232 21//233 111//234
f 35//235 31//236 36//237
f 29//238 65//239 48//240
f 39//241 56//242 7//243
f 12//244 48//245 44//246
f 54//247 53//248 58//249
f 47//250 59//251 18//252
f 22//253 31//254 40//255
f 60//256 58//257 53//258
f 58//259 63//260 54//261
f 42//262 46//263 76//264
f 22//265 40//266 51//267
f 24//268 111//269 40//270
f 61//271 54//272 33//273
f 61//274 62//275 45//276
f 61//277 33//278 62//279
f 21//280 55//281 108//282
f 26//283 50//284 55//285
f 80//286 43//287 41//288
f 52//289 62//290 43//291
f 53//292 61//293 64//294
f 54//295 61//296 53//297
f 43//298 80//299 78//300
f 35//301 40//302 31//303
f 54//304 63//305 33//306
f 27//307 73//308 50//309
f 49//310 65//311 29//312
f 59//313 72//314 18//315
f 62//316 41//317 45//318
f 58//319 77//320 63//321
f 33//322 47//323 32//324
f 18//325 72//326 49//327
f 35//328 42//329 68//330
f 40//331 35//332 67//333
f 57//334 69//335 66//336
f 61//337 45//338 70//339
f 37//340 81//341 111//342
f 37//343 21//344 81//345
f 38//346 22//347 75//348
f 62//349 52//350 41//351
f 61//352 70//353 64//354
f 22//355 51//356 75//357
f 69//358 71//359 66//360
f 38//361 121//362 34//363
f 80//364 41//365 52//366
f 21//367 108//368 81//369
f 56//370 74//371 7//372
f 42//373 76//374 68//375
f 38//376 75//377 121//378
f 35//379 68//380 67//381
f 51//382 40//383 101//384
f 70//385 87//386 64//387
f 48//388 65//389 44//390
f 80//391 70//392 45//393
f 70//394 85//395 87//396
f 44//397 73//398 27//399
f 49//400 72//401 79//402
f 43//403 83//404 52//405
f 45//406 85//407 80//408
f 57//409 109//410 69//411
f 59//412 96//413 72//414
f 40//415 111//416 101//417
f 80//418 85//419 78//420
f 66//421 87//422 45//423
f 87//424 85//425 45//426
f 47//427 96//428 59//429
f 80//430 86//431 70//432
f 80//433 52//434 86//435
f 88//436 47//437 33//438
f 73//439 99//440 50//441
f 46//442 89//443 76//444
f 66//445 71//446 87//447
f 63//448 88//449 33//450
f 7//451 74//452 57//453
f 70//454 86//455 85//456
f 64//457 87//458 91//459
f 60//460 77//461 58//462
f 55//463 92//464 108//465
f 84//466 93//467 82//468
f 60//469 97//470 77//471
f 82//472 90//473 84//474
f 84//475 95//476 93//477
f 47//478 88//479 96//480
f 85//481 86//482 78//483
f 53//484 64//485 60//486
f 99//487 103//488 50//489
f 57//490 74//491 102//492
f 91//493 71//494 64//495
f 40//496 89//497 46//498
f 86//499 52//500 83//501
f 49//502 100//503 65//504
f 79//505 100//506 49//507
f 90//508 102//509 84//510
f 82//511 107//512 90//513
f 86//514 83//515 78//516
f 98//517 100//518 120//519
f 55//520 50//521 103//522
f 64//523 71//524 107//525
f 44//526 65//527 115//528
f 72//529 105//530 79//531
f 87//532 71//533 112//534
f 51//535 142//536 75//537
f 104//538 114//539 106//540
f 84//541 102//542 116//543
f 43//544 78//545 94//546
f 87//547 112//547 78//548
f 78//549 91//550 87//551
f 106//552 114//553 132//554
f 98//555 113//556 100//557
f 98//558 120//559 127//560
f 72//561 96//562 105//563
f 90//564 109//565 102//566
f 69//567 109//568 71//569
f 83//570 91//571 78//572
f 63//573 77//574 88//575
f 71//576 91//577 112//577
f 96//578 88//579 119//580
f 57//581 102//582 109//583
f 84//584 116//585 95//586
f 40//587 117//588 89//589
f 82//590 118//591 107//592
f 55//593 103//594 92//595
f 43//596 139//597 83//598
f 44//599 115//600 124//601
f 71//602 109//603 107//604
f 90//605 107//606 109//607
f 100//608 113//609 65//610
f 39//611 34//612 169//613
f 104//614 122//615 147//616
f 83//617 139//618 91//619
f 113//620 115//621 65//622
f 79//623 105//624 127//625
f 44//626 124//627 133//628
f 124//629 115//630 113//631
f 120//632 100//633 79//634
f 112//635 91//635 139//636
f 64//637 107//638 118//639
f 92//640 103//641 137//642
f 44//643 133//644 73//645
f 93//646 118//647 82//648
f 98//649 126//650 113//651
f 79//652 127//653 120//654
f 67//655 117//656 40//657
f 113//658 126//659 124//660
f 78//661 139//662 94//663
f 129//664 73//665 133//666
f 43//667 134//668 139//669
f 110//670 136//671 98//672
f 98//673 127//674 110//675
f 75//676 142//677 141//678
f 51//679 101//680 142//681
f 60//682 64//683 128//684
f 99//685 73//686 129//687
f 74//688 140//689 102//690
f 104//691 106//692 122//693
f 43//694 94//695 134//696
f 77//697 135//698 88//699
f 124//700 138//701 133//702
f 78//703 112//704 139//705
f 81//706 108//707 151//708
f 125//709 135//710 77//711
f 121//712 169//713 34//714
f 116//715 102//716 140//717
f 64//718 118//719 128//720
f 77//721 97//722 130//723
f 126//724 138//725 124//726
f 60//727 128//728 152//729
f 129//730 149//731 99//732
f 135//733 119//734 88//735
f 123//736 138//737 126//738
f 75//739 141//740 121//741
f 114//742 145//743 132//744
f 99//745 149//746 103//747
f 123//748 126//749 157//750
f 110//751 131//752 136//753
f 68//754 117//755 67//756
f 95//757 144//758 93//759
f 167//760 149//761 129//762
f 127//763 153//764 110//765
f 119//766 105//767 96//768
f 128//769 118//770 148//771
f 133//772 146//773 129//774
f 104//775 151//776 114//777
f 129//778 146//779 167//780
f 133//781 138//782 146//783
f 39//784 169//785 56//786
f 123//787 157//788 138//789
f 136//790 150//791 98//792
f 94//793 154//794 134//795
f 94//796 139//797 154//798
f 154//799 139//800 155//799
f 134//801 155//802 139//803
f 154//804 155//804 134//804
f 132//805 145//806 164//807
f 60//808 152//809 97//810
f 108//811 162//812 151//813
f 77//814 143//815 125//816
f 125//817 158//818 135//819
f 77//820 130//821 143//822
f 146//823 138//824 157//825
f 135//826 160//827 119//828
f 119//829 153//830 105//831
f 89//832 165//833 76//834
f 92//835 161//836 108//837
f 105//838 153//839 127//840
f 76//841 176//842 68//843
f 104//844 172//845 151//846
f 137//847 161//848 92//849
f 147//850 172//851 104//852
f 125//853 156//854 158//855
f 152//856 175//857 97//858
f 98//859 150//860 126//861
f 132//862 163//863 106//864
f 132//865 164//866 163//867
f 103//868 149//869 137//870
f 89//871 117//872 165//873
f 114//874 180//875 145//876
f 130//877 190//878 143//879
f 146//880 157//881 167//882
f 119//883 177//884 153//885
f 106//886 168//887 122//888
f 93//889 159//890 118//891
f 151//892 180//893 114//894
f 97//895 175//896 130//897
f 68//898 173//899 117//900
f 147//901 122//902 142//903
f 111//904 81//905 166//906
f 128//907 148//908 152//909
f 135//910 158//911 160//912
f 176//913 76//914 165//915
f 93//916 144//917 159//918
f 149//919 167//920 137//921
f 125//922 143//923 156//924
f 140//925 181//926 116//927
f 119//928 160//929 177//930
f 122//931 168//932 141//933
f 116//934 174//935 95//936
f 130//937 175//938 183//939
f 137//940 167//941 184//942
f 122//943 141//944 142//945
f 157//946 150//947 171//948
f 126//949 150//950 157//951
f 110//952 153//953 131//954
f 141//955 182//956 121//957
f 130//958 183//959 190//960
f 167//961 194//962 184//963
f 56//964 179//965 74//966
f 184//967 161//968 137//969
f 116//970 181//971 170//972
f 81//973 151//974 166//975
f 145//976 180//977 164//978
f 171//979 186//980 157//981
f 152//982 148//983 178//984
f 157//985 186//986 167//987
f 158//988 188//989 160//990
f 106//991 163//992 168//993
f 147//994 197//995 172//996
f 172//997 197//998 200//999
f 118//1000 187//1001 148//1002
f 183//1003 175//1004 190//1005
f 118//1006 159//1007 187//1008
f 161//1009 191//1010 108//1011
f 156//1012 185//1013 158//1014
f 177//1015 219//1016 153//1017
f 95//1018 174//1019 144//1020
f 158//1021 185//1022 188//1023
f 152//1024 193//1025 175//1026
f 116//1027 170//1028 174//1029
f 121//1030 192//1031 169//1032
f 74//1033 179//1034 140//1035
f 147//1036 233//1037 197//1038
f 190//1039 196//1040 143//1041
f 108//1042 191//1043 221//1044
f 148//1045 195//1046 178//1047
f 160//1048 188//1049 205//1050
f 205//1051 177//1052 160//1053
f 162//1054 180//1055 151//1056
f 175//1057 193//1058 190//1059
f 140//1060 179//1061 181//1062
f 153//1063 219//1064 131//1065
f 111//1066 166//1067 101//1068
f 178//1069 193//1070 152//1071
f 184//1072 191//1073 161//1074
f 142//1075 233//1076 147//1077
f 201//1078 191//1079 184//1080
f 169//1081 199//1082 56//1083
f 117//1084 173//1085 165//1086
f 164//1087 189//1088 202//1089
f 142//1090 101//1091 233//1092
f 151//1093 198//1094 166//1095
f 167//1096 204//1097 194//1098
f 184//1099 203//1100 201//1101
f 197//1102 207//1103 200//1104
f 144//1105 220//1106 159//1107
f 201//1108 221//1109 191//1110
f 193//1111 178//1112 208//1113
f 141//1114 168//1115 182//1116
f 202//1117 163//1118 164//1119
f 205//1120 219//1121 177//1122
f 169//1123 206//1124 199//1125
f 172//1126 198//1127 151//1128
f 162//1129 209//1130 180//1131
f 186//1132 204//1133 167//1134
f 56//1135 199//1136 179//1137
f 148//1138 187//1139 195//1140
f 156//1141 143//1142 196//1143
f 164//1144 180//1145 212//1146
f 173//1147 217//1148 165//1149
f 193//1150 230//1151 190//1152
f 186//1153 171//1154 214//1155
f 169//1156 192//1157 206//1158
f 174//1159 215//1160 144//1161
f 164//1162 212//1163 189//1164
f 181//1165 317//1166 170//1167
f 252//1168 214//1169 171//1170
f 162//1171 210//1172 209//1173
f 171//1174 247//1175 218//1176
f 171//1177 150//1178 247//1179
f 186//1180 214//1181 204//1182
f 193//1183 208//1184 230//1185
f 162//1186 108//1187 221//1188
f 166//1189 213//1190 101//1191
f 162//1192 221//1193 210//1194
f 192//1195 121//1196 206//1197
f 256//1198 221//1199 201//1200
f 188//1201 262//1202 205//1203
f 136//1204 280//1205 150//1206
f 200//1207 209//1208 172//1209
f 172//1210 209//1211 198//1212
f 209//1213 225//1214 180//1215
f 201//1216 216//1217 256//1218
f 178//1219 244//1220 208//1221
f 181//1222 301//1223 317//1224
f 194//1225 203//1226 184//1227
f 256//1228 261//1229 221//1230
f 190//1231 230//1232 273//1233
f 180//1234 225//1235 212//1236
f 210//1237 221//1238 246//1239
f 190//1240 273//1241 196//1242
f 222//1243 234//1244 187//1245
f 156//1246 211//1247 185//1248
f 187//1249 159//1250 222//1251
f 187//1252 234//1253 195//1254
f 201//1255 203//1256 216//1257
f 171//1258 229//1259 252//1260
f 219//1261 269//1262 131//1263
f 170//1264 236//1265 174//1266
f 165//1267 217//1268 176//1269
f 204//1270 232//1271 194//1272
f 218//1273 229//1274 171//1275
f 101//1276 213//1277 233//1278
f 185//1279 260//1280 188//1281
f 156//1282 196//1283 211//1284
f 224//1285 235//1286 227//1287
f 210//1288 239//1289 209//1290
f 246//1291 240//1292 210//1293
f 176//1294 223//1295 68//1296
f 224//1297 226//1298 235//1299
f 210//1300 240//1301 242//1302
f 243//1303 221//1304 249//1305
f 247//1306 245//1307 218//1308
f 159//1309 255//1310 222//1311
f 221//1312 243//1313 246//1314
f 220//1315 248//1316 159//1317
f 210//1318 249//1319 239//1320
f 210//1321 250//1322 237//1323
f 242//1324 250//1325 210//1326
f 246//1327 251//1328 240//1329
f 332//1330 269//1331 219//1332
f 121//1333 182//1334 206//1335
f 144//1336 215//1337 220//1338
f 210//1339 253//1340 249//1339
f 210//1341 237//1342 253//1343
f 249//1344 237//1345 250//1346
f 250//1347 240//1347 249//1347
f 240//1348 254//1349 242//1350
f 240//1351 243//1351 249//1352
f 246//1353 261//1354 256//1355
f 214//1356 252//1357 323//1358
f 224//1359 234//1360 222//1361
f 264//1362 239//1363 249//1364
f 239//1365 253//1366 256//1367
f 253//1368 237//1369 256//1370
f 237//1371 242//1372 256//1373
f 237//1374 216//1375 242//1376
f 250//1377 242//1378 216//1379
f 250//1380 254//1381 240//1382
f 256//1383 242//1384 246//1385
f 254//1386 251//1386 242//1386
f 240//1387 251//1387 243//1387
f 251//1388 246//1389 242//1390
f 259//1391 258//1392 257//1393
f 174//1394 329//1395 215//1396
f 224//1397 282//1398 226//1399
f 264//1400 216//1401 239//1402
f 253//1403 216//1404 249//1404
f 216//1405 237//1405 249//1406
f 251//1407 250//1408 216//1409
f 251//1410 254//1410 250//1410
f 216//1411 261//1412 251//1413
f 251//1414 261//1415 243//1416
f 243//1417 261//1418 246//1419
f 259//1420 257//1421 258//1422
f 261//1423 216//1424 221//1425
f 208//1426 273//1427 230//1428
f 68//1429 223//1430 173//1431
f 216//1432 253//1433 239//1434
f 234//1435 270//1436 195//1437
f 195//1438 228//1439 241//1440
f 245//1441 229//1442 218//1443
f 317//1444 236//1445 170//1446
f 224//1447 227//1448 234//1449
f 239//1450 256//1451 263//1452
f 216//1453 271//1454 221//1455
f 195//1456 241//1457 178//1458
f 231//1459 273//1460 208//1461
f 131//1462 269//1463 136//1464
f 239//1465 263//1466 267//1467
f 244//1468 231//1469 208//1470
f 199//1471 301//1472 179//1473
f 198//1474 209//1475 267//1476
f 212//1477 225//1478 238//1479
f 256//1480 216//1481 263//1482
f 264//1483 249//1484 308//1485
f 273//1486 331//1487 196//1488
f 150//1489 266//1490 247//1491
f 239//1492 267//1493 209//1494
f 136//1495 304//1496 280//1497
f 188//1498 260//1499 268//1500
f 263//1501 216//1502 264//1503
f 216//1504 203//1505 271//1506
f 188//1507 268//1508 262//1509
f 215//1510 286//1511 220//1512
f 212//1513 238//1514 189//1515
f 168//1516 281//1517 182//1518
f 168//1519 163//1520 274//1521
f 224//1522 222//1523 282//1524
f 195//1525 270//1526 228//1527
f 272//1528 265//1529 221//1530
f 185//1531 211//1532 260//1533
f 249//1534 221//1535 265//1536
f 200//1537 279//1538 209//1539
f 222//1540 255//1541 275//1542
f 214//1543 278//1544 204//1545
f 206//1546 301//1547 199//1548
f 221//1549 271//1550 277//1551
f 266//1552 293//1553 247//1554
f 166//1555 198//1556 294//1557
f 280//1558 266//1559 150//1560
f 181//1561 179//1562 301//1563
f 200//1564 207//1565 279//1566
f 227//1567 275//1568 234//1569
f 221//1570 277//1571 272//1572
f 247//1573 293//1574 245//1575
f 303//1576 332//1577 219//1578
f 173//1579 320//1580 217//1581
f 284//1582 227//1583 235//1584
f 182//1585 281//1586 206//1587
f 244//1588 287//1589 231//1590
f 260//1591 262//1592 268//1593
f 205//1594 303//1595 219//1596
f 329//1597 286//1598 215//1599
f 222//1600 275//1601 282//1602
f 227//1603 282//1604 275//1605
f 278//1606 232//1607 204//1608
f 264//1609 288//1610 263//1611
f 238//1612 225//1613 290//1614
f 136//1615 269//1616 276//1617
f 209//1618 279//1619 285//1620
f 275//1621 255//1622 234//1623
f 229//1624 293//1625 252//1626
f 231//1627 287//1628 283//1629
f 231//1630 283//1631 273//1632
f 262//1633 303//1634 205//1635
f 168//1636 274//1637 281//1638
f 233//1639 292//1640 197//1641
f 235//1642 226//1643 289//1644
f 203//1645 330//1646 271//1647
f 209//1648 285//1649 225//1650
f 331//1651 211//1652 196//1653
f 260//1654 299//1655 262//1656
f 238//1657 297//1658 189//1659
f 159//1660 248//1661 255//1662
f 272//1663 277//1664 296//1665
f 198//1666 267//1667 291//1668
f 299//1669 316//1670 262//1671
f 283//1672 300//1673 273//1674
f 318//1675 329//1676 174//1677
f 189//1678 319//1679 202//1680
f 211//1681 299//1682 260//1683
f 235//1684 306//1685 284//1686
f 225//1687 295//1688 290//1689
f 225//1690 288//1691 302//1692
f 194//1693 232//1694 315//1695
f 235//1696 289//1697 306//1698
f 225//1699 285//1700 288//1701
f 194//1702 315//1703 203//1704
f 223//1705 320//1706 173//1707
f 213//1708 292//1709 233//1710
f 197//1711 305//1712 207//1713
f 198//1714 291//1715 294//1716
f 283//1717 298//1718 300//1719
f 255//1720 310//1721 234//1722
f 229//1723 245//1724 312//1725
f 270//1726 310//1727 228//1728
f 276//1729 304//1730 136//1731
f 174//1732 236//1733 318//1734
f 166//1735 347//1736 213//1737
f 284//1738 307//1739 227//1740
f 341//1741 263//1742 288//1743
f 273//1744 300//1745 331//1746
f 263//1747 341//1748 267//1749
f 287//1750 298//1751 283//1752
f 245//1753 293//1754 312//1755
f 202//1756 274//1757 163//1758
f 217//1759 309//1760 343//1761
f 166//1762 294//1763 347//1764
f 226//1765 282//1766 313//1767
f 234//1768 310//1769 270//1770
f 178//1771 241//1772 244//1773
f 206//1774 281//1775 301//1776
f 207//1777 285//1778 279//1779
f 227//1780 313//1781 282//1782
f 203//1783 315//1784 330//1785
f 292//1786 305//1787 197//1788
f 217//1789 343//1790 176//1791
f 313//1792 289//1793 226//1794
f 262//1795 321//1796 303//1797
f 229//1798 312//1799 293//1800
f 305//1801 285//1802 207//1803
f 314//1804 309//1804 322//1804
f 314//1805 322//1805 325//1805
f 217//1806 325//1807 322//1808
f 314//1809 325//1810 217//1811
f 309//1812 217//1813 322//1814
f 309//1815 314//1816 320//1817
f 322//1818 320//1818 325//1818
f 322//1819 327//1820 320//1820
f 322//1821 328//1821 327//1821
f 325//1822 320//1823 328//1824
f 325//1825 328//1826 322//1827
f 227//1828 307//1829 313//1830
f 306//1831 333//1832 284//1833
f 225//1834 302//1835 295//1836
f 311//1837 244//1838 241//1839
f 287//1840 334//1841 298//1842
f 211//1843 331//1844 299//1845
f 314//1846 217//1847 320//1848
f 286//1849 352//1850 220//1851
f 311//1852 287//1853 244//1854
f 284//1855 333//1856 307//1857
f 232//1858 278//1859 335//1860
f 289//1861 333//1862 306//1863
f 296//1864 340//1865 272//1866
f 262//1867 316//1868 321//1869
f 202//1870 342//1871 274//1872
f 281//1873 336//1874 301//1875
f 255//1876 362//1877 310//1878
f 189//1879 297//1880 319//1881
f 289//1882 313//1883 333//1884
f 220//1885 352//1886 248//1887
f 228//1888 326//1889 241//1890
f 296//1891 337//1892 340//1893
f 293//1894 339//1895 252//1896
f 288//1897 264//1898 308//1899
f 309//1900 327//1901 343//1902
f 267//1903 341//1904 291//1905
f 317//1906 301//1907 336//1908
f 327//1909 328//1909 343//1909
f 287//1910 311//1911 334//1912
f 300//1913 298//1914 334//1915
f 320//1916 223//1917 343//1918
f 249//1919 265//1920 308//1921
f 344//1922 336//1923 281//1924
f 320//1925 343//1926 328//1926
f 271//1927 355//1928 277//1929
f 336//1930 344//1931 350//1932
f 313//1933 345//1934 333//1935
f 333//1936 345//1937 346//1937
f 333//1938 346//1939 307//1940
f 307//1941 345//1942 313//1943
f 307//1944 346//1945 345//1946
f 330//1947 315//1948 338//1949
f 278//1950 348//1951 335//1952
f 347//1953 294//1954 349//1955
f 311//1956 353//1957 334//1958
f 353//1959 300//1960 334//1961
f 318//1962 351//1963 329//1964
f 305//1965 291//1966 285//1967
f 285//1968 291//1969 288//1970
f 329//1971 352//1972 286//1973
f 341//1974 288//1975 291//1976
f 295//1977 302//1978 375//1979
f 335//1980 315//1981 232//1982
f 202//1983 319//1984 342//1985
f 294//1986 291//1987 349//1988
f 317//1989 336//1990 236//1991
f 236//1992 354//1993 318//1994
f 329//1995 388//1996 352//1997
f 343//1998 223//1999 176//2000
f 277//2001 337//2002 296//2003
f 213//2004 324//2005 292//2006
f 213//2007 356//2008 324//2009
f 290//2010 297//2011 238//2012
f 213//2013 347//2014 356//2015
f 265//2016 420//2017 308//2018
f 340//2019 337//2020 357//2021
f 252//2022 339//2023 323//2024
f 330//2025 355//2026 271//2027
f 335//2028 348//2029 315//2030
f 236//2031 336//2032 354//2033
f 241//2034 361//2035 311//2036
f 331//2037 358//2038 299//2039
f 274//2040 370//2041 281//2042
f 290//2043 397//2044 297//2045
f 344//2046 366//2047 350//2048
f 353//2049 361//2050 300//2051
f 278//2052 359//2053 348//2054
f 302//2055 363//2056 375//2057
f 293//2058 374//2059 339//2060
f 276//2061 372//2062 304//2063
f 329//2064 351//2065 419//2066
f 324//2067 305//2068 292//2069
f 364//2070 365//2071 356//2072
f 356//2073 347//2073 364//2073
f 356//2074 365//2075 324//2076
f 364//2077 347//2078 365//2079
f 342//2080 370//2081 274//2082
f 324//2083 365//2084 347//2085
f 311//2086 361//2087 353//2088
f 357//2089 368//2090 340//2091
f 349//2092 291//2093 324//2094
f 228//2095 310//2096 326//2097
f 315//2098 348//2099 338//2100
f 299//2101 358//2102 316//2103
f 305//2104 373//2105 291//2106
f 368//2107 367//2108 340//2109
f 214//2110 359//2111 278//2112
f 297//2113 360//2114 319//2115
f 303//2116 391//2117 332//2118
f 319//2119 381//2120 342//2121
f 295//2122 375//2123 290//2124
f 300//2125 376//2126 331//2127
f 373//2128 377//2129 291//2130
f 362//2131 369//2132 310//2133
f 350//2134 366//2135 380//2136
f 277//2137 408//2138 337//2139
f 344//2140 281//2141 370//2142
f 214//2143 323//2144 359//2145
f 269//2146 372//2147 276//2148
f 291//2149 377//2150 324//2151
f 255//2152 405//2153 362//2154
f 241//2155 326//2156 371//2157
f 266//2158 374//2159 293//2160
f 366//2161 379//2162 380//2163
f 255//2164 248//2165 405//2166
f 340//2167 367//2168 272//2169
f 354//2170 351//2171 318//2172
f 347//2173 349//2174 324//2175
f 319//2176 360//2177 381//2178
f 272//2179 396//2180 265//2181
f 355//2182 408//2183 277//2184
f 357//2185 386//2186 368//2187
f 350//2188 383//2189 336//2190
f 302//2191 288//2192 382//2193
f 241//2194 384//2195 361//2196
f 419//2197 388//2198 329//2199
f 241//2200 371//2201 384//2202
f 352//2203 405//2204 248//2205
f 367//2206 396//2207 272//2208
f 344//2209 370//2210 378//2211
f 366//2212 395//2212 379//2213
f 265//2214 396//2215 420//2216
f 360//2217 297//2218 392//2219
f 297//2220 397//2221 389//2222
f 316//2223 406//2224 321//2225
f 380//2226 383//2227 350//2228
f 321//2229 385//2230 303//2231
f 337//2232 386//2233 357//2234
f 305//2235 324//2236 373//2237
f 336//2238 383//2239 354//2240
f 370//2241 342//2242 381//2243
f 358//2244 406//2245 316//2246
f 269//2247 332//2248 372//2249
f 412//2250 355//2251 330//2252
f 308//2253 420//2254 363//2255
f 370//2256 387//2257 378//2258
f 331//2259 376//2260 358//2261
f 303//2262 385//2263 391//2264
f 330//2265 338//2266 412//2267
f 304//2268 478//2269 280//2270
f 310//2271 369//2272 326//2273
f 326//2274 401//2275 371//2276
f 302//2277 382//2278 363//2279
f 366//2280 378//2281 395//2282
f 344//2283 378//2284 366//2283
f 360//2285 392//2286 381//2287
f 386//2288 393//2289 368//2290
f 332//2291 391//2292 372//2293
f 384//2294 371//2295 401//2296
f 384//2297 394//2298 361//2299
f 361//2300 394//2301 300//2302
f 308//2303 363//2304 288//2305
f 401//2306 390//2307 384//2308
f 370//2309 381//2310 387//2311
f 384//2312 390//2313 394//2314
f 399//2315 400//2316 388//2317
f 297//2318 389//2319 392//2320
f 375//2321 397//2322 290//2323
f 354//2324 398//2325 351//2326
f 400//2327 352//2328 388//2329
f 377//2330 402//2331 324//2332
f 354//2333 383//2334 398//2335
f 323//2336 424//2337 359//2338
f 326//2339 369//2340 401//2341
f 324//2342 402//2343 373//2344
f 394//2345 404//2346 300//2347
f 362//2348 405//2349 369//2350
f 288//2351 407//2352 382//2353
f 401//2354 409//2355 390//2356
f 390//2357 404//2358 394//2359
f 374//2360 478//2361 339//2362
f 400//2363 405//2364 352//2365
f 373//2366 410//2367 377//2368
f 408//2369 386//2370 337//2371
f 399//2372 388//2373 419//2374
f 300//2375 404//2376 376//2377
f 386//2378 426//2379 393//2380
f 374//2381 266//2382 478//2383
f 266//2384 280//2385 478//2386
f 393//2387 367//2388 368//2389
f 288//2390 363//2391 407//2392
f 377//2393 410//2394 434//2395
f 396//2396 403//2397 420//2398
f 400//2399 413//2400 405//2401
f 377//2402 434//2403 402//2404
f 405//2405 415//2406 369//2407
f 395//2408 378//2409 418//2410
f 421//2411 422//2412 423//2413
f 399//2414 419//2415 414//2416
f 373//2417 402//2418 410//2419
f 386//2420 408//2421 426//2422
f 398//2423 419//2424 351//2425
f 323//2426 339//2427 424//2428
f 378//2429 387//2430 418//2431
f 381//2432 425//2433 387//2434
f 416//2435 381//2436 392//2437
f 393//2438 426//2439 367//2440
f 405//2441 427//2442 415//2443
f 383//2444 468//2445 398//2446
f 390//2447 409//2448 404//2449
f 416//2450 425//2451 381//2452
f 407//2453 363//2454 433//2455
f 401//2456 428//2457 409//2458
f 397//2459 439//2460 389//2461
f 413//2462 427//2463 405//2464
f 421//2465 423//2466 429//2467
f 417//2468 440//2469 437//2470
f 422//2471 431//2472 423//2473
f 407//2474 449//2475 382//2476
f 383//2477 380//2478 468//2479
f 421//2480 505//2481 422//2482
f 435//2483 433//2484 410//2485
f 433//2486 434//2487 410//2488
f 429//2489 438//2490 421//2491
f 392//2492 389//2493 416//2494
f 440//2495 438//2496 429//2497
f 440//2498 436//2499 438//2500
f 407//2501 433//2502 449//2503
f 387//2504 430//2505 418//2506
f 375//2507 432//2508 397//2509
f 321//2510 450//2511 385//2512
f 440//2513 429//2514 437//2515
f 429//2516 423//2517 442//2518
f 380//2519 379//2520 443//2521
f 395//2522 443//2523 379//2524
f 402//2525 447//2526 410//2527
f 442//2528 436//2529 429//2530
f 382//2531 473//2532 363//2533
f 398//2534 468//2535 446//2536
f 387//2537 425//2538 452//2539
f 438//2540 436//2541 442//2542
f 421//2543 438//2544 505//2545
f 363//2546 420//2547 411//2548
f 338//2549 441//2550 412//2551
f 395//2552 418//2553 443//2554
f 423//2555 505//2556 442//2557
f 438//2558 442//2559 505//2560
f 437//2561 444//2562 417//2563
f 409//2564 467//2565 404//2566
f 448//2567 413//2568 400//2569
f 422//2570 415//2571 431//2572
f 458//2573 436//2574 440//2575
f 483//2576 402//2577 434//2578
f 363//2579 473//2580 433//2581
f 409//2582 428//2583 467//2584
f 398//2585 446//2586 419//2587
f 402//2588 445//2589 447//2590
f 382//2591 449//2592 473//2593
f 413//2594 448//2595 427//2596
f 434//2597 433//2598 483//2599
f 363//2600 411//2601 375//2602
f 426//2603 451//2604 367//2605
f 415//2606 427//2607 479//2608
f 385//2609 450//2610 391//2611
f 419//2612 493//2613 414//2614
f 410//2615 453//2616 435//2617
f 440//2618 417//2619 458//2620
f 415//2621 469//2622 369//2623
f 451//2624 518//2625 367//2626
f 452//2627 430//2628 387//2629
f 400//2630 454//2631 448//2632
f 397//2633 457//2634 439//2635
f 411//2636 432//2637 375//2638
f 429//2639 458//2640 437//2641
f 428//2642 455//2643 467//2644
f 402//2645 483//2646 445//2647
f 399//2648 454//2649 400//2650
f 456//2651 458//2652 417//2653
f 423//2654 431//2655 505//2656
f 372//2657 478//2658 304//2659
f 458//2660 444//2661 437//2662
f 415//2663 422//2664 469//2665
f 355//2666 465//2667 408//2668
f 443//2669 468//2670 380//2671
f 389//2672 439//2673 416//2674
f 396//2675 367//2676 464//2677
f 391//2678 478//2679 372//2680
f 435//2681 453//2682 433//2683
f 431//2684 415//2685 479//2686
f 399//2687 414//2688 466//2689
f 396//2690 464//2691 403//2692
f 338//2693 348//2694 441//2695
f 358//2696 376//2697 461//2698
f 419//2699 459//2700 493//2701
f 446//2702 475//2703 419//2704
f 417//2705 476//2706 456//2707
f 369//2708 470//2709 401//2710
f 321//2711 406//2712 450//2713
f 339//2714 478//2715 424//2716
f 475//2717 459//2718 419//2719
f 416//2720 472//2721 425//2722
f 424//2723 510//2724 359//2725
f 474//2726 480//2727 463//2728
f 568//2729 467//2730 455//2731
f 428//2732 462//2733 455//2734
f 418//2735 468//2736 443//2737
f 410//2738 447//2739 460//2740
f 410//2741 531//2742 453//2743
f 410//2744 460//2745 531//2746
f 483//2747 531//2748 445//2749
f 433//2750 453//2751 449//2752
f 408//2753 484//2754 426//2755
f 463//2756 481//2757 474//2758
f 428//2759 470//2760 477//2761
f 456//2762 444//2763 458//2764
f 401//2765 470//2766 428//2767
f 444//2768 535//2769 417//2770
f 431//2771 479//2772 505//2773
f 355//2774 487//2775 465//2776
f 412//2777 487//2778 355//2779
f 482//2780 481//2781 463//2782
f 416//2783 439//2784 472//2785
f 499//2786 476//2787 417//2788
f 459//2789 514//2790 493//2791
f 417//2792 535//2793 499//2793
f 452//2794 489//2795 430//2796
f 470//2797 369//2798 469//2799
f 484//2800 451//2801 426//2802
f 430//2803 446//2804 418//2805
f 447//2806 490//2807 460//2808
f 474//2809 496//2810 485//2811
f 391//2812 488//2813 478//2814
f 447//2815 491//2816 502//2815
f 433//2817 473//2818 483//2819
f 418//2820 446//2821 468//2822
f 445//2823 491//2824 447//2825
f 456//2826 504//2827 495//2828
f 427//2829 448//2830 479//2831
f 492//2832 441//2833 348//2834
f 425//2835 494//2836 452//2837
f 472//2838 494//2839 425//2840
f 535//2841 495//2842 499//2843
f 456//2844 495//2845 444//2846
f 397//2847 432//2848 457//2849
f 359//2850 492//2851 348//2852
f 430//2853 489//2854 446//2855
f 432//2856 539//2857 457//2858
f 422//2859 548//2860 469//2861
f 485//2862 480//2863 474//2864
f 446//2865 489//2866 475//2867
f 414//2868 503//2869 466//2870
f 502//2871 490//2872 447//2873
f 461//2874 406//2875 358//2876
f 452//2877 494//2878 486//2879
f 477//2880 471//2881 428//2882
f 456//2883 476//2884 504//2885
f 485//2886 524//2887 492//2888
f 450//2889 488//2890 391//2891
f 495//2892 504//2893 499//2894
f 367//2895 518//2896 464//2897
f 475//2898 501//2899 459//2900
f 479//2901 548//2902 505//2903
f 465//2904 497//2905 408//2906
f 493//2907 503//2908 414//2909
f 449//2910 453//2911 473//2912
f 436//2913 458//2914 429//2915
f 499//2916 513//2917 476//2918
f 502//2919 508//2920 544//2921
f 484//2922 498//2923 451//2924
f 359//2925 510//2926 492//2927
f 467//2928 376//2929 404//2930
f 502//2931 544//2932 500//2933
f 420//2934 540//2935 411//2936
f 462//2937 568//2938 455//2939
f 376//2940 578//2941 461//2942
f 491//2943 509//2944 513//2945
f 422//2946 505//2947 548//2948
f 428//2949 512//2950 462//2951
f 475//2952 489//2953 501//2954
f 508//2955 502//2956 491//2957
f 498//2958 518//2959 451//2960
f 494//2961 507//2962 486//2963
f 473//2964 523//2965 483//2966
f 502//2967 500//2968 490//2969
f 454//2970 506//2971 448//2972
f 470//2973 520//2974 477//2975
f 477//2976 517//2977 471//2978
f 441//2979 487//2980 412//2981
f 463//2982 480//2983 482//2984
f 504//2985 527//2986 499//2987
f 485//2988 511//2989 524//2990
f 491//2991 513//2992 508//2993
f 492//2994 510//2995 485//2996
f 486//2997 519//2998 452//2999
f 513//3000 509//3001 476//3002
f 453//3003 523//3004 473//3005
f 485//3006 525//3007 480//3008
f 399//3009 466//3010 454//3011
f 568//3012 515//3013 467//3014
f 464//3015 537//3016 403//3017
f 496//3018 511//3019 485//3020
f 439//3021 457//3022 494//3023
f 441//3024 524//3025 487//3026
f 453//3027 531//3028 523//3029
f 480//3030 525//3031 482//3032
f 489//3033 526//3034 501//3035
f 535//3036 553//3037 495//3038
f 506//3039 479//3040 448//3041
f 441//3042 492//3043 524//3044
f 452//3045 532//3046 489//3047
f 500//3048 529//3049 490//3050
f 491//3051 541//3052 509//3053
f 445//3054 541//3055 491//3055
f 523//3056 531//3057 483//3058
f 411//3059 540//3060 560//3061
f 428//3062 471//3063 512//3064
f 411//3065 560//3066 432//3067
f 432//3068 560//3069 539//3070
f 496//3071 474//3072 481//3073
f 482//3074 528//3075 481//3076
f 499//3077 527//3078 513//3079
f 444//3080 495//3081 530//3082
f 504//3083 476//3084 534//3085
f 477//3086 520//3087 517//3088
f 466//3089 522//3090 454//3091
f 532//3092 526//3093 489//3094
f 459//3095 501//3096 521//3097
f 487//3098 497//3099 465//3100
f 408//3101 497//3102 484//3103
f 478//3104 556//3105 424//3106
f 503//3107 522//3108 466//3109
f 531//3110 546//3111 445//3112
f 533//3113 518//3114 498//3115
f 459//3116 552//3117 514//3118
f 439//3119 494//3120 472//3121
f 452//3122 519//3123 516//3124
f 521//3125 552//3126 459//3127
f 444//3128 530//3129 538//3130
f 525//3131 485//3132 510//3133
f 452//3134 516//3135 532//3136
f 508//3137 513//3138 550//3139
f 460//3140 490//3141 541//3142
f 518//3143 537//3144 464//3145
f 479//3146 506//3147 548//3148
f 537//3149 540//3150 403//3151
f 460//3152 546//3153 531//3154
f 476//3155 509//3156 534//3157
f 488//3158 551//3159 478//3160
f 467//3161 515//3162 376//3163
f 444//3164 542//3165 535//3166
f 470//3167 547//3168 520//3169
f 538//3170 542//3171 444//3172
f 495//3173 553//3174 530//3175
f 507//3176 571//3177 486//3178
f 490//3179 529//3180 508//3181
f 513//3182 534//3183 550//3184
f 524//3185 511//3186 576//3187
f 460//3188 541//3189 546//3190
f 462//3191 512//3192 568//3193
f 490//3194 550//3195 541//3196
f 406//3197 536//3198 450//3199
f 490//3200 508//3201 550//3202
f 469//3203 547//3204 470//3205
f 471//3206 517//3207 512//3208
f 503//3209 563//3210 522//3211
f 535//3212 542//3213 553//3214
f 445//3215 546//3216 541//3217
f 424//3218 556//3219 562//3220
f 450//3221 536//3222 551//3223
f 494//3224 457//3225 539//3226
f 450//3227 551//3228 488//3229
f 486//3230 571//3231 559//3232
f 420//3233 403//3234 540//3235
f 524//3236 576//3237 487//3238
f 493//3239 514//3240 554//3241
f 493//3242 554//3243 503//3244
f 494//3245 549//3246 507//3247
f 484//3248 613//3249 498//3250
f 518//3251 545//3252 537//3253
f 533//3254 545//3255 518//3256
f 513//3257 527//3258 534//3259
f 507//3260 549//3261 555//3262
f 454//3263 522//3264 506//3265
f 504//3266 534//3267 583//3268
f 506//3269 565//3270 548//3271
f 517//3272 520//3273 582//3274
f 548//3275 547//3276 469//3277
f 519//3278 557//3279 516//3280
f 509//3281 541//3282 558//3283
f 478//3284 551//3285 556//3286
f 510//3287 562//3288 525//3289
f 504//3290 583//3291 527//3292
f 539//3293 549//3294 494//3295
f 560//3296 549//3297 539//3298
f 461//3299 578//3300 406//3301
f 482//3302 525//3303 562//3304
f 482//3305 556//3306 528//3307
f 486//3308 559//3309 519//3310
f 566//3311 534//3312 527//3313
f 522//3314 565//3315 506//3316
f 538//3317 565//3318 542//3319
f 533//3320 498//3321 613//3322
f 556//3323 570//3324 528//3325
f 556//3326 564//3327 561//3328
f 521//3329 501//3330 552//3331
f 552//3332 554//3333 514//3334
f 507//3335 555//3336 571//3337
f 538//3338 530//3339 565//3340
f 561//3341 570//3342 556//3343
f 515//3344 568//3345 590//3346
f 406//3347 569//3348 536//3349
f 522//3350 572//3351 565//3352
f 530//3353 573//3354 565//3355
f 565//3356 573//3357 548//3358
f 517//3359 574//3360 512//3361
f 500//3362 600//3363 529//3364
f 540//3365 575//3366 560//3367
f 424//3368 562//3369 510//3370
f 482//3371 562//3372 556//3373
f 503//3374 554//3375 563//3376
f 497//3377 576//3378 484//3379
f 508//3380 529//3381 579//3382
f 527//3383 583//3384 566//3385
f 565//3386 577//3387 542//3388
f 509//3389 581//3390 534//3391
f 566//3392 583//3393 567//3394
f 508//3395 579//3396 544//3397
f 553//3398 589//3399 530//3400
f 481//3401 528//3402 496//3403
f 596//3404 584//3405 564//3406
f 564//3407 584//3408 561//3409
f 512//3410 590//3411 568//3412
f 561//3413 584//3414 570//3415
f 501//3416 580//3417 552//3418
f 578//3419 586//3420 406//3421
f 512//3422 574//3423 590//3424
f 484//3425 591//3426 613//3427
f 565//3428 589//3429 577//3430
f 496//3431 528//3432 601//3433
f 532//3434 585//3435 526//3436
f 522//3437 588//3438 572//3439
f 564//3440 551//3441 596//3442
f 543//3443 529//3444 609//3445
f 544//3446 593//3447 500//3448
f 576//3449 591//3450 484//3451
f 549//3452 595//3453 555//3454
f 542//3455 598//3456 553//3457
f 563//3458 588//3459 522//3460
f 528//3461 594//3462 601//3463
f 516//3464 585//3465 532//3466
f 543//3467 587//3468 529//3469
f 530//3470 589//3471 573//3472
f 515//3473 578//3474 376//3475
f 528//3476 570//3477 594//3478
f 547//3479 619//3480 520//3481
f 553//3482 598//3483 589//3484
f 519//3485 559//3486 605//3487
f 551//3488 536//3489 596//3490
f 509//3491 558//3492 581//3493
f 501//3494 602//3495 580//3496
f 526//3497 602//3498 501//3499
f 550//3500 606//3501 541//3502
f 406//3503 586//3504 569//3505
f 556//3506 608//3507 564//3508
f 543//3509 571//3510 587//3511
f 487//3512 576//3513 497//3514
f 515//3515 611//3516 578//3517
f 533//3518 613//3519 545//3520
f 551//3521 608//3522 556//3523
f 534//3524 581//3525 592//3526
f 520//3527 619//3528 582//3529
f 526//3530 597//3531 602//3532
f 541//3533 606//3534 558//3535
f 496//3536 601//3537 511//3538
f 500//3539 599//3540 600//3541
f 565//3542 572//3543 607//3544
f 573//3545 603//3546 548//3547
f 554//3548 616//3549 563//3550
f 600//3551 609//3552 529//3553
f 555//3554 610//3555 571//3556
f 565//3557 607//3558 589//3559
f 589//3560 607//3561 573//3562
f 584//3563 627//3564 570//3565
f 571//3566 637//3567 559//3568
f 534//3569 592//3570 550//3571
f 540//3572 537//3573 628//3574
f 515//3575 590//3576 611//3577
f 596//3578 615//3579 584//3580
f 519//3581 605//3582 557//3583
f 575//3584 617//3585 560//3586
f 582//3587 574//3588 517//3589
f 581//3590 558//3591 618//3592
f 604//3593 598//3594 612//3595
f 558//3596 620//3597 550//3598
f 551//3599 564//3600 608//3601
f 571//3602 543//3603 637//3604
f 542//3605 577//3606 598//3607
f 590//3608 574//3609 611//3610
f 619//3611 631//3612 582//3613
f 659//3614 554//3615 552//3616
f 578//3617 611//3618 655//3619
f 580//3620 614//3621 552//3622
f 607//3623 603//3624 573//3625
f 570//3626 666//3627 594//3628
f 566//3629 656//3630 534//3631
f 598//3632 623//3633 612//3634
f 548//3635 603//3636 547//3637
f 567//3638 612//3639 622//3640
f 606//3641 620//3642 558//3643
f 534//3644 656//3645 583//3646
f 567//3647 583//3648 612//3649
f 570//3650 627//3651 666//3652
f 558//3653 550//3654 618//3655
f 584//3656 615//3657 627//3658
f 563//3659 616//3660 588//3661
f 598//3662 625//3663 589//3664
f 550//3665 592//3666 618//3667
f 604//3668 626//3669 598//3670
f 526//3671 649//3672 597//3673
f 595//3674 621//3675 555//3676
f 589//3677 625//3678 577//3679
f 596//3680 536//3681 569//3682
f 549//3683 617//3684 595//3685
f 560//3686 617//3687 549//3688
f 596//3689 569//3690 615//3691
f 543//3692 609//3693 637//3694
f 555//3695 665//3696 610//3697
f 634//3698 586//3699 578//3700
f 511//3701 601//3702 624//3703
f 599//3704 597//3705 664//3706
f 567//3707 622//3708 566//3709
f 552//3710 614//3711 659//3712
f 572//3713 633//3714 607//3715
f 544//3716 579//3717 632//3718
f 582//3719 631//3720 574//3721
f 526//3722 585//3723 649//3724
f 547//3725 603//3726 629//3727
f 544//3728 632//3729 593//3730
f 572//3731 648//3732 633//3733
f 597//3734 649//3735 664//3736
f 598//3737 626//3738 625//3739
f 612//3740 623//3741 622//3742
f 559//3743 665//3744 605//3745
f 550//3746 639//3747 606//3748
f 547//3749 629//3750 619//3751
f 655//3752 611//3753 650//3754
f 620//3755 639//3756 550//3757
f 636//3758 630//3759 578//3760
f 640//3761 641//3762 642//3762
f 640//3763 638//3764 641//3765
f 640//3766 642//3767 643//3768
f 640//3769 643//3769 636//3769
f 636//3770 578//3771 640//3772
f 578//3773 645//3774 638//3775
f 579//3776 529//3777 587//3778
f 577//3779 623//3780 598//3781
f 642//3782 645//3783 643//3784
f 641//3785 638//3786 643//3787
f 643//3788 638//3789 636//3790
f 643//3791 645//3792 641//3793
f 638//3794 645//3795 636//3796
f 578//3797 655//3798 645//3799
f 500//3800 593//3801 599//3802
f 625//3803 646//3804 607//3805
f 642//3806 636//3807 645//3808
f 545//3809 628//3810 537//3811
f 622//3812 623//3813 635//3814
f 633//3815 660//3816 607//3817
f 572//3818 588//3819 648//3820
f 569//3821 669//3822 615//3823
f 637//3824 665//3825 559//3826
f 566//3827 622//3828 656//3829
f 626//3830 646//3831 625//3832
f 636//3833 642//3834 630//3835
f 599//3836 593//3837 597//3838
f 607//3839 660//3840 625//3841
f 619//3842 629//3843 631//3844
f 586//3845 634//3846 569//3847
f 633//3848 646//3849 660//3850
f 657//3851 642//3852 641//3853
f 645//3854 657//3855 641//3856
f 610//3857 647//3858 571//3859
f 646//3860 603//3861 607//3862
f 615//3863 669//3864 627//3865
f 540//3866 628//3867 575//3868
f 645//3869 655//3870 657//3871
f 511//3872 624//3873 576//3874
f 571//3875 647//3876 587//3877
f 626//3878 660//3879 646//3880
f 585//3881 516//3882 652//3883
f 621//3884 665//3885 555//3886
f 581//3887 618//3888 653//3889
f 613//3890 644//3891 545//3892
f 554//3893 659//3894 616//3895
f 604//3896 662//3897 626//3898
f 657//3899 630//3900 642//3901
f 581//3902 651//3903 592//3904
f 581//3905 653//3906 651//3907
f 612//3908 662//3909 604//3910
f 612//3911 583//3912 662//3913
f 545//3914 677//3915 628//3916
f 637//3917 610//3918 665//3919
f 648//3920 646//3921 633//3922
f 630//3923 634//3924 578//3925
f 613//3926 591//3927 644//3928
f 580//3929 675//3930 614//3931
f 655//3932 650//3933 670//3934
f 585//3935 682//3936 649//3937
f 625//3938 660//3939 672//3940
f 574//3941 631//3942 629//3943
f 603//3944 646//3945 629//3946
f 597//3947 593//3948 602//3949
f 635//3950 668//3951 622//3952
f 594//3953 690//3954 601//3955
f 595//3956 673//3957 621//3958
f 617//3959 654//3960 671//3961
f 611//3962 574//3963 650//3964
f 617//3965 673//3966 595//3967
f 626//3968 672//3969 660//3970
f 545//3971 644//3972 677//3973
f 663//3974 684//3975 579//3976
f 591//3977 678//3978 644//3979
f 588//3980 676//3981 648//3982
f 574//3983 674//3984 650//3985
f 557//3986 605//3987 667//3988
f 599//3989 664//3990 632//3991
f 599//3992 632//3993 600//3994
f 646//3995 648//3996 629//3997
f 610//3998 637//3999 679//4000
f 622//4001 668//4002 656//4003
f 625//4004 672//4005 577//4006
f 585//4007 652//4008 682//4009
f 592//4010 651//4011 618//4012
f 576//4013 624//4014 661//4015
f 617//4016 671//4017 673//4018
f 609//4019 700//4020 637//4021
f 617//4022 575//4023 681//4024
f 709//4025 669//4026 569//4027
f 577//4028 662//4029 623//4030
f 630//4031 657//4032 705//4033
f 657//4034 655//4035 726//4036
f 576//4037 688//4038 591//4039
f 659//4040 614//4041 686//4042
f 576//4043 661//4044 658//4045
f 616//4046 696//4047 588//4048
f 579//4049 587//4050 663//4051
f 670//4052 689//4053 655//4054
f 557//4055 652//4056 516//4057
f 630//4058 705//4059 634//4060
f 648//4061 676//4062 629//4063
f 601//4064 690//4065 624//4066
f 610//4067 693//4068 647//4069
f 580//4070 602//4071 675//4072
f 671//4073 654//4074 694//4075
f 575//4076 628//4077 695//4078
f 658//4079 688//4080 576//4081
f 634//4082 709//4083 569//4084
f 616//4085 659//4086 696//4087
f 668//4088 683//4089 656//4090
f 639//4091 716//4092 606//4093
f 588//4094 696//4095 676//4096
f 600//4097 700//4098 609//4099
f 700//4100 679//4101 637//4102
f 665//4103 621//4104 673//4105
f 629//4106 704//4107 574//4108
f 634//4109 705//4110 687//4111
f 624//4112 690//4113 707//4114
f 639//4115 620//4116 716//4117
f 617//4118 681//4119 654//4120
f 669//4121 691//4122 627//4123
f 675//4124 686//4125 614//4126
f 606//4127 680//4128 620//4129
f 693//4130 587//4131 647//4132
f 623//4133 662//4134 635//4135
f 626//4136 662//4137 672//4138
f 709//4139 692//4140 669//4141
f 577//4142 672//4143 662//4144
f 650//4145 685//4146 670//4147
f 658//4148 706//4149 688//4150
f 644//4151 697//4152 677//4153
f 632//4154 698//4155 600//4156
f 634//4157 717//4158 709//4159
f 557//4160 667//4161 652//4162
f 600//4163 698//4164 700//4165
f 657//4166 726//4167 705//4168
f 699//4169 632//4170 664//4171
f 610//4172 679//4173 693//4174
f 703//4175 678//4176 591//4177
f 591//4178 688//4179 703//4180
f 655//4181 689//4182 726//4183
f 665//4184 667//4185 605//4186
f 575//4187 695//4188 681//4189
f 687//4190 717//4191 634//4192
f 659//4193 686//4194 713//4195
f 628//4196 719//4197 695//4198
f 579//4199 684//4200 632//4201
f 705//4202 712//4203 687//4204
f 658//4205 661//4206 701//4207
f 669//4208 692//4209 691//4210
f 635//4211 710//4212 668//4213
f 654//4214 681//4215 694//4216
f 658//4217 701//4218 706//4219
f 662//4220 583//4221 708//4222
f 712//4223 717//4224 687//4225
f 659//4226 713//4227 696//4228
f 662//4229 708//4230 710//4231
f 674//4232 685//4233 650//4234
f 662//4235 710//4236 635//4237
f 683//4238 715//4239 656//4240
f 620//4241 714//4242 716//4243
f 620//4244 680//4245 714//4246
f 624//4247 707//4248 702//4249
f 726//4250 718//4251 705//4252
f 624//4253 702//4254 661//4255
f 593//4256 721//4257 602//4258
f 606//4259 716//4260 680//4261
f 670//4262 720//4263 689//4264
f 649//4265 745//4266 664//4267
f 651//4268 732//4269 618//4270
f 694//4271 725//4272 671//4273
f 574//4274 704//4275 674//4276
f 670//4277 685//4278 720//4279
f 602//4280 740//4281 675//4282
f 668//4283 711//4284 683//4285
f 677//4286 723//4287 628//4288
f 618//4289 724//4290 653//4291
f 661//4292 702//4293 701//4294
f 714//4295 724//4296 618//4297
f 694//4298 681//4299 725//4300
f 688//4301 722//4302 703//4303
f 677//4304 697//4305 678//4306
f 594//4307 666//4308 730//4309
f 602//4310 721//4311 740//4312
f 668//4313 710//4314 711//4315
f 656//4316 734//4317 583//4318
f 725//4319 733//4320 671//4321
f 705//4322 718//4323 712//4324
f 666//4325 627//4326 691//4327
f 649//4328 682//4329 745//4330
f 684//4331 698//4332 632//4333
f 708//4334 583//4335 734//4336
f 688//4337 753//4338 722//4339
f 666//4340 691//4341 730//4342
f 665//4343 758//4344 667//4345
f 587//4346 739//4347 663//4348
f 747//4349 709//4350 717//4351
f 690//4352 594//4353 707//4354
f 700//4355 728//4356 679//4357
f 725//4358 681//4359 695//4360
f 703//4361 722//4362 678//4363
f 696//4364 713//4365 676//4366
f 671//4367 733//4368 731//4369
f 701//4370 702//4371 706//4372
f 644//4373 678//4374 697//4375
f 675//4376 740//4377 735//4378
f 689//4379 761//4380 726//4381
f 677//4382 678//4383 723//4384
f 618//4385 732//4386 714//4387
f 671//4388 731//4389 673//4390
f 706//4391 702//4392 688//4393
f 714//4394 732//4395 716//4396
f 729//4397 733//4398 725//4399
f 629//4400 676//4401 704//4402
f 712//4403 743//4404 717//4405
f 684//4406 754//4407 699//4408
f 709//4409 747//4410 692//4411
f 711//4412 734//4413 683//4414
f 664//4415 745//4416 699//4417
f 693//4418 728//4419 587//4420
f 708//4421 738//4422 710//4423
f 674//4424 720//4425 685//4426
f 708//4427 734//4428 763//4429
f 725//4430 695//4431 729//4432
f 594//4433 751//4434 707//4435
f 665//4436 673//4437 758//4438
f 594//4439 730//4440 751//4441
f 718//4442 736//4443 712//4444
f 675//4445 735//4446 686//4447
f 587//4448 728//4449 739//4450
f 724//4451 744//4452 653//4453
f 715//4454 750//4455 656//4456
f 718//4457 726//4458 736//4459
f 723//4460 719//4461 628//4462
f 728//4463 693//4464 679//4465
f 656//4466 750//4467 734//4468
f 699//4469 754//4470 632//4471
f 708//4472 763//4473 748//4474
f 676//4475 737//4476 704//4477
f 714//4478 680//4479 724//4480
f 713//4481 755//4482 676//4483
f 651//4484 653//4485 732//4486
f 720//4487 764//4488 689//4489
f 593//4490 727//4491 721//4492
f 698//4493 728//4494 700//4495
f 716//4496 724//4497 680//4498
f 708//4499 743//4500 741//4501
f 716//4502 732//4503 724//4504
f 683//4505 746//4506 715//4507
f 684//4508 739//4509 698//4510
f 734//4511 746//4512 683//4513
f 593//4514 754//4515 727//4516
f 684//4517 699//4518 739//4519
f 698//4520 739//4521 728//4522
f 708//4523 741//4524 738//4525
f 761//4526 736//4527 726//4528
f 674//4529 749//4530 720//4531
f 710//4532 738//4533 711//4534
f 736//4535 743//4536 712//4537
f 702//4538 753//4539 688//4540
f 743//4541 747//4542 717//4543
f 632//4544 754//4545 593//4546
f 742//4547 757//4548 692//4549
f 708//4550 748//4551 743//4552
f 702//4553 707//4554 772//4555
f 761//4556 689//4557 764//4558
f 684//4559 663//4560 754//4561
f 746//4562 734//4563 750//4564
f 707//4565 762//4566 772//4567
f 692//4568 747//4569 742//4570
f 749//4571 756//4572 720//4573
f 713//4574 686//4575 755//4576
f 653//4577 744//4578 732//4579
f 692//4580 757//4581 691//4582
f 699//4583 768//4584 739//4585
f 673//4586 731//4587 758//4588
f 695//4589 719//4590 729//4591
f 734//4592 711//4593 763//4594
f 756//4595 765//4596 759//4597
f 720//4598 756//4599 764//4600
f 676//4601 755//4602 737//4603
f 759//4604 764//4605 756//4606
f 730//4607 691//4608 760//4609
f 715//4610 763//4611 750//4612
f 667//4613 758//4614 652//4615
f 739//4616 768//4617 663//4618
f 732//4619 767//4620 724//4621
f 741//4622 743//4623 738//4624
f 729//4625 775//4626 733//4627
f 746//4628 771//4629 715//4630
f 702//4631 772//4632 753//4633
f 686//4634 735//4635 755//4636
f 711//4637 738//4638 763//4639
f 753//4640 770//4641 722//4642
f 749//4643 765//4644 756//4645
f 699//4646 745//4647 768//4648
f 724//4649 767//4650 744//4651
f 759//4652 765//4653 766//4654
f 733//4655 752//4656 731//4657
f 733//4658 775//4659 752//4660
f 748//4661 747//4662 743//4663
f 722//4664 770//4664 678//4665
f 678//4666 770//4667 723//4668
f 750//4669 763//4670 746//4671
f 743//4672 736//4673 738//4674
f 707//4675 751//4676 762//4677
f 715//4678 771//4679 763//4680
f 752//4681 758//4682 731//4683
f 730//4684 799//4685 751//4686
f 682//4687 652//4688 745//4689
f 729//4690 719//4691 775//4692
f 759//4693 766//4694 764//4695
f 704//4696 737//4697 674//4698
f 761//4699 769//4700 736//4701
f 764//4702 747//4703 761//4704
f 763//4705 771//4706 748//4707
f 752//4708 776//4709 774//4710
f 736//4711 769//4712 738//4713
f 762//4714 751//4715 799//4716
f 691//4717 757//4718 760//4719
f 765//4720 749//4721 773//4722
f 732//4723 777//4724 767//4725
f 744//4726 777//4727 732//4728
f 761//4729 747//4730 769//4731
f 719//4732 723//4733 778//4734
f 753//4735 803//4736 770//4737
f 652//4738 782//4739 745//4740
f 786//4741 780//4742 757//4743
f 730//4744 760//4745 799//4746
f 674//4747 737//4748 749//4749
f 742//4750 786//4751 757//4752
f 740//4753 792//4754 735//4755
f 752//4756 774//4757 758//4758
f 764//4759 780//4760 747//4761
f 652//4762 758//4763 782//4764
f 747//4765 781//4766 769//4767
f 747//4768 780//4769 742//4770
f 775//4771 776//4772 752//4773
f 765//4774 773//4775 766//4776
f 721//4777 814//4778 740//4779
f 721//4780 727//4781 814//4782
f 771//4783 746//4784 798//4785
f 747//4786 748//4787 781//4788
f 764//4789 784//4790 780//4791
f 764//4792 766//4793 773//4794
f 719//4795 778//4796 775//4797
f 779//4798 803//4799 753//4800
f 769//4801 797//4802 738//4803
f 767//4804 783//4805 744//4806
f 753//4807 772//4808 779//4809
f 745//4810 782//4811 768//4812
f 744//4813 783//4814 777//4815
f 777//4816 783//4817 789//4818
f 742//4819 780//4820 781//4821
f 749//4822 737//4823 773//4824
f 763//4825 738//4826 797//4827
f 771//4828 785//4829 748//4830
f 785//4831 742//4832 781//4833
f 785//4834 786//4835 742//4836
f 780//4837 786//4838 781//4839
f 796//4840 757//4841 780//4842
f 760//4843 757//4844 796//4845
f 788//4846 770//4847 803//4848
f 776//4849 807//4850 768//4851
f 735//4852 792//4853 755//4854
f 789//4855 790//4856 787//4857
f 785//4858 781//4859 748//4860
f 787//4861 777//4862 789//4863
f 789//4864 793//4865 790//4866
f 789//4867 794//4868 793//4869
f 791//4870 760//4871 795//4872
f 780//4873 784//4874 796//4875
f 787//4876 793//4877 794//4878
f 787//4879 794//4879 777//4879
f 777//4880 794//4881 790//4882
f 760//4883 796//4884 795//4885
f 770//4886 788//4887 723//4888
f 774//4889 782//4890 758//4891
f 767//4892 762//4893 783//4894
f 786//4895 797//4896 781//4897
f 768//4898 782//4899 776//4900
f 763//4901 797//4902 746//4903
f 791//4904 799//4905 760//4906
f 768//4907 807//4908 663//4909
f 787//4910 790//4911 791//4912
f 795//4913 801//4914 791//4915
f 781//4916 797//4917 769//4918
f 793//4919 800//4920 790//4921
f 777//4922 802//4923 767//4924
f 789//4925 783//4926 794//4927
f 771//4928 798//4929 785//4930
f 786//4931 785//4932 797//4933
f 787//4934 800//4935 793//4936
f 762//4937 799//4938 783//4939
f 746//4940 797//4941 798//4942
f 790//4943 802//4944 777//4945
f 794//4946 783//4947 790//4948
f 797//4949 785//4950 798//4951
f 773//4952 784//4953 764//4954
f 790//4955 799//4956 791//4957
f 796//4958 784//4959 809//4960
f 782//4961 774//4962 776//4963
f 790//4964 800//4965 802//4966
f 795//4967 805//4968 806//4969
f 791//4970 800//4971 787//4972
f 790//4973 783//4974 799//4975
f 762//4976 779//4977 772//4978
f 796//4979 805//4980 795//4981
f 776//4982 775//4983 807//4984
f 796//4985 809//4986 805//4987
f 740//4988 814//4989 792//4990
f 723//4991 788//4992 778//4993
f 806//4994 801//4995 795//4996
f 767//4997 802//4998 762//4999
f 762//5000 813//5001 779//5002
f 754//5003 804//5004 727//5005
f 663//5006 804//5007 754//5008
f 792//5009 737//5010 755//5011
f 805//5012 815//5013 806//5014
f 663//5015 807//5016 804//5017
f 784//5018 810//5019 809//5020
f 802//5021 813//5022 762//5023
f 809//5024 808//5025 805//5026
f 807//5027 775//5028 778//5029
f 773//5030 810//5031 784//5032
f 800//5033 791//5034 812//5035
f 800//5036 812//5037 811//5038
f 800//5039 811//5040 802//5041
f 779//5042 813//5043 803//5044
f 811//5045 814//5046 727//5047
f 805//5048 808//5049 815//5050
f 727//5051 804//5052 811//5053
f 791//5054 801//5055 812//5056
f 737//5057 810//5058 773//5059
f 803//5060 778//5061 788//5062
f 807//5063 817//5064 804//5065
f 809//5066 810//5067 816//5068
f 806//5069 815//5070 801//5071
f 809//5072 816//5073 808//5074
f 778//5075 817//5076 807//5077
f 813//5078 817//5079 803//5080
f 812//5081 814//5082 811//5083
f 803//5084 817//5085 778//5086
f 804//5087 802//5088 811//5089
f 792//5090 810//5091 737//5092
f 813//5093 802//5094 817//5095
f 801//5096 815//5097 812//5098
f 816//5099 792//5100 814//5101
f 804//5102 817//5103 802//5104
f 816//5105 810//5106 792//5107
f 812//5108 815//5109 816//5110
f 814//5111 812//5112 816//5113
f 816//5114 815//5115 808//5116
f 320//5117 327//5118 309//5119
f 364//5120 818//5120 365//5120
f 154//5121 155//5122 819//5123
f 345//5124 820//5125 346//5126
f 578//5127 638//5128 640//5129
