# Blender v2.91.2 OBJ File: 'Onion_lowpoly.blend'
# www.blender.org
mtllib Onion_lowpoly.mtl
o Mesh1.018
v 0.123570 0.120826 -0.170372
v 0.154706 0.132779 -0.122257
v 0.125745 0.198569 -0.153355
v 0.093620 0.164642 -0.199175
v 0.140798 0.074640 -0.136996
v 0.170061 0.098224 -0.072795
v 0.105206 0.049441 -0.179956
v 0.175684 0.161709 -0.064993
v 0.163103 0.205352 -0.083938
v 0.079162 0.112522 -0.217317
v 0.147624 0.038494 -0.093578
v 0.065139 0.045918 -0.219252
v 0.118105 0.009766 -0.132725
v 0.182388 0.145563 -0.028810
v 0.127995 0.271229 -0.103287
v 0.072663 0.224032 -0.198152
v 0.164145 0.056639 -0.052150
v 0.179059 0.099662 -0.009963
v 0.056810 -0.005057 -0.201326
v 0.026463 0.151646 -0.251611
v 0.157617 0.260475 -0.046107
v 0.021158 0.098695 -0.258021
v 0.086548 -0.020296 -0.155047
v 0.099924 0.271907 -0.141313
v 0.179618 0.212369 -0.003682
v 0.008280 0.059467 -0.260767
v 0.121458 -0.021562 -0.074507
v 0.159702 0.037541 -0.010460
v 0.007832 0.214666 -0.242364
v 0.184137 0.149070 0.034018
v 0.003944 0.004939 -0.247643
v 0.040906 -0.052706 -0.176801
v 0.050403 0.259512 -0.194877
v 0.016630 -0.028284 -0.219645
v -0.047723 0.050207 -0.283081
v 0.136990 0.303049 -0.038808
v 0.170790 0.088653 0.051893
v 0.156334 0.288566 0.021988
v 0.062097 -0.071030 -0.118758
v 0.106308 0.326971 -0.070169
v 0.177057 0.212007 0.054739
v -0.037445 0.118352 -0.282271
v 0.075853 0.318099 -0.125369
v 0.026607 0.317033 -0.165721
v -0.035866 0.177380 -0.270686
v 0.120915 -0.023954 0.004545
v -0.004406 0.288464 -0.205740
v 0.163504 0.260753 0.069208
v 0.138582 0.012444 0.041600
v 0.012934 -0.097834 -0.142918
v -0.016577 -0.081690 -0.194839
v 0.172091 0.160512 0.097252
v -0.064636 -0.018498 -0.265513
v 0.152902 0.054584 0.071585
v 0.121976 0.335473 -0.010229
v 0.082137 -0.069533 -0.053656
v 0.034941 0.352601 -0.119830
v -0.066080 0.248728 -0.250045
v 0.074550 0.366672 -0.054277
v -0.047827 -0.057686 -0.235778
v -0.089336 0.127794 -0.291943
v 0.022640 -0.115891 -0.074332
v -0.089371 0.083302 -0.294896
v 0.070366 -0.075824 0.008566
v 0.133523 0.319460 0.086678
v 0.155855 0.247267 0.120217
v -0.054094 -0.097455 -0.198925
v -0.112991 0.018534 -0.287893
v 0.121899 0.341438 0.043676
v 0.152897 0.184912 0.147944
v 0.156446 0.102850 0.111009
v -0.073405 0.303399 -0.216173
v 0.089186 -0.036039 0.066010
v -0.110829 -0.048833 -0.258022
v 0.115998 0.011605 0.096082
v -0.029860 0.376826 -0.127499
v 0.142298 0.125870 0.156164
v -0.039461 0.339468 -0.174943
v -0.032124 -0.126999 -0.137824
v 0.013181 0.388583 -0.080910
v -0.143716 0.065628 -0.296148
v 0.051761 0.392078 -0.026952
v -0.106912 0.176515 -0.283789
v -0.106664 -0.097240 -0.218966
v -0.156184 0.114108 -0.295080
v 0.081973 0.381025 0.020281
v -0.085002 -0.126086 -0.175499
v 0.130917 0.062153 0.130020
v 0.128508 0.305320 0.128004
v 0.095417 0.017479 0.137534
v -0.032681 -0.144723 -0.075167
v 0.091618 0.371630 0.070932
v 0.134348 0.233648 0.173560
v 0.003688 -0.127888 -0.018992
v 0.038079 0.409195 0.022586
v -0.172250 0.022652 -0.286804
v 0.025539 -0.100430 0.034582
v 0.111123 0.090323 0.183318
v 0.098358 0.335821 0.154544
v 0.045325 -0.059085 0.093114
v -0.085562 -0.155930 -0.115160
v 0.118093 0.282981 0.176368
v -0.201170 0.072715 -0.288774
v -0.013216 0.423061 -0.018970
v -0.053791 0.415818 -0.067971
v -0.161954 -0.072736 -0.243835
v -0.173543 0.326046 -0.219318
v 0.112407 0.194071 0.215598
v -0.182868 0.182496 -0.277031
v 0.028666 0.415224 0.083422
v -0.170853 0.346122 -0.207190
v -0.130277 -0.155971 -0.139474
v -0.165687 -0.107610 -0.213763
v -0.150318 0.224915 -0.266132
v -0.142268 -0.131388 -0.184718
v -0.193104 0.308609 -0.229941
v 0.073122 0.375461 0.125691
v -0.149949 0.363386 -0.185411
v -0.084514 -0.167257 -0.042340
v -0.232945 -0.010217 -0.264350
v 0.091106 0.250283 0.233038
v -0.164827 -0.029123 -0.269375
v -0.242343 0.037889 -0.274214
v -0.023438 0.436875 0.047611
v -0.242999 0.135292 -0.273825
v 0.059858 0.039394 0.199101
v -0.035567 -0.141443 0.012649
v -0.208099 0.278837 -0.240065
v 0.078369 0.311509 0.212936
v -0.171916 0.408790 -0.131367
v -0.188141 -0.144258 -0.166895
v 0.061727 0.101521 0.241684
v -0.215641 -0.070647 -0.237335
v 0.101784 0.138736 0.217705
v -0.004873 -0.136690 0.063356
v 0.012635 -0.113956 0.088840
v 0.062998 -0.013445 0.167121
v 0.077816 0.009754 0.181035
v 0.074579 -0.013980 0.183282
v -0.005107 -0.122161 0.063331
v 0.083171 0.021900 0.199417
v 0.005676 -0.134141 0.085071
v 0.082050 0.003051 0.204881
v 0.035231 0.393991 0.150632
v 0.010118 -0.099292 0.094084
v -0.032816 -0.125148 0.056135
v -0.102427 0.439827 -0.017375
v 0.073395 0.033356 0.195091
v 0.050427 -0.037955 0.167280
v 0.052921 0.001520 0.167660
v -0.156950 -0.175789 -0.087307
v -0.027189 -0.133361 0.052909
v 0.061981 0.025474 0.182915
v 0.064027 -0.027874 0.196134
v -0.033583 -0.148481 0.053603
v -0.010557 -0.107322 0.069967
v -0.013992 0.428351 0.120130
v -0.012386 -0.152487 0.081697
v -0.022722 -0.154500 0.064939
v 0.076805 0.035271 0.212723
v 0.007592 -0.125181 0.111230
v 0.014316 -0.097757 0.123353
v 0.067200 0.160850 0.258851
v -0.160003 0.388709 -0.161084
v -0.241610 -0.101969 -0.204337
v -0.256229 0.086849 -0.271753
v 0.072020 -0.001507 0.221053
v -0.186981 0.387610 -0.187258
v 0.077902 0.022550 0.224126
v -0.261582 0.274404 -0.232526
v 0.064374 0.044874 0.218374
v 0.034810 -0.052734 0.176269
v -0.044365 -0.162930 0.069366
v 0.004978 -0.061831 0.152777
v 0.066635 0.039784 0.230870
v -0.250671 0.325613 -0.235433
v -0.195128 0.373721 -0.206369
v 0.053036 -0.020797 0.223633
v -0.018929 -0.147610 0.113541
v -0.189326 -0.165380 -0.122992
v -0.055400 -0.135176 0.059605
v -0.002938 -0.054258 0.149786
v -0.203903 0.435778 -0.236342
v -0.201772 0.444595 -0.225362
v -0.211900 0.435035 -0.243624
v -0.209432 0.405762 -0.222888
v -0.227437 0.334180 -0.231645
v -0.211670 0.366062 -0.223290
v 0.040833 0.045933 0.221341
v -0.136557 -0.177566 -0.038155
v 0.024876 0.332022 0.251382
v -0.210448 0.455455 -0.221372
v -0.216341 0.445693 -0.230171
v 0.033700 0.366155 0.206939
v -0.189687 0.405346 -0.166298
v -0.202055 0.345632 -0.220283
v -0.224221 0.434170 -0.243570
v -0.051404 -0.164913 0.093037
v 0.004978 -0.071025 0.163928
v 0.058011 0.024985 0.247304
v -0.279552 0.654878 -0.352187
v -0.277757 0.672167 -0.345995
v -0.289601 0.686255 -0.364941
v -0.067124 -0.155496 0.068356
v -0.260917 0.595643 -0.312457
v -0.207241 0.428938 -0.198908
v -0.294900 0.699421 -0.362161
v -0.241591 0.305764 -0.232992
v -0.203332 0.403858 -0.204292
v -0.226503 0.402701 -0.238390
v -0.228214 0.465879 -0.212120
v -0.266348 0.636414 -0.312255
v -0.279972 0.672095 -0.327966
v -0.303057 0.697070 -0.367949
v -0.291397 0.641470 -0.352235
v 0.058329 0.207619 0.270532
v -0.231594 0.389820 -0.236254
v -0.066112 -0.165782 0.083235
v 0.045775 0.046046 0.239123
v -0.250358 0.353254 -0.244517
v -0.219753 0.468154 -0.202509
v -0.257479 0.583280 -0.280377
v -0.306895 0.698327 -0.356787
v -0.295795 0.691895 -0.340425
v 0.048553 0.037249 0.249781
v -0.268488 0.550912 -0.300668
v -0.080789 0.447363 0.037376
v 0.054812 0.286725 0.253554
v -0.243348 0.380298 -0.240750
v -0.270579 0.629516 -0.288607
v -0.210090 0.428107 -0.164552
v -0.251777 0.395338 -0.232002
v -0.126271 -0.167346 0.027858
v -0.016033 0.400900 0.197850
v -0.278663 -0.048358 -0.227190
v -0.203034 0.421349 -0.144193
v -0.262567 0.365917 -0.257080
v -0.306342 0.622773 -0.334202
v -0.189415 -0.182056 -0.048632
v -0.258891 0.415364 -0.206873
v -0.293595 0.536085 -0.292226
v -0.279543 0.504925 -0.275837
v -0.009681 -0.077108 0.183268
v -0.182071 0.425439 -0.080314
v 0.030311 0.240986 0.290063
v -0.163213 -0.178148 0.006623
v -0.265911 0.569942 -0.247250
v -0.302547 0.667098 -0.306470
v -0.085577 0.448131 0.109331
v -0.276646 0.379739 -0.277664
v -0.285963 0.659261 -0.301878
v -0.316194 0.636741 -0.320041
v -0.281649 0.391479 -0.273964
v -0.194478 0.421356 -0.109389
v -0.293494 0.372962 -0.287278
v -0.284749 0.622242 -0.266384
v -0.220530 0.448115 -0.171420
v -0.292990 0.384556 -0.285919
v -0.014730 0.037383 0.254278
v -0.314170 0.657961 -0.311281
v -0.284114 0.353172 -0.258061
v -0.235349 0.497575 -0.181504
v -0.250815 0.430695 -0.203032
v -0.286553 0.304691 -0.225599
v -0.253208 0.444071 -0.194753
v -0.289320 0.332638 -0.238399
v 0.008089 0.290862 0.288763
v -0.307121 -0.106878 -0.163053
v -0.162383 -0.148996 0.191741
v -0.233877 -0.175880 -0.073228
v -0.314952 0.382849 -0.287450
v -0.039311 -0.077490 0.210935
v -0.116973 -0.130258 0.112881
v -0.230518 0.497236 -0.175948
v -0.230731 0.450397 -0.154496
v -0.240558 0.503435 -0.159938
v -0.309910 0.545162 -0.277856
v -0.004288 0.038124 0.273615
v -0.138082 -0.150213 0.084154
v -0.302293 0.067826 -0.251049
v -0.004169 0.008646 0.279207
v 0.005310 0.142829 0.299210
v -0.274861 0.396242 -0.213557
v -0.256542 0.462691 -0.179382
v -0.310877 0.367467 -0.286120
v -0.309359 0.390589 -0.268610
v 0.024449 0.179420 0.294861
v -0.330913 0.373514 -0.282341
v -0.304681 0.627652 -0.271675
v -0.247762 -0.148438 -0.142543
v -0.316859 0.344315 -0.238811
v -0.288945 0.395382 -0.252177
v -0.133056 0.451786 0.050523
v -0.296347 0.418064 -0.265011
v -0.361351 0.465891 -0.369460
v -0.328950 0.460859 -0.312685
v -0.338517 0.547984 -0.340006
v -0.339035 0.595642 -0.337384
v -0.222321 0.430398 -0.124640
v -0.357815 0.436864 -0.353247
v -0.114013 -0.152277 0.108555
v -0.316253 -0.069854 -0.190385
v -0.316497 0.008499 -0.232936
v -0.311965 0.265611 -0.210292
v -0.257352 0.478776 -0.168932
v -0.292212 0.487846 -0.257359
v -0.322708 0.492002 -0.302527
v -0.110532 -0.161557 0.119257
v -0.003213 0.089006 0.281255
v -0.384452 0.467353 -0.393118
v -0.291388 0.563727 -0.228017
v -0.369251 0.613848 -0.385636
v -0.385861 0.661801 -0.399255
v -0.246637 0.505956 -0.165991
v -0.261271 0.560999 -0.213452
v -0.274858 0.602300 -0.231912
v -0.267553 0.608828 -0.216402
v -0.365426 0.491801 -0.354844
v -0.403475 0.499930 -0.412556
v -0.257466 0.543129 -0.193410
v -0.099771 0.438422 0.163226
v -0.221385 0.426760 -0.071728
v -0.383166 0.438191 -0.370688
v -0.275765 0.546188 -0.223075
v -0.376129 0.549011 -0.368382
v -0.358362 0.633696 -0.342356
v -0.392989 0.617309 -0.402419
v -0.263651 0.447263 -0.183141
v -0.310836 0.442611 -0.256631
v -0.310235 0.124363 -0.244777
v -0.269436 0.601867 -0.200501
v -0.045393 0.422509 0.173236
v -0.271482 0.409703 -0.197762
v -0.352533 0.492441 -0.319057
v -0.284207 0.653325 -0.226505
v -0.418332 0.488201 -0.423088
v -0.127695 -0.158518 0.152328
v -0.347189 -0.026571 -0.196332
v -0.292193 0.606734 -0.236989
v -0.314482 0.592679 -0.267304
v -0.403114 0.679860 -0.408644
v -0.412283 0.672969 -0.417865
v -0.293414 0.646820 -0.239531
v -0.406154 0.511466 -0.389556
v -0.403277 0.682773 -0.397289
v -0.280859 0.400788 -0.198883
v -0.350736 0.479394 -0.306183
v -0.312816 0.544802 -0.260628
v -0.229214 0.427677 -0.097870
v -0.257574 0.458417 -0.134260
v -0.270022 0.546864 -0.175596
v -0.428095 0.506303 -0.431637
v -0.362976 0.061623 -0.211062
v -0.283218 0.506165 -0.144244
v -0.298688 0.671859 -0.232492
v -0.405718 0.600069 -0.395929
v -0.288784 0.651086 -0.213585
v -0.334210 0.586755 -0.290732
v -0.422881 0.469223 -0.406347
v -0.382544 0.500681 -0.348583
v -0.308257 0.669143 -0.237347
v -0.040158 0.364484 0.262928
v -0.317298 0.319094 -0.213239
v -0.250865 0.438361 -0.119877
v -0.372370 0.506755 -0.331520
v -0.309189 0.631949 -0.237394
v -0.329320 0.387003 -0.269648
v -0.282571 0.609517 -0.191408
v -0.371356 0.640136 -0.333899
v -0.268450 0.484553 -0.159621
v -0.428591 0.513176 -0.423737
v -0.423982 0.678853 -0.416227
v -0.417729 0.687842 -0.415081
v -0.000118 0.026796 0.280329
v -0.359472 0.380797 -0.262566
v -0.436332 0.498332 -0.428858
v -0.317907 0.292014 -0.204281
v -0.348544 0.365027 -0.266586
v -0.302610 0.562069 -0.233673
v -0.356446 0.481940 -0.306123
v -0.399122 0.433217 -0.355971
v -0.333272 0.564845 -0.264393
v -0.288967 -0.158539 -0.082946
v -0.360969 0.153254 -0.204755
v -0.262783 0.507423 -0.145226
v -0.399687 0.548382 -0.360664
v -0.283131 0.454925 -0.186752
v -0.290224 0.467479 -0.197299
v -0.292305 0.515031 -0.209339
v -0.292050 0.484934 -0.201277
v -0.304720 0.524130 -0.223296
v -0.356112 0.482022 -0.304818
v -0.356164 0.482214 -0.304912
v -0.304502 0.671966 -0.224616
v -0.438583 0.510768 -0.426813
v -0.414322 0.596409 -0.387137
v -0.423452 0.687150 -0.405619
v -0.229813 -0.180185 -0.000916
v -0.302280 0.495933 -0.219459
v -0.406342 0.671646 -0.372785
v -0.289800 0.479321 -0.193441
v -0.292363 0.472768 -0.199789
v -0.292627 0.472411 -0.200509
v -0.292865 0.473014 -0.200695
v -0.291340 0.472114 -0.197697
v -0.300505 0.528452 -0.210317
v -0.320645 0.572109 -0.239942
v -0.080398 -0.078496 0.227945
v -0.263700 0.431459 -0.104083
v -0.298460 0.626085 -0.193415
v -0.023659 0.331267 0.282442
v -0.402796 0.498909 -0.346235
v -0.312655 0.564428 -0.213740
v -0.333624 0.545678 -0.248216
v -0.317249 0.645370 -0.226478
v -0.424459 0.508647 -0.387765
v -0.442958 0.502216 -0.416553
v -0.153138 -0.132862 0.209301
v -0.187771 -0.127500 0.146284
v -0.428517 0.667266 -0.403684
v -0.199539 -0.161847 0.080490
v -0.086112 0.417041 0.209500
v -0.350322 0.391127 -0.246997
v -0.296401 0.568717 -0.173859
v -0.363562 0.481000 -0.298436
v -0.312259 0.662049 -0.218921
v -0.340274 0.621918 -0.248357
v -0.321243 0.614013 -0.211335
v -0.189961 0.446334 0.052471
v -0.250964 0.425269 -0.083022
v -0.298704 0.401515 -0.188439
v -0.371938 0.615139 -0.305363
v -0.427578 0.463810 -0.379162
v -0.311569 -0.132221 -0.120764
v -0.285104 0.470793 -0.157161
v -0.349937 0.462053 -0.268750
v -0.351376 0.463173 -0.270211
v -0.349953 0.462291 -0.268819
v -0.371623 0.475925 -0.292733
v -0.287976 0.447424 -0.121476
v -0.347324 0.349669 -0.210152
v -0.349993 0.461239 -0.267527
v -0.349172 0.461605 -0.265838
v -0.401161 0.433149 -0.321408
v -0.300343 0.409769 -0.179784
v -0.289072 0.448374 -0.167205
v -0.290824 0.500703 -0.135001
v -0.159312 -0.163843 0.146313
v -0.040877 0.033394 0.310865
v -0.159494 0.448666 0.122516
v -0.361785 0.478072 -0.269003
v -0.068494 0.000481 0.315069
v -0.034325 0.248118 0.324415
v -0.337417 0.332866 -0.201520
v -0.311197 0.557310 -0.180561
v -0.346111 0.435264 -0.235842
v -0.364183 0.639583 -0.269599
v -0.400359 0.543134 -0.329301
v -0.421181 0.662398 -0.375513
v -0.076285 0.386341 0.253117
v -0.341828 0.398276 -0.174251
v -0.314097 0.397723 -0.189733
v -0.368480 0.371482 -0.249392
v -0.311874 0.615123 -0.193611
v -0.420695 0.599917 -0.363416
v -0.425812 0.491364 -0.365942
v -0.426659 0.644123 -0.379635
v -0.256843 0.421110 -0.055735
v -0.342581 0.619852 -0.226956
v -0.351721 0.549424 -0.253116
v -0.016384 0.197398 0.319879
v -0.064639 0.050842 0.309371
v -0.340092 0.397645 -0.211466
v -0.307057 0.443634 -0.162026
v -0.325577 0.453283 -0.204710
v -0.314222 0.542840 -0.196487
v -0.407832 0.662823 -0.286395
v -0.335175 0.305942 -0.188379
v -0.396433 0.463138 -0.302440
v -0.396882 0.674422 -0.285642
v -0.406784 0.625252 -0.334241
v -0.310266 0.414993 -0.174778
v -0.326126 0.472593 -0.146823
v -0.379990 0.674222 -0.271131
v -0.423199 0.470384 -0.353394
v -0.349852 0.514909 -0.239193
v -0.081554 -0.024339 0.299779
v -0.371472 0.388131 -0.239928
v -0.383203 0.532809 -0.286745
v -0.177617 -0.156974 0.144496
v -0.298976 0.423003 -0.103866
v -0.367829 0.515400 -0.225546
v -0.275975 -0.170685 -0.030066
v -0.386544 0.020055 -0.180612
v -0.315225 0.424296 -0.167212
v -0.361194 0.396023 -0.212630
v -0.351338 0.582326 -0.202129
v -0.373750 0.375483 -0.232621
v -0.371356 0.667055 -0.254399
v -0.060221 0.316599 0.308749
v -0.348217 0.280279 -0.172784
v -0.287907 0.415795 -0.082938
v -0.379435 0.538549 -0.216741
v -0.060035 0.102065 0.317146
v -0.371186 -0.062801 -0.146374
v -0.350611 0.450387 -0.144299
v -0.394391 0.612800 -0.220265
v -0.389761 0.107464 -0.185665
v -0.372569 0.383955 -0.218830
v -0.058136 0.156947 0.333339
v -0.376705 0.644508 -0.229127
v -0.102030 -0.071972 0.237963
v -0.321933 0.471887 -0.135048
v -0.265385 -0.163799 0.062230
v -0.350231 0.324523 -0.163219
v -0.388609 0.577278 -0.215119
v -0.414474 0.638549 -0.272388
v -0.424223 0.704832 -0.287721
v -0.356943 0.363135 -0.194081
v -0.296637 0.404997 -0.055407
v -0.322287 0.429674 -0.120171
v -0.350568 0.346019 -0.175378
v -0.355966 0.432684 -0.161316
v -0.358773 0.380464 -0.184877
v -0.116054 -0.064965 0.238934
v -0.402571 0.685800 -0.258881
v -0.157423 0.419343 0.216458
v -0.089324 0.049188 0.299297
v -0.329246 -0.151453 -0.023382
v -0.211042 0.441511 0.111155
v -0.113331 0.360367 0.290216
v -0.317782 0.399017 -0.088511
v -0.406551 0.667708 -0.245223
v -0.355220 0.374679 -0.165671
v -0.414874 0.702724 -0.278927
v -0.117649 -0.033142 0.290397
v -0.300355 -0.162935 0.014485
v -0.353704 0.395979 -0.157113
v -0.081298 0.022392 0.327252
v -0.065980 0.043142 0.319468
v -0.085184 0.284719 0.330709
v -0.326589 0.406212 -0.111983
v -0.160726 -0.098421 0.229908
v -0.365482 0.440553 -0.148290
v -0.121148 -0.050284 0.224440
v -0.185678 -0.144761 0.141419
v -0.094027 0.197625 0.349172
v -0.359842 0.312516 -0.138607
v -0.122598 -0.056039 0.233198
v -0.415203 -0.007245 -0.135891
v -0.356237 0.449565 -0.130070
v -0.415391 0.623384 -0.246646
v -0.424341 0.701120 -0.275155
v -0.353730 0.346712 -0.146039
v -0.186557 -0.154862 0.170085
v -0.351422 0.379335 -0.140328
v -0.430278 0.699101 -0.284587
v -0.351257 -0.130893 -0.065187
v -0.141444 0.397687 0.251011
v -0.353565 0.351905 -0.123636
v -0.340751 0.390150 -0.120425
v -0.337694 0.418282 -0.124880
v -0.353584 0.408243 -0.140446
v -0.363872 0.442704 -0.137989
v -0.246047 0.433529 0.059555
v -0.411167 0.157634 -0.152492
v -0.100491 -0.002361 0.319727
v -0.137974 0.069245 0.326358
v -0.409753 -0.059152 -0.096377
v -0.167855 -0.086139 0.222015
v -0.329579 0.381942 -0.061688
v -0.430547 0.685420 -0.270080
v -0.131292 -0.025170 0.275244
v -0.089827 0.046863 0.317057
v -0.248000 -0.146040 0.116459
v -0.185186 -0.142916 0.196220
v -0.177871 0.433951 0.178550
v -0.341758 0.374163 -0.097534
v -0.088703 0.032989 0.326612
v -0.367371 -0.100073 -0.104968
v -0.126846 0.003514 0.278878
v -0.201133 -0.133309 0.159563
v -0.107776 0.032703 0.321439
v -0.111218 0.037223 0.310559
v -0.257808 -0.114479 0.172393
v -0.199944 -0.145839 0.170178
v -0.125455 0.117090 0.343273
v -0.353464 0.356687 -0.073518
v -0.184485 -0.120004 0.214896
v -0.227844 0.427923 0.170285
v -0.169668 -0.081964 0.205539
v -0.303472 0.409153 0.098603
v -0.365297 0.332824 -0.097080
v -0.205973 -0.128986 0.175820
v -0.107632 0.017351 0.323888
v -0.116094 0.030279 0.295293
v -0.188735 -0.100582 0.209521
v -0.128494 0.010562 0.302314
v -0.198116 -0.109166 0.175465
v -0.123147 -0.009733 0.306761
v -0.169896 0.001609 0.287888
v -0.129269 0.244377 0.349638
v -0.141909 0.312638 0.327370
v -0.266118 0.424588 0.118635
v -0.198340 -0.132059 0.195601
v -0.221632 -0.065399 0.233548
v -0.201811 -0.115999 0.194113
v -0.421080 0.071945 -0.153748
v -0.182048 0.360449 0.292852
v -0.122113 0.007873 0.312844
v -0.330400 -0.137800 0.084754
v -0.391774 -0.101161 -0.053310
v -0.213450 0.389950 0.254673
v -0.440912 0.231402 -0.058440
v -0.218009 0.412088 0.214727
v -0.362714 -0.128088 0.053889
v -0.454729 0.052208 -0.101346
v -0.442021 0.176698 -0.101155
v -0.298414 -0.134212 0.122024
v -0.423164 0.295494 0.003952
v -0.387404 -0.114914 0.007734
v -0.162850 0.144501 0.354228
v -0.447589 -0.008208 -0.076914
v -0.224782 0.047021 0.323168
v -0.264483 -0.055227 0.243203
v -0.177801 0.189235 0.358589
v -0.445159 0.112220 -0.118421
v -0.235003 -0.004407 0.289254
v -0.187196 0.096456 0.343470
v -0.282064 0.409090 0.169442
v -0.437638 -0.048405 -0.046117
v -0.264020 0.395622 0.220090
v -0.180459 0.247179 0.350741
v -0.212516 0.299335 0.329728
v -0.320210 -0.109998 0.156046
v -0.420461 -0.081348 -0.006623
v -0.385983 0.344592 0.031563
v -0.325025 -0.073566 0.205913
v -0.346462 0.382290 0.072514
v -0.478039 0.042644 -0.040141
v -0.253972 0.334571 0.298054
v -0.475006 0.110162 -0.061352
v -0.340630 0.381727 0.136487
v -0.463322 -0.005816 -0.032664
v -0.402346 0.332881 0.090695
v -0.232422 0.234886 0.347868
v -0.451027 -0.042860 0.006378
v -0.322819 0.377340 0.196100
v -0.426154 -0.066721 0.086782
v -0.433264 -0.066276 0.045549
v -0.287508 0.360705 0.254662
v -0.230707 0.116851 0.348119
v -0.480443 0.159946 -0.020550
v -0.459427 0.231851 0.002121
v -0.303120 -0.021734 0.264957
v -0.305797 0.021219 0.295006
v -0.374705 -0.087469 0.144464
v -0.474435 0.002771 0.016203
v -0.394553 0.326703 0.162335
v -0.493296 0.104555 0.016295
v -0.459031 0.250102 0.061509
v -0.283061 0.087475 0.329866
v -0.462827 -0.020669 0.054397
v -0.413323 -0.051153 0.145362
v -0.356605 -0.017915 0.242705
v -0.295619 0.309811 0.295588
v -0.345890 0.330562 0.239422
v -0.257427 0.159764 0.349884
v -0.305221 0.207572 0.331698
v -0.483319 0.181229 0.033948
v -0.439282 0.278714 0.117953
v -0.274711 0.268547 0.326314
v -0.334341 0.264846 0.297947
v -0.487996 0.043810 0.052202
v -0.387548 -0.032633 0.203911
v -0.389577 0.298966 0.215353
v -0.320503 0.136667 0.327649
v -0.338229 0.070564 0.304279
v -0.424769 -0.014555 0.175359
v -0.458562 -0.003668 0.120405
v -0.358739 0.035091 0.276776
v -0.479598 0.191010 0.097048
v -0.489503 0.148493 0.076966
v -0.490502 0.107448 0.098023
v -0.407797 0.017611 0.227072
v -0.457266 0.237751 0.129814
v -0.378452 0.266122 0.257341
v -0.427853 0.265969 0.181161
v -0.369633 0.177404 0.298518
v -0.373105 0.229558 0.282085
v -0.451619 0.034287 0.175666
v -0.394576 0.067497 0.265699
v -0.364303 0.114794 0.300115
v -0.476648 0.049626 0.123894
v -0.407978 0.222342 0.247089
v -0.430085 0.222994 0.216010
v -0.473964 0.155426 0.152311
v -0.459707 0.200673 0.167200
v -0.438731 0.074998 0.219305
v -0.469974 0.096087 0.166679
v -0.414239 0.172197 0.257163
v -0.404886 0.122652 0.268555
v -0.445239 0.140245 0.218680
v -0.349940 0.462181 -0.268776
v -0.356134 0.482124 -0.304859
vn 0.8452 -0.0678 -0.5301
vn 0.8266 0.0977 -0.5543
vn 0.8247 0.0981 -0.5570
vn 0.8229 0.0957 -0.5601
vn 0.7669 0.1160 -0.6312
vn 0.7742 0.1191 -0.6216
vn 0.7714 0.1143 -0.6260
vn 0.7990 -0.1263 -0.5880
vn 0.7989 -0.1264 -0.5881
vn 0.9178 -0.1221 -0.3778
vn 0.9166 -0.1279 -0.3787
vn 0.9229 -0.1231 -0.3649
vn 0.7292 -0.0976 -0.6773
vn 0.7330 -0.1020 -0.6726
vn 0.7316 -0.0976 -0.6748
vn 0.7223 0.0399 -0.6904
vn 0.7242 0.0362 -0.6886
vn 0.7202 0.0353 -0.6929
vn 0.9189 0.0971 -0.3823
vn 0.9175 0.1020 -0.3845
vn 0.9173 0.0971 -0.3862
vn 0.8638 0.1534 -0.4799
vn 0.8629 0.1494 -0.4828
vn 0.8617 0.1554 -0.4830
vn 0.9450 -0.0439 -0.3240
vn 0.9466 -0.0498 -0.3185
vn 0.9467 -0.0415 -0.3195
vn 0.9149 -0.2277 -0.3334
vn 0.6958 -0.1284 -0.7066
vn 0.7002 -0.1270 -0.7025
vn 0.7043 -0.1276 -0.6983
vn 0.8104 -0.3188 -0.4916
vn 0.8108 -0.3192 -0.4906
vn 0.8158 -0.3127 -0.4865
vn 0.8543 -0.3255 -0.4053
vn 0.8528 -0.3298 -0.4049
vn 0.8543 -0.3219 -0.4082
vn 0.9310 -0.2605 -0.2557
vn 0.9299 -0.2550 -0.2650
vn 0.9315 -0.2620 -0.2523
vn 0.8270 0.3014 -0.4745
vn 0.9771 -0.0593 -0.2045
vn 0.9758 -0.0571 -0.2109
vn 0.9772 -0.0602 -0.2038
vn 0.6922 0.2559 -0.6748
vn 0.7501 -0.3909 -0.5334
vn 0.7522 -0.3874 -0.5330
vn 0.7482 -0.3917 -0.5355
vn 0.9696 -0.2046 -0.1342
vn 0.9811 -0.1322 -0.1411
vn 0.9822 -0.1281 -0.1377
vn 0.9819 -0.1329 -0.1353
vn 0.6763 -0.3348 -0.6561
vn 0.6698 -0.3450 -0.6575
vn 0.6732 -0.3389 -0.6572
vn 0.8581 0.3459 -0.3795
vn 0.8559 0.3459 -0.3844
vn 0.5855 -0.0995 -0.8045
vn 0.5874 -0.1004 -0.8030
vn 0.6037 0.1092 -0.7897
vn 0.5944 0.1105 -0.7966
vn 0.5983 0.1103 -0.7936
vn 0.7548 0.3562 -0.5508
vn 0.7078 -0.4004 -0.5820
vn 0.7040 -0.4006 -0.5865
vn 0.7066 -0.3980 -0.5851
vn 0.5670 0.0428 -0.8226
vn 0.8382 -0.4588 -0.2949
vn 0.8380 -0.4589 -0.2952
vn 0.8361 -0.4636 -0.2933
vn 0.9856 0.0938 -0.1407
vn 0.9851 0.0893 -0.1468
vn 0.9861 0.0952 -0.1363
vn 0.6963 0.3487 -0.6274
vn 0.7000 0.3518 -0.6215
vn 0.7004 0.3467 -0.6238
vn 0.9592 0.1809 -0.2174
vn 0.9605 0.1795 -0.2127
vn 0.9606 0.1819 -0.2099
vn 0.5745 0.2163 -0.7894
vn 0.9451 0.2463 -0.2147
vn 0.9459 0.2423 -0.2158
vn 0.9446 0.2423 -0.2216
vn 0.5615 -0.1305 -0.8171
vn 0.5659 -0.1241 -0.8151
vn 0.5647 -0.1283 -0.8153
vn 0.5351 -0.2374 -0.8108
vn 0.5350 -0.2374 -0.8108
vn 0.5350 -0.2375 -0.8108
vn 0.8849 -0.4369 -0.1615
vn 0.8886 -0.4287 -0.1631
vn 0.8832 -0.4396 -0.1636
vn 0.5100 0.2736 -0.8155
vn 0.5145 0.2659 -0.8152
vn 0.5211 0.2696 -0.8098
vn 0.9542 -0.2971 -0.0344
vn 0.7635 -0.5493 -0.3396
vn 0.7630 -0.5501 -0.3395
vn 0.7639 -0.5486 -0.3400
vn 0.9964 -0.0818 -0.0232
vn 0.9960 -0.0867 -0.0201
vn 0.9960 -0.0871 -0.0208
vn 0.9981 0.0530 -0.0307
vn 0.5738 -0.3569 -0.7371
vn 0.5740 -0.3523 -0.7392
vn 0.5794 -0.3507 -0.7357
vn 0.6394 -0.5114 -0.5741
vn 0.6351 -0.5071 -0.5826
vn 0.6345 -0.5086 -0.5819
vn 0.8859 -0.4502 -0.1122
vn 0.8853 -0.4512 -0.1123
vn 0.8859 -0.4513 -0.1071
vn 0.6058 0.4412 -0.6621
vn 0.6068 0.4432 -0.6598
vn 0.6073 0.4383 -0.6626
vn 0.5604 -0.4019 -0.7242
vn 0.5609 -0.3977 -0.7261
vn 0.5648 -0.3949 -0.7246
vn 0.4861 0.3790 -0.7875
vn 0.4842 0.3767 -0.7898
vn 0.4866 0.3783 -0.7875
vn 0.5835 -0.5163 -0.6269
vn 0.5841 -0.5170 -0.6257
vn 0.7343 -0.5954 -0.3262
vn 0.7354 -0.5892 -0.3346
vn 0.7371 -0.5904 -0.3288
vn 0.3793 -0.0581 -0.9235
vn 0.3780 -0.0594 -0.9239
vn 0.3769 -0.0580 -0.9244
vn 0.6872 0.5294 -0.4974
vn 0.6872 0.5296 -0.4972
vn 0.6872 0.5295 -0.4973
vn 0.9785 -0.1825 0.0956
vn 0.9763 -0.1909 0.1016
vn 0.9775 -0.1871 0.0974
vn 0.9380 0.3262 -0.1170
vn 0.9380 0.3262 -0.1171
vn 0.8221 0.4566 -0.3400
vn 0.9519 -0.2972 0.0743
vn 0.9939 0.0983 0.0500
vn 0.9943 0.0973 0.0442
vn 0.9943 0.0982 0.0405
vn 0.6912 0.5492 -0.4697
vn 0.6915 0.5478 -0.4709
vn 0.6918 0.5483 -0.4698
vn 0.4015 0.0703 -0.9132
vn 0.5657 0.5142 -0.6446
vn 0.5642 0.5193 -0.6419
vn 0.5658 0.5166 -0.6426
vn 0.3739 0.2419 -0.8954
vn 0.3735 0.2458 -0.8945
vn 0.3775 0.2406 -0.8942
vn 0.8750 0.4531 -0.1704
vn 0.8758 0.4546 -0.1621
vn 0.8776 0.4484 -0.1699
vn 0.3692 -0.0446 -0.9283
vn 0.5233 0.5475 -0.6530
vn 0.8421 -0.5393 -0.0038
vn 0.8446 -0.5353 -0.0104
vn 0.8469 -0.5317 -0.0120
vn 0.7748 0.5173 -0.3634
vn 0.7787 0.5150 -0.3585
vn 0.7718 0.5231 -0.3615
vn 0.6499 -0.6238 -0.4342
vn 0.6547 -0.6204 -0.4318
vn 0.3527 0.1710 -0.9200
vn 0.3592 0.1689 -0.9179
vn 0.3523 0.1712 -0.9201
vn 0.4001 0.4607 -0.7922
vn 0.4002 0.4600 -0.7926
vn 0.3996 0.4555 -0.7955
vn 0.3900 -0.2430 -0.8882
vn 0.3948 -0.2432 -0.8860
vn 0.3935 -0.2446 -0.8862
vn 0.8524 -0.5137 0.0982
vn 0.4306 0.5391 -0.7239
vn 0.4322 0.5389 -0.7230
vn 0.4295 0.5482 -0.7176
vn 0.4959 -0.6036 -0.6243
vn 0.4999 -0.5967 -0.6278
vn 0.4989 -0.6005 -0.6250
vn 0.9572 0.2889 0.0158
vn 0.9592 0.2815 0.0278
vn 0.9587 0.2834 0.0245
vn 0.9092 -0.3870 0.1535
vn 0.9111 -0.3836 0.1509
vn 0.9104 -0.3825 0.1578
vn 0.4160 -0.4884 -0.7670
vn 0.4149 -0.4885 -0.7676
vn 0.4190 -0.4867 -0.7666
vn 0.9670 0.2508 0.0444
vn 0.9658 0.2555 0.0439
vn 0.9668 0.2512 0.0460
vn 0.7068 -0.6767 -0.2062
vn 0.7152 -0.6702 -0.1983
vn 0.7104 -0.6751 -0.1991
vn 0.9820 0.0489 0.1825
vn 0.9835 0.0503 0.1735
vn 0.9823 0.0550 0.1792
vn 0.4349 -0.5933 -0.6773
vn 0.4427 -0.5866 -0.6782
vn 0.4325 -0.5921 -0.6800
vn 0.7547 0.5919 -0.2828
vn 0.7489 0.5985 -0.2845
vn 0.7521 0.5961 -0.2811
vn 0.7719 -0.6355 -0.0175
vn 0.7697 -0.6383 -0.0087
vn 0.7691 -0.6390 -0.0154
vn 0.3376 -0.3103 -0.8887
vn 0.3388 -0.3054 -0.8899
vn 0.3421 -0.3076 -0.8879
vn 0.8956 -0.4170 0.1553
vn 0.8965 -0.4137 0.1586
vn 0.8939 -0.4178 0.1625
vn 0.8430 0.5180 -0.1448
vn 0.5821 -0.6851 -0.4380
vn 0.5859 -0.6865 -0.4306
vn 0.2531 -0.0267 -0.9671
vn 0.6065 0.6616 -0.4409
vn 0.6065 0.6619 -0.4405
vn 0.4677 0.6577 -0.5905
vn 0.4668 0.6531 -0.5962
vn 0.4711 0.6537 -0.5922
vn 0.2673 0.3677 -0.8907
vn 0.2599 0.3657 -0.8937
vn 0.2628 0.3692 -0.8914
vn 0.5128 -0.6944 -0.5049
vn 0.5096 -0.6958 -0.5060
vn 0.5051 -0.6966 -0.5096
vn 0.3003 0.4635 -0.8337
vn 0.6938 0.6653 -0.2757
vn 0.3673 -0.4571 -0.8100
vn 0.3729 -0.4572 -0.8074
vn 0.1943 0.0643 -0.9788
vn 0.1963 0.0630 -0.9785
vn 0.1933 0.0622 -0.9792
vn 0.2122 0.1827 -0.9600
vn 0.9660 -0.1465 0.2128
vn 0.9652 -0.1559 0.2101
vn 0.9665 -0.1497 0.2083
vn 0.6452 -0.7427 -0.1791
vn 0.6425 -0.7446 -0.1810
vn 0.6430 -0.7434 -0.1841
vn 0.5653 -0.7732 -0.2873
vn 0.5615 -0.7769 -0.2847
vn 0.5620 -0.7784 -0.2796
vn 0.9564 0.2106 0.2021
vn 0.9585 0.2084 0.1945
vn 0.9579 0.2074 0.1985
vn 0.1755 0.2212 -0.9593
vn 0.1712 0.2286 -0.9583
vn 0.1782 0.2207 -0.9589
vn 0.1667 0.3385 -0.9261
vn 0.1661 0.3396 -0.9258
vn 0.1686 0.3315 -0.9283
vn 0.7145 -0.6964 0.0669
vn 0.7208 -0.6899 0.0671
vn 0.7143 -0.6971 0.0618
vn 0.9605 0.1121 0.2545
vn 0.9619 0.1084 0.2510
vn 0.9612 0.1145 0.2508
vn 0.8981 0.4248 0.1138
vn 0.8234 0.5643 -0.0599
vn 0.8261 0.5603 -0.0599
vn 0.8248 0.5622 -0.0610
vn 0.9426 -0.1903 0.2744
vn 0.3570 -0.6651 -0.6559
vn 0.3496 -0.6637 -0.6613
vn 0.3561 -0.6619 -0.6596
vn 0.2097 -0.2904 -0.9336
vn 0.2144 -0.2858 -0.9340
vn 0.2089 -0.2957 -0.9322
vn 0.5292 0.7081 -0.4675
vn 0.5289 0.7030 -0.4754
vn 0.5282 0.7025 -0.4769
vn 0.9052 -0.3101 0.2907
vn 0.9057 -0.3061 0.2933
vn 0.9037 -0.3084 0.2971
vn 0.4361 -0.7586 -0.4841
vn 0.4409 -0.7553 -0.4849
vn 0.4348 -0.7608 -0.4818
vn 0.7191 0.6907 -0.0756
vn 0.7239 0.6858 -0.0749
vn 0.7236 0.6855 -0.0811
vn 0.6635 0.7197 -0.2046
vn 0.6605 0.7216 -0.2074
vn 0.2424 0.5329 -0.8107
vn 0.2423 0.5344 -0.8098
vn 0.2383 0.5344 -0.8110
vn 0.9445 0.0901 0.3160
vn 0.9452 0.0942 0.3126
vn 0.9469 0.0916 0.3082
vn 0.8434 0.5350 0.0488
vn 0.8430 0.5360 0.0450
vn 0.8444 0.5341 0.0406
vn 0.7420 -0.6189 0.2574
vn 0.7387 -0.6222 0.2590
vn 0.7375 -0.6252 0.2554
vn 0.3391 0.7094 -0.6179
vn 0.3391 0.7127 -0.6140
vn 0.3408 0.7143 -0.6113
vn 0.6045 0.7686 -0.2093
vn 0.6075 0.7658 -0.2110
vn 0.6044 0.7692 -0.2076
vn 0.4659 0.7623 -0.4491
vn 0.4651 0.7646 -0.4462
vn 0.4672 0.7655 -0.4425
vn 0.7077 -0.6664 0.2349
vn 0.7068 -0.6679 0.2330
vn 0.7053 -0.6697 0.2325
vn 0.8923 0.3851 0.2354
vn 0.8923 0.3852 0.2354
vn 0.9156 -0.1605 0.3687
vn 0.2098 -0.5290 -0.8223
vn 0.2172 -0.5321 -0.8183
vn 0.2151 -0.5251 -0.8234
vn 0.1496 -0.1601 -0.9757
vn 0.1517 -0.1554 -0.9761
vn 0.1549 -0.1612 -0.9747
vn 0.3279 0.7089 -0.6245
vn 0.3251 0.7069 -0.6282
vn 0.3121 0.6414 -0.7009
vn 0.3172 0.6412 -0.6988
vn 0.3151 0.6398 -0.7010
vn 0.4977 -0.8188 -0.2860
vn 0.3799 -0.7719 -0.5098
vn 0.0635 -0.1303 -0.9894
vn 0.0614 -0.1310 -0.9895
vn 0.0679 -0.1269 -0.9896
vn 0.8011 -0.5030 0.3243
vn 0.7987 -0.5042 0.3283
vn 0.8037 -0.5028 0.3183
vn 0.6047 -0.7955 0.0394
vn 0.6068 -0.7941 0.0345
vn 0.6101 -0.7917 0.0318
vn 0.7385 -0.6030 0.3016
vn 0.7428 -0.5994 0.2982
vn 0.7396 -0.6039 0.2973
vn 0.3522 0.7771 -0.5215
vn 0.3570 0.7780 -0.5170
vn 0.0135 0.1723 -0.9850
vn 0.0113 0.1692 -0.9855
vn 0.0080 0.1695 -0.9855
vn 0.8552 -0.3641 0.3689
vn 0.1884 -0.6101 -0.7696
vn 0.1910 -0.6033 -0.7743
vn 0.1855 -0.6076 -0.7723
vn 0.0333 0.0662 -0.9973
vn 0.0364 0.0628 -0.9974
vn 0.0288 0.0654 -0.9974
vn 0.4519 0.8092 -0.3755
vn 0.4542 0.8079 -0.3754
vn 0.4502 0.8091 -0.3776
vn 0.8007 -0.4741 0.3662
vn 0.8033 -0.4764 0.3575
vn 0.7954 -0.4825 0.3668
vn 0.3472 -0.7892 -0.5065
vn 0.3533 -0.7862 -0.5070
vn 0.3494 -0.7905 -0.5030
vn 0.1149 -0.3996 -0.9095
vn 0.1143 -0.3952 -0.9114
vn 0.1198 -0.3984 -0.9094
vn 0.8414 -0.3269 0.4303
vn 0.7066 0.7076 -0.0047
vn 0.7034 0.7108 -0.0027
vn 0.7024 0.7118 -0.0006
vn 0.9103 -0.1107 0.3990
vn 0.9132 -0.1070 0.3931
vn 0.9113 -0.1083 0.3972
vn 0.2594 -0.6781 -0.6876
vn 0.2610 -0.6751 -0.6900
vn 0.0146 0.0258 -0.9996
vn 0.6067 -0.7944 0.0297
vn 0.6060 -0.7947 0.0352
vn 0.6029 -0.7968 0.0405
vn 0.8901 0.3871 0.2404
vn 0.8894 0.3900 0.2385
vn 0.8884 0.3903 0.2417
vn 0.0643 0.3976 -0.9153
vn 0.0643 0.3924 -0.9176
vn 0.0649 0.3915 -0.9179
vn 0.2471 0.6160 -0.7480
vn 0.2499 0.6149 -0.7480
vn 0.2411 0.6177 -0.7485
vn 0.6556 -0.6309 0.4149
vn 0.6580 -0.6307 0.4113
vn 0.4516 -0.8596 -0.2391
vn 0.4471 -0.8613 -0.2414
vn 0.7547 0.6440 0.1251
vn 0.9066 0.1348 0.3999
vn 0.9043 0.1342 0.4053
vn 0.9050 0.1370 0.4028
vn 0.2308 -0.7545 -0.6143
vn 0.2315 -0.7534 -0.6154
vn 0.2364 -0.7515 -0.6159
vn 0.0471 -0.3980 -0.9162
vn 0.0504 -0.4060 -0.9125
vn 0.0494 -0.4071 -0.9120
vn 0.5278 0.8382 -0.1370
vn 0.5292 0.8364 -0.1428
vn 0.5257 0.8390 -0.1405
vn 0.7954 0.5364 0.2822
vn 0.7935 0.5398 0.2810
vn -0.0371 -0.3185 -0.9472
vn -0.0382 -0.3232 -0.9455
vn -0.0399 -0.3239 -0.9452
vn 0.8099 -0.3375 0.4797
vn 0.8123 -0.3386 0.4748
vn 0.8057 -0.3409 0.4845
vn -0.0314 -0.1924 -0.9808
vn 0.5546 -0.8104 0.1891
vn 0.5546 -0.8108 0.1869
vn 0.5560 -0.8097 0.1879
vn 0.3745 0.8688 -0.3240
vn 0.5884 -0.7421 0.3212
vn 0.3812 -0.8912 -0.2458
vn 0.3715 -0.8939 -0.2508
vn 0.3734 -0.8926 -0.2526
vn -0.0031 -0.5055 -0.8628
vn 0.8640 0.3598 0.3522
vn 0.7379 -0.5126 0.4390
vn 0.7407 -0.5131 0.4336
vn 0.7400 -0.5072 0.4417
vn 0.2850 -0.8621 -0.4189
vn 0.2836 -0.8604 -0.4235
vn 0.2863 -0.8599 -0.4226
vn 0.1472 0.5354 -0.8317
vn 0.1487 0.5381 -0.8296
vn 0.1463 0.5310 -0.8346
vn 0.7372 0.6358 0.2287
vn 0.0689 -0.6237 -0.7786
vn 0.0747 -0.6223 -0.7792
vn 0.0784 -0.6257 -0.7761
vn 0.7307 0.6503 0.2081
vn 0.7328 0.6499 0.2015
vn 0.7291 0.6547 0.1994
vn 0.4591 -0.8876 -0.0374
vn 0.4653 -0.8845 -0.0337
vn 0.4623 -0.8861 -0.0338
vn 0.1692 -0.7803 -0.6021
vn 0.8601 0.0611 0.5065
vn 0.2826 0.8868 -0.3657
vn 0.2921 0.8841 -0.3648
vn 0.2882 0.8811 -0.3749
vn 0.6112 -0.6620 0.4338
vn 0.6165 -0.6525 0.4407
vn 0.6117 -0.6547 0.4441
vn 0.7106 -0.4778 0.5164
vn 0.7142 -0.4744 0.5146
vn 0.7093 -0.4748 0.5211
vn 0.0487 -0.6553 -0.7538
vn -0.1287 -0.0113 -0.9916
vn 0.8678 0.2643 0.4208
vn 0.8695 0.2623 0.4185
vn 0.8682 0.2632 0.4208
vn 0.2595 0.8553 -0.4485
vn 0.2632 0.8483 -0.4594
vn 0.2581 0.8550 -0.4498
vn 0.2333 -0.8705 -0.4334
vn 0.2342 -0.8723 -0.4293
vn 0.2366 -0.8724 -0.4277
vn -0.0688 0.2329 -0.9701
vn -0.0682 0.2335 -0.9700
vn -0.0698 0.2267 -0.9715
vn 0.5745 0.8174 0.0422
vn 0.5745 0.8175 0.0399
vn 0.2099 0.6476 -0.7324
vn 0.2138 0.6415 -0.7367
vn 0.2037 0.6445 -0.7370
vn 0.5401 0.8416 0.0002
vn 0.5443 0.8389 0.0010
vn 0.5342 0.8454 0.0005
vn -0.1393 -0.1231 -0.9826
vn -0.1448 -0.1165 -0.9826
vn -0.1409 -0.1201 -0.9827
vn 0.5916 -0.7417 0.3161
vn 0.5939 -0.7353 0.3265
vn 0.5935 -0.7370 0.3234
vn 0.8505 -0.0803 0.5199
vn 0.8491 -0.0853 0.5214
vn 0.8501 -0.0800 0.5206
vn 0.8016 0.4581 0.3842
vn 0.8020 0.4587 0.3826
vn 0.8005 0.4595 0.3847
vn -0.0681 0.2952 -0.9530
vn -0.0618 0.2926 -0.9542
vn -0.0594 0.2949 -0.9537
vn 0.0530 0.4172 -0.9073
vn 0.0573 0.4169 -0.9071
vn 0.0531 0.4246 -0.9038
vn 0.2187 0.6516 -0.7264
vn 0.2239 0.6510 -0.7253
vn 0.2207 0.6484 -0.7286
vn 0.7828 -0.2529 0.5686
vn 0.7846 -0.2482 0.5682
vn 0.7817 -0.2524 0.5703
vn 0.0671 -0.7470 -0.6614
vn 0.0721 -0.7427 -0.6657
vn 0.0765 -0.7453 -0.6623
vn 0.4797 -0.8463 0.2316
vn 0.4817 -0.8439 0.2361
vn 0.4788 -0.8465 0.2330
vn 0.4004 -0.9162 0.0145
vn 0.4063 -0.9136 0.0151
vn 0.4093 -0.9123 0.0110
vn 0.1597 -0.8490 -0.5036
vn 0.1632 -0.8466 -0.5067
vn 0.1561 -0.8504 -0.5025
vn 0.4044 0.8918 -0.2029
vn 0.4020 0.8940 -0.1979
vn 0.4032 0.8947 -0.1921
vn 0.1382 0.4979 -0.8561
vn 0.1401 0.5019 -0.8535
vn 0.1403 0.4942 -0.8579
vn 0.3116 -0.9378 -0.1534
vn 0.3151 -0.9369 -0.1518
vn 0.3125 -0.9379 -0.1504
vn 0.2178 0.7408 -0.6355
vn 0.2175 0.7470 -0.6282
vn 0.2230 0.7437 -0.6303
vn 0.5089 -0.7769 0.3707
vn 0.5130 -0.7732 0.3727
vn 0.5186 -0.7704 0.3709
vn 0.8132 -0.1299 0.5673
vn 0.8172 -0.1333 0.5607
vn 0.8138 -0.1360 0.5649
vn 0.8162 0.2389 0.5260
vn 0.8162 0.2388 0.5260
vn -0.2082 -0.1598 -0.9649
vn -0.2078 -0.1580 -0.9653
vn -0.2066 -0.1630 -0.9648
vn -0.1976 0.1820 -0.9632
vn -0.1924 0.1795 -0.9648
vn -0.1984 0.1798 -0.9635
vn 0.5817 0.8001 0.1462
vn 0.5843 0.8000 0.1365
vn 0.5824 0.8007 0.1407
vn -0.1587 -0.3372 -0.9280
vn -0.1616 -0.3356 -0.9280
vn -0.1566 -0.3371 -0.9283
vn 0.8197 0.1392 0.5556
vn 0.8190 0.1376 0.5570
vn 0.8198 0.1354 0.5564
vn 0.4004 0.9159 -0.0288
vn 0.3543 0.9254 -0.1343
vn 0.3616 0.9223 -0.1366
vn 0.3599 0.9230 -0.1362
vn 0.2316 0.7168 -0.6577
vn 0.2281 0.7227 -0.6524
vn 0.2338 0.7204 -0.6529
vn 0.0742 0.4557 -0.8871
vn 0.0748 0.4551 -0.8873
vn 0.0760 0.4519 -0.8888
vn -0.2215 -0.2372 -0.9459
vn -0.2208 0.0905 -0.9711
vn -0.2118 0.0861 -0.9735
vn -0.2167 0.0874 -0.9723
vn 0.6667 -0.4922 0.5597
vn 0.6664 -0.4961 0.5566
vn 0.6643 -0.4952 0.5599
vn 0.4548 -0.8383 0.3006
vn 0.4546 -0.8387 0.2999
vn 0.4540 -0.8387 0.3009
vn 0.7563 0.4703 0.4547
vn 0.3805 -0.9206 0.0880
vn 0.3868 -0.9181 0.0866
vn 0.3848 -0.9182 0.0935
vn -0.1230 -0.5075 -0.8528
vn -0.1209 -0.5128 -0.8500
vn -0.1269 -0.5112 -0.8501
vn 0.0549 -0.8712 -0.4879
vn -0.0864 0.3539 -0.9313
vn -0.0849 0.3600 -0.9291
vn -0.0859 0.3536 -0.9314
vn -0.1168 -0.6414 -0.7583
vn -0.1202 -0.6426 -0.7567
vn -0.1206 -0.6419 -0.7572
vn -0.1901 -0.4467 -0.8742
vn -0.1848 -0.4446 -0.8765
vn -0.1905 -0.4479 -0.8736
vn -0.1154 0.3294 -0.9371
vn -0.1123 0.3250 -0.9390
vn -0.1206 0.3312 -0.9358
vn 0.2040 0.8471 -0.4907
vn 0.2095 0.8447 -0.4925
vn 0.2063 0.8441 -0.4949
vn 0.6912 -0.3236 0.6461
vn 0.6899 -0.3260 0.6464
vn 0.6888 -0.3291 0.6460
vn 0.5369 0.8165 0.2123
vn 0.5391 0.8172 0.2038
vn 0.5361 0.8186 0.2062
vn 0.2055 0.8542 -0.4775
vn 0.2054 0.8542 -0.4776
vn 0.2056 0.8543 -0.4774
vn 0.6381 -0.4483 0.6260
vn 0.6343 -0.4525 0.6269
vn 0.6394 -0.4477 0.6251
vn -0.1581 0.3174 -0.9350
vn -0.1607 0.3117 -0.9365
vn -0.1602 0.3123 -0.9364
vn 0.4887 -0.8267 0.2789
vn 0.4903 -0.8272 0.2746
vn 0.4874 -0.8269 0.2806
vn 0.6231 -0.5555 0.5506
vn 0.6269 -0.5496 0.5521
vn 0.6188 -0.5492 0.5616
vn 0.5795 -0.6616 0.4760
vn 0.5898 -0.6558 0.4713
vn 0.5893 -0.6536 0.4749
vn 0.6045 -0.5821 0.5438
vn 0.6053 -0.5823 0.5428
vn 0.6007 -0.5770 0.5533
vn -0.0224 -0.7823 -0.6225
vn 0.1677 0.9432 -0.2868
vn 0.1651 0.9456 -0.2802
vn 0.1723 0.9438 -0.2822
vn 0.7574 0.3405 0.5571
vn 0.6277 0.6780 0.3826
vn 0.6251 0.6796 0.3839
vn 0.6298 0.6753 0.3838
vn 0.4650 -0.7598 0.4544
vn 0.4637 -0.7576 0.4594
vn 0.4594 -0.7584 0.4624
vn 0.3389 0.4528 -0.8247
vn -0.1406 -0.6604 -0.7376
vn -0.1367 -0.6643 -0.7348
vn 0.2089 -0.9659 -0.1532
vn 0.3759 0.5159 -0.7698
vn 0.7294 -0.1143 0.6745
vn -0.1441 -0.7474 -0.6486
vn -0.1362 -0.7477 -0.6499
vn -0.1381 -0.7506 -0.6462
vn 0.5908 0.7147 0.3745
vn 0.5975 0.7134 0.3662
vn 0.5931 0.7152 0.3697
vn 0.1469 -0.9483 -0.2815
vn 0.1538 -0.9472 -0.2812
vn 0.6573 0.5889 0.4702
vn 0.6569 0.5873 0.4729
vn -0.3048 -0.0303 -0.9519
vn -0.3027 -0.0362 -0.9524
vn -0.3041 -0.0384 -0.9519
vn -0.2864 0.0373 -0.9574
vn -0.2424 0.2520 -0.9369
vn -0.2398 0.2415 -0.9403
vn -0.2432 0.2465 -0.9381
vn 0.4833 0.6986 -0.5275
vn 0.3503 0.9344 0.0649
vn 0.3513 0.9340 0.0657
vn 0.3405 0.9384 0.0598
vn 0.5756 0.5250 -0.6269
vn 0.2063 0.9639 -0.1683
vn 0.1858 0.3420 -0.9211
vn 0.1921 0.3523 -0.9160
vn 0.1900 0.3465 -0.9186
vn 0.3591 0.3417 -0.8685
vn 0.3604 0.3466 -0.8660
vn 0.3626 0.3373 -0.8688
vn 0.0227 -0.9011 -0.4329
vn 0.5221 -0.6846 0.5087
vn 0.5207 -0.6913 0.5010
vn 0.5272 -0.6874 0.4995
vn 0.1829 0.9626 -0.1999
vn 0.1824 0.9612 -0.2069
vn 0.1721 0.9646 -0.1999
vn 0.0447 0.3029 -0.9520
vn 0.0422 0.3026 -0.9522
vn 0.0390 0.3024 -0.9524
vn 0.4894 0.6311 -0.6018
vn 0.4253 -0.8560 0.2939
vn 0.4289 -0.8548 0.2923
vn 0.4248 -0.8542 0.2999
vn 0.2578 0.3366 -0.9057
vn 0.2575 0.3302 -0.9081
vn 0.2512 0.3287 -0.9104
vn 0.6537 0.2003 -0.7297
vn 0.6345 -0.4104 -0.6550
vn 0.0600 -0.9441 -0.3240
vn 0.0586 -0.9428 -0.3282
vn 0.0542 -0.9420 -0.3313
vn 0.5005 0.6214 -0.6028
vn 0.5003 0.6185 -0.6059
vn 0.4988 0.6247 -0.6008
vn -0.2290 0.7246 -0.6500
vn 0.4839 0.6979 -0.5280
vn 0.9801 -0.1967 -0.0282
vn 0.9795 -0.1975 -0.0387
vn 0.9801 -0.1955 -0.0332
vn 0.6545 -0.3995 -0.6419
vn 0.6528 -0.3965 -0.6455
vn 0.6570 -0.4006 -0.6386
vn 0.2036 -0.1228 -0.9713
vn -0.0571 0.7733 -0.6315
vn 0.9781 -0.1873 0.0909
vn 0.9779 -0.1883 0.0911
vn 0.9781 -0.1875 0.0900
vn 0.2943 -0.9384 0.1808
vn 0.2975 -0.9384 0.1757
vn 0.3025 -0.9366 0.1767
vn 0.1892 -0.9751 -0.1157
vn 0.1844 -0.9765 -0.1118
vn 0.1794 -0.9770 -0.1157
vn 0.8078 0.2565 -0.5308
vn 0.8070 0.2595 -0.5305
vn 0.8096 0.2546 -0.5290
vn 0.6436 0.2256 -0.7313
vn 0.9475 -0.0502 -0.3159
vn 0.9470 -0.0532 -0.3168
vn 0.9475 -0.0471 -0.3164
vn 0.6033 -0.4609 0.6509
vn 0.6028 -0.4598 0.6521
vn 0.5979 -0.4611 0.6557
vn 0.3045 -0.9188 0.2512
vn 0.7185 0.0572 0.6932
vn 0.7168 0.0574 0.6949
vn 0.7187 0.0548 0.6931
vn 0.1248 0.9372 -0.3258
vn 0.1206 0.9351 -0.3333
vn 0.1248 0.9361 -0.3288
vn 0.6750 -0.0303 -0.7372
vn 0.6750 -0.0302 -0.7372
vn 0.6602 -0.2670 0.7021
vn 0.6650 -0.2640 0.6987
vn 0.6639 -0.2637 0.6998
vn 0.4591 0.8589 0.2268
vn 0.4632 0.8576 0.2235
vn 0.4602 0.8592 0.2236
vn 0.0679 -0.0911 -0.9935
vn 0.0678 -0.0895 -0.9937
vn -0.1455 0.0781 -0.9863
vn 0.0009 0.6685 -0.7437
vn 0.0071 0.6696 -0.7427
vn 0.0041 0.6681 -0.7441
vn 0.6114 0.5608 0.5583
vn 0.6176 0.5618 0.5504
vn 0.6138 0.5625 0.5539
vn 0.0136 -0.1657 -0.9861
vn 0.0002 -0.1651 -0.9863
vn 0.0071 -0.1629 -0.9866
vn 0.7099 0.2445 -0.6604
vn 0.7177 0.2389 -0.6541
vn 0.7134 0.2388 -0.6588
vn 0.2838 -0.2649 -0.9216
vn 0.4450 -0.0261 -0.8952
vn 0.4472 -0.0218 -0.8942
vn 0.4426 -0.0257 -0.8963
vn 0.9354 0.2097 -0.2846
vn 0.9363 0.2046 -0.2854
vn 0.9357 0.2071 -0.2857
vn 0.7722 0.6337 -0.0458
vn 0.7019 0.3497 0.6205
vn 0.8786 0.3141 0.3596
vn 0.8765 0.3157 0.3634
vn 0.8761 0.3132 0.3665
vn 0.7068 -0.0423 0.7062
vn -0.3872 -0.0636 -0.9198
vn -0.3890 -0.0623 -0.9191
vn 0.5030 0.7979 -0.3323
vn 0.5047 0.7955 -0.3352
vn 0.5012 0.7973 -0.3362
vn 0.8131 0.4919 -0.3113
vn 0.4399 -0.0820 -0.8943
vn 0.4359 -0.0838 -0.8961
vn 0.4370 -0.0795 -0.8960
vn 0.3230 0.0481 -0.9452
vn 0.3229 0.0483 -0.9452
vn 0.3229 0.0482 -0.9452
vn 0.9871 0.1356 0.0851
vn -0.0534 0.4795 -0.8759
vn -0.0486 0.4819 -0.8749
vn -0.0512 0.4752 -0.8784
vn -0.2245 -0.0724 -0.9718
vn 0.2717 0.8551 -0.4416
vn 0.2733 0.8559 -0.4391
vn 0.2739 0.8537 -0.4430
vn 0.4745 0.7839 0.4004
vn 0.4803 0.7804 0.4003
vn 0.4761 0.7852 0.3961
vn -0.1959 -0.1439 -0.9700
vn -0.2026 -0.1447 -0.9685
vn -0.2061 -0.1505 -0.9669
vn 0.6666 0.1335 0.7334
vn 0.6674 0.1314 0.7330
vn 0.6691 0.1307 0.7316
vn -0.1916 -0.7754 -0.6017
vn -0.1887 -0.7777 -0.5996
vn -0.1941 -0.7770 -0.5988
vn 0.4647 0.8263 -0.3181
vn 0.4670 0.8262 -0.3150
vn 0.4663 0.8245 -0.3205
vn 0.7044 0.6528 -0.2786
vn 0.6777 -0.0708 -0.7320
vn 0.6771 -0.0736 -0.7322
vn 0.6751 -0.0740 -0.7340
vn -0.2972 -0.4593 -0.8371
vn 0.4049 0.8588 0.3140
vn 0.2557 -0.3072 -0.9167
vn 0.2657 -0.3083 -0.9134
vn 0.2615 -0.3040 -0.9161
vn -0.6474 0.7230 -0.2411
vn -0.6463 0.7245 -0.2396
vn -0.6424 0.7267 -0.2435
vn 0.2015 -0.9736 0.1073
vn -0.3898 -0.2575 -0.8842
vn -0.3862 -0.2615 -0.8845
vn -0.3955 -0.2568 -0.8818
vn 0.0998 -0.9920 -0.0777
vn -0.3234 -0.5456 -0.7732
vn -0.3185 -0.5491 -0.7727
vn -0.3187 -0.5495 -0.7724
vn 0.0618 0.9521 -0.2993
vn 0.0634 0.9525 -0.2980
vn 0.0686 0.9525 -0.2966
vn 0.7417 0.6699 -0.0330
vn 0.7447 0.6664 -0.0361
vn 0.7428 0.6686 -0.0355
vn -0.4375 0.0782 -0.8958
vn -0.4307 0.0843 -0.8986
vn -0.4356 0.0806 -0.8965
vn 0.6274 0.4516 0.6343
vn 0.6292 0.4480 0.6351
vn 0.6288 0.4461 0.6369
vn 0.2542 0.9638 0.0802
vn 0.7243 -0.2301 -0.6499
vn 0.7219 -0.2342 -0.6511
vn 0.7251 -0.2252 -0.6507
vn 0.6548 0.4669 -0.5943
vn 0.6549 0.4641 -0.5964
vn 0.6533 0.4664 -0.5964
vn 0.2117 -0.9693 0.1247
vn -0.3974 -0.3501 -0.8482
vn 0.8713 0.4835 0.0839
vn 0.8714 0.4837 0.0821
vn 0.8705 0.4848 0.0850
vn 0.9230 0.3154 0.2206
vn 0.9221 0.3115 0.2296
vn 0.9211 0.3176 0.2251
vn -0.7612 0.3847 -0.5221
vn -0.7603 0.3783 -0.5280
vn -0.7653 0.3799 -0.5196
vn 0.5705 -0.4429 -0.6917
vn 0.5721 -0.4441 -0.6895
vn 0.5706 -0.4408 -0.6929
vn 0.6074 0.6254 -0.4899
vn 0.6412 0.2371 0.7298
vn 0.6507 0.2331 0.7227
vn 0.6453 0.2334 0.7274
vn 0.3253 -0.4880 -0.8100
vn 0.3259 -0.4887 -0.8093
vn 0.3251 -0.4882 -0.8099
vn 0.4686 0.0827 -0.8795
vn 0.5047 0.4480 -0.7380
vn -0.1639 0.0895 -0.9824
vn -0.1638 0.0894 -0.9824
vn -0.6607 0.4904 -0.5683
vn 0.9643 0.2108 0.1600
vn -0.6813 0.2230 -0.6972
vn -0.6802 0.2237 -0.6980
vn -0.6831 0.2171 -0.6973
vn 0.5864 0.6537 -0.4783
vn 0.5913 0.6522 -0.4744
vn 0.5972 0.6493 -0.4709
vn -0.4300 -0.1727 -0.8862
vn -0.4234 -0.1645 -0.8909
vn -0.4225 -0.1675 -0.8908
vn 0.1771 0.9842 -0.0024
vn 0.1796 0.9837 0.0015
vn 0.1756 0.9845 0.0004
vn -0.1549 -0.1901 -0.9695
vn 0.2671 -0.7010 -0.6613
vn 0.2658 -0.6997 -0.6632
vn 0.2691 -0.6995 -0.6620
vn 0.4214 -0.6819 -0.5979
vn 0.4284 -0.6783 -0.5970
vn 0.4336 -0.6803 -0.5909
vn 0.4762 0.6640 -0.5764
vn 0.0458 0.9873 -0.1522
vn 0.0453 0.9865 -0.1571
vn 0.0390 0.9876 -0.1522
vn -0.1143 -0.8940 -0.4332
vn -0.1186 -0.8934 -0.4332
vn -0.1174 -0.8924 -0.4358
vn 0.0167 -0.3126 -0.9497
vn 0.0161 -0.3123 -0.9498
vn 0.0160 -0.3131 -0.9496
vn 0.6227 -0.0817 0.7782
vn 0.6221 -0.0817 0.7786
vn 0.6227 -0.0764 0.7787
vn 0.2767 0.9296 -0.2433
vn 0.2817 0.9274 -0.2461
vn 0.2752 0.9272 -0.2540
vn 0.2064 -0.7781 -0.5933
vn -0.3140 -0.7451 -0.5884
vn -0.3186 -0.7391 -0.5935
vn -0.3160 -0.7451 -0.5873
vn 0.5930 0.2838 0.7535
vn 0.5932 0.2834 0.7535
vn 0.5950 0.2846 0.7517
vn 0.2735 -0.8733 0.4033
vn 0.2785 -0.8748 0.3964
vn 0.2824 -0.8704 0.4033
vn 0.3743 0.9167 -0.1399
vn -0.6711 0.3017 -0.6772
vn -0.6692 0.2975 -0.6809
vn -0.6643 0.3036 -0.6831
vn 0.0603 0.1136 -0.9917
vn -0.4023 0.0449 -0.9144
vn -0.4001 0.0415 -0.9155
vn 0.7572 0.5274 0.3853
vn 0.8626 0.2175 0.4568
vn -0.0351 0.8789 -0.4757
vn -0.0060 -0.4169 -0.9089
vn 0.3858 0.9215 -0.0445
vn 0.3889 0.9203 -0.0423
vn 0.5238 -0.4578 0.7184
vn 0.5251 -0.4595 0.7163
vn 0.2631 -0.9076 0.3271
vn 0.2665 -0.9060 0.3290
vn 0.2629 -0.9064 0.3308
vn 0.0743 -0.9968 0.0286
vn 0.0728 -0.9969 0.0298
vn 0.0842 -0.9958 0.0349
vn -0.0276 -0.9823 -0.1852
vn -0.0330 -0.9818 -0.1868
vn -0.0319 -0.9812 -0.1901
vn -0.0444 -0.9696 -0.2407
vn -0.0434 -0.9690 -0.2433
vn -0.0390 -0.9696 -0.2414
vn -0.7228 0.3554 -0.5927
vn -0.7223 0.3553 -0.5934
vn -0.7259 0.3556 -0.5887
vn 0.0844 0.9853 -0.1482
vn 0.0831 0.9856 -0.1471
vn 0.0820 0.9854 -0.1490
vn -0.6905 0.4188 -0.5897
vn -0.6920 0.4149 -0.5908
vn -0.6922 0.4150 -0.5905
vn -0.0361 -0.0956 -0.9948
vn 0.5780 -0.2804 0.7663
vn 0.5741 -0.2795 0.7696
vn 0.5799 -0.2796 0.7652
vn 0.5667 0.4124 0.7132
vn 0.5714 0.4117 0.7099
vn 0.5745 0.4081 0.7095
vn -0.4162 0.2072 -0.8854
vn 0.5092 0.8540 0.1070
vn -0.2726 0.8819 -0.3846
vn -0.2726 0.8819 -0.3845
vn -0.0674 0.9770 -0.2025
vn -0.0691 0.9764 -0.2047
vn -0.0698 0.9776 -0.1985
vn -0.2247 -0.1432 -0.9638
vn 0.0165 0.9995 -0.0283
vn 0.3770 0.8681 0.3229
vn 0.3774 0.8710 0.3145
vn 0.3724 0.8732 0.3144
vn 0.7621 0.6164 0.1982
vn -0.0167 -0.8973 -0.4412
vn -0.7634 0.3244 -0.5585
vn -0.0981 0.9304 -0.3531
vn -0.0977 0.9319 -0.3492
vn -0.0969 0.9306 -0.3531
vn 0.8500 0.2072 0.4844
vn -0.1567 -0.9286 -0.3362
vn -0.3882 -0.1131 -0.9146
vn -0.3855 -0.1083 -0.9163
vn -0.3802 -0.1073 -0.9187
vn -0.5820 0.5476 -0.6012
vn 0.4944 -0.4888 0.7188
vn 0.5023 -0.4882 0.7137
vn 0.4998 -0.4861 0.7169
vn 0.5760 -0.2073 0.7907
vn 0.5705 -0.2101 0.7940
vn 0.5780 -0.2042 0.7900
vn 0.4409 0.8948 -0.0700
vn -0.1494 0.9294 -0.3375
vn -0.1460 0.9304 -0.3362
vn -0.1508 0.9278 -0.3413
vn -0.6041 0.4402 -0.6643
vn -0.5997 0.4385 -0.6694
vn -0.6087 0.4416 -0.6592
vn 0.3419 0.9081 -0.2419
vn -0.3821 -0.5731 -0.7250
vn -0.3812 -0.5753 -0.7237
vn -0.3869 -0.5720 -0.7233
vn -0.2580 -0.6332 -0.7297
vn -0.2580 -0.6334 -0.7296
vn -0.2580 -0.6333 -0.7296
vn 0.1184 0.9754 -0.1859
vn 0.1168 0.9750 -0.1888
vn 0.1157 0.9756 -0.1864
vn -0.6034 0.6855 -0.4074
vn -0.6034 0.6855 -0.4073
vn -0.0239 0.9827 -0.1839
vn -0.0245 0.9828 -0.1829
vn -0.0228 0.9816 -0.1897
vn -0.0159 0.9775 -0.2101
vn -0.0125 0.9781 -0.2078
vn -0.0106 0.9773 -0.2114
vn 0.2287 0.9436 0.2396
vn 0.2315 0.9427 0.2403
vn 0.2338 0.9425 0.2387
vn 0.6268 0.1936 0.7547
vn 0.6285 0.1989 0.7520
vn 0.6222 0.1928 0.7588
vn -0.1782 -0.8743 -0.4515
vn -0.1770 -0.8750 -0.4506
vn -0.1753 -0.8754 -0.4505
vn -0.3939 -0.6039 -0.6929
vn -0.3906 -0.6072 -0.6920
vn -0.3945 -0.6072 -0.6897
vn 0.5325 -0.3459 0.7725
vn 0.5361 -0.3423 0.7716
vn 0.5381 -0.3376 0.7723
vn -0.4789 -0.3977 -0.7826
vn 0.2285 0.9467 0.2272
vn 0.2268 0.9464 0.2302
vn 0.2270 0.9455 0.2334
vn -0.4816 -0.4477 -0.7534
vn -0.4827 -0.4525 -0.7499
vn -0.4868 -0.4464 -0.7508
vn -0.4265 0.2042 -0.8811
vn -0.4252 0.2098 -0.8805
vn -0.4277 0.2071 -0.8799
vn 0.3091 0.8281 0.4677
vn 0.5764 0.0143 0.8171
vn 0.5800 0.0080 0.8146
vn 0.5821 0.0049 0.8131
vn 0.5906 0.5913 0.5491
vn -0.6698 0.3342 -0.6631
vn -0.6679 0.3337 -0.6652
vn -0.6645 0.3335 -0.6688
vn -0.3237 -0.6330 -0.7032
vn -0.5330 -0.1301 -0.8360
vn -0.5416 -0.1248 -0.8313
vn -0.5368 -0.1262 -0.8342
vn 0.2612 0.9550 0.1405
vn 0.2612 0.9556 0.1362
vn 0.2644 0.9543 0.1393
vn 0.0388 0.9990 0.0231
vn 0.0387 0.9990 0.0231
vn 0.0385 0.9990 0.0231
vn -0.4827 0.2789 -0.8302
vn -0.4925 0.2758 -0.8255
vn -0.4891 0.2821 -0.8254
vn 0.0830 0.9965 -0.0051
vn 0.2831 0.9569 0.0655
vn 0.2777 0.9587 0.0614
vn 0.2711 0.9605 0.0628
vn -0.5730 0.1749 -0.8007
vn -0.5795 0.1709 -0.7968
vn -0.5836 0.1654 -0.7950
vn -0.0670 0.9902 -0.1222
vn -0.2795 0.8623 -0.4223
vn -0.2772 0.8618 -0.4248
vn -0.2803 0.8606 -0.4252
vn 0.4399 0.6634 0.6053
vn 0.4381 0.6734 0.5954
vn 0.4400 0.6679 0.6003
vn 0.2379 0.9457 0.2215
vn 0.2443 0.9448 0.2183
vn 0.2401 0.9471 0.2129
vn -0.4679 0.3575 -0.8083
vn -0.4677 0.3576 -0.8083
vn -0.4674 0.3580 -0.8083
vn 0.0238 -0.9980 0.0593
vn -0.2788 -0.6813 -0.6768
vn 0.5671 0.2353 0.7893
vn 0.5655 0.2369 0.7900
vn 0.5653 0.2392 0.7895
vn 0.6893 0.2004 0.6963
vn 0.6884 0.1918 0.6995
vn 0.6864 0.1989 0.6994
vn -0.4973 -0.4015 -0.7691
vn -0.7981 0.0533 0.6001
vn -0.1086 -0.9927 -0.0530
vn -0.2355 -0.9197 -0.3142
vn -0.2282 -0.9199 -0.3191
vn -0.2370 -0.9180 -0.3179
vn -0.5354 0.1918 -0.8225
vn -0.5341 0.1923 -0.8233
vn -0.5381 0.1892 -0.8214
vn -0.8553 -0.1620 0.4921
vn -0.8564 -0.1566 0.4920
vn -0.8520 -0.1959 0.4856
vn -0.8503 -0.1879 0.4916
vn -0.8519 -0.1838 0.4904
vn -0.8487 -0.1925 0.4925
vn 0.4066 0.7253 0.5556
vn 0.4052 0.7255 0.5562
vn 0.4055 0.7246 0.5573
vn 0.8829 0.1166 -0.4549
vn 0.8174 0.1526 -0.5555
vn 0.8219 0.1549 -0.5481
vn 0.8206 0.1502 -0.5514
vn 0.9016 0.0724 -0.4264
vn 0.8967 0.0776 -0.4358
vn 0.8919 0.0847 -0.4443
vn 0.8684 0.2594 -0.4225
vn 0.8826 0.2689 -0.3855
vn 0.8679 0.2585 -0.4241
vn 0.8807 0.1059 -0.4616
vn 0.8768 0.1083 -0.4685
vn 0.8845 0.1042 -0.4548
vn 0.1232 -0.9546 0.2712
vn 0.1262 -0.9543 0.2710
vn 0.1262 -0.9533 0.2742
vn -0.5767 0.0558 -0.8150
vn 0.0245 0.9086 0.4170
vn 0.1587 -0.9367 0.3122
vn 0.1619 -0.9351 0.3152
vn 0.1581 -0.9349 0.3177
vn -0.5923 -0.2123 -0.7772
vn -0.5512 0.0151 -0.8342
vn 0.1863 -0.8618 0.4718
vn 0.1897 -0.8672 0.4605
vn 0.1866 -0.8638 0.4679
vn -0.4659 -0.2694 -0.8428
vn -0.4650 -0.2686 -0.8436
vn -0.3773 -0.8948 -0.2387
vn -0.3825 -0.8934 -0.2357
vn -0.3775 -0.8970 -0.2300
vn 0.5296 0.0165 0.8481
vn 0.5275 0.0160 0.8494
vn 0.5311 0.0189 0.8471
vn 0.2701 0.8600 0.4329
vn 0.2749 0.8605 0.4288
vn 0.2751 0.8594 0.4309
vn -0.6671 -0.5246 -0.5289
vn -0.2618 0.8760 -0.4050
vn -0.2581 0.8797 -0.3994
vn -0.2514 0.8828 -0.3969
vn 0.4631 0.4856 0.7414
vn 0.4682 0.4789 0.7426
vn 0.4712 0.4819 0.7387
vn -0.3680 -0.7762 -0.5119
vn -0.3706 -0.7790 -0.5058
vn -0.3744 -0.7788 -0.5033
vn 0.0608 0.9663 0.2500
vn 0.0646 0.9667 0.2477
vn 0.0616 0.9671 0.2470
vn 0.3159 0.7717 0.5520
vn 0.3179 0.7723 0.5500
vn 0.3204 0.7709 0.5505
vn 0.1978 0.9100 0.3643
vn 0.1999 0.9106 0.3617
vn -0.0718 0.9958 0.0564
vn -0.0707 0.9958 0.0575
vn -0.0706 0.9960 0.0553
vn -0.3466 -0.8568 -0.3818
vn -0.3478 -0.8568 -0.3806
vn -0.3518 -0.8512 -0.3895
vn 0.0117 0.9985 0.0541
vn 0.0181 0.9985 0.0509
vn 0.0170 0.9989 0.0445
vn -0.0985 0.9867 -0.1295
vn -0.0977 0.9859 -0.1355
vn -0.1047 0.9859 -0.1307
vn -0.3994 0.3353 -0.8532
vn -0.3994 0.3318 -0.8546
vn -0.4045 0.3320 -0.8521
vn 0.4190 0.6075 0.6748
vn 0.4189 0.6072 0.6752
vn 0.4221 0.6059 0.6743
vn 0.1805 0.8389 0.5135
vn 0.1843 0.8368 0.5156
vn 0.1827 0.8376 0.5148
vn -0.6770 -0.2975 -0.6732
vn -0.2747 0.8615 -0.4269
vn -0.2770 0.8603 -0.4280
vn -0.2773 0.8612 -0.4260
vn -0.2772 0.6685 -0.6901
vn 0.2819 0.2379 0.9295
vn -0.0301 0.8712 0.4901
vn 0.4750 0.2318 0.8489
vn 0.4763 0.2343 0.8475
vn -0.0998 0.9867 0.1282
vn -0.1000 0.9865 0.1293
vn -0.0990 0.9867 0.1290
vn 0.1135 0.6038 0.7890
vn 0.4707 -0.1427 0.8707
vn 0.4710 -0.1463 0.8699
vn 0.4739 -0.1426 0.8689
vn -0.7447 -0.1944 -0.6384
vn -0.6453 -0.3778 -0.6639
vn -0.1915 0.9068 -0.3756
vn 0.4734 0.0868 0.8766
vn 0.4751 0.0898 0.8753
vn 0.4742 0.0852 0.8763
vn -0.7057 -0.0699 -0.7051
vn -0.5945 -0.6160 -0.5169
vn 0.4406 -0.3441 0.8291
vn 0.4436 -0.3427 0.8281
vn 0.4473 -0.3442 0.8255
vn -0.7181 -0.0060 -0.6959
vn -0.7175 -0.0041 -0.6965
vn -0.7198 -0.0039 -0.6942
vn -0.3530 0.4339 -0.8289
vn -0.3534 0.4338 -0.8288
vn -0.2175 0.3429 -0.9138
vn -0.2151 0.3451 -0.9136
vn -0.2186 0.3436 -0.9133
vn 0.2727 0.8146 0.5119
vn 0.2781 0.8164 0.5060
vn 0.2739 0.8146 0.5113
vn 0.0066 0.9999 -0.0151
vn 0.0139 0.9998 -0.0134
vn 0.0107 0.9998 -0.0164
vn 0.2935 0.2532 0.9218
vn 0.2972 0.2498 0.9216
vn 0.3012 0.2518 0.9197
vn -0.4715 -0.8536 -0.2214
vn -0.4683 -0.8550 -0.2228
vn -0.4660 -0.8563 -0.2227
vn -0.2044 0.9581 -0.2008
vn -0.2030 0.9588 -0.1989
vn -0.2028 0.9584 -0.2007
vn -0.5937 0.0682 -0.8018
vn -0.5977 0.0703 -0.7986
vn -0.8585 0.1280 -0.4966
vn -0.6069 -0.2161 -0.7648
vn 0.0384 0.9816 0.1870
vn 0.0405 0.9811 0.1893
vn 0.0435 0.9815 0.1864
vn -0.1440 0.6207 0.7707
vn -0.2330 0.4110 -0.8814
vn -0.2267 0.4078 -0.8845
vn -0.2308 0.4079 -0.8834
vn -0.0688 0.9851 -0.1578
vn -0.0653 0.9854 -0.1575
vn -0.0668 0.9846 -0.1614
vn 0.3805 -0.4936 0.7820
vn 0.0052 -0.9760 0.2179
vn 0.0068 -0.9776 0.2102
vn 0.0089 -0.9765 0.2152
vn 0.4010 0.4407 0.8031
vn 0.4052 0.4393 0.8017
vn 0.4014 0.4447 0.8007
vn -0.2137 0.8955 0.3903
vn -0.2119 0.8947 0.3933
vn -0.2122 0.8954 0.3915
vn -0.1775 -0.9829 -0.0480
vn -0.1651 -0.9849 -0.0517
vn -0.1711 -0.9843 -0.0444
vn -0.0755 0.9969 -0.0204
vn -0.0798 0.9967 -0.0164
vn -0.0698 0.9974 -0.0171
vn 0.4424 -0.1552 0.8833
vn 0.4398 -0.1599 0.8837
vn 0.4418 -0.1563 0.8834
vn -0.2471 0.9644 0.0938
vn -0.2460 0.9650 0.0909
vn -0.2500 0.9636 0.0943
vn -0.6854 -0.7270 -0.0410
vn -0.6808 -0.7314 -0.0395
vn -0.6814 -0.7312 -0.0332
vn -0.2678 -0.9512 -0.1532
vn -0.2694 -0.9513 -0.1495
vn -0.2696 -0.9507 -0.1530
vn -0.9540 -0.0009 -0.2998
vn -0.9540 -0.0009 -0.2997
vn -0.5746 -0.5063 -0.6431
vn -0.5793 -0.5019 -0.6422
vn -0.5797 -0.5006 -0.6429
vn -0.6098 -0.2565 -0.7499
vn -0.6043 -0.2573 -0.7540
vn -0.6052 -0.2568 -0.7535
vn -0.2172 0.3385 -0.9156
vn -0.2159 0.3386 -0.9158
vn -0.2152 0.3377 -0.9163
vn -0.6146 0.7878 -0.0393
vn -0.6144 0.7880 -0.0391
vn -0.6145 0.7880 -0.0391
vn -0.9858 0.1670 -0.0185
vn -0.9858 0.1671 -0.0185
vn -0.7454 -0.6575 0.1095
vn -0.7391 -0.6654 0.1047
vn -0.7395 -0.6635 0.1137
vn -0.3022 0.3639 -0.8810
vn -0.3017 0.3648 -0.8809
vn -0.3009 0.3637 -0.8816
vn -0.2141 0.2296 0.9495
vn -0.6235 0.0673 -0.7789
vn -0.6236 0.0703 -0.7786
vn -0.8217 -0.5537 -0.1348
vn -0.9010 -0.2486 -0.3556
vn -0.3063 0.6431 0.7019
vn -0.3063 0.6437 0.7013
vn -0.6510 0.7071 0.2762
vn -0.6536 0.7051 0.2750
vn -0.6557 0.7027 0.2762
vn 0.1367 -0.8865 0.4420
vn 0.1453 -0.8868 0.4387
vn 0.1467 -0.8853 0.4412
vn 0.4049 -0.2680 0.8742
vn 0.4085 -0.2713 0.8715
vn 0.4126 -0.2737 0.8688
vn 0.3848 0.3427 0.8570
vn 0.3827 0.3435 0.8576
vn 0.3799 0.3404 0.8601
vn -0.1354 0.3303 0.9341
vn -0.1346 0.3299 0.9343
vn -0.1358 0.3310 0.9338
vn 0.3021 0.5900 0.7488
vn 0.3006 0.5951 0.7453
vn 0.3003 0.5854 0.7531
vn -0.2328 0.9680 -0.0936
vn -0.2335 0.9678 -0.0936
vn -0.2293 0.9693 -0.0884
vn -0.3628 0.9009 0.2383
vn -0.3659 0.9010 0.2329
vn -0.2248 0.8764 0.4258
vn -0.2194 0.8800 0.4213
vn -0.2244 0.8787 0.4213
vn -0.3292 0.2598 -0.9078
vn -0.7477 0.6578 0.0913
vn -0.0326 -0.9727 0.2298
vn -0.0323 -0.9733 0.2273
vn -0.0342 -0.9711 0.2361
vn 0.3938 -0.4883 0.7788
vn 0.3966 -0.4840 0.7800
vn 0.3922 -0.4819 0.7835
vn -0.6448 0.2520 -0.7216
vn -0.6466 0.2422 -0.7234
vn -0.6466 0.2525 -0.7199
vn -0.9116 -0.2127 -0.3517
vn -0.9117 -0.2126 -0.3515
vn -0.7737 0.5214 0.3598
vn -0.7705 0.5259 0.3602
vn -0.7766 0.5202 0.3553
vn -0.1002 0.9949 0.0117
vn -0.0983 0.9951 0.0125
vn -0.0900 0.9959 0.0051
vn -0.8739 -0.4683 -0.1307
vn 0.0197 0.6371 -0.7705
vn -0.9124 -0.2634 0.3133
vn -0.9124 -0.2633 0.3132
vn -0.8672 -0.3878 0.3122
vn -0.8673 -0.3877 0.3122
vn -0.8673 -0.3878 0.3122
vn -0.4567 -0.8340 -0.3095
vn -0.4578 -0.8344 -0.3070
vn -0.4602 -0.8334 -0.3061
vn -0.1672 0.2860 -0.9435
vn -0.7638 0.5323 0.3651
vn -0.1972 0.9769 -0.0825
vn -0.1951 0.9763 -0.0931
vn -0.1941 0.9766 -0.0922
vn -0.8280 0.0850 -0.5542
vn -0.8271 0.0825 -0.5559
vn -0.8265 0.0798 -0.5573
vn -0.3479 -0.9284 -0.1307
vn -0.3509 -0.9278 -0.1269
vn -0.3552 -0.9258 -0.1289
vn -0.5378 -0.6981 -0.4727
vn -0.5350 -0.6963 -0.4785
vn -0.5390 -0.6959 -0.4746
vn -0.5583 -0.5796 -0.5936
vn -0.5504 -0.5765 -0.6039
vn -0.5539 -0.5786 -0.5987
vn -0.1415 0.9894 0.0323
vn -0.1483 0.9885 0.0296
vn -0.1431 0.9894 0.0257
vn 0.0714 0.9146 0.3979
vn 0.0710 0.9121 0.4039
vn 0.0642 0.9149 0.3986
vn -0.7743 0.5520 0.3095
vn 0.2259 0.6826 0.6950
vn 0.2215 0.6799 0.6991
vn 0.2221 0.6805 0.6982
vn -0.4924 0.7091 0.5047
vn 0.0363 0.6868 -0.7259
vn -0.9683 -0.2053 0.1422
vn -0.9760 -0.1752 0.1295
vn -0.9763 -0.1709 0.1325
vn -0.9767 -0.1717 0.1290
vn -0.0059 0.9677 0.2522
vn -0.0070 0.9686 0.2486
vn -0.0075 0.9670 0.2547
vn -0.5070 0.8306 0.2303
vn -0.5007 0.8349 0.2288
vn -0.5122 0.8291 0.2241
vn -0.9363 0.0330 -0.3496
vn -0.8091 -0.1158 -0.5762
vn -0.8085 -0.1174 -0.5766
vn -0.8098 -0.1156 -0.5752
vn 0.3490 -0.0466 0.9360
vn 0.3523 -0.0533 0.9344
vn 0.3587 -0.0550 0.9318
vn 0.2450 0.6147 0.7497
vn -0.9867 -0.1252 -0.1034
vn -0.9860 -0.1276 -0.1072
vn -0.9865 -0.1289 -0.1009
vn -0.5576 0.7138 0.4239
vn -0.5581 0.7112 0.4274
vn -0.5581 0.7135 0.4236
vn -0.8085 0.2681 -0.5239
vn -0.8099 0.2671 -0.5223
vn -0.8098 0.2666 -0.5226
vn -0.8295 -0.1121 -0.5472
vn -0.8332 -0.1127 -0.5414
vn -0.8355 -0.1147 -0.5373
vn -0.0795 0.3324 0.9398
vn -0.0796 0.3324 0.9398
vn -0.2050 -0.9688 0.1395
vn -0.2123 -0.9688 0.1280
vn -0.2076 -0.9689 0.1345
vn 0.3428 0.3307 0.8793
vn 0.3428 0.3294 0.8798
vn 0.3475 0.3320 0.8770
vn -0.4605 0.3666 0.8084
vn -0.2282 -0.9726 0.0443
vn -0.5761 -0.6313 -0.5192
vn -0.5695 -0.6372 -0.5193
vn -0.5704 -0.6354 -0.5205
vn -0.2953 0.7068 -0.6428
vn -0.2952 0.7068 -0.6428
vn -0.2952 0.7068 -0.6429
vn -0.9916 -0.0750 -0.1051
vn -0.5085 0.3654 0.7797
vn 0.3484 0.0381 0.9366
vn 0.3568 0.0382 0.9334
vn 0.3541 0.0386 0.9344
vn -0.6662 -0.4126 -0.6212
vn -0.6679 -0.4122 -0.6197
vn -0.6681 -0.4090 -0.6216
vn -0.9891 0.0455 0.1399
vn -0.9892 0.0117 0.1461
vn -0.5401 -0.7573 -0.3671
vn -0.5402 -0.7570 -0.3677
vn -0.6757 -0.3519 -0.6478
vn -0.6771 -0.3478 -0.6485
vn -0.6726 -0.3521 -0.6509
vn -0.5069 0.8450 0.1706
vn -0.5055 0.8457 0.1710
vn -0.5065 0.8451 0.1709
vn -0.4440 -0.8743 -0.1962
vn -0.4473 -0.8727 -0.1960
vn -0.4417 -0.8746 -0.2000
vn 0.1257 0.8244 0.5519
vn -0.9427 0.1002 -0.3182
vn -0.9423 0.0989 -0.3197
vn -0.9969 0.0775 -0.0138
vn -0.9973 0.0724 -0.0097
vn -0.9973 0.0730 -0.0025
vn -0.9953 -0.0732 0.0635
vn -0.9953 -0.0742 0.0618
vn -0.9952 -0.0761 0.0610
vn -0.5995 0.6017 -0.5278
vn -0.6911 0.2467 -0.6793
vn -0.6852 0.2427 -0.6867
vn -0.6914 0.2365 -0.6827
vn -0.7770 0.4580 0.4319
vn -0.6508 0.1911 0.7348
vn -0.6509 0.1872 0.7357
vn -0.6481 0.1865 0.7383
vn -0.3413 -0.9397 -0.0227
vn -0.3429 -0.9391 -0.0248
vn -0.3421 -0.9394 -0.0238
vn -0.2894 -0.0091 0.9572
vn -0.2834 -0.0048 0.9590
vn -0.2828 -0.0142 0.9591
vn -0.8650 -0.0627 0.4979
vn -0.7442 0.1826 0.6425
vn -0.7442 0.1825 0.6425
vn -0.6288 0.7748 -0.0651
vn -0.0574 -0.9423 0.3297
vn -0.0648 -0.9424 0.3282
vn -0.0608 -0.9437 0.3253
vn -0.7101 -0.1138 -0.6948
vn -0.7057 -0.1058 -0.7006
vn -0.7070 -0.1152 -0.6977
vn -0.9851 0.1691 -0.0319
vn -0.9860 0.1647 -0.0276
vn -0.9842 0.1748 -0.0293
vn -0.7036 0.1640 -0.6914
vn -0.7047 0.1532 -0.6928
vn -0.7083 0.1601 -0.6875
vn -0.5870 0.7747 0.2350
vn -0.5318 0.8418 -0.0926
vn 0.2815 -0.4486 0.8483
vn 0.2913 -0.4419 0.8484
vn 0.2864 -0.4410 0.8506
vn -0.2226 0.9749 0.0002
vn -0.2223 0.9750 -0.0018
vn -0.6022 -0.2306 0.7644
vn -0.6022 -0.2304 0.7644
vn -0.6022 -0.2308 0.7643
vn -0.7324 0.5730 0.3679
vn -0.9314 -0.2896 0.2203
vn -0.9314 -0.2897 0.2203
vn 0.2454 0.1771 0.9531
vn -0.7037 -0.0177 -0.7102
vn -0.7054 -0.0121 -0.7087
vn -0.7075 -0.0207 -0.7064
vn -0.9398 0.2416 -0.2416
vn -0.9017 0.2740 0.3346
vn -0.5922 -0.2318 0.7717
vn -0.5894 -0.2326 0.7736
vn -0.5926 -0.2283 0.7725
vn -0.6656 -0.5831 -0.4658
vn -0.6613 -0.5868 -0.4673
vn 0.0769 0.8604 0.5037
vn -0.7344 0.6707 0.1040
vn -0.9313 -0.2963 0.2118
vn -0.9333 -0.2934 0.2072
vn -0.9333 -0.2972 0.2016
vn -0.9388 0.3004 0.1685
vn 0.0155 0.9358 0.3522
vn -0.3750 0.9248 -0.0645
vn -0.3786 0.9236 -0.0610
vn -0.3755 0.9242 -0.0695
vn 0.0447 -0.8901 0.4535
vn 0.0495 -0.8914 0.4506
vn 0.0512 -0.8866 0.4596
vn 0.0189 -0.8684 0.4955
vn 0.0181 -0.8688 0.4949
vn 0.0195 -0.8697 0.4932
vn 0.3001 -0.2795 0.9121
vn -0.1729 0.9695 0.1737
vn -0.1755 0.9687 0.1754
vn -0.1685 0.9701 0.1748
vn -0.7476 0.6546 0.1119
vn -0.1505 0.9672 0.2046
vn -0.1469 0.9678 0.2046
vn -0.1475 0.9672 0.2067
vn 0.2429 -0.5203 0.8187
vn 0.2482 -0.5206 0.8169
vn 0.2481 -0.5183 0.8184
vn 0.1113 0.7584 0.6422
vn 0.1142 0.7596 0.6403
vn -0.4140 0.9090 -0.0473
vn -0.4162 0.9084 -0.0406
vn -0.4150 0.9088 -0.0429
vn -0.8688 0.4944 -0.0286
vn 0.1719 -0.6921 0.7011
vn 0.1780 -0.6960 0.6957
vn 0.1802 -0.6870 0.7039
vn 0.1613 0.5443 0.8233
vn 0.1615 0.5492 0.8199
vn 0.1598 0.5493 0.8202
vn -0.7153 -0.4730 -0.5144
vn -0.7130 -0.4658 -0.5242
vn -0.7165 -0.4684 -0.5169
vn -0.7705 0.3121 -0.5558
vn -0.7672 0.3159 -0.5583
vn -0.7712 0.3094 -0.5564
vn 0.0418 -0.8406 0.5401
vn 0.0476 -0.8414 0.5383
vn 0.0467 -0.8383 0.5432
vn 0.2656 -0.3824 0.8850
vn 0.2643 -0.3772 0.8876
vn 0.2601 -0.3845 0.8857
vn -0.8663 0.4958 -0.0610
vn -0.8677 0.4932 -0.0621
vn -0.8695 0.4900 -0.0628
vn -0.7625 0.0976 -0.6396
vn -0.7620 0.0974 -0.6402
vn 0.2422 0.1804 0.9533
vn 0.2509 0.1729 0.9524
vn 0.2458 0.1837 0.9517
vn -0.7649 -0.1962 -0.6135
vn -0.7645 -0.1941 -0.6147
vn -0.7675 -0.1947 -0.6107
vn 0.1726 0.4575 0.8723
vn 0.1812 0.4591 0.8697
vn 0.1700 0.4611 0.8709
vn 0.0848 -0.7804 0.6195
vn 0.0870 -0.7784 0.6217
vn 0.0882 -0.7766 0.6238
vn 0.0369 -0.7941 0.6067
vn 0.0440 -0.7873 0.6150
vn 0.0400 -0.7920 0.6092
vn 0.2378 -0.1629 0.9576
vn 0.2406 -0.1664 0.9563
vn 0.2416 -0.1651 0.9562
vn -0.7661 0.2969 -0.5701
vn -0.7663 0.2924 -0.5721
vn -0.7651 0.2983 -0.5706
vn 0.1905 -0.5640 0.8035
vn 0.1882 -0.5687 0.8007
vn 0.1983 -0.5678 0.7989
vn -0.3030 -0.9302 0.2074
vn -0.3032 -0.9315 0.2008
vn -0.3017 -0.9313 0.2041
vn 0.0269 0.7336 0.6790
vn -0.2732 0.9516 0.1410
vn -0.6241 -0.7203 -0.3028
vn -0.6218 -0.7178 -0.3133
vn -0.6199 -0.7217 -0.3080
vn -0.6882 -0.6417 -0.3386
vn -0.6838 -0.6466 -0.3382
vn -0.6868 -0.6456 -0.3338
vn -0.2917 0.9553 0.0486
vn -0.2898 0.9557 0.0517
vn -0.2875 0.9566 0.0471
vn -0.5112 0.8585 -0.0392
vn -0.5041 0.8626 -0.0432
vn -0.5117 0.8577 -0.0508
vn -0.0616 0.8325 0.5506
vn -0.0633 0.8352 0.5464
vn -0.0638 0.8301 0.5539
vn -0.7683 0.0970 -0.6327
vn -0.7668 0.0980 -0.6344
vn -0.7700 0.0962 -0.6307
vn 0.1763 -0.5537 0.8139
vn 0.1782 -0.5443 0.8197
vn 0.1724 -0.5491 0.8178
vn -0.1199 0.9030 0.4126
vn -0.3858 0.9225 0.0086
vn 0.1051 0.3260 0.9395
vn -0.4104 -0.9001 0.1465
vn -0.4093 -0.9009 0.1442
vn -0.4086 -0.9002 0.1507
vn -0.4491 -0.8904 0.0737
vn -0.4505 -0.8897 0.0739
vn -0.4511 -0.8895 0.0726
vn -0.6113 -0.7803 -0.1320
vn -0.6066 -0.7839 -0.1324
vn -0.6142 -0.7788 -0.1271
vn -0.5590 0.8259 -0.0741
vn -0.5612 0.8241 -0.0774
vn -0.5579 0.8265 -0.0754
vn -0.1735 -0.9194 0.3531
vn -0.1786 -0.9184 0.3530
vn -0.1759 -0.9175 0.3568
vn -0.5680 -0.8166 -0.1026
vn -0.5719 -0.8142 -0.1002
vn -0.5691 -0.8152 -0.1075
vn -0.1707 0.9157 0.3637
vn -0.1695 0.9169 0.3613
vn -0.1685 0.9176 0.3601
vn -0.8116 0.3721 -0.4504
vn -0.8112 0.3686 -0.4540
vn -0.8164 0.3638 -0.4485
vn 0.1727 -0.6918 0.7011
vn 0.1809 -0.6922 0.6987
vn 0.1794 -0.6863 0.7049
vn -0.7922 -0.1896 -0.5801
vn -0.1178 0.8627 0.4917
vn -0.1164 0.8604 0.4962
vn -0.1174 0.8629 0.4916
vn -0.7720 0.5979 -0.2158
vn -0.7701 0.5989 -0.2198
vn -0.7678 0.6004 -0.2234
vn 0.1810 -0.1419 0.9732
vn -0.8147 0.4735 -0.3348
vn -0.8081 0.4795 -0.3422
vn -0.8129 0.4700 -0.3440
vn -0.5187 -0.8543 0.0336
vn -0.1514 -0.8721 0.4654
vn -0.1532 -0.8719 0.4651
vn -0.1525 -0.8711 0.4668
vn -0.2621 -0.9129 0.3130
vn -0.2593 -0.9132 0.3144
vn -0.2545 -0.9165 0.3087
vn -0.0551 0.7688 0.6371
vn -0.0519 0.7674 0.6391
vn -0.0476 0.7698 0.6365
vn -0.8068 0.1925 -0.5586
vn -0.8093 0.1828 -0.5582
vn -0.8128 0.1884 -0.5513
vn -0.6417 0.7625 -0.0827
vn -0.7941 -0.4197 -0.4396
vn -0.7922 -0.4186 -0.4441
vn -0.7909 -0.4241 -0.4411
vn 0.1566 -0.6975 0.6993
vn 0.1646 -0.6906 0.7043
vn 0.1556 -0.6883 0.7086
vn 0.0313 0.6022 0.7977
vn 0.0380 0.6025 0.7972
vn 0.0264 0.6058 0.7952
vn -0.8377 -0.2869 -0.4647
vn -0.8343 -0.2862 -0.4712
vn -0.8389 -0.2874 -0.4623
vn -0.8383 -0.0206 -0.5448
vn -0.8375 -0.0218 -0.5460
vn -0.8346 -0.0194 -0.5505
vn -0.3238 0.9273 0.1875
vn -0.3254 0.9284 0.1792
vn -0.3316 0.9260 0.1805
vn 0.0997 0.0682 0.9927
vn 0.1067 0.0761 0.9914
vn 0.0981 0.0688 0.9928
vn -0.7469 -0.6043 -0.2774
vn -0.7445 -0.6086 -0.2745
vn -0.7426 -0.6055 -0.2862
vn -0.0406 -0.7661 0.6414
vn -0.0397 -0.7700 0.6368
vn -0.0360 -0.7648 0.6433
vn -0.1874 -0.8548 0.4839
vn -0.1887 -0.8532 0.4863
vn -0.1916 -0.8524 0.4866
vn -0.6891 0.7132 -0.1283
vn -0.6865 0.7144 -0.1356
vn -0.6931 0.7095 -0.1275
vn 0.1173 -0.0571 0.9915
vn 0.1110 -0.0592 0.9921
vn 0.1162 -0.0511 0.9919
vn 0.1043 -0.5285 0.8425
vn 0.0989 -0.5268 0.8442
vn 0.1006 -0.5334 0.8399
vn 0.0778 -0.6643 0.7435
vn 0.0776 -0.6617 0.7457
vn 0.0769 -0.6631 0.7445
vn -0.7429 0.6498 -0.1608
vn -0.7393 0.6542 -0.1594
vn -0.7428 0.6499 -0.1607
vn 0.1174 -0.3550 0.9275
vn 0.1230 -0.3593 0.9251
vn 0.1183 -0.3564 0.9268
vn 0.0299 0.1411 0.9895
vn 0.0288 0.1355 0.9904
vn 0.0309 0.1421 0.9894
vn -0.8190 0.5004 -0.2808
vn -0.8156 0.5048 -0.2826
vn -0.8157 0.5015 -0.2882
vn 0.0377 0.3162 0.9479
vn -0.6785 -0.7259 -0.1129
vn -0.6830 -0.7218 -0.1121
vn -0.6799 -0.7251 -0.1092
vn -0.2732 0.8844 0.3784
vn -0.2721 0.8837 0.3809
vn -0.2731 0.8855 0.3759
vn -0.3126 0.8844 0.3465
vn -0.3099 0.8859 0.3452
vn -0.3157 0.8836 0.3457
vn 0.0686 -0.5565 0.8280
vn 0.0640 -0.5601 0.8260
vn 0.0690 -0.5587 0.8265
vn -0.8123 -0.4711 -0.3439
vn -0.8080 -0.4693 -0.3563
vn -0.8093 -0.4724 -0.3490
vn -0.2403 0.8355 0.4941
vn -0.2445 0.8335 0.4954
vn -0.2413 0.8390 0.4876
vn 0.0895 -0.2656 0.9599
vn 0.0938 -0.2559 0.9621
vn 0.0903 -0.2609 0.9611
vn -0.2087 -0.7956 0.5687
vn -0.2078 -0.8028 0.5588
vn -0.2053 -0.7996 0.5644
vn -0.7531 -0.6280 -0.1963
vn -0.7520 -0.6282 -0.1996
vn -0.0742 0.5421 0.8371
vn 0.0698 -0.4254 0.9023
vn 0.0741 -0.4304 0.8996
vn 0.0809 -0.4298 0.8993
vn -0.3513 -0.8549 0.3817
vn -0.3494 -0.8542 0.3851
vn -0.3508 -0.8544 0.3833
vn -0.8862 0.0095 -0.4631
vn -0.8852 0.0123 -0.4650
vn -0.8868 0.0063 -0.4621
vn -0.4352 0.8910 0.1297
vn -0.4353 0.8893 0.1401
vn -0.4326 0.8919 0.1318
vn 0.0030 -0.6752 0.7376
vn 0.0073 -0.6751 0.7376
vn 0.0066 -0.6736 0.7391
vn -0.0356 0.3546 0.9344
vn -0.0329 0.3568 0.9336
vn -0.1574 -0.7676 0.6213
vn -0.1519 -0.7633 0.6279
vn -0.1550 -0.7610 0.6300
vn -0.8887 -0.2582 -0.3788
vn -0.8761 0.1711 -0.4507
vn -0.8767 0.1660 -0.4515
vn -0.8793 0.1604 -0.4485
vn -0.5583 0.8274 0.0612
vn -0.5576 0.8280 0.0595
vn -0.5576 0.8283 0.0547
vn -0.1979 0.6901 0.6961
vn -0.5197 -0.8033 0.2909
vn -0.5168 -0.8028 0.2974
vn -0.5221 -0.8004 0.2947
vn -0.8586 -0.4251 -0.2866
vn -0.8584 -0.4286 -0.2820
vn -0.8613 -0.4248 -0.2787
vn -0.4856 0.8617 0.1475
vn -0.0037 -0.2179 0.9760
vn 0.0069 -0.2179 0.9759
vn 0.0055 -0.2192 0.9757
vn -0.6727 0.7389 -0.0376
vn -0.6699 0.7411 -0.0440
vn -0.6665 0.7443 -0.0420
vn -0.7176 -0.6960 0.0250
vn -0.7979 -0.5859 -0.1416
vn -0.7954 -0.5891 -0.1428
vn -0.7958 -0.5881 -0.1445
vn -0.1436 0.5628 0.8140
vn -0.5126 0.8320 0.2121
vn -0.5096 0.8335 0.2136
vn -0.6517 -0.7456 0.1391
vn -0.6516 -0.7463 0.1356
vn -0.3024 0.7656 0.5678
vn -0.4154 0.8319 0.3680
vn -0.4074 0.8333 0.3736
vn -0.4097 0.8348 0.3679
vn -0.8842 0.2962 -0.3612
vn -0.8863 0.2980 -0.3545
vn -0.8841 0.2985 -0.3594
vn -0.8981 0.2160 -0.3832
vn -0.8983 0.2198 -0.3804
vn -0.8958 0.2172 -0.3877
vn -0.0611 -0.3445 0.9368
vn -0.0548 -0.3386 0.9393
vn -0.0593 -0.3403 0.9384
vn -0.0481 -0.1171 0.9920
vn -0.0399 -0.1159 0.9925
vn -0.0417 -0.1073 0.9933
vn -0.8375 0.4815 -0.2582
vn -0.8394 0.4776 -0.2597
vn -0.8386 0.4785 -0.2603
vn -0.0896 0.1307 0.9874
vn -0.0835 0.1277 0.9883
vn -0.0803 0.1319 0.9880
vn -0.8985 -0.3211 -0.2992
vn -0.8982 -0.3194 -0.3021
vn -0.8974 -0.3187 -0.3052
vn -0.9288 -0.0771 -0.3624
vn -0.9265 -0.0756 -0.3687
vn -0.9282 -0.0729 -0.3649
vn -0.4212 -0.8230 0.3811
vn -0.4232 -0.8247 0.3754
vn -0.4209 -0.8202 0.3874
vn -0.2810 0.7089 0.6469
vn -0.2819 0.7064 0.6492
vn -0.2769 0.7140 0.6430
vn -0.8667 -0.4685 -0.1715
vn -0.6467 0.7598 0.0672
vn -0.6485 0.7584 0.0658
vn -0.6509 0.7565 0.0642
vn -0.1195 0.3103 0.9431
vn -0.1242 0.3042 0.9445
vn -0.1197 0.3004 0.9463
vn -0.7697 0.6323 -0.0878
vn -0.1175 -0.6265 0.7705
vn -0.1151 -0.6325 0.7660
vn -0.1080 -0.6297 0.7693
vn -0.1197 -0.5277 0.8409
vn -0.1273 -0.5283 0.8394
vn -0.1233 -0.5291 0.8395
vn -0.5980 -0.7579 0.2607
vn -0.5952 -0.7602 0.2604
vn -0.6793 -0.7269 0.1010
vn -0.6778 -0.7279 0.1039
vn -0.6753 -0.7297 0.1073
vn -0.7881 -0.6154 -0.0126
vn -0.7855 -0.6185 -0.0211
vn -0.7853 -0.6191 -0.0096
vn -0.4190 -0.7519 0.5089
vn -0.2137 -0.6935 0.6881
vn -0.0760 -0.0881 0.9932
vn -0.4327 0.7644 0.4780
vn -0.1434 -0.5759 0.8049
vn -0.1370 -0.5734 0.8077
vn -0.1420 -0.5733 0.8069
vn -0.1344 0.0713 0.9884
vn -0.1295 0.0705 0.9891
vn -0.1372 0.0750 0.9877
vn -0.8937 -0.4306 -0.1259
vn -0.8934 -0.4309 -0.1275
vn -0.8941 -0.4296 -0.1269
vn -0.9371 -0.3119 -0.1570
vn -0.9375 -0.3093 -0.1592
vn -0.9365 -0.3119 -0.1605
vn -0.8963 0.3477 -0.2752
vn -0.8958 0.3473 -0.2772
vn -0.8955 0.3489 -0.2764
vn -0.6749 0.7253 0.1360
vn -0.6747 0.7252 0.1372
vn -0.6341 0.7353 0.2392
vn -0.6317 0.7343 0.2484
vn -0.6346 0.7336 0.2433
vn -0.2691 0.4492 0.8519
vn -0.9729 0.0716 -0.2198
vn -0.9717 0.0769 -0.2233
vn -0.9702 0.0769 -0.2296
vn -0.8615 0.4879 -0.1407
vn -0.8577 0.4950 -0.1394
vn -0.8576 0.4920 -0.1499
vn -0.1281 -0.3447 0.9300
vn -0.1280 -0.3407 0.9314
vn -0.1315 -0.3434 0.9299
vn -0.2121 0.3258 0.9213
vn -0.2100 0.3245 0.9223
vn -0.2114 0.3248 0.9219
vn -0.8310 -0.5540 0.0499
vn -0.8337 -0.5500 0.0493
vn -0.9733 -0.0296 -0.2275
vn -0.9721 -0.0259 -0.2333
vn -0.9725 -0.0289 -0.2312
vn -0.6487 -0.6897 0.3217
vn -0.6410 -0.6945 0.3267
vn -0.6421 -0.6917 0.3306
vn -0.8135 0.5794 -0.0495
vn -0.8153 0.5763 -0.0567
vn -0.8151 0.5769 -0.0530
vn -0.4967 0.7088 0.5008
vn -0.8913 -0.4533 -0.0053
vn -0.8905 -0.4550 -0.0086
vn -0.4085 0.6076 0.6811
vn -0.4039 0.6115 0.6804
vn -0.4014 0.6163 0.6775
vn -0.3217 0.4555 0.8301
vn -0.3234 0.4515 0.8316
vn -0.3203 0.4560 0.8303
vn -0.1822 -0.4131 0.8923
vn -0.1779 -0.4118 0.8937
vn -0.1807 -0.4092 0.8944
vn -0.2546 0.1105 0.9607
vn -0.2546 0.1106 0.9607
vn -0.3326 -0.6441 0.6888
vn -0.3290 -0.6463 0.6885
vn -0.3314 -0.6426 0.6909
vn -0.2306 -0.1829 0.9557
vn -0.2320 -0.1878 0.9544
vn -0.2351 -0.1879 0.9536
vn -0.9677 -0.2308 -0.1014
vn -0.9681 -0.2311 -0.0969
vn -0.9671 -0.2313 -0.1058
vn -0.9283 0.3270 -0.1767
vn -0.4698 -0.6950 0.5443
vn -0.4736 -0.6921 0.5448
vn -0.4696 -0.6999 0.5381
vn -0.2919 0.2281 0.9289
vn -0.2971 0.2240 0.9282
vn -0.9250 0.3646 -0.1070
vn -0.9234 0.3685 -0.1071
vn -0.9221 0.3707 -0.1110
vn -0.4546 -0.6502 0.6087
vn -0.4489 -0.6559 0.6069
vn -0.4486 -0.6571 0.6058
vn -0.9836 -0.1474 -0.1042
vn -0.9827 -0.1541 -0.1030
vn -0.9833 -0.1518 -0.1002
vn -0.4764 0.5958 0.6465
vn -0.4725 0.6008 0.6448
vn -0.4822 0.5937 0.6443
vn -0.8179 -0.5598 0.1327
vn -0.8192 -0.5573 0.1352
vn -0.8212 -0.5548 0.1331
vn -0.6456 0.6655 0.3746
vn -0.6456 0.6655 0.3745
vn -0.7839 0.6062 0.1344
vn -0.7848 0.6043 0.1375
vn -0.3552 -0.5448 0.7596
vn -0.3546 -0.5451 0.7597
vn -0.3537 -0.5506 0.7561
vn -0.8238 0.5669 0.0009
vn -0.8278 0.5610 0.0047
vn -0.8258 0.5639 0.0055
vn -0.2985 -0.3622 0.8830
vn -0.5992 -0.6488 0.4690
vn -0.8296 -0.5258 0.1879
vn -0.8297 -0.5253 0.1888
vn -0.8287 -0.5268 0.1892
vn -0.4160 0.3998 0.8168
vn -0.4090 0.3993 0.8206
vn -0.4139 0.3994 0.8180
vn -0.9812 0.1581 -0.1111
vn -0.9816 0.1576 -0.1080
vn -0.9824 0.1486 -0.1131
vn -0.3517 -0.2268 0.9082
vn -0.3527 -0.2268 0.9078
vn -0.3472 -0.2245 0.9105
vn -0.3341 0.0203 0.9423
vn -0.3376 0.0118 0.9412
vn -0.3391 0.0160 0.9406
vn -0.6708 0.6327 0.3870
vn -0.6704 0.6336 0.3861
vn -0.6756 0.6279 0.3863
vn -0.2777 -0.1636 0.9466
vn -0.2750 -0.1698 0.9463
vn -0.2734 -0.1654 0.9476
vn -0.9226 -0.3550 0.1510
vn -0.9223 -0.3554 0.1521
vn -0.9309 -0.3611 0.0549
vn -0.9305 -0.3611 0.0612
vn -0.9286 -0.3653 0.0654
vn -0.5442 0.5055 0.6696
vn -0.5406 0.5054 0.6725
vn -0.5433 0.5031 0.6721
vn -0.7643 -0.5617 0.3167
vn -0.7625 -0.5659 0.3136
vn -0.7616 -0.5628 0.3213
vn -0.4213 0.2922 0.8585
vn -0.4242 0.2926 0.8570
vn -0.4258 0.2888 0.8575
vn -0.6493 -0.5949 0.4738
vn -0.6489 -0.5941 0.4753
vn -0.6515 -0.5918 0.4747
vn -0.3964 -0.5076 0.7650
vn -0.3913 -0.4118 0.8230
vn -0.3898 -0.4150 0.8221
vn -0.7640 -0.5313 0.3660
vn -0.7625 -0.5358 0.3627
vn -0.7608 -0.5403 0.3594
vn -0.9972 -0.0655 0.0364
vn -0.9421 0.3353 0.0023
vn -0.9438 0.3304 -0.0016
vn -0.9436 0.3310 0.0043
vn -0.9898 0.1375 -0.0377
vn -0.6647 -0.5138 0.5424
vn -0.6678 -0.5188 0.5337
vn -0.6659 -0.5121 0.5425
vn -0.8980 0.4282 0.1015
vn -0.8982 0.4273 0.1031
vn -0.9001 0.4241 0.0999
vn -0.5591 -0.5222 0.6440
vn -0.6653 0.4923 0.5613
vn -0.9755 0.2179 0.0289
vn -0.9763 0.2153 0.0236
vn -0.9765 0.2138 0.0285
vn -0.9305 -0.3208 0.1766
vn -0.9291 -0.3267 0.1736
vn -0.5872 0.4783 0.6530
vn -0.7712 0.5315 0.3504
vn -0.5439 -0.4675 0.6969
vn -0.5397 -0.4705 0.6981
vn -0.5363 -0.4690 0.7017
vn -0.8131 0.5243 0.2531
vn -0.8120 0.5233 0.2584
vn -0.8101 0.5271 0.2568
vn -0.9220 0.3762 0.0915
vn -0.9219 0.3763 0.0916
vn -0.9220 0.3763 0.0915
vn -0.9988 0.0387 0.0306
vn -0.9986 0.0448 0.0274
vn -0.9983 0.0461 0.0360
vn -0.4526 -0.1851 0.8723
vn -0.4525 -0.1920 0.8709
vn -0.4549 -0.1791 0.8723
vn -0.4798 0.0507 0.8759
vn -0.4713 0.0492 0.8806
vn -0.4749 0.0585 0.8781
vn -0.7988 -0.4403 0.4099
vn -0.8034 -0.4420 0.3990
vn -0.7974 -0.4480 0.4043
vn -0.6221 0.3744 0.6876
vn -0.5798 -0.3957 0.7122
vn -0.5794 -0.3974 0.7116
vn -0.5803 -0.3958 0.7117
vn -0.5280 0.2164 0.8212
vn -0.5255 0.2175 0.8225
vn -0.5241 0.2211 0.8225
vn -0.8593 0.4485 0.2458
vn -0.8604 0.4496 0.2401
vn -0.5292 -0.3059 0.7915
vn -0.5255 -0.3104 0.7922
vn -0.5240 -0.3069 0.7945
vn -0.7539 -0.4176 0.5072
vn -0.7556 -0.4175 0.5047
vn -0.7529 -0.4216 0.5053
vn -0.5351 0.2213 0.8153
vn -0.5378 0.2212 0.8135
vn -0.9732 -0.1585 0.1669
vn -0.9720 -0.1625 0.1696
vn -0.9722 -0.1586 0.1722
vn -0.7803 0.4148 0.4680
vn -0.7794 0.4237 0.4616
vn -0.7786 0.4192 0.4670
vn -0.5433 -0.2414 0.8041
vn -0.5392 -0.2419 0.8067
vn -0.5379 -0.2377 0.8088
vn -0.5239 -0.0229 0.8515
vn -0.5203 -0.0203 0.8537
vn -0.5257 -0.0186 0.8505
vn -0.7513 0.4082 0.5186
vn -0.7533 0.4061 0.5173
vn -0.7540 0.4081 0.5148
vn -0.8852 -0.3248 0.3331
vn -0.8861 -0.3225 0.3328
vn -0.9710 0.1305 0.2004
vn -0.9703 0.1302 0.2037
vn -0.9698 0.1346 0.2035
vn -0.8775 0.3702 0.3048
vn -0.8802 0.3644 0.3040
vn -0.8807 0.3598 0.3082
vn -0.9461 0.2198 0.2380
vn -0.9474 0.2191 0.2334
vn -0.9471 0.2166 0.2369
vn -0.9311 0.2876 0.2244
vn -0.9740 0.1288 0.1863
vn -0.9746 0.1293 0.1826
vn -0.9754 0.1264 0.1803
vn -0.7508 0.3807 0.5398
vn -0.7487 0.3806 0.5428
vn -0.7503 0.3792 0.5416
vn -0.9553 -0.1140 0.2727
vn -0.9572 -0.1094 0.2681
vn -0.9563 -0.1162 0.2682
vn -0.7005 0.3240 0.6358
vn -0.7022 0.3292 0.6313
vn -0.7025 0.3256 0.6329
vn -0.8617 0.3437 0.3732
vn -0.8625 0.3435 0.3715
vn -0.8654 0.3411 0.3671
vn -0.7688 -0.3442 0.5389
vn -0.7673 -0.3400 0.5438
vn -0.7700 -0.3338 0.5438
vn -0.6233 -0.0347 0.7812
vn -0.6152 -0.0301 0.7878
vn -0.6134 -0.0282 0.7893
vn -0.6272 -0.1514 0.7640
vn -0.6250 -0.1564 0.7648
vn -0.6208 -0.1578 0.7679
vn -0.7148 -0.2998 0.6318
vn -0.9039 -0.2163 0.3690
vn -0.9044 -0.2135 0.3695
vn -0.9034 -0.2115 0.3729
vn -0.6801 0.1788 0.7110
vn -0.6785 0.1746 0.7135
vn -0.7131 0.2226 0.6647
vn -0.7178 0.2186 0.6611
vn -0.7090 0.2211 0.6697
vn -0.9578 0.0052 0.2872
vn -0.9578 0.0061 0.2873
vn -0.6810 0.0368 0.7314
vn -0.6829 0.0370 0.7296
vn -0.6837 0.0423 0.7285
vn -0.8764 -0.1945 0.4406
vn -0.8757 -0.1959 0.4414
vn -0.8763 -0.1967 0.4398
vn -0.7274 -0.1704 0.6647
vn -0.7260 -0.1717 0.6660
vn -0.7281 -0.1683 0.6645
vn -0.7940 0.2135 0.5692
vn -0.8948 0.1498 0.4206
vn -0.8984 0.1459 0.4143
vn -0.8930 0.1449 0.4260
vn -0.8751 0.1748 0.4512
vn -0.8741 0.1750 0.4532
vn -0.8761 0.1758 0.4489
vn -0.7873 -0.0773 0.6117
vn -0.7902 -0.0772 0.6080
vn -0.7901 -0.0695 0.6090
vn -0.7778 -0.0023 0.6285
vn -0.8717 -0.0865 0.4823
vn -0.8729 -0.0816 0.4811
vn -0.8717 -0.0793 0.4836
vn -0.9133 0.0372 0.4055
vn -0.9141 0.0364 0.4039
vn -0.8315 0.1690 0.5292
vn -0.8284 0.1672 0.5346
vn -0.8301 0.1757 0.5291
vn 0.7993 -0.1637 -0.5782
vn 0.8190 0.0119 -0.5736
vn 0.8182 0.0115 -0.5748
vn 0.8195 0.0111 -0.5730
vn 0.8857 -0.2300 -0.4033
vn 0.8857 -0.2298 -0.4035
vn 0.9650 -0.1518 -0.2140
vn 0.7170 0.3406 -0.6082
vn 0.9716 -0.1174 -0.2055
vn 0.7440 -0.3851 -0.5460
vn 0.7428 -0.3833 -0.5490
vn 0.7415 -0.3865 -0.5484
vn 0.7408 0.4407 -0.5070
vn 0.7401 0.4383 -0.5100
vn 0.7395 0.4442 -0.5057
vn 0.4246 0.0053 -0.9054
vn 0.3782 0.2864 -0.8803
vn 0.4287 0.5202 -0.7387
vn 0.4271 0.5246 -0.7365
vn 0.4313 0.5164 -0.7398
vn 0.3172 0.4212 -0.8497
vn 0.8419 -0.5255 0.1232
vn 0.7106 -0.6502 -0.2689
vn 0.7104 -0.6506 -0.2684
vn 0.5678 0.5007 -0.6534
vn 0.9418 -0.3331 0.0451
vn 0.9399 -0.3385 0.0458
vn 0.9427 -0.3314 0.0395
vn 0.1801 0.4559 -0.8716
vn 0.7373 -0.6654 -0.1163
vn 0.7361 -0.6669 -0.1158
vn 0.7371 -0.6660 -0.1147
vn 0.6544 -0.6844 -0.3214
vn 0.3895 -0.2059 -0.8977
vn 0.9593 -0.2707 0.0803
vn 0.9609 -0.2663 0.0755
vn 0.9585 -0.2714 0.0874
vn 0.6815 -0.7062 0.1920
vn 0.9774 0.0068 0.2115
vn 0.9780 0.0022 0.2085
vn 0.9791 0.0037 0.2032
vn 0.4589 -0.5237 -0.7178
vn 0.7816 0.5858 -0.2143
vn 0.7731 -0.5425 0.3287
vn 0.7722 -0.5447 0.3273
vn 0.7735 -0.5432 0.3266
vn 0.9640 0.2193 -0.1502
vn 0.9641 0.2192 -0.1502
vn 0.9641 0.2190 -0.1502
vn 0.1507 0.7596 -0.6327
vn 0.1511 0.7596 -0.6326
vn 0.9466 0.2565 0.1951
vn 0.1707 0.4567 -0.8731
vn 0.1684 0.4603 -0.8717
vn 0.1725 0.4603 -0.8708
vn 0.8510 -0.2659 0.4528
vn 0.8531 -0.2644 0.4497
vn 0.8495 -0.2646 0.4564
vn 0.3384 0.7715 -0.5388
vn 0.3408 0.7680 -0.5423
vn 0.3352 0.7695 -0.5436
vn 0.6711 -0.7391 -0.0586
vn 0.6690 -0.7409 -0.0596
vn 0.6691 -0.7410 -0.0568
vn 0.5431 0.8170 -0.1937
vn 0.6516 0.7364 0.1820
vn 0.6519 0.7361 0.1820
vn 0.8376 0.4028 0.3691
vn 0.8376 0.4028 0.3690
vn 0.9196 0.3626 -0.1509
vn 0.1656 0.1467 -0.9752
vn 0.3030 0.8956 -0.3256
vn 0.3437 -0.9338 -0.0996
vn 0.3436 -0.9338 -0.0994
vn 0.6387 -0.7301 0.2430
vn 0.6754 -0.6029 0.4247
vn 0.6735 -0.6054 0.4241
vn 0.6708 -0.6080 0.4246
vn 0.3950 -0.2084 -0.8947
vn -0.2386 0.2091 -0.9484
vn -0.2390 0.2091 -0.9482
vn -0.2443 0.2129 -0.9460
vn 0.1841 -0.7841 -0.5927
vn 0.1794 -0.7815 -0.5976
vn 0.7169 0.6170 -0.3247
vn 0.7146 0.6179 -0.3281
vn 0.7131 0.6149 -0.3367
vn -0.2339 0.0544 -0.9707
vn 0.0046 0.9614 -0.2753
vn 0.0058 0.9606 -0.2780
vn 0.0086 0.9613 -0.2753
vn 0.7479 0.2480 0.6158
vn 0.3519 -0.9117 0.2119
vn 0.7205 -0.2596 0.6430
vn 0.7196 -0.2583 0.6446
vn 0.5806 -0.7716 -0.2599
vn 0.3055 -0.9520 0.0170
vn 0.3033 -0.9529 0.0066
vn 0.3064 -0.9518 0.0114
vn 0.5197 -0.6589 -0.5438
vn 0.5197 -0.6589 -0.5439
vn 0.2891 -0.0724 -0.9546
vn 0.2937 -0.0695 -0.9534
vn 0.2978 -0.0727 -0.9519
vn -0.3633 -0.1837 -0.9134
vn 0.9804 0.1521 0.1254
vn 0.8046 -0.3935 0.4447
vn 0.8047 -0.3935 0.4446
vn 0.8045 -0.3935 0.4448
vn -0.1811 -0.6598 -0.7293
vn -0.1829 -0.6592 -0.7294
vn -0.1845 -0.6597 -0.7286
vn 0.0427 0.9989 -0.0182
vn 0.0954 -0.9939 -0.0549
vn -0.2393 -0.8062 -0.5411
vn 0.3785 0.8791 0.2896
vn 0.5386 -0.4324 0.7231
vn 0.5379 -0.4326 0.7236
vn 0.5379 -0.4317 0.7241
vn 0.6456 0.3650 0.6708
vn 0.6472 0.3624 0.6707
vn 0.6481 0.3648 0.6685
vn 0.4257 0.7492 0.5074
vn 0.4310 0.7473 0.5057
vn 0.4234 0.7531 0.5037
vn 0.5721 -0.6113 0.5468
vn 0.5637 -0.6163 0.5499
vn 0.5680 -0.6152 0.5467
vn 0.4943 -0.8174 0.2958
vn 0.4598 -0.7985 0.3886
vn 0.4599 -0.7956 0.3943
vn 0.4628 -0.7975 0.3870
vn 0.4885 -0.8669 0.0991
vn 0.4909 -0.8657 0.0975
vn 0.4900 -0.8661 0.0990
vn 0.5388 -0.6273 0.5623
vn 0.5352 -0.6259 0.5672
vn 0.5360 -0.6299 0.5622
vn 0.7835 -0.4135 0.4638
vn 0.7818 -0.4168 0.4638
vn 0.7845 -0.4143 0.4614
vn -0.1341 0.9905 0.0310
vn 0.4212 -0.7922 0.4416
vn 0.4239 -0.7897 0.4435
vn 0.4226 -0.7886 0.4467
vn 0.2700 0.7760 0.5701
vn -0.1333 0.9905 0.0340
vn -0.1282 0.9912 0.0332
vn -0.1290 0.9911 0.0315
vn 0.2415 -0.8730 0.4237
vn 0.2378 -0.8754 0.4208
vn 0.2356 -0.8777 0.4173
vn -0.6483 0.0468 -0.7599
vn 0.2307 -0.8915 0.3898
vn 0.2290 -0.8917 0.3904
vn 0.2276 -0.8927 0.3889
vn 0.5037 -0.4407 0.7430
vn 0.4945 -0.4404 0.7494
vn 0.4968 -0.4456 0.7447
vn -0.4639 -0.7433 -0.4819
vn -0.4641 -0.7433 -0.4818
vn -0.4639 -0.7433 -0.4820
vn -0.0154 -0.9946 0.1024
vn -0.0104 -0.9945 0.1038
vn -0.0123 -0.9941 0.1081
vn -0.4667 -0.7368 -0.4891
vn -0.4646 -0.7388 -0.4882
vn -0.4660 -0.7381 -0.4880
vn -0.6503 0.0613 -0.7572
vn 0.4883 0.2053 0.8482
vn -0.0214 -0.9965 0.0812
vn -0.0168 -0.9971 0.0747
vn -0.0154 -0.9964 0.0835
vn 0.3459 0.5693 0.7458
vn 0.4816 -0.1613 0.8614
vn 0.4837 -0.1611 0.8603
vn 0.4836 -0.1619 0.8602
vn 0.3036 -0.7754 0.5538
vn 0.3037 -0.7786 0.5491
vn 0.3121 -0.7751 0.5494
vn 0.5718 -0.1775 0.8010
vn 0.5714 -0.1775 0.8012
vn 0.5716 -0.1776 0.8011
vn 0.1327 -0.9791 0.1542
vn 0.1412 -0.9771 0.1592
vn 0.1344 -0.9780 0.1596
vn 0.4696 -0.4824 0.7394
vn 0.4691 -0.4780 0.7426
vn 0.4717 -0.4771 0.7416
vn 0.3556 -0.7170 0.5996
vn 0.3554 -0.7156 0.6013
vn 0.3559 -0.7178 0.5984
vn -0.2825 -0.7683 -0.5743
vn 0.4714 0.6890 0.5505
vn 0.4722 0.6842 0.5558
vn 0.4757 0.6883 0.5476
vn 0.3945 -0.6268 0.6720
vn 0.3973 -0.6237 0.6732
vn 0.3999 -0.6246 0.6708
vn 0.5510 0.5661 0.6131
vn 0.5545 0.5657 0.6103
vn 0.5531 0.5679 0.6096
vn -0.4028 0.1240 -0.9068
vn -0.4116 0.2006 -0.8890
vn 0.4977 -0.3058 0.8116
vn 0.4944 -0.3089 0.8125
vn 0.4881 -0.3119 0.8151
vn -0.2474 -0.8027 -0.5427
vn -0.4086 -0.4672 -0.7841
vn 0.3445 -0.7244 0.5971
vn 0.3427 -0.7286 0.5930
vn 0.3501 -0.7262 0.5917
vn 0.2560 -0.7688 0.5860
vn 0.2556 -0.7695 0.5853
vn 0.2605 -0.7691 0.5836
vn 0.2998 -0.6478 0.7003
vn 0.3017 -0.6518 0.6958
vn 0.3057 -0.6494 0.6963
vn 0.1401 0.9836 -0.1134
vn 0.4599 0.6760 0.5758
vn 0.4597 0.6760 0.5758
vn 0.4596 0.6761 0.5759
vn 0.0233 0.9758 -0.2173
vn 0.0376 -0.7962 0.6039
vn 0.0381 -0.7951 0.6052
vn 0.0381 -0.7976 0.6020
vn 0.2096 -0.5500 0.8084
vn 0.2052 -0.5533 0.8073
vn 0.2094 -0.5568 0.8038
vn 0.0948 -0.9445 0.3146
vn 0.0990 -0.9439 0.3152
vn 0.0386 -0.7976 0.6020
vn 0.0386 -0.7975 0.6021
vn 0.0385 -0.7977 0.6019
vn 0.4202 -0.2409 0.8749
vn 0.4200 -0.2407 0.8750
vn -0.0384 -0.2122 0.9765
vn -0.0419 -0.2069 0.9775
vn -0.0444 -0.2151 0.9756
vn 0.3535 0.0884 0.9313
vn -0.3874 0.2804 0.8782
vn -0.3648 -0.7969 0.4815
vn -0.3460 -0.9374 -0.0395
vn -0.3472 -0.9368 -0.0440
vn -0.3439 -0.9378 -0.0473
vn -0.0454 -0.9504 0.3077
vn -0.0379 -0.9522 0.3032
vn -0.0414 -0.9492 0.3119
vn 0.1040 -0.4937 0.8634
vn -0.1173 0.9851 0.1257
vn 0.1676 -0.5795 0.7976
vn 0.0615 0.7897 0.6104
vn -0.7283 -0.5927 0.3439
vn -0.7258 -0.5933 0.3483
vn -0.7294 -0.5889 0.3480
vn -0.4163 0.3081 0.8554
vn -0.7246 -0.5743 -0.3810
vn -0.5951 0.7603 0.2603
vn -0.5967 0.7598 0.2582
vn -0.5961 0.7611 0.2557
vn -0.8471 -0.4985 0.1842
vn -0.8472 -0.4943 0.1949
vn -0.8485 -0.4957 0.1856
vn -0.5755 0.7239 0.3805
vn -0.0562 -0.7203 0.6914
vn -0.1567 -0.8951 0.4174
vn -0.5551 -0.8222 -0.1261
vn -0.5523 -0.8236 -0.1293
vn -0.5526 -0.8243 -0.1230
vn 0.0053 0.5675 0.8234
vn -0.9830 -0.0226 -0.1822
vn -0.9829 -0.0291 -0.1818
vn -0.9843 -0.0285 -0.1744
vn 0.1668 -0.4029 0.8999
vn 0.2082 0.2082 0.9557
vn 0.2095 0.2046 0.9562
vn 0.2112 0.2079 0.9551
vn -0.8034 -0.4270 -0.4149
vn -0.8033 -0.4272 -0.4151
vn -0.8033 -0.4271 -0.4150
vn -0.0234 -0.6832 0.7299
vn -0.0235 -0.6831 0.7299
vn -0.7235 0.1046 -0.6823
vn -0.2279 0.5397 0.8105
vn -0.4351 0.8942 0.1051
vn -0.4350 0.8943 0.1051
vn -0.7218 0.4414 -0.5332
vn -0.7221 0.4408 -0.5333
vn -0.7220 0.4413 -0.5329
vn -0.9433 0.1814 -0.2780
vn -0.1197 -0.6207 0.7748
vn -0.1132 -0.6261 0.7715
vn -0.1187 -0.6252 0.7714
vn -0.5460 0.8145 -0.1961
vn -0.0626 -0.5225 0.8503
vn -0.5156 -0.7687 0.3784
vn -0.5153 -0.7693 0.3777
vn -0.5158 -0.7689 0.3778
vn -0.8729 0.3397 -0.3502
vn -0.1224 -0.0248 0.9922
vn -0.1222 -0.0247 0.9922
vn -0.1225 -0.0250 0.9922
vn -0.9408 -0.2665 -0.2092
vn -0.4772 0.7478 0.4616
vn -0.2606 0.1463 0.9543
vn -0.2590 0.1530 0.9537
vn -0.2609 0.1497 0.9537
vn -0.6451 0.7193 0.2576
vn -0.6461 0.7182 0.2584
vn -0.6482 0.7181 0.2533
vn -0.9788 0.1668 -0.1190
vn -0.8424 0.5384 0.0241
vn -0.8599 0.4690 -0.2015
vn -0.0792 -0.2333 0.9692
vn -0.7621 -0.4815 0.4328
vn -0.7606 -0.4829 0.4339
vn -0.7635 -0.4795 0.4325
vn -0.7911 0.6082 0.0648
vn -0.7921 0.6069 0.0650
vn -0.7935 0.6051 0.0648
vn -0.9288 0.3673 -0.0494
vn -0.2455 -0.5935 0.7665
vn -0.6989 0.7151 0.0133
vn -0.6956 0.7184 0.0130
vn -0.6971 0.7169 0.0116
vn -0.4819 -0.5447 0.6863
vn -0.4829 -0.5439 0.6862
vn -0.5913 -0.6928 0.4128
vn -0.5886 0.1667 0.7910
vn -0.9295 -0.1736 0.3253
vn -0.8727 -0.4043 0.2739
vn -0.8727 -0.4043 0.2738
vn -0.3887 -0.3230 0.8629
vn -0.5906 0.0926 0.8016
vn -0.8146 0.3971 0.4227
vn -0.6485 0.1140 0.7526
vn -0.9280 -0.1698 0.3317
vn -0.4747 -0.2607 0.8406
vn -0.4723 -0.2569 0.8432
vn -0.4700 -0.2635 0.8424
vn -0.7668 0.0096 0.6418
vn -0.7687 0.0115 0.6395
vn -0.7677 0.0127 0.6406
vn -0.8613 -0.1231 0.4930
vn -0.8616 -0.1159 0.4942
vn -0.8623 -0.1194 0.4920
vn -0.7921 0.2675 0.5487
vn -0.7920 0.2677 0.5486
vn -0.7921 0.2676 0.5487
vn -0.7737 -0.1094 0.6240
vn 0.8715 0.0823 -0.4835
vn 0.8714 0.0824 -0.4836
vn 0.8716 0.0823 -0.4833
vn 0.9256 0.0387 -0.3764
vn 0.3105 -0.2714 -0.9110
vn 0.3102 -0.2714 -0.9111
vn 0.8795 0.4063 -0.2477
vn 0.6150 -0.2963 -0.7307
vn 0.6151 -0.2965 -0.7306
vn 0.6151 -0.2964 -0.7306
vn 0.9897 0.1318 -0.0552
vn 0.9895 0.1339 -0.0536
vn 0.9901 0.1306 -0.0523
vn 0.9732 0.1295 -0.1898
vn 0.9729 0.1295 -0.1915
vn 0.9729 0.1306 -0.1907
vn 0.9105 0.3976 0.1134
vn -0.0042 -0.2728 -0.9621
vn 0.4691 0.3592 -0.8068
vn 0.4188 -0.3670 -0.8306
vn 0.8136 0.5724 0.1022
vn 0.0613 0.9424 0.3288
vn 0.6626 0.6989 0.2693
vn 0.6657 0.6950 0.2717
vn 0.6592 0.7006 0.2734
vn -0.1621 0.9717 -0.1718
vn -0.1629 0.9727 -0.1655
vn -0.1580 0.9741 -0.1618
vn 0.8481 0.4482 0.2825
vn 0.9187 0.3041 0.2519
vn 0.9174 0.3056 0.2548
vn 0.9171 0.3076 0.2535
vn -0.5282 -0.3317 -0.7817
vn 0.0522 -0.4785 -0.8765
vn 0.0534 -0.4896 -0.8703
vn 0.0522 -0.4842 -0.8734
vn 0.8828 0.3125 0.3506
vn 0.8790 0.3177 0.3556
vn 0.8822 0.3086 0.3557
vn -0.4050 -0.4460 -0.7981
vn 0.7043 0.5594 0.4371
vn 0.7043 0.5595 0.4370
vn 0.7043 0.5595 0.4369
vn 0.5212 0.7123 0.4701
vn 0.9938 -0.0125 -0.1108
vn 0.9938 -0.0134 -0.1107
vn 0.9937 -0.0131 -0.1115
vn -0.0764 -0.4900 -0.8684
vn -0.0790 -0.4956 -0.8649
vn -0.0798 -0.4920 -0.8669
vn -0.9455 -0.0498 -0.3219
vn -0.9458 -0.0493 -0.3209
vn -0.9460 -0.0457 -0.3209
vn 0.6004 0.5636 0.5673
vn 0.8320 -0.2654 -0.4871
vn 0.8348 -0.2754 -0.4767
vn 0.8346 -0.2681 -0.4812
vn -0.3062 0.7971 0.5205
vn -0.3066 0.7969 0.5205
vn -0.3068 0.7967 0.5208
vn 0.1979 0.7724 0.6035
vn -0.9916 0.1174 -0.0544
vn -0.9916 0.1173 -0.0543
vn -0.8784 -0.1649 -0.4485
vn 0.3773 -0.5095 -0.7733
vn 0.3782 -0.5083 -0.7737
vn 0.3779 -0.5086 -0.7736
vn 0.8065 -0.2967 -0.5113
vn 0.9876 0.1033 0.1186
vn 0.9878 0.1041 0.1158
vn 0.9872 0.1062 0.1192
vn 0.9183 0.2227 0.3273
vn 0.9173 0.2287 0.3259
vn 0.9163 0.2249 0.3313
vn 0.6756 0.4555 0.5798
vn -0.6609 0.6106 0.4364
vn -0.6610 0.6106 0.4362
vn -0.7213 -0.3849 -0.5758
vn 0.1250 0.6876 0.7153
vn 0.1277 0.6886 0.7138
vn 0.1284 0.6911 0.7113
vn -0.0192 0.6620 0.7493
vn -0.0187 0.6608 0.7503
vn -0.0187 0.6632 0.7482
vn -0.7175 -0.4217 -0.5545
vn -0.7201 -0.4199 -0.5524
vn -0.7206 -0.4166 -0.5543
vn -0.3514 -0.5550 -0.7539
vn -0.6436 0.5258 0.5561
vn -0.6435 0.5259 0.5562
vn -0.6436 0.5258 0.5562
vn 0.8413 -0.0318 -0.5397
vn 0.8390 -0.0289 -0.5434
vn 0.8439 -0.0229 -0.5360
vn 0.8681 0.1215 -0.4813
vn 0.8656 0.1193 -0.4863
vn 0.8667 0.1212 -0.4839
vn 0.8531 0.0401 -0.5202
vn 0.8510 0.0339 -0.5241
vn 0.8517 0.0431 -0.5223
vn 0.7487 -0.2514 -0.6134
vn 0.8822 0.0377 -0.4694
vn 0.8800 0.0403 -0.4732
vn 0.8861 0.0344 -0.4622
vn 0.5725 0.4561 0.6813
vn 0.5686 0.4592 0.6825
vn 0.5766 0.4502 0.6818
vn -0.8919 -0.2412 -0.3824
vn -0.8929 -0.2334 -0.3851
vn -0.8921 -0.2425 -0.3812
vn -0.2378 -0.6293 -0.7399
vn -0.2381 -0.6264 -0.7422
vn -0.2354 -0.6249 -0.7443
vn 0.6120 -0.4902 -0.6207
vn 0.6143 -0.4885 -0.6196
vn 0.6142 -0.4906 -0.6180
vn 0.7172 0.3270 0.6154
vn 0.7151 0.3297 0.6164
vn 0.7151 0.3291 0.6167
vn 0.8126 -0.1530 -0.5624
vn 0.8100 -0.1472 -0.5676
vn 0.8137 -0.1466 -0.5626
vn 0.9364 0.1777 -0.3027
vn 0.9352 0.1807 -0.3047
vn 0.9362 0.1823 -0.3005
vn 0.8194 0.3739 -0.4345
vn 0.9329 0.1106 -0.3427
vn 0.6743 -0.2958 -0.6767
vn 0.7934 0.3889 -0.4683
vn 0.7934 0.3870 -0.4698
vn 0.7927 0.3915 -0.4673
vn 0.6372 -0.1299 -0.7597
vn 0.8863 0.0884 -0.4546
vn -0.0705 0.5525 0.8305
vn 0.8627 0.1628 -0.4788
vn 0.8611 0.1616 -0.4820
vn 0.8638 0.1652 -0.4759
vn 0.8617 0.4833 -0.1544
vn 0.8613 0.4840 -0.1545
vn 0.8608 0.4848 -0.1551
vn 0.9892 0.1252 -0.0761
vn 0.9892 0.1249 -0.0764
vn 0.9891 0.1277 -0.0736
vn 0.5800 -0.2712 -0.7681
vn 0.5758 -0.2676 -0.7725
vn 0.5786 -0.2603 -0.7729
vn 0.5620 -0.3518 -0.7486
vn 0.5543 -0.3513 -0.7546
vn 0.5589 -0.3465 -0.7534
vn -0.9947 0.0607 0.0830
vn 0.8812 0.4190 -0.2189
vn 0.8828 0.4174 -0.2155
vn 0.8828 0.4148 -0.2207
vn 0.8233 0.5614 -0.0833
vn 0.8231 0.5617 -0.0837
vn 0.3749 -0.7031 -0.6042
vn 0.3762 -0.7052 -0.6009
vn 0.3731 -0.7073 -0.6004
vn 0.7155 0.0010 -0.6986
vn 0.8956 0.4403 -0.0639
vn 0.8931 0.4459 -0.0588
vn 0.8957 0.4415 -0.0536
vn 0.5293 -0.2702 -0.8043
vn 0.5249 -0.2746 -0.8056
vn 0.5284 -0.2640 -0.8069
vn 0.7466 0.3218 0.5822
vn 0.7458 0.3259 0.5810
vn 0.7433 0.3278 0.5831
vn 0.6787 -0.2173 -0.7016
vn 0.6795 -0.2028 -0.7051
vn 0.6807 -0.2107 -0.7017
vn 0.8486 0.2071 -0.4868
vn -0.2505 -0.6282 -0.7366
vn 0.5910 -0.4686 -0.6566
vn 0.5862 -0.4696 -0.6602
vn 0.5947 -0.4644 -0.6563
vn 0.7311 -0.1764 -0.6591
vn 0.7311 -0.1765 -0.6591
vn 0.9530 0.2194 0.2089
vn 0.3087 0.5012 0.8084
vn 0.3025 0.4984 0.8125
vn 0.3054 0.4924 0.8150
vn 0.4626 -0.5276 -0.7125
vn 0.6254 -0.0968 -0.7743
vn 0.1772 -0.8366 -0.5183
vn 0.1777 -0.8373 -0.5170
vn 0.1779 -0.8372 -0.5171
vn 0.4163 -0.4927 -0.7642
vn 0.4119 -0.4943 -0.7655
vn 0.4205 -0.4899 -0.7636
vn 0.9784 -0.0308 -0.2044
vn 0.9777 -0.0265 -0.2082
vn 0.9778 -0.0250 -0.2079
vn 0.7408 0.6647 0.0969
vn 0.3588 -0.5870 -0.7258
vn 0.3533 -0.5868 -0.7285
vn 0.3667 -0.5840 -0.7242
vn 0.2411 -0.1548 -0.9581
vn 0.2402 -0.1552 -0.9582
vn 0.2407 -0.1545 -0.9582
vn 0.6504 0.7596 0.0032
vn 0.6478 0.7618 -0.0013
vn 0.6462 0.7631 0.0040
vn 0.7484 0.2037 -0.6312
vn 0.7486 0.2035 -0.6310
vn 0.5737 -0.0337 -0.8184
vn 0.8002 -0.2148 -0.5600
vn 0.9988 0.0192 0.0460
vn 0.9987 0.0174 0.0478
vn 0.9987 0.0197 0.0471
vn 0.0818 -0.2021 -0.9759
vn 0.3710 -0.6258 -0.6861
vn -0.9753 -0.1441 -0.1675
vn 0.3243 -0.5649 -0.7588
vn 0.3203 -0.5686 -0.7577
vn 0.3192 -0.5645 -0.7612
vn -0.8545 0.2931 0.4290
vn 0.8530 0.5174 0.0691
vn 0.8470 0.5260 0.0772
vn 0.8507 0.5202 0.0750
vn 0.5664 -0.0322 -0.8235
vn 0.6526 0.7570 0.0329
vn 0.6574 0.7527 0.0362
vn 0.6563 0.7539 0.0306
vn -0.9994 -0.0344 0.0036
vn 0.2683 -0.0528 -0.9619
vn 0.6067 0.7361 -0.3002
vn 0.6104 0.7353 -0.2945
vn 0.6089 0.7352 -0.2979
vn 0.6006 -0.0517 -0.7979
vn 0.6037 -0.0502 -0.7957
vn 0.6008 -0.0524 -0.7977
vn 0.0926 -0.4276 -0.8992
vn 0.1114 -0.4211 -0.9001
vn 0.1313 -0.4213 -0.8974
vn 0.5593 -0.5059 -0.6567
vn 0.1280 -0.6732 -0.7283
vn 0.7532 0.6398 -0.1529
vn 0.7531 0.6399 -0.1529
vn 0.8178 0.2233 0.5305
vn 0.8197 0.2335 0.5231
vn 0.8152 0.2313 0.5310
vn 0.8782 0.3912 0.2752
vn 0.8198 0.2049 0.5348
vn -0.4559 0.4359 0.7760
vn -0.4574 0.4414 0.7720
vn -0.4580 0.4282 0.7790
vn 0.6186 0.1953 -0.7611
vn 0.8288 0.4210 0.3686
vn 0.8294 0.4235 0.3644
vn 0.8283 0.4232 0.3672
vn 0.6871 0.3268 -0.6489
vn 0.6841 0.3282 -0.6514
vn 0.6897 0.3251 -0.6470
vn 0.7657 0.6409 -0.0535
vn 0.8341 0.5296 0.1543
vn 0.8323 0.5332 0.1515
vn 0.8298 0.5360 0.1554
vn 0.4527 0.8913 -0.0262
vn 0.3547 0.3215 -0.8780
vn 0.3547 0.3214 -0.8780
vn 0.5572 0.7672 -0.3179
vn 0.5499 0.7705 -0.3224
vn 0.5443 0.7753 -0.3203
vn -0.0009 -0.6574 -0.7535
vn 0.5281 0.3387 -0.7787
vn 0.5280 0.3387 -0.7788
vn 0.5278 0.3388 -0.7788
vn 0.5693 0.6376 -0.5190
vn 0.5682 0.6379 -0.5198
vn 0.5689 0.6370 -0.5201
vn 0.6558 0.3056 0.6903
vn -0.7901 0.2869 0.5416
vn -0.7886 0.2913 0.5416
vn -0.7894 0.2889 0.5416
vn -0.0732 -0.0653 -0.9952
vn 0.5563 0.7899 0.2581
vn 0.5610 0.7895 0.2490
vn 0.5566 0.7917 0.2519
vn -0.2762 -0.2012 -0.9398
vn -0.1372 -0.0015 -0.9905
vn -0.1440 0.0078 -0.9896
vn -0.1386 0.0047 -0.9903
vn 0.5365 0.8193 -0.2024
vn -0.9775 -0.0083 0.2106
vn -0.9776 -0.0050 0.2105
vn -0.9785 -0.0053 0.2063
vn 0.6694 0.4251 0.6093
vn 0.4806 0.8735 0.0774
vn 0.4817 0.8729 0.0776
vn 0.4815 0.8730 0.0773
vn -0.8671 0.1757 0.4660
vn -0.8661 0.1764 0.4677
vn -0.8673 0.1776 0.4650
vn 0.5979 0.7084 0.3751
vn 0.5971 0.7149 0.3640
vn 0.5953 0.7157 0.3652
vn 0.0721 -0.3936 -0.9164
vn 0.0722 -0.3936 -0.9164
vn 0.0722 -0.3937 -0.9164
vn -0.0868 -0.2942 -0.9518
vn -0.9817 -0.0611 0.1803
vn -0.9813 -0.0621 0.1822
vn -0.9822 -0.0567 0.1792
vn 0.4039 0.9024 0.1501
vn 0.6796 0.6429 0.3533
vn 0.6796 0.6444 0.3506
vn 0.6789 0.6442 0.3522
vn -0.2214 -0.6530 -0.7243
vn -0.2210 -0.6551 -0.7225
vn -0.2202 -0.6523 -0.7253
vn -0.2785 -0.2997 -0.9125
vn -0.2739 -0.3032 -0.9127
vn -0.2814 -0.3044 -0.9100
vn 0.5445 0.6543 0.5249
vn -0.1176 -0.6409 -0.7585
vn -0.2432 -0.5661 -0.7876
vn -0.2433 -0.5661 -0.7877
vn -0.2433 -0.5660 -0.7877
vn -0.4635 0.3302 0.8223
vn -0.4674 0.3222 0.8233
vn -0.4662 0.3281 0.8216
vn -0.5555 -0.2538 -0.7919
vn -0.5588 -0.2564 -0.7887
vn -0.5522 -0.2519 -0.7947
vn -0.3879 0.0807 -0.9181
vn -0.0554 0.1641 -0.9849
vn 0.4951 0.6197 0.6089
vn 0.4936 0.6247 0.6050
vn 0.4886 0.6226 0.6113
vn 0.5965 0.6769 0.4312
vn 0.0200 0.7549 -0.6555
vn -0.5866 0.2046 0.7836
vn -0.5864 0.2047 0.7837
vn -0.6704 0.1811 0.7195
vn -0.6664 0.1837 0.7226
vn -0.6705 0.1867 0.7181
vn -0.0911 -0.9073 -0.4104
vn -0.0918 -0.9092 -0.4060
vn -0.0958 -0.9082 -0.4073
vn -0.6453 0.2347 0.7270
vn -0.4204 -0.3228 -0.8480
vn -0.4227 -0.3177 -0.8487
vn -0.4190 -0.3187 -0.8502
vn 0.4316 0.4889 0.7581
vn 0.4319 0.4888 0.7580
vn 0.4316 0.4888 0.7581
vn -0.4745 -0.6493 -0.5943
vn -0.4704 -0.6517 -0.5950
vn -0.4676 -0.6562 -0.5922
vn 0.3873 0.8757 -0.2885
vn -0.7302 -0.4523 -0.5121
vn -0.7310 -0.4500 -0.5129
vn -0.7311 -0.4503 -0.5127
vn 0.8852 -0.4538 -0.1026
vn 0.8852 -0.4539 -0.1019
vn 0.8846 -0.4545 -0.1041
vn 0.1950 0.9359 0.2934
vn 0.1939 0.9360 0.2939
vn 0.1944 0.9362 0.2929
vn -0.2033 -0.8394 -0.5041
vn 0.1456 0.9764 0.1596
vn 0.1456 0.9764 0.1597
vn -0.6009 -0.3601 -0.7136
vn -0.6009 -0.3597 -0.7138
vn -0.6010 -0.3599 -0.7136
vn -0.1331 -0.7493 -0.6487
vn 0.3576 0.7255 0.5880
vn 0.3552 0.7207 0.5954
vn 0.3586 0.7285 0.5837
vn -0.4846 -0.5309 -0.6952
vn 0.2972 0.8549 0.4253
vn 0.2968 0.8550 0.4253
vn 0.2970 0.8550 0.4252
vn -0.6669 0.0419 0.7439
vn -0.6726 0.0483 0.7385
vn -0.6761 0.0533 0.7349
vn -0.5252 -0.3770 -0.7629
vn -0.5253 -0.3770 -0.7629
vn -0.5255 -0.3769 -0.7627
vn 0.9549 -0.0296 -0.2954
vn 0.9554 -0.0308 -0.2938
vn 0.9544 -0.0326 -0.2969
vn 0.8855 -0.0796 -0.4577
vn 0.8858 -0.0795 -0.4573
vn 0.8857 -0.0796 -0.4574
vn 0.9735 0.1540 -0.1692
vn 0.9329 0.1153 -0.3412
vn 0.9338 0.1108 -0.3402
vn 0.9320 0.1121 -0.3446
vn 0.9164 0.1801 -0.3576
vn 0.3989 0.4773 0.7830
vn -0.1951 0.9681 -0.1572
vn -0.2969 0.9240 0.2411
vn -0.2957 0.9246 0.2401
vn -0.2963 0.9245 0.2397
vn 0.3010 0.6124 0.7310
vn 0.2965 0.6114 0.7337
vn 0.2970 0.6117 0.7332
vn -0.5279 -0.2562 -0.8098
vn -0.5334 -0.2573 -0.8058
vn -0.5270 -0.2585 -0.8096
vn 0.1952 0.5690 0.7989
vn -0.0495 0.9586 0.2805
vn -0.0532 0.9582 0.2812
vn -0.0512 0.9581 0.2817
vn 0.2600 0.7220 0.6412
vn 0.2674 0.7204 0.6399
vn 0.2637 0.7229 0.6386
vn 0.0251 0.9090 0.4161
vn 0.0224 0.9072 0.4202
vn 0.0201 0.9086 0.4171
vn -0.7279 0.5573 -0.3996
vn 0.6301 -0.0509 -0.7749
vn 0.6244 -0.0629 -0.7786
vn -0.4220 -0.7664 -0.4843
vn -0.4208 -0.7662 -0.4857
vn -0.4215 -0.7676 -0.4829
vn -0.0374 0.9255 0.3770
vn -0.0376 0.9254 0.3772
vn -0.1413 0.9844 0.1046
vn -0.8883 -0.0866 -0.4510
vn -0.6019 -0.3256 -0.7292
vn -0.5999 -0.3307 -0.7285
vn -0.6037 -0.3272 -0.7270
vn -0.7942 0.0216 -0.6073
vn -0.7920 0.0206 -0.6102
vn -0.7923 0.0172 -0.6099
vn -0.7616 0.6428 0.0821
vn 0.9342 0.2967 -0.1979
vn -0.6052 -0.7545 -0.2537
vn -0.6042 -0.7550 -0.2547
vn -0.6040 -0.7558 -0.2530
vn -0.6516 -0.6728 -0.3503
vn -0.1098 0.9522 0.2851
vn -0.1186 0.9512 0.2849
vn -0.1181 0.9492 0.2917
vn -0.7862 -0.2855 -0.5481
vn -0.7859 -0.2864 -0.5480
vn -0.9634 0.2324 -0.1337
vn 0.3001 0.2953 0.9071
vn 0.2933 0.2940 0.9097
vn 0.2996 0.2895 0.9091
vn -0.9440 0.3196 -0.0820
vn -0.0533 0.7517 0.6573
vn -0.0533 0.7518 0.6573
vn -0.7910 -0.5586 -0.2497
vn 0.0052 0.1754 0.9845
vn 0.0062 0.1688 0.9856
vn 0.0108 0.1736 0.9848
vn -0.0729 0.6441 0.7615
vn -0.0730 0.6443 0.7613
vn -0.6748 0.6824 0.2811
vn 0.2678 0.2434 0.9322
vn 0.2674 0.2459 0.9317
vn 0.2679 0.2464 0.9314
vn -0.3737 -0.9090 -0.1845
vn -0.3752 -0.9087 -0.1827
vn -0.3731 -0.9104 -0.1786
vn 0.2212 0.3253 0.9194
vn 0.2193 0.3218 0.9210
vn 0.2228 0.3196 0.9210
vn 0.9247 0.3333 -0.1842
vn -0.0964 0.5510 0.8289
vn -0.0994 0.5487 0.8301
vn -0.0920 0.5511 0.8294
vn 0.0821 0.8279 0.5548
vn 0.0820 0.8279 0.5549
vn 0.0821 0.8280 0.5547
vn -0.8192 0.4945 0.2905
vn -0.8195 0.4942 0.2902
vn -0.8190 0.4946 0.2909
vn -0.9669 0.0084 0.2550
vn -0.9670 0.0085 0.2548
vn -0.9668 0.0084 0.2553
vn -0.6291 0.1783 0.7566
vn -0.6291 0.1782 0.7566
vn -0.4681 -0.8799 -0.0812
vn -0.4686 -0.8797 -0.0806
vn -0.4683 -0.8798 -0.0811
vn -0.8367 0.2206 0.5013
vn -0.8365 0.2208 0.5015
vn -0.0327 0.6100 0.7917
vn -0.0264 0.6151 0.7880
vn -0.0334 0.6157 0.7873
vn -0.1911 0.8531 0.4855
vn -0.1977 0.8537 0.4818
vn -0.1995 0.8495 0.4884
vn -0.7919 -0.5582 -0.2476
vn -0.5076 0.6464 0.5697
vn -0.7909 -0.6118 -0.0148
vn -0.7918 -0.6106 -0.0148
vn -0.7926 -0.6096 -0.0128
vn -0.8652 -0.1244 -0.4858
vn -0.9457 -0.2405 -0.2185
vn -0.1152 0.8175 0.5643
vn -0.1144 0.8169 0.5653
vn -0.1129 0.8174 0.5648
vn -0.8645 -0.1261 -0.4866
vn -0.8664 -0.1307 -0.4820
vn -0.8667 -0.1296 -0.4817
vn -0.8606 -0.4401 0.2564
vn -0.8606 -0.4401 0.2563
vn -0.8604 -0.4401 0.2568
vn -0.2832 0.7029 0.6525
vn -0.2840 0.6992 0.6561
vn -0.2783 0.7048 0.6525
vn -0.7148 -0.6979 -0.0436
vn -0.9045 -0.3817 -0.1901
vn -0.9068 -0.3795 -0.1836
vn -0.9065 -0.3787 -0.1868
vn -0.1365 0.7374 0.6615
vn -0.1333 0.7406 0.6586
vn -0.1411 0.7379 0.6600
vn -0.2375 0.7367 0.6331
vn -0.8330 -0.5434 -0.1044
vn -0.8328 -0.5420 -0.1128
vn -0.8306 -0.5461 -0.1092
vn -0.4100 0.5852 0.6996
vn -0.9089 0.2633 0.3233
vn -0.9090 0.2632 0.3231
vn -0.7977 -0.6006 0.0538
vn -0.7985 -0.5993 0.0566
vn -0.7981 -0.6005 0.0503
vn -0.6024 -0.7974 -0.0354
vn -0.6038 -0.7963 -0.0372
vn -0.6029 -0.7969 -0.0384
vn -0.8821 0.3110 0.3539
vn -0.8836 0.3040 0.3561
vn -0.8802 0.3084 0.3607
vn -0.9228 -0.3752 -0.0880
vn -0.9198 -0.3820 -0.0897
vn -0.9212 -0.3800 -0.0833
vn -0.2295 0.6731 0.7031
vn -0.2248 0.6759 0.7018
vn -0.2270 0.6765 0.7006
vn -0.3704 0.4386 0.8188
vn -0.9637 0.2040 0.1723
vn -0.9609 0.2080 0.1828
vn -0.9621 0.2078 0.1766
vn 0.5521 -0.0102 -0.8337
vn 0.6961 0.1502 -0.7020
vn 0.7218 0.1714 -0.6706
vn 0.7521 0.1540 -0.6408
vn -0.7627 0.5292 0.3718
vn -0.9835 -0.1620 -0.0799
vn -0.9846 -0.1560 -0.0790
vn -0.9826 -0.1648 -0.0853
vn 0.1784 0.3343 0.9254
vn -0.9354 -0.1550 0.3178
vn -0.9376 -0.1473 0.3150
vn -0.9367 -0.1515 0.3156
vn -0.8607 -0.5091 0.0013
vn -0.4759 0.5647 0.6743
vn -0.4768 0.5641 0.6741
vn -0.4750 0.5648 0.6748
vn -0.9392 0.2224 0.2617
vn -0.9404 0.2248 0.2552
vn -0.9411 0.2180 0.2586
vn -0.8773 -0.2923 0.3805
vn -0.8760 -0.2884 0.3865
vn -0.8791 -0.2853 0.3818
vn -0.4707 0.0953 0.8771
vn -0.6101 0.6392 0.4681
vn -0.6122 0.6332 0.4735
vn -0.6055 0.6390 0.4744
vn -0.9494 -0.1511 -0.2752
vn -0.9609 -0.1809 0.2094
vn -0.5410 0.6111 0.5778
vn 0.2245 -0.1705 -0.9594
vn -0.6408 0.5463 0.5393
vn 0.8597 0.4905 0.1426
vn 0.8595 0.4936 0.1330
vn 0.8567 0.4962 0.1407
vn -0.8280 -0.1006 0.5516
vn -0.2659 0.2971 0.9171
vn -0.2611 0.3031 0.9165
vn -0.2599 0.3100 0.9145
vn -0.8659 0.2320 0.4432
vn -0.9382 0.0840 0.3358
vn -0.4939 0.4435 0.7479
vn -0.4904 0.4428 0.7506
vn -0.4918 0.4441 0.7489
vn -0.5876 -0.6309 -0.5066
vn 0.5920 0.4717 0.6535
vn 0.5941 0.4755 0.6489
vn 0.5929 0.4808 0.6460
vn 0.8062 0.5744 0.1421
vn 0.8066 0.5749 0.1375
vn 0.8055 0.5740 0.1471
vn 0.2174 0.3334 0.9174
vn 0.2162 0.3343 0.9174
vn 0.2153 0.3332 0.9179
vn -0.5352 0.5551 0.6367
vn -0.5189 0.1824 0.8351
vn -0.8774 0.1616 0.4517
vn -0.8777 0.1613 0.4513
vn -0.8775 0.1617 0.4514
vn -0.5974 0.3666 0.7132
vn -0.5975 0.3645 0.7142
vn -0.5958 0.3682 0.7137
vn -0.6749 -0.6080 -0.4182
vn -0.6760 -0.6023 -0.4247
vn -0.6783 -0.6041 -0.4183
vn -0.9723 -0.0483 0.2285
vn -0.8849 0.0905 0.4570
vn -0.8826 0.0937 0.4607
vn -0.8842 0.0975 0.4569
vn -0.9117 -0.3335 0.2400
vn -0.9097 -0.3396 0.2389
vn -0.9108 -0.3314 0.2463
vn 0.7508 0.3174 -0.5792
vn 0.7509 0.3125 -0.5818
vn 0.7499 0.3165 -0.5809
vn -0.9160 -0.2591 0.3064
vn -0.8604 0.1783 0.4774
vn -0.8604 0.1749 0.4787
vn -0.8605 0.1815 0.4760
vn 0.3545 -0.0957 -0.9301
vn 0.3533 -0.0966 -0.9305
vn 0.3526 -0.0954 -0.9309
vn -0.9106 0.0247 0.4126
vn -0.9127 0.0303 0.4075
vn -0.9111 0.0300 0.4112
vn -0.8371 -0.4422 0.3222
vn -0.8832 -0.2166 0.4160
vn -0.8844 -0.2110 0.4164
vn -0.8867 -0.2112 0.4114
vn -0.6803 0.2362 0.6939
vn -0.6834 0.2410 0.6891
vn -0.6865 0.2416 0.6858
vn -0.2244 -0.3750 -0.8994
vn -0.9303 -0.1262 0.3444
vn 0.8205 0.5386 -0.1916
vn 0.8201 0.5390 -0.1923
vn 0.8196 0.5396 -0.1926
vn -0.6917 0.3145 0.6501
vn -0.6905 0.3123 0.6524
vn -0.6885 0.3110 0.6552
vn -0.8190 -0.0015 0.5738
vn -0.8199 0.0050 0.5724
vn -0.8190 -0.0007 0.5738
vn 0.6317 0.2559 -0.7318
vn -0.8840 -0.1393 0.4462
vn -0.8868 -0.1412 0.4400
vn -0.8867 -0.1433 0.4395
vn -0.7955 0.1038 0.5970
vn -0.7985 0.1033 0.5931
vn -0.7992 0.0987 0.5928
vn -0.8992 -0.0110 0.4374
vn -0.8997 -0.0012 0.4366
vn -0.9020 -0.0066 0.4317
vn -0.8841 -0.1425 0.4451
vn -0.8840 -0.1447 0.4446
vn -0.8829 -0.1426 0.4473
vn 0.2373 -0.1619 -0.9579
vn 0.2367 -0.1553 -0.9591
vn 0.2432 -0.1658 -0.9557
vn -0.8751 -0.4834 0.0222
vn -0.8711 -0.4905 0.0220
vn -0.8730 -0.4870 0.0267
vn 0.3596 0.4502 0.8174
vn 0.3654 0.4543 0.8125
vn 0.3603 0.4550 0.8143
vn -0.5095 -0.5631 -0.6507
vn -0.5096 -0.5643 -0.6496
vn -0.5089 -0.5642 -0.6501
vn 0.2934 0.4789 0.8274
vn -0.2664 0.1901 0.9449
vn -0.2664 0.1896 0.9450
vn -0.2649 0.1888 0.9456
vn 0.4159 0.6331 0.6529
vn -0.8063 -0.2141 0.5515
vn -0.3305 -0.4018 -0.8540
vn -0.3299 -0.4018 -0.8543
vn -0.3307 -0.4012 -0.8542
vn 0.5738 0.4738 -0.6680
vn 0.5772 0.4734 -0.6654
vn 0.5764 0.4703 -0.6682
vn -0.5419 -0.4719 -0.6955
vn -0.5428 -0.4699 -0.6961
vn -0.5417 -0.4702 -0.6967
vn -0.4917 0.0478 0.8694
vn -0.4924 0.0466 0.8691
vn -0.4912 0.0464 0.8698
vn -0.8818 -0.4671 0.0657
vn -0.8823 -0.4664 0.0634
vn -0.8810 -0.4688 0.0642
vn 0.6319 0.7750 0.0059
vn -0.5416 0.0036 0.8407
vn -0.5298 0.0219 0.8478
vn -0.5577 -0.0075 0.8300
vn 0.6113 0.6105 -0.5036
vn 0.6110 0.6120 -0.5021
vn 0.6115 0.6092 -0.5050
vn 0.4224 0.8036 0.4192
vn 0.3097 0.6737 0.6710
vn 0.3099 0.6759 0.6686
vn 0.3088 0.6784 0.6666
vn 0.0721 -0.0034 -0.9974
vn -0.9031 -0.4189 -0.0946
vn -0.9037 -0.4174 -0.0953
vn -0.9039 -0.4168 -0.0956
vn 0.0325 0.5976 0.8011
vn -0.1486 0.3422 0.9278
vn -0.5482 -0.3003 -0.7805
vn -0.3339 -0.1520 -0.9303
vn -0.3288 -0.1522 -0.9320
vn -0.3313 -0.1586 -0.9301
vn -0.8532 -0.4351 -0.2875
vn -0.8549 -0.4351 -0.2824
vn -0.8553 -0.4325 -0.2852
vn -0.8802 -0.2257 0.4175
vn -0.8802 -0.2258 0.4175
vn -0.2005 0.3733 0.9058
vn -0.2091 0.3695 0.9054
vn -0.2039 0.3674 0.9075
vn 0.1061 0.7909 0.6026
vn -0.0498 0.9580 0.2825
vn -0.1448 0.6166 0.7739
vn -0.1447 0.6165 0.7739
vn -0.1450 0.6166 0.7738
vn -0.9077 -0.2967 -0.2966
vn -0.6083 0.7628 0.2195
vn -0.9271 -0.3088 -0.2122
vn -0.9273 -0.3053 -0.2164
vn -0.9270 -0.3070 -0.2153
vn -0.4731 0.4349 0.7662
vn -0.4730 0.4350 0.7662
vn -0.7973 0.4464 0.4062
vn -0.6287 0.2021 0.7509
vn -0.7895 -0.0398 0.6125
vn -0.7894 -0.0325 0.6130
vn -0.7923 -0.0447 0.6085
vn -0.7712 0.0512 0.6345
vn -0.8654 0.0834 0.4942
vn 0.8467 -0.0297 -0.5312
vn 0.8467 -0.0297 -0.5313
usemtl Default_OBJ.020
s off
f 2//1 5//1 1//1
f 1//2 3//3 2//4
f 1//5 4//6 3//7
f 5//8 7//9 1//9
f 5//10 2//11 6//12
f 7//13 10//14 1//15
f 10//16 4//17 1//18
f 2//19 9//20 8//21
f 2//22 3//23 9//24
f 2//25 8//26 6//27
f 5//28 6//28 11//28
f 7//29 12//30 10//31
f 5//32 13//33 7//34
f 5//35 11//36 13//37
f 6//38 17//39 11//40
f 3//41 15//41 9//41
f 8//42 14//43 6//44
f 4//45 16//45 3//45
f 13//46 23//47 7//48
f 17//49 6//49 18//49
f 14//50 18//51 6//52
f 19//53 12//54 7//55
f 9//56 15//56 21//57
f 12//58 22//59 10//59
f 20//60 4//61 10//62
f 3//63 24//63 15//63
f 7//64 23//65 19//66
f 22//67 20//67 10//67
f 11//68 27//69 13//70
f 8//71 25//72 14//73
f 3//74 16//75 24//76
f 9//77 25//78 8//79
f 20//80 16//80 4//80
f 9//81 21//82 25//83
f 22//84 12//85 26//86
f 31//87 26//88 12//89
f 17//90 27//91 11//92
f 20//93 29//94 16//95
f 17//96 18//96 28//96
f 13//97 27//98 23//99
f 18//100 14//101 30//102
f 14//103 25//103 30//103
f 12//104 19//105 31//106
f 32//107 19//108 23//109
f 28//110 27//111 17//112
f 16//113 33//114 24//115
f 19//116 34//117 31//118
f 16//119 29//120 33//121
f 32//122 34//123 19//123
f 27//124 39//125 23//126
f 26//127 35//128 22//129
f 24//130 43//131 15//132
f 18//133 30//134 37//135
f 21//136 38//136 25//137
f 15//138 36//138 21//138
f 18//139 37//139 28//139
f 25//140 41//141 30//142
f 15//143 43//144 40//145
f 22//146 42//146 20//146
f 24//147 33//148 43//149
f 20//150 45//151 29//152
f 21//153 36//154 38//155
f 22//156 35//156 42//156
f 33//157 44//157 43//157
f 28//158 46//159 27//160
f 15//161 40//162 36//163
f 39//164 32//165 23//164
f 20//166 42//167 45//168
f 33//169 29//170 47//171
f 26//172 31//173 35//174
f 28//175 49//175 46//175
f 33//176 47//177 44//178
f 34//179 32//180 51//181
f 25//182 38//183 48//184
f 37//185 54//186 28//187
f 60//188 31//189 34//190
f 48//191 41//192 25//193
f 56//194 39//195 27//196
f 30//197 41//198 52//199
f 34//200 51//201 60//202
f 40//203 55//204 36//205
f 46//206 56//207 27//208
f 31//209 53//210 35//211
f 28//212 54//213 49//214
f 36//215 55//215 38//215
f 39//216 50//217 32//217
f 63//218 42//218 35//218
f 40//219 43//220 59//219
f 44//221 57//222 43//223
f 45//224 58//225 29//226
f 50//227 51//228 32//229
f 29//230 58//230 47//230
f 40//231 59//231 55//231
f 31//232 60//233 53//232
f 42//234 63//235 61//236
f 42//237 61//237 45//237
f 30//238 52//239 37//240
f 39//241 56//242 62//243
f 62//244 50//245 39//246
f 48//247 66//248 41//249
f 45//250 61//251 83//252
f 45//253 83//254 58//255
f 46//256 64//257 56//258
f 41//259 66//260 52//261
f 38//262 65//262 48//262
f 55//263 69//264 38//265
f 52//266 71//266 37//266
f 51//267 67//268 60//269
f 35//270 53//271 68//272
f 43//273 57//274 59//275
f 37//276 71//277 54//278
f 50//279 79//280 51//281
f 55//282 86//283 69//284
f 55//285 59//285 86//286
f 58//287 72//288 47//289
f 52//290 66//291 70//292
f 38//293 69//294 65//295
f 46//296 49//297 73//298
f 57//299 44//300 76//301
f 59//302 82//303 86//304
f 59//305 57//306 80//307
f 46//308 73//309 64//310
f 65//311 66//312 48//312
f 52//313 77//313 71//313
f 60//314 74//315 53//316
f 35//317 68//318 63//319
f 78//320 76//320 44//321
f 47//322 78//323 44//324
f 50//325 62//325 79//325
f 51//326 79//326 67//326
f 63//327 68//328 81//329
f 49//330 54//331 75//332
f 56//333 64//334 62//335
f 49//336 75//337 73//338
f 57//339 76//340 80//339
f 61//341 85//342 83//343
f 54//344 71//344 88//344
f 60//345 84//346 74//347
f 85//348 61//349 63//350
f 80//351 82//352 59//353
f 75//354 54//355 88//356
f 79//357 87//358 67//359
f 53//360 74//361 68//362
f 71//363 77//363 88//363
f 86//364 92//365 69//366
f 52//367 70//368 77//369
f 67//370 84//371 60//370
f 63//372 81//372 85//372
f 64//373 94//374 62//375
f 65//376 89//377 66//378
f 83//379 114//380 58//381
f 72//382 78//383 47//384
f 75//385 90//386 73//385
f 62//387 91//388 79//387
f 69//389 92//389 65//389
f 66//390 93//391 70//392
f 67//393 87//394 84//395
f 74//396 122//397 68//398
f 82//399 95//400 86//401
f 65//402 99//403 89//403
f 122//404 96//405 68//406
f 77//407 98//408 88//409
f 68//410 96//410 81//410
f 64//411 97//412 94//413
f 80//414 104//414 82//414
f 73//415 100//415 64//415
f 79//416 91//417 101//418
f 106//419 122//419 74//419
f 89//420 102//420 66//420
f 75//421 88//422 90//423
f 79//424 101//425 87//426
f 58//427 107//428 72//429
f 65//430 117//430 99//430
f 84//431 106//432 74//433
f 92//434 117//435 65//436
f 62//437 94//438 91//439
f 84//440 87//440 115//440
f 70//441 93//441 108//441
f 80//442 105//443 104//444
f 90//445 100//446 73//447
f 88//448 98//449 90//450
f 84//451 113//451 106//451
f 81//452 103//452 85//452
f 93//453 66//454 102//455
f 76//456 105//457 80//458
f 101//459 112//460 87//461
f 83//462 85//463 109//464
f 86//465 110//466 92//465
f 72//467 118//468 78//469
f 95//470 110//471 86//472
f 81//473 96//474 103//475
f 100//476 97//477 64//478
f 70//479 108//480 77//481
f 89//482 99//483 102//484
f 83//485 109//486 114//487
f 114//488 116//489 58//490
f 111//491 118//492 72//493
f 77//494 134//495 98//496
f 84//497 115//498 113//499
f 97//500 127//501 94//502
f 94//503 119//504 91//505
f 87//506 112//507 115//508
f 104//509 95//510 82//511
f 72//512 107//513 111//514
f 119//515 101//516 91//517
f 78//518 118//519 76//520
f 97//521 100//522 156//523
f 108//524 134//525 77//526
f 93//527 102//528 121//527
f 96//529 123//530 103//531
f 85//532 125//533 109//534
f 92//535 110//536 117//537
f 96//538 122//539 120//540
f 121//541 108//542 93//543
f 95//544 124//544 110//544
f 95//545 104//546 124//547
f 76//548 118//549 164//550
f 58//551 116//552 107//553
f 120//554 123//554 96//554
f 85//555 103//556 125//557
f 90//558 98//559 126//560
f 97//561 156//562 127//563
f 102//564 99//564 129//564
f 94//565 127//566 119//567
f 106//568 133//569 122//570
f 112//571 131//571 115//571
f 114//572 128//573 116//574
f 113//575 133//576 106//577
f 122//578 133//579 120//580
f 109//581 128//582 114//583
f 164//584 130//585 76//586
f 98//587 134//588 132//589
f 110//590 144//591 117//592
f 76//593 130//594 105//595
f 98//596 132//597 126//598
f 109//599 170//600 128//601
f 156//602 146//603 127//604
f 126//605 153//606 90//607
f 90//608 150//609 100//610
f 153//611 150//612 90//613
f 115//614 131//614 113//614
f 104//615 105//616 147//617
f 102//618 129//618 121//618
f 99//619 117//620 194//621
f 182//622 156//623 100//624
f 196//625 111//625 107//625
f 113//626 165//626 133//627
f 119//628 151//628 101//628
f 111//629 168//629 118//629
f 134//630 108//630 163//630
f 113//631 131//632 165//633
f 117//634 144//635 194//636
f 101//637 151//638 112//638
f 99//639 194//640 129//639
f 123//641 166//642 103//643
f 103//644 166//644 125//644
f 125//645 170//646 109//647
f 164//648 118//648 168//648
f 110//649 124//650 157//651
f 111//652 177//652 168//652
f 124//653 104//653 227//653
f 116//654 176//655 107//656
f 111//657 196//658 177//659
f 112//660 180//660 131//660
f 100//661 150//662 182//663
f 147//664 227//665 104//666
f 128//667 208//668 116//669
f 183//670 185//670 184//670
f 146//671 181//672 127//673
f 107//674 187//675 196//676
f 196//677 188//677 177//677
f 183//678 186//678 185//678
f 151//679 180//680 112//681
f 185//682 192//683 184//684
f 185//685 193//685 192//685
f 164//686 168//686 195//686
f 184//687 186//688 183//689
f 185//690 186//691 210//692
f 176//693 187//693 107//693
f 185//694 197//694 193//694
f 184//695 206//696 186//697
f 127//698 233//699 119//700
f 151//701 119//702 190//703
f 168//704 177//705 209//706
f 177//707 188//707 209//707
f 188//708 186//709 209//710
f 132//711 189//712 126//713
f 127//714 181//714 233//714
f 108//715 121//716 216//717
f 130//718 147//719 105//720
f 186//721 188//722 210//721
f 163//723 132//724 134//725
f 110//726 157//727 144//728
f 208//729 176//729 116//730
f 128//731 170//731 208//731
f 193//732 211//733 192//734
f 129//735 194//736 191//737
f 210//738 197//739 185//740
f 196//741 217//742 188//743
f 188//744 217//744 210//744
f 196//745 220//746 217//747
f 186//748 206//749 209//750
f 192//751 221//751 184//751
f 129//752 228//752 121//752
f 184//753 221//754 206//755
f 108//756 216//756 163//756
f 166//757 123//758 280//757
f 195//759 130//760 164//761
f 209//762 195//762 168//762
f 187//763 220//764 196//765
f 220//766 229//767 217//768
f 209//769 206//769 231//769
f 217//770 229//771 232//772
f 217//773 232//773 210//773
f 192//774 211//775 221//776
f 144//777 234//778 194//779
f 210//780 232//781 197//782
f 121//783 245//784 216//785
f 131//786 290//787 165//788
f 195//789 236//790 130//791
f 209//792 231//792 195//792
f 220//793 237//794 229//795
f 133//796 235//796 120//796
f 157//797 234//797 144//797
f 187//798 176//799 220//800
f 197//801 240//802 193//803
f 119//804 246//804 190//804
f 120//805 303//806 123//807
f 190//808 239//808 151//808
f 165//809 235//810 133//811
f 147//812 130//813 244//814
f 231//815 236//816 195//817
f 166//818 280//819 125//820
f 129//821 191//822 228//823
f 124//824 249//824 157//824
f 237//825 250//826 229//827
f 250//828 253//829 229//830
f 119//831 233//831 246//831
f 120//832 235//832 303//832
f 206//833 257//834 231//835
f 206//836 221//837 257//838
f 197//839 232//840 240//841
f 237//842 255//843 250//844
f 229//845 253//845 232//845
f 228//846 245//847 121//848
f 220//849 261//850 237//851
f 250//852 255//852 258//852
f 250//853 258//853 253//853
f 170//854 264//855 208//854
f 193//856 240//856 263//856
f 221//857 274//857 257//857
f 193//858 265//859 211//860
f 221//861 262//862 274//863
f 123//864 303//865 280//866
f 124//867 227//868 249//869
f 208//870 264//870 176//870
f 220//871 266//872 261//873
f 237//874 261//875 255//876
f 221//877 211//877 262//877
f 147//878 293//879 227//880
f 131//881 180//882 290//883
f 176//884 266//885 220//886
f 216//887 287//888 163//889
f 130//890 254//891 244//892
f 255//893 261//893 285//893
f 165//894 290//895 268//896
f 228//897 267//898 245//899
f 181//900 273//901 279//902
f 130//903 299//903 254//903
f 193//904 263//905 265//906
f 255//907 271//907 258//907
f 280//908 330//908 125//909
f 231//910 257//910 275//910
f 274//911 276//911 257//911
f 258//912 271//912 253//912
f 176//913 264//913 266//913
f 130//914 236//915 299//915
f 132//916 309//917 189//917
f 279//918 233//919 181//920
f 190//921 246//922 239//923
f 151//924 239//925 270//926
f 151//927 270//928 180//929
f 265//930 305//931 211//932
f 253//933 292//934 232//935
f 211//936 305//937 262//938
f 285//939 271//939 255//939
f 132//940 163//941 282//942
f 228//943 191//944 267//945
f 125//946 330//946 170//946
f 236//947 231//947 299//947
f 232//948 283//948 346//949
f 286//950 292//951 253//952
f 285//953 288//953 271//953
f 232//954 292//954 283//954
f 157//955 332//956 234//957
f 231//958 275//958 299//958
f 291//959 285//959 261//959
f 265//960 284//960 305//960
f 253//961 271//962 286//963
f 257//964 276//964 275//964
f 180//965 270//965 290//965
f 264//966 170//967 304//968
f 232//969 346//969 240//969
f 189//970 309//971 259//972
f 163//973 287//974 282//975
f 274//976 314//976 276//976
f 271//977 367//978 286//979
f 328//980 284//981 265//982
f 262//983 314//983 274//983
f 165//984 302//985 235//986
f 261//987 266//988 291//989
f 254//990 349//991 244//992
f 240//993 346//994 333//994
f 147//995 322//996 293//997
f 244//998 322//999 147//1000
f 157//1001 321//1002 332//1003
f 276//1004 350//1005 275//1006
f 291//1007 378//1008 285//1009
f 268//1010 302//1011 165//1012
f 282//1013 309//1014 132//1015
f 235//1016 338//1016 303//1016
f 249//1017 321//1018 157//1019
f 302//1020 338//1021 235//1022
f 170//1023 330//1024 304//1025
f 275//1026 364//1026 299//1026
f 216//1027 245//1028 287//1029
f 275//1030 350//1030 364//1030
f 305//1031 314//1032 262//1033
f 288//1034 285//1034 378//1034
f 280//1035 303//1036 353//1037
f 276//1038 314//1039 385//1040
f 244//1041 349//1042 322//1043
f 305//1044 354//1045 314//1046
f 227//1047 293//1047 249//1047
f 299//1048 364//1049 254//1050
f 305//1051 370//1052 354//1053
f 314//1054 354//1054 385//1054
f 271//1055 375//1056 367//1057
f 194//1058 362//1059 191//1060
f 254//1061 364//1062 349//1063
f 271//1064 288//1065 375//1066
f 246//1067 398//1067 239//1067
f 363//1068 291//1068 266//1068
f 276//1069 385//1070 350//1071
f 305//1072 351//1073 370//1074
f 266//1075 264//1075 363//1075
f 387//1076 390//1076 388//1076
f 239//1077 398//1077 270//1077
f 270//1078 383//1079 290//1080
f 330//1081 384//1082 304//1083
f 388//1084 402//1085 403//1086
f 402//1087 404//1088 403//1089
f 234//1090 362//1091 194//1092
f 387//1093 388//1093 401//1093
f 388//1094 405//1095 401//1096
f 405//1097 403//1098 402//1099
f 388//1100 403//1101 405//1102
f 403//1103 404//1104 402//1105
f 233//1106 421//1107 246//1108
f 264//1109 304//1109 377//1109
f 364//1110 409//1110 349//1110
f 279//1111 421//1112 233//1113
f 288//1114 378//1114 375//1114
f 280//1115 353//1115 330//1115
f 273//1116 419//1117 279//1118
f 264//1119 377//1120 363//1120
f 291//1121 441//1122 378//1123
f 287//1124 245//1125 471//1126
f 332//1127 422//1128 234//1129
f 291//1130 363//1130 454//1130
f 367//1131 488//1132 423//1133
f 191//1134 411//1135 267//1136
f 290//1137 434//1138 268//1139
f 409//1140 430//1141 349//1142
f 362//1143 234//1144 460//1145
f 321//1146 422//1147 332//1147
f 349//1148 430//1149 322//1150
f 290//1151 383//1152 434//1153
f 293//1154 450//1155 249//1156
f 322//1157 429//1158 293//1159
f 435//1160 354//1161 370//1162
f 191//1163 362//1164 411//1165
f 364//1166 440//1167 409//1168
f 378//1169 463//1169 375//1169
f 367//1170 375//1171 488//1172
f 431//1173 461//1173 445//1173
f 385//1174 447//1174 350//1174
f 385//1175 354//1175 447//1175
f 245//1176 267//1177 453//1177
f 322//1178 430//1179 468//1180
f 364//1181 350//1181 440//1181
f 287//1182 471//1183 282//1184
f 377//1185 478//1185 363//1185
f 363//1186 478//1186 454//1186
f 462//1187 461//1187 431//1187
f 453//1188 471//1189 245//1190
f 377//1191 501//1191 478//1191
f 291//1192 454//1192 441//1192
f 282//1193 504//1194 309//1195
f 304//1196 501//1197 377//1198
f 446//1199 474//1199 435//1200
f 435//1201 483//1202 354//1203
f 234//1204 422//1205 460//1206
f 473//1207 461//1208 462//1209
f 350//1210 447//1211 440//1212
f 441//1213 463//1214 378//1215
f 423//1216 488//1217 496//1218
f 353//1219 384//1219 330//1220
f 463//1221 488//1221 375//1221
f 353//1222 303//1222 494//1222
f 249//1223 450//1224 321//1225
f 409//1226 440//1226 491//1226
f 445//1227 461//1228 482//1229
f 423//1230 496//1231 473//1232
f 309//1233 504//1233 259//1233
f 246//1234 421//1235 398//1236
f 267//1237 411//1238 500//1239
f 409//1240 491//1241 430//1242
f 270//1243 398//1244 493//1245
f 473//1246 496//1247 461//1248
f 471//1249 510//1250 282//1251
f 430//1252 502//1253 468//1254
f 463//1255 441//1256 498//1257
f 270//1258 493//1259 383//1260
f 463//1261 498//1262 488//1262
f 338//1263 302//1264 505//1265
f 303//1266 338//1267 494//1268
f 474//1269 483//1270 435//1271
f 354//1272 483//1273 447//1274
f 488//1275 498//1276 509//1276
f 441//1277 519//1278 498//1279
f 495//1280 506//1281 474//1282
f 447//1283 513//1283 440//1283
f 384//1284 353//1284 508//1285
f 454//1286 522//1286 441//1286
f 478//1287 515//1287 454//1287
f 440//1288 521//1289 491//1289
f 483//1290 513//1291 447//1292
f 279//1293 419//1294 421//1295
f 282//1296 510//1297 504//1298
f 267//1299 500//1300 453//1301
f 440//1302 513//1303 521//1304
f 362//1305 500//1306 411//1307
f 429//1308 322//1309 565//1310
f 502//1311 520//1312 468//1311
f 430//1313 491//1314 502//1315
f 506//1316 483//1316 474//1316
f 488//1317 509//1317 496//1317
f 421//1318 514//1319 398//1320
f 504//1321 528//1322 259//1323
f 384//1324 501//1325 304//1326
f 515//1327 522//1328 454//1328
f 496//1329 524//1330 461//1331
f 293//1332 429//1333 450//1334
f 522//1335 519//1335 441//1335
f 482//1336 523//1336 495//1336
f 519//1337 524//1338 498//1337
f 524//1339 509//1340 498//1341
f 383//1342 558//1343 434//1344
f 461//1345 523//1345 482//1345
f 496//1346 509//1346 524//1346
f 322//1347 468//1348 565//1349
f 501//1350 515//1351 478//1352
f 493//1353 529//1354 383//1355
f 434//1356 580//1357 268//1358
f 268//1359 505//1360 302//1361
f 429//1362 530//1363 450//1364
f 422//1365 321//1366 527//1367
f 524//1368 534//1368 461//1368
f 362//1369 460//1370 531//1371
f 491//1372 532//1372 502//1372
f 495//1373 523//1373 506//1373
f 522//1374 534//1374 519//1374
f 534//1375 524//1376 519//1377
f 450//1378 577//1379 321//1380
f 483//1381 551//1382 513//1383
f 501//1384 548//1384 515//1384
f 538//1385 523//1386 461//1387
f 471//1388 547//1389 510//1390
f 362//1391 531//1391 500//1391
f 522//1392 554//1393 534//1394
f 491//1395 542//1396 532//1397
f 538//1398 461//1399 534//1400
f 538//1401 544//1402 523//1403
f 521//1404 513//1405 551//1404
f 398//1406 514//1407 537//1408
f 500//1409 541//1410 453//1411
f 491//1412 521//1412 542//1412
f 398//1413 537//1413 493//1413
f 268//1414 580//1415 505//1416
f 523//1417 544//1418 506//1419
f 522//1420 515//1420 554//1420
f 521//1421 562//1421 542//1421
f 471//1422 453//1423 547//1424
f 505//1425 550//1426 338//1427
f 534//1428 554//1428 556//1428
f 534//1429 556//1429 538//1429
f 434//1430 558//1431 580//1431
f 338//1432 550//1433 494//1434
f 532//1435 520//1436 502//1437
f 383//1438 529//1439 558//1440
f 422//1441 559//1441 460//1441
f 548//1442 554//1443 515//1443
f 554//1444 560//1445 556//1446
f 556//1447 563//1448 538//1449
f 506//1450 564//1450 483//1450
f 384//1451 566//1452 501//1453
f 542//1454 561//1454 532//1454
f 542//1455 562//1456 561//1457
f 493//1458 537//1459 529//1460
f 521//1461 551//1462 562//1463
f 561//1464 563//1464 556//1464
f 561//1465 562//1465 563//1466
f 483//1467 564//1467 551//1467
f 421//1468 575//1469 514//1470
f 494//1471 608//1472 353//1473
f 548//1474 560//1475 554//1476
f 508//1477 566//1478 384//1479
f 532//1480 571//1480 520//1480
f 506//1481 544//1481 564//1481
f 504//1482 568//1483 528//1484
f 429//1485 565//1486 530//1485
f 562//1487 551//1488 563//1489
f 532//1490 561//1490 578//1490
f 563//1491 544//1491 538//1492
f 453//1493 541//1493 547//1493
f 353//1494 608//1495 508//1496
f 548//1497 593//1497 560//1497
f 560//1498 561//1498 556//1498
f 563//1499 551//1500 564//1501
f 580//1502 569//1503 505//1503
f 527//1504 559//1504 422//1504
f 532//1505 578//1505 571//1505
f 563//1506 564//1507 544//1508
f 560//1509 578//1509 561//1509
f 321//1510 577//1510 527//1510
f 468//1511 520//1512 565//1513
f 419//1514 575//1515 421//1516
f 419//1517 585//1518 575//1519
f 510//1520 587//1520 504//1520
f 450//1521 530//1522 590//1523
f 578//1524 588//1524 571//1524
f 450//1525 590//1526 577//1527
f 528//1528 568//1529 596//1530
f 460//1531 559//1531 531//1532
f 565//1533 520//1534 592//1535
f 560//1536 593//1536 578//1536
f 545//1537 581//1538 591//1539
f 531//1540 603//1541 500//1542
f 505//1543 569//1544 550//1545
f 501//1546 618//1547 548//1548
f 599//1549 585//1550 419//1551
f 568//1552 504//1553 587//1554
f 578//1555 593//1556 588//1557
f 508//1558 608//1558 566//1559
f 547//1560 541//1561 602//1562
f 550//1563 608//1564 494//1565
f 500//1566 603//1567 541//1568
f 591//1569 606//1570 599//1571
f 606//1572 585//1573 599//1574
f 510//1575 547//1576 587//1577
f 566//1578 618//1579 501//1580
f 581//1581 596//1582 601//1583
f 514//1584 611//1585 537//1586
f 559//1587 609//1587 531//1587
f 530//1588 604//1588 590//1588
f 558//1589 612//1590 580//1591
f 612//1592 569//1593 580//1594
f 530//1595 565//1596 604//1597
f 520//1598 639//1599 592//1600
f 527//1601 613//1602 559//1603
f 608//1604 627//1605 566//1606
f 568//1607 601//1608 596//1609
f 577//1610 615//1610 527//1610
f 565//1611 592//1611 604//1611
f 603//1612 602//1612 541//1612
f 537//1613 611//1614 616//1615
f 529//1616 537//1617 616//1618
f 558//1619 621//1620 612//1621
f 571//1622 639//1623 520//1624
f 575//1625 619//1626 514//1627
f 558//1628 529//1629 621//1630
f 577//1631 590//1632 615//1633
f 618//1634 614//1635 548//1636
f 581//1637 601//1638 591//1639
f 608//1640 550//1640 617//1640
f 527//1641 615//1642 613//1643
f 593//1644 620//1645 588//1646
f 547//1647 622//1647 587//1647
f 548//1648 614//1649 593//1650
f 616//1651 621//1651 529//1651
f 585//1652 619//1653 575//1654
f 514//1655 619//1656 611//1657
f 559//1658 613//1659 609//1660
f 627//1661 618//1662 566//1663
f 571//1664 637//1664 639//1664
f 569//1665 623//1666 550//1667
f 601//1668 606//1669 591//1670
f 609//1671 603//1672 531//1673
f 550//1674 623//1675 617//1676
f 608//1677 617//1678 627//1679
f 604//1680 630//1681 590//1682
f 602//1683 626//1684 547//1685
f 569//1686 612//1687 631//1688
f 606//1689 625//1690 585//1691
f 585//1692 635//1693 619//1694
f 588//1695 637//1696 571//1697
f 547//1698 626//1699 622//1700
f 601//1701 568//1702 624//1703
f 601//1704 628//1705 606//1706
f 588//1707 620//1708 637//1709
f 587//1710 629//1711 568//1712
f 602//1713 633//1714 626//1715
f 593//1716 614//1717 620//1718
f 602//1719 603//1719 633//1719
f 621//1720 636//1721 612//1722
f 615//1723 590//1724 632//1725
f 590//1726 630//1727 632//1728
f 601//1729 624//1730 628//1731
f 569//1732 631//1733 623//1734
f 615//1735 632//1736 613//1737
f 622//1738 629//1739 587//1740
f 635//1741 585//1742 638//1743
f 612//1744 636//1744 631//1745
f 609//1746 634//1746 603//1746
f 568//1747 629//1748 624//1749
f 619//1750 635//1751 611//1752
f 627//1753 617//1754 642//1755
f 604//1756 592//1757 630//1758
f 606//1759 628//1760 625//1761
f 603//1762 634//1762 633//1763
f 625//1764 638//1765 585//1766
f 623//1767 640//1767 617//1767
f 627//1768 642//1769 618//1770
f 592//1771 639//1772 643//1773
f 641//1774 609//1774 613//1774
f 611//1775 657//1776 616//1777
f 631//1778 644//1779 623//1780
f 592//1781 643//1781 630//1781
f 622//1782 652//1783 629//1784
f 639//1785 637//1786 645//1787
f 621//1788 650//1788 636//1788
f 636//1789 647//1790 631//1791
f 609//1792 641//1792 634//1792
f 630//1793 643//1794 648//1794
f 616//1795 649//1796 621//1796
f 632//1797 651//1797 613//1797
f 630//1798 648//1799 632//1800
f 614//1801 618//1802 653//1803
f 618//1804 642//1805 653//1806
f 629//1807 652//1808 624//1809
f 626//1810 652//1811 622//1812
f 614//1813 654//1814 620//1815
f 633//1816 646//1817 626//1818
f 623//1819 644//1820 640//1821
f 617//1822 640//1823 642//1824
f 635//1825 657//1826 611//1827
f 613//1828 651//1829 641//1830
f 631//1831 647//1831 644//1831
f 639//1832 645//1833 643//1834
f 633//1835 634//1836 646//1837
f 620//1838 645//1838 637//1838
f 628//1839 655//1840 625//1841
f 628//1842 624//1843 656//1844
f 657//1845 649//1846 616//1845
f 649//1847 650//1848 621//1849
f 636//1850 650//1851 647//1852
f 638//1853 657//1853 635//1853
f 625//1854 655//1854 638//1854
f 626//1855 668//1855 652//1855
f 632//1856 648//1856 651//1856
f 628//1857 656//1858 655//1859
f 646//1860 668//1861 626//1862
f 647//1863 658//1864 644//1865
f 644//1866 658//1867 640//1868
f 614//1869 653//1870 654//1871
f 643//1872 645//1872 659//1873
f 643//1874 659//1875 648//1876
f 634//1877 641//1877 672//1877
f 642//1878 660//1879 653//1880
f 620//1881 654//1882 661//1883
f 652//1884 662//1885 624//1886
f 646//1887 634//1888 672//1889
f 647//1890 650//1891 663//1891
f 640//1892 660//1893 642//1894
f 657//1895 664//1896 649//1897
f 620//1898 661//1899 645//1900
f 648//1901 667//1901 651//1901
f 647//1902 663//1903 658//1903
f 651//1904 666//1905 641//1906
f 641//1907 666//1908 672//1909
f 624//1910 662//1911 656//1912
f 646//1913 669//1914 668//1913
f 638//1915 655//1916 665//1917
f 652//1918 668//1919 662//1920
f 640//1921 658//1922 674//1923
f 653//1924 670//1924 654//1924
f 657//1925 638//1926 675//1927
f 672//1928 669//1928 646//1929
f 654//1930 670//1931 661//1932
f 638//1933 665//1934 675//1935
f 674//1936 660//1937 640//1938
f 651//1939 667//1940 666//1941
f 649//1942 663//1943 650//1944
f 648//1945 659//1945 667//1946
f 659//1947 645//1948 671//1948
f 656//1949 665//1950 655//1951
f 661//1952 671//1953 645//1954
f 662//1955 678//1955 656//1955
f 657//1956 675//1956 664//1956
f 649//1957 680//1958 663//1959
f 666//1960 673//1961 672//1962
f 653//1963 660//1964 670//1965
f 662//1966 677//1967 678//1968
f 669//1969 677//1970 668//1971
f 659//1972 676//1973 667//1974
f 668//1975 677//1976 662//1977
f 663//1978 680//1978 674//1979
f 663//1980 674//1981 658//1982
f 666//1983 667//1984 673//1985
f 649//1986 664//1987 680//1988
f 672//1989 673//1990 669//1991
f 675//1992 679//1993 664//1994
f 656//1995 681//1995 665//1995
f 656//1996 678//1996 681//1997
f 664//1998 679//1999 680//2000
f 674//2001 684//2001 660//2001
f 670//2002 682//2003 661//2004
f 660//2005 683//2005 670//2005
f 675//2006 685//2007 679//2008
f 661//2009 686//2010 671//2011
f 675//2012 665//2012 685//2012
f 667//2013 676//2013 687//2013
f 683//2014 682//2015 670//2016
f 680//2017 694//2018 674//2018
f 667//2019 687//2019 673//2019
f 676//2020 659//2020 688//2020
f 681//2021 685//2022 665//2023
f 659//2024 671//2025 688//2026
f 682//2027 686//2028 661//2029
f 684//2030 683//2031 660//2032
f 678//2033 677//2034 693//2035
f 669//2036 689//2037 677//2038
f 679//2039 691//2040 680//2041
f 673//2042 687//2042 690//2042
f 681//2043 692//2044 685//2045
f 673//2046 689//2047 669//2048
f 671//2049 686//2049 688//2050
f 678//2051 692//2052 681//2053
f 679//2054 685//2055 691//2056
f 673//2057 690//2057 689//2058
f 694//2059 684//2060 674//2061
f 688//2062 696//2063 676//2064
f 693//2065 692//2066 678//2067
f 677//2068 689//2069 693//2070
f 676//2071 696//2072 687//2073
f 691//2074 694//2075 680//2075
f 683//2076 684//2077 682//2078
f 686//2079 698//2080 688//2081
f 697//2082 698//2083 682//2084
f 698//2085 686//2085 682//2085
f 684//2086 697//2087 682//2088
f 687//2089 696//2090 695//2091
f 694//2092 700//2093 684//2094
f 687//2095 695//2096 690//2097
f 688//2098 698//2099 696//2100
f 685//2101 699//2102 691//2103
f 689//2104 702//2105 693//2106
f 693//2107 702//2108 692//2109
f 692//2110 699//2110 685//2110
f 691//2111 700//2112 694//2113
f 690//2114 701//2115 689//2114
f 690//2116 695//2117 701//2118
f 700//2119 697//2119 684//2120
f 689//2121 701//2122 702//2123
f 691//2124 699//2125 700//2126
f 692//2127 702//2128 699//2129
f 696//2130 701//2130 695//2130
f 697//2131 703//2132 698//2133
f 698//2134 703//2135 696//2136
f 702//2137 703//2138 699//2139
f 701//2140 703//2140 702//2140
f 699//2141 703//2142 700//2143
f 697//2144 700//2145 703//2145
f 696//2146 703//2147 701//2148
usemtl Материал.042
f 137//2149 138//2149 139//2149
f 135//2150 140//2151 136//2152
f 142//2153 135//2154 136//2153
f 138//2155 143//2155 139//2155
f 140//2156 145//2156 136//2156
f 138//2157 141//2157 143//2157
f 139//2158 149//2159 137//2160
f 138//2161 148//2162 141//2163
f 135//2164 152//2164 140//2164
f 138//2165 137//2165 150//2165
f 138//2166 153//2167 148//2168
f 138//2169 150//2169 153//2169
f 143//2170 154//2170 139//2170
f 142//2171 158//2171 135//2172
f 140//2173 156//2173 145//2173
f 136//2174 161//2175 142//2176
f 140//2177 152//2177 156//2177
f 139//2178 154//2179 149//2180
f 158//2181 159//2181 135//2181
f 135//2182 155//2182 152//2182
f 136//2183 162//2184 161//2185
f 142//2186 161//2186 158//2186
f 141//2187 169//2188 143//2189
f 135//2190 159//2190 155//2190
f 141//2191 148//2191 160//2191
f 143//2192 167//2193 154//2194
f 136//2195 145//2196 162//2197
f 153//2198 126//2199 148//2199
f 160//2200 169//2200 141//2200
f 156//2201 152//2202 146//2203
f 143//2204 169//2205 167//2206
f 145//2207 156//2208 182//2209
f 154//2210 172//2211 149//2212
f 148//2213 171//2213 160//2213
f 160//2214 171//2215 175//2214
f 160//2216 175//2217 169//2216
f 162//2218 145//2218 174//2218
f 137//2219 182//2219 150//2219
f 148//2220 126//2220 171//2220
f 158//2221 173//2222 159//2221
f 161//2223 179//2223 158//2223
f 154//2224 167//2225 178//2226
f 149//2227 174//2227 137//2227
f 152//2228 181//2229 146//2230
f 159//2231 173//2232 155//2231
f 182//2233 174//2234 145//2235
f 155//2236 181//2236 152//2236
f 171//2237 126//2238 189//2239
f 169//2240 175//2240 200//2240
f 158//2241 179//2241 198//2241
f 169//2242 200//2243 167//2243
f 172//2244 199//2244 149//2244
f 158//2245 198//2246 173//2247
f 199//2248 174//2248 149//2249
f 137//2250 174//2251 182//2252
f 155//2253 204//2253 181//2253
f 162//2254 174//2254 199//2254
f 162//2255 199//2256 161//2257
f 173//2258 204//2259 155//2260
f 171//2261 189//2261 219//2261
f 173//2262 198//2262 218//2262
f 218//2263 204//2263 173//2263
f 175//2264 171//2264 219//2264
f 200//2265 178//2266 167//2267
f 200//2268 175//2269 225//2270
f 175//2271 219//2272 225//2273
f 161//2274 243//2275 179//2276
f 154//2277 243//2277 172//2277
f 154//2278 178//2279 243//2280
f 172//2281 243//2282 199//2283
f 179//2284 243//2285 272//2286
f 161//2287 199//2288 243//2289
f 189//2290 259//2290 219//2290
f 178//2291 272//2292 243//2293
f 225//2294 219//2294 278//2294
f 219//2295 259//2296 278//2297
f 269//2298 337//2299 179//2300
f 204//2301 301//2301 181//2301
f 198//2302 179//2303 337//2304
f 200//2305 281//2306 178//2307
f 218//2308 301//2309 204//2310
f 198//2311 308//2312 218//2313
f 308//2314 301//2315 218//2316
f 181//2317 301//2317 273//2317
f 225//2318 374//2318 200//2318
f 198//2319 337//2320 308//2321
f 278//2322 374//2322 225//2322
f 200//2323 374//2324 281//2325
f 179//2326 418//2327 269//2328
f 374//2329 449//2330 281//2331
f 337//2332 448//2333 308//2334
f 281//2335 452//2336 178//2337
f 178//2338 487//2339 272//2340
f 308//2341 448//2341 301//2341
f 278//2342 472//2343 449//2344
f 452//2345 487//2346 178//2347
f 278//2348 449//2349 374//2350
f 273//2351 301//2351 546//2351
f 273//2352 546//2352 419//2352
f 281//2353 449//2354 452//2355
f 448//2356 490//2356 301//2356
f 301//2357 490//2357 546//2357
f 272//2358 418//2359 179//2360
f 272//2361 487//2362 408//2363
f 272//2364 408//2365 418//2366
f 259//2367 472//2367 278//2367
f 449//2368 472//2369 540//2370
f 259//2371 528//2371 472//2371
f 408//2372 487//2373 536//2374
f 408//2375 512//2376 418//2377
f 337//2378 269//2379 448//2379
f 408//2380 536//2381 512//2382
f 449//2383 539//2383 452//2384
f 512//2385 525//2386 543//2387
f 540//2388 539//2388 449//2388
f 525//2389 549//2389 543//2389
f 512//2390 536//2390 525//2390
f 448//2391 555//2392 490//2393
f 269//2394 555//2395 448//2396
f 512//2397 543//2397 418//2397
f 528//2398 574//2398 472//2398
f 452//2399 567//2399 487//2399
f 472//2400 574//2400 540//2400
f 525//2401 536//2402 573//2403
f 549//2404 570//2404 543//2404
f 490//2405 586//2405 546//2405
f 591//2406 570//2407 545//2408
f 525//2409 573//2410 549//2411
f 545//2412 570//2412 549//2412
f 269//2413 418//2413 576//2413
f 269//2414 576//2414 555//2414
f 490//2415 555//2416 586//2417
f 540//2418 574//2418 579//2418
f 549//2419 573//2420 545//2421
f 452//2422 539//2422 567//2422
f 540//2423 579//2424 539//2425
f 546//2426 586//2427 582//2428
f 487//2429 567//2430 536//2429
f 546//2431 582//2431 419//2431
f 574//2432 583//2432 579//2432
f 528//2433 584//2434 574//2434
f 582//2435 599//2436 419//2437
f 545//2438 573//2438 581//2438
f 418//2439 589//2440 576//2441
f 596//2442 584//2442 528//2442
f 418//2443 543//2443 589//2443
f 576//2444 586//2445 555//2446
f 599//2447 582//2447 594//2447
f 579//2448 595//2449 539//2450
f 586//2451 594//2451 582//2451
f 574//2452 584//2452 583//2452
f 579//2453 583//2454 595//2455
f 591//2456 597//2457 570//2458
f 581//2459 573//2459 598//2459
f 596//2460 598//2460 584//2460
f 596//2461 581//2461 598//2461
f 539//2462 595//2462 567//2462
f 536//2463 600//2464 573//2465
f 599//2466 607//2467 597//2468
f 599//2469 594//2469 607//2469
f 567//2470 600//2470 536//2470
f 599//2471 597//2472 591//2473
f 576//2474 589//2475 605//2474
f 586//2476 576//2476 605//2476
f 570//2477 597//2477 543//2477
f 573//2478 600//2478 598//2478
f 586//2479 605//2479 594//2480
f 567//2481 595//2481 600//2481
f 543//2482 597//2482 589//2482
f 584//2483 598//2483 583//2483
f 595//2484 583//2484 610//2484
f 605//2485 607//2485 594//2485
f 595//2486 610//2487 600//2488
f 589//2489 597//2490 607//2491
f 610//2492 598//2493 600//2494
f 583//2495 598//2496 610//2497
f 589//2498 607//2498 605//2498
usemtl Материал.041
f 201//2499 203//2500 202//2501
f 201//2502 202//2502 205//2502
f 201//2503 215//2503 203//2504
f 203//2505 207//2505 202//2505
f 226//2506 201//2507 205//2508
f 205//2509 212//2510 222//2511
f 202//2512 212//2513 205//2514
f 202//2515 213//2515 212//2515
f 215//2516 214//2516 203//2516
f 203//2517 214//2517 207//2517
f 226//2518 215//2518 201//2518
f 202//2519 207//2519 213//2519
f 207//2520 223//2520 224//2520
f 207//2521 224//2522 213//2523
f 207//2524 214//2525 223//2526
f 213//2527 230//2527 212//2527
f 212//2528 230//2529 222//2530
f 215//2531 238//2531 214//2531
f 242//2532 215//2533 226//2534
f 222//2535 230//2536 247//2537
f 215//2538 241//2538 238//2538
f 213//2539 251//2540 230//2541
f 224//2542 251//2542 213//2542
f 205//2543 222//2544 263//2545
f 242//2546 241//2547 215//2548
f 214//2549 252//2550 223//2551
f 230//2552 251//2552 256//2552
f 226//2553 205//2554 263//2555
f 224//2556 223//2557 248//2558
f 224//2559 248//2559 251//2559
f 223//2560 252//2561 260//2560
f 214//2562 238//2562 252//2562
f 240//2563 242//2564 226//2565
f 226//2566 263//2566 240//2566
f 222//2567 265//2568 263//2569
f 247//2570 265//2571 222//2572
f 230//2573 256//2573 247//2573
f 260//2574 248//2574 223//2575
f 241//2576 277//2576 238//2576
f 248//2577 256//2578 251//2579
f 248//2580 289//2581 256//2582
f 241//2583 306//2584 277//2585
f 242//2586 306//2586 241//2586
f 248//2587 260//2588 289//2589
f 292//2590 295//2591 294//2592
f 294//2593 295//2594 296//2595
f 297//2596 312//2597 298//2598
f 292//2599 300//2599 295//2599
f 297//2600 298//2601 306//2602
f 247//2603 256//2604 324//2605
f 277//2606 252//2607 238//2608
f 242//2609 240//2610 306//2611
f 292//2612 286//2613 300//2614
f 265//2615 247//2616 324//2617
f 306//2618 307//2619 297//2620
f 306//2621 298//2622 277//2623
f 295//2624 318//2624 296//2624
f 292//2625 294//2625 283//2625
f 300//2626 310//2626 295//2626
f 295//2627 319//2628 318//2629
f 315//2630 324//2630 316//2630
f 315//2631 316//2631 317//2631
f 256//2632 289//2632 311//2632
f 312//2633 313//2634 298//2635
f 294//2636 296//2637 283//2638
f 317//2639 320//2640 315//2641
f 297//2642 325//2643 312//2644
f 307//2645 325//2646 297//2647
f 252//2648 340//2648 260//2648
f 298//2649 313//2650 326//2651
f 296//2652 329//2652 283//2653
f 300//2654 286//2655 323//2656
f 310//2657 319//2657 295//2657
f 298//2658 326//2659 277//2660
f 325//2661 327//2662 312//2663
f 324//2664 328//2665 265//2666
f 315//2667 284//2668 324//2669
f 316//2670 335//2670 317//2670
f 240//2671 333//2671 306//2671
f 333//2672 329//2673 307//2674
f 284//2675 328//2676 324//2676
f 317//2677 331//2677 320//2677
f 256//2678 311//2679 324//2680
f 300//2681 323//2681 310//2681
f 310//2682 336//2682 319//2682
f 286//2683 367//2684 323//2685
f 334//2686 325//2687 307//2688
f 315//2689 320//2690 284//2691
f 283//2692 329//2692 346//2692
f 329//2693 347//2694 307//2695
f 324//2696 339//2697 316//2698
f 318//2699 347//2700 296//2701
f 316//2702 343//2702 335//2703
f 312//2704 327//2704 313//2704
f 306//2705 333//2705 307//2705
f 284//2706 320//2707 305//2708
f 324//2709 311//2709 339//2709
f 347//2710 334//2710 307//2710
f 277//2711 348//2711 252//2711
f 323//2712 336//2713 310//2714
f 260//2715 340//2715 289//2715
f 326//2716 358//2717 277//2718
f 327//2719 342//2719 313//2719
f 296//2720 347//2721 329//2722
f 252//2723 348//2723 340//2723
f 316//2724 339//2724 343//2724
f 318//2725 319//2726 344//2727
f 336//2728 352//2729 319//2730
f 325//2731 356//2732 327//2733
f 333//2734 346//2734 329//2734
f 323//2735 359//2735 336//2735
f 313//2736 341//2737 345//2737
f 331//2738 351//2739 320//2740
f 317//2741 335//2741 331//2741
f 320//2742 351//2742 305//2742
f 311//2743 289//2744 379//2745
f 313//2746 342//2746 341//2746
f 335//2747 357//2748 331//2749
f 335//2750 343//2751 355//2752
f 313//2753 345//2753 326//2753
f 277//2754 358//2755 348//2756
f 318//2757 344//2757 360//2757
f 343//2758 361//2759 355//2758
f 319//2760 371//2761 344//2762
f 334//2763 365//2763 325//2763
f 341//2764 342//2765 373//2766
f 319//2767 352//2768 371//2769
f 331//2770 368//2770 351//2770
f 340//2771 379//2772 289//2773
f 339//2774 366//2774 343//2774
f 345//2775 369//2776 326//2777
f 311//2778 366//2778 339//2778
f 343//2779 366//2780 361//2781
f 341//2782 373//2782 345//2782
f 348//2783 391//2784 340//2785
f 331//2786 357//2786 368//2786
f 318//2787 360//2788 347//2789
f 340//2790 391//2791 379//2792
f 358//2793 326//2794 369//2795
f 376//2796 352//2797 336//2798
f 327//2799 356//2799 342//2799
f 348//2800 399//2801 391//2802
f 360//2803 380//2803 347//2803
f 355//2804 357//2805 335//2806
f 325//2807 365//2808 386//2809
f 356//2810 372//2811 342//2812
f 358//2813 382//2813 348//2813
f 336//2814 359//2814 376//2814
f 325//2815 386//2816 356//2817
f 389//2818 311//2819 379//2820
f 406//2821 366//2822 311//2823
f 376//2824 395//2824 352//2824
f 342//2825 372//2825 373//2825
f 382//2826 399//2827 348//2828
f 357//2829 355//2829 394//2829
f 352//2830 395//2830 371//2830
f 387//2831 389//2832 390//2831
f 389//2833 391//2834 390//2835
f 367//2836 381//2837 323//2838
f 389//2839 379//2839 391//2839
f 311//2840 389//2841 406//2842
f 347//2843 393//2844 392//2845
f 347//2846 392//2847 334//2848
f 380//2849 393//2849 347//2849
f 334//2850 392//2851 393//2852
f 334//2853 393//2854 380//2855
f 360//2856 425//2857 380//2858
f 323//2859 381//2859 359//2859
f 373//2860 397//2861 345//2861
f 389//2862 387//2863 401//2864
f 334//2865 380//2865 365//2865
f 369//2866 382//2867 358//2868
f 386//2869 396//2869 356//2869
f 345//2870 400//2871 369//2872
f 390//2873 402//2874 388//2875
f 389//2876 401//2877 406//2878
f 405//2879 390//2880 401//2881
f 405//2882 402//2883 390//2884
f 401//2885 390//2885 406//2885
f 390//2886 391//2887 406//2888
f 391//2889 407//2889 406//2889
f 357//2890 410//2890 368//2890
f 361//2891 394//2891 355//2891
f 371//2892 395//2893 344//2894
f 382//2895 414//2896 399//2897
f 406//2898 413//2899 366//2900
f 357//2901 394//2901 410//2901
f 344//2902 412//2903 360//2904
f 369//2905 432//2906 382//2907
f 345//2908 397//2909 400//2910
f 372//2911 397//2911 373//2911
f 391//2912 399//2912 414//2912
f 391//2913 414//2913 407//2913
f 380//2914 425//2915 365//2916
f 360//2917 412//2917 425//2918
f 395//2919 416//2919 344//2919
f 376//2920 417//2920 395//2920
f 356//2921 396//2922 372//2923
f 361//2924 366//2925 415//2926
f 361//2927 426//2927 394//2927
f 407//2928 413//2928 406//2928
f 381//2929 433//2930 359//2931
f 365//2932 425//2932 386//2932
f 344//2933 416//2934 412//2935
f 396//2936 420//2937 372//2936
f 420//2938 397//2938 372//2938
f 368//2939 424//2940 351//2941
f 361//2942 415//2942 426//2942
f 369//2943 400//2944 432//2943
f 376//2945 359//2945 417//2945
f 370//2946 424//2947 435//2948
f 382//2949 470//2949 414//2950
f 395//2951 417//2951 416//2951
f 351//2952 424//2953 370//2954
f 367//2955 423//2956 381//2957
f 368//2958 410//2959 424//2960
f 407//2961 427//2961 413//2961
f 394//2962 426//2963 410//2964
f 436//2965 437//2966 442//2967
f 436//2968 442//2969 443//2970
f 436//2971 443//2972 438//2973
f 438//2974 437//2975 436//2974
f 438//2976 443//2977 437//2978
f 443//2979 425//2980 437//2979
f 382//2981 432//2982 470//2983
f 425//2984 412//2985 439//2986
f 433//2987 417//2987 359//2987
f 400//2988 397//2988 459//2988
f 443//2989 451//2990 425//2991
f 366//2992 428//2992 415//2992
f 396//2993 465//2993 420//2993
f 437//2994 425//2995 439//2996
f 413//2997 428//2998 366//2999
f 431//3000 445//3001 451//3002
f 442//3003 437//3004 439//3005
f 444//3006 433//3006 381//3006
f 386//3007 465//3008 396//3009
f 431//3010 443//3011 456//3012
f 442//3013 439//3013 456//3013
f 425//3014 458//3015 386//3016
f 400//3017 481//3017 432//3017
f 467//3018 397//3019 420//3019
f 431//3020 451//3021 443//3022
f 423//3023 444//3024 381//3025
f 442//3026 456//3027 443//3028
f 386//3029 458//3030 465//3031
f 431//3032 456//3033 462//3034
f 410//3035 426//3035 464//3035
f 415//3036 428//3037 426//3038
f 407//3039 414//3039 457//3039
f 407//3040 457//3041 427//3042
f 417//3043 466//3043 416//3043
f 465//3044 467//3045 420//3046
f 476//3047 474//3047 446//3047
f 476//3048 446//3049 455//3050
f 451//3051 458//3051 425//3051
f 459//3052 481//3053 400//3054
f 397//3055 467//3056 459//3057
f 445//3058 475//3059 451//3060
f 424//3061 455//3061 435//3061
f 416//3062 466//3063 412//3064
f 413//3065 476//3065 428//3065
f 417//3066 433//3066 485//3066
f 439//3067 412//3067 479//3067
f 470//3068 477//3068 414//3068
f 412//3069 466//3069 479//3069
f 413//3070 427//3071 469//3072
f 435//3073 455//3073 446//3073
f 410//3074 464//3075 424//3076
f 428//3077 464//3077 426//3077
f 485//3078 466//3078 417//3078
f 432//3079 481//3080 470//3081
f 445//3082 482//3082 475//3082
f 413//3083 469//3084 476//3085
f 427//3086 499//3087 469//3088
f 476//3089 497//3090 474//3091
f 439//3092 479//3092 456//3092
f 424//3093 464//3093 455//3093
f 467//3094 481//3095 459//3096
f 456//3097 473//3098 462//3099
f 475//3100 482//3101 492//3102
f 476//3103 455//3103 428//3103
f 428//3104 455//3105 464//3106
f 433//3107 444//3108 485//3109
f 427//3110 457//3111 484//3112
f 451//3113 489//3113 458//3113
f 466//3114 485//3115 479//3116
f 480//3117 457//3118 414//3119
f 467//3120 465//3121 481//3122
f 423//3123 473//3123 444//3123
f 475//3124 489//3125 451//3126
f 486//3127 470//3128 481//3129
f 470//3130 486//3130 477//3130
f 458//3131 489//3131 465//3131
f 484//3132 499//3133 427//3134
f 473//3135 456//3136 479//3137
f 475//3138 486//3139 489//3140
f 457//3141 480//3141 484//3141
f 485//3142 444//3143 479//3144
f 486//3145 481//3146 489//3147
f 489//3148 481//3149 465//3150
f 473//3151 479//3152 444//3153
f 477//3154 480//3155 414//3156
f 482//3157 495//3158 492//3159
f 469//3160 497//3161 476//3162
f 475//3163 492//3164 486//3165
f 469//3166 511//3166 497//3166
f 497//3167 507//3168 474//3169
f 469//3170 499//3170 511//3170
f 495//3171 516//3171 503//3171
f 486//3172 517//3173 477//3174
f 480//3175 518//3176 484//3177
f 486//3178 492//3179 517//3180
f 474//3181 507//3182 516//3183
f 495//3184 503//3185 492//3186
f 484//3187 535//3187 499//3187
f 474//3188 516//3189 495//3190
f 484//3191 518//3192 535//3193
f 499//3194 535//3194 526//3194
f 499//3195 526//3196 511//3197
f 480//3198 477//3198 518//3198
f 492//3199 503//3200 552//3201
f 511//3202 526//3202 533//3202
f 511//3203 507//3203 497//3203
f 517//3204 557//3204 477//3204
f 477//3205 557//3206 518//3207
f 552//3208 517//3209 492//3210
f 516//3211 552//3212 503//3211
f 511//3213 533//3214 507//3215
f 535//3216 553//3216 526//3216
f 518//3217 553//3217 535//3217
f 526//3218 553//3219 533//3220
f 517//3221 572//3221 557//3221
f 518//3222 557//3222 553//3222
f 552//3223 572//3224 517//3225
f 553//3226 572//3226 533//3227
f 572//3228 553//3228 557//3228
f 533//3229 572//3229 507//3229
f 516//3230 507//3231 552//3232
f 507//3233 572//3233 552//3233
f 436//3234 704//3234 438//3234
f 392//3235 393//3236 705//3236
