# Blender v2.91.2 OBJ File: 'eggplant_lowpoly.blend'
# www.blender.org
mtllib eggplant_lowpoly.mtl
o Mesh1.002
v -0.334540 0.054159 -0.186028
v -0.309029 0.082832 -0.143185
v -0.375618 0.095319 -0.222497
v -0.347550 0.125910 -0.178693
v -0.371250 -0.021093 -0.222897
v -0.403492 -0.001883 -0.260246
v -0.324760 0.171850 -0.122255
v -0.402805 0.059757 -0.257462
v -0.284799 0.141863 -0.076897
v -0.324156 -0.028713 -0.154926
v -0.360461 -0.048015 -0.196422
v -0.278567 0.075789 -0.072447
v -0.289155 -0.006274 -0.091792
v -0.432732 0.049792 -0.283840
v -0.419483 -0.042766 -0.264086
v -0.395894 0.149379 -0.223565
v -0.378156 0.191879 -0.178174
v -0.273512 0.219994 -0.007970
v -0.434088 -0.000039 -0.285144
v -0.419056 0.095585 -0.264588
v -0.258747 0.047803 -0.003462
v -0.264230 0.132641 -0.012811
v -0.465452 0.002190 -0.303203
v -0.497193 0.177828 -0.264920
v -0.270480 0.021044 -0.045344
v -0.395046 -0.050558 -0.237273
v -0.362896 -0.115547 -0.124317
v -0.505959 0.143319 -0.289444
v -0.465357 -0.040418 -0.295019
v -0.428876 -0.104281 -0.229285
v -0.363770 0.249590 -0.115190
v -0.249536 0.097483 0.043109
v -0.518513 0.108325 -0.309964
v -0.288346 -0.045800 0.007589
v -0.524647 -0.040566 -0.318601
v -0.321545 0.383941 0.006361
v -0.354987 0.283839 -0.080536
v -0.533210 0.034051 -0.329514
v -0.478306 -0.097625 -0.269990
v -0.246987 0.166799 0.093869
v -0.273748 0.316866 0.048268
v -0.394551 -0.122599 -0.165766
v -0.306703 -0.073409 -0.033290
v -0.333634 -0.098562 -0.078890
v -0.257327 0.305101 0.087084
v -0.269611 0.442490 0.055813
v -0.265840 0.450424 0.059648
v -0.276129 0.435544 0.056632
v -0.278112 0.463632 0.049218
v -0.264884 0.461738 0.083129
v -0.299139 0.481079 0.041523
v -0.509270 -0.089929 -0.289022
v -0.481816 0.224437 -0.216569
v -0.270278 0.433920 0.063183
v -0.524211 0.073295 -0.322277
v -0.298129 0.456034 0.043456
v -0.277907 -0.018268 0.044693
v -0.263427 0.042549 0.093170
v -0.454498 0.287241 -0.133295
v -0.303709 0.438015 0.058294
v -0.355377 0.381651 -0.024067
v -0.258958 0.087771 0.121625
v -0.291072 0.431621 0.077643
v -0.318326 0.459793 0.047083
v -0.269132 0.472108 0.113968
v -0.295114 0.509956 0.063568
v -0.329215 -0.095080 0.065190
v -0.278267 0.509187 0.097466
v -0.533998 -0.006931 -0.327543
v -0.317281 0.479578 0.040399
v -0.484940 -0.180108 -0.173255
v -0.480198 -0.138972 -0.228301
v -0.252196 0.249274 0.157174
v -0.259803 0.379776 0.133429
v -0.319244 0.496403 0.041547
v -0.348940 -0.122810 0.034341
v -0.276319 0.449451 0.103654
v -0.442122 0.329531 -0.092888
v -0.323754 0.550626 0.065733
v -0.608321 0.011064 -0.332546
v -0.304388 0.554064 0.078874
v -0.287912 0.551759 0.109846
v -0.278036 0.472772 0.132100
v -0.342359 0.535045 0.058558
v -0.281241 0.537264 0.131085
v -0.339056 0.506461 0.048906
v -0.335864 0.481139 0.050567
v -0.394906 0.381452 -0.043684
v -0.279381 0.502568 0.138394
v -0.607683 0.054599 -0.330552
v -0.288787 0.439947 0.101011
v -0.588134 -0.078546 -0.307588
v -0.290014 0.459215 0.131831
v -0.528976 -0.157807 -0.231334
v -0.606566 0.090127 -0.322497
v -0.377293 0.470022 0.008032
v -0.288518 0.502863 0.163750
v -0.430752 -0.181098 -0.091307
v -0.321582 0.587136 0.100167
v -0.335034 0.577718 0.082160
v -0.389671 -0.160507 -0.029145
v -0.355401 0.555923 0.063614
v -0.259141 0.164192 0.165627
v -0.261822 0.374304 0.171727
v -0.601834 0.135916 -0.304097
v -0.281217 0.450838 0.160960
v -0.308270 -0.052063 0.106547
v -0.307558 0.585861 0.133026
v -0.600035 -0.039112 -0.324106
v -0.293645 -0.003225 0.144118
v -0.458358 -0.184592 -0.131191
v -0.351314 0.528656 0.061592
v -0.294197 0.561734 0.150479
v -0.283023 0.054602 0.177348
v -0.293473 0.497819 0.161440
v -0.252018 0.431356 0.179689
v -0.284930 0.523873 0.168059
v -0.243437 0.418316 0.198823
v -0.264094 0.451445 0.167631
v -0.372351 0.512708 0.015603
v -0.353328 0.540930 0.059028
v -0.567791 -0.116205 -0.280948
v -0.443334 0.395453 -0.053709
v -0.266403 0.414155 0.175421
v -0.268129 0.424788 0.170048
v -0.414057 0.498609 -0.035020
v -0.248039 0.397018 0.198284
v -0.368492 0.506476 0.031783
v -0.240910 0.403687 0.214577
v -0.261254 0.471130 0.184325
v -0.419544 0.480169 -0.040578
v -0.358965 0.541569 0.053631
v -0.390059 0.484851 0.002963
v -0.275545 0.492396 0.172072
v -0.244204 0.392798 0.211991
v -0.278339 0.463085 0.161537
v -0.492602 0.332169 -0.094153
v -0.426542 0.469850 -0.040554
v -0.358172 0.521110 0.069387
v -0.382222 0.489686 0.020349
v -0.426237 0.498791 -0.041813
v -0.424008 0.465202 -0.028599
v -0.257009 0.464348 0.208130
v -0.272376 0.526814 0.190338
v -0.251339 0.387297 0.209666
v -0.300131 0.495733 0.163548
v -0.287220 0.490981 0.166277
v -0.382684 0.570057 0.037832
v -0.366684 0.585464 0.081449
v -0.352374 0.602041 0.103245
v -0.362746 0.525623 0.069249
v -0.431888 0.486480 -0.043756
v -0.263671 0.510504 0.211567
v -0.404046 0.473751 -0.001427
v -0.269883 0.396154 0.194889
v -0.398675 0.577651 0.028129
v -0.290500 0.541889 0.169550
v -0.314147 0.588252 0.158586
v -0.252584 0.392843 0.225145
v -0.419554 0.561874 0.006220
v -0.343919 0.612216 0.128675
v -0.261329 0.307901 0.194277
v -0.249543 0.412543 0.230404
v -0.434013 0.467102 -0.034350
v -0.311630 0.573188 0.177769
v -0.428508 0.465005 -0.016291
v -0.261574 0.463719 0.233902
v -0.284568 0.553502 0.195383
v -0.265672 0.506691 0.239494
v -0.328664 0.604479 0.152928
v -0.502985 0.292890 -0.130919
v -0.259635 0.388933 0.220372
v -0.266342 0.452401 0.247779
v -0.449904 0.520853 -0.022006
v -0.451788 0.489018 -0.023438
v -0.378205 0.612970 0.109889
v -0.279736 0.135192 0.212068
v -0.397646 0.616755 0.070837
v -0.275540 0.391804 0.218275
v -0.441865 0.469748 -0.018673
v -0.278625 0.549641 0.222579
v -0.402269 0.604232 0.049749
v -0.537842 -0.184565 -0.185430
v -0.592381 0.186329 -0.270414
v -0.587986 0.235709 -0.216813
v -0.492637 -0.208397 -0.029910
v -0.373736 -0.094377 0.144030
v -0.487620 0.369540 -0.067578
v -0.465554 0.525190 -0.005310
v -0.667197 -0.125298 -0.258900
v -0.706249 0.051489 -0.302425
v -0.303103 0.579045 0.216178
v -0.281703 0.451437 0.263851
v -0.350275 0.613535 0.156553
v -0.388657 0.622379 0.130105
v -0.350005 -0.038383 0.184913
v -0.283757 0.549383 0.242823
v -0.424086 0.613486 0.043499
v -0.658255 -0.019697 -0.315333
v -0.568693 0.296138 -0.125381
v -0.338498 0.594667 0.188192
v -0.463432 -0.194880 0.005553
v -0.655767 0.206285 -0.231372
v -0.285010 0.402415 0.238612
v -0.460068 0.490211 -0.004032
v -0.287956 0.306555 0.260525
v -0.275989 0.488159 0.265492
v -0.447144 0.568500 0.015392
v -0.622176 -0.184795 -0.195251
v -0.326401 0.594807 0.210698
v -0.659659 -0.056352 -0.303279
v -0.287168 0.527969 0.268418
v -0.279134 0.221578 0.237125
v -0.400162 0.628832 0.104518
v -0.525449 -0.215283 -0.077421
v -0.452949 0.620399 0.050718
v -0.646561 -0.163512 -0.220371
v -0.544456 0.326041 -0.096076
v -0.525024 0.411247 -0.034521
v -0.653218 0.238082 -0.181120
v -0.305941 0.578218 0.237533
v -0.425727 0.634610 0.079739
v -0.473400 0.522701 0.008807
v -0.467334 0.560489 0.019755
v -0.455380 0.599380 0.033514
v -0.576513 -0.214509 -0.124923
v -0.687027 -0.087787 -0.279701
v -0.305465 0.436480 0.271606
v -0.708242 0.003484 -0.303059
v -0.326597 0.595710 0.230279
v -0.329736 0.114277 0.262882
v -0.531869 0.363376 -0.065303
v -0.314022 0.570990 0.259278
v -0.701576 0.102975 -0.289386
v -0.301032 0.446352 0.272897
v -0.683693 0.159207 -0.265439
v -0.302023 0.391362 0.277174
v -0.391347 -0.127120 0.109086
v -0.294274 0.481627 0.285833
v -0.477012 0.569530 0.029245
v -0.336078 0.025037 0.224967
v -0.478847 0.549411 0.029879
v -0.355672 0.609478 0.229560
v -0.386184 0.614731 0.172124
v -0.421965 0.634509 0.120080
v -0.298689 0.503554 0.291340
v -0.485013 0.639464 0.127108
v -0.338583 0.596395 0.247428
v -0.454527 0.631206 0.069699
v -0.480057 0.536828 0.037747
v -0.379553 0.605505 0.197917
v -0.427188 0.625506 0.155890
v -0.509677 0.481572 -0.001416
v -0.604116 -0.206647 -0.152312
v -0.702786 -0.046148 -0.294069
v -0.308948 0.423843 0.281730
v -0.321601 0.552105 0.282482
v -0.322702 0.212410 0.284019
v -0.592780 0.298324 -0.108398
v -0.507702 0.607454 0.052619
v -0.421149 -0.158589 0.075507
v -0.309512 0.437763 0.301977
v -0.307439 0.484818 0.308345
v -0.343816 0.573930 0.275558
v -0.395186 0.619131 0.179359
v -0.561393 0.366959 -0.050205
v -0.501384 0.515163 0.023516
v -0.499289 0.558921 0.026604
v -0.492194 0.637314 0.098147
v -0.515156 0.520221 0.007991
v -0.571954 0.332369 -0.077612
v -0.553827 0.408018 -0.025386
v -0.520002 0.506143 0.009883
v -0.320320 0.396173 0.295127
v -0.325013 0.518268 0.319992
v -0.387564 0.609837 0.215802
v -0.322703 0.306074 0.297540
v -0.361443 0.601001 0.249280
v -0.412455 0.635984 0.188189
v -0.517650 0.569534 0.034391
v -0.350679 0.560743 0.308815
v -0.403216 0.632956 0.194885
v -0.536406 0.526754 0.005551
v -0.398832 0.627512 0.208609
v -0.325365 0.441615 0.322138
v -0.340659 0.483359 0.339136
v -0.432253 -0.045374 0.242230
v -0.536397 0.492561 0.012433
v -0.435051 0.638663 0.182493
v -0.320217 0.385230 0.311228
v -0.332299 0.379423 0.307998
v -0.552200 0.502871 -0.001638
v -0.400980 0.652580 0.205294
v -0.551871 0.491647 -0.001880
v -0.368592 0.588262 0.264873
v -0.392242 0.606969 0.233065
v -0.402350 0.621626 0.230824
v -0.399671 0.692650 0.211877
v -0.380515 0.712328 0.244231
v -0.384320 0.686544 0.243176
v -0.318469 0.402808 0.318218
v -0.393446 0.664801 0.229315
v -0.417574 0.689480 0.199333
v -0.398944 0.723948 0.227093
v -0.369968 0.579300 0.298496
v -0.474199 0.629180 0.155692
v -0.423530 0.646209 0.187311
v -0.414029 0.706243 0.207104
v -0.372833 0.700481 0.273410
v -0.409917 0.019241 0.275249
v -0.329779 0.371986 0.322675
v -0.398349 0.655047 0.238589
v -0.575259 -0.213685 0.026982
v -0.375138 0.713830 0.272010
v -0.387502 0.730228 0.248751
v -0.438887 -0.142859 0.124756
v -0.572260 0.512958 0.007580
v -0.380888 0.104328 0.296040
v -0.510299 0.626200 0.077524
v -0.434301 0.678482 0.197275
v -0.391373 0.676015 0.252509
v -0.384960 0.728963 0.272430
v -0.329564 0.387290 0.332278
v -0.540100 0.600973 0.066494
v -0.771743 0.061801 -0.254236
v -0.562729 0.483252 0.002106
v -0.378520 0.690982 0.290285
v -0.423309 0.723199 0.227524
v -0.632774 -0.219175 -0.079992
v -0.552452 -0.196029 0.078658
v -0.759128 0.156224 -0.211103
v -0.405998 0.594796 0.253131
v -0.465835 0.628397 0.167449
v -0.403663 0.734309 0.268080
v -0.736263 0.204139 -0.172582
v -0.731187 -0.133784 -0.209108
v -0.518257 -0.164884 0.136802
v -0.566923 0.493893 -0.000250
v -0.378240 0.703515 0.295658
v -0.374814 0.207887 0.319958
v -0.346799 0.368921 0.329745
v -0.564542 0.484005 0.021312
v -0.411687 0.629469 0.243293
v -0.382847 0.712333 0.296818
v -0.408270 0.732430 0.245257
v -0.751945 -0.080253 -0.243636
v -0.351389 0.536349 0.330565
v -0.548130 0.566379 0.046742
v -0.438172 0.705585 0.214766
v -0.695506 0.236452 -0.150356
v -0.351862 0.511837 0.341376
v -0.452439 0.640075 0.188347
v -0.766832 -0.030203 -0.256779
v -0.369396 0.303866 0.330021
v -0.576109 0.485730 0.006529
v -0.402077 0.678058 0.270490
v -0.771652 0.020366 -0.260150
v -0.355761 0.439756 0.343677
v -0.450073 0.686167 0.210693
v -0.341321 0.392307 0.340727
v -0.413977 0.655725 0.253711
v -0.466854 -0.095896 0.211577
v -0.356995 0.376633 0.325134
v -0.390544 0.690386 0.295711
v -0.599122 0.404872 0.005554
v -0.768715 0.103795 -0.240402
v -0.345964 0.372149 0.336341
v -0.525536 0.632850 0.105965
v -0.417683 0.622191 0.246925
v -0.423370 0.731177 0.254750
v -0.614734 0.364690 -0.012760
v -0.373975 0.558362 0.324421
v -0.511779 0.638210 0.129842
v -0.384371 0.699058 0.299015
v -0.424492 0.605405 0.256038
v -0.403426 0.725501 0.288058
v -0.707876 -0.160225 -0.188034
v -0.636230 0.327031 -0.034919
v -0.512467 0.633662 0.158772
v -0.463251 0.641944 0.205084
v -0.582731 0.496528 0.014953
v -0.413142 0.679039 0.274885
v -0.379992 0.573668 0.310173
v -0.440847 0.718380 0.236237
v -0.364475 0.374075 0.329229
v -0.430605 0.604504 0.262292
v -0.490349 0.622041 0.199350
v -0.405859 0.712965 0.294339
v -0.575213 0.482277 0.014935
v -0.357350 0.394670 0.345941
v -0.425460 0.676986 0.271201
v -0.583727 0.489703 0.021357
v -0.432048 0.654410 0.258110
v -0.456504 0.696332 0.230464
v -0.360036 0.378582 0.339966
v -0.568339 0.568445 0.070486
v -0.404940 0.698490 0.296619
v -0.434198 0.621731 0.249155
v -0.586503 0.525334 0.044890
v -0.553235 0.610747 0.090078
v -0.466737 0.634988 0.201056
v -0.447224 0.715560 0.248669
v -0.435370 0.725197 0.265070
v -0.422132 0.728245 0.278427
v -0.407135 0.586646 0.290195
v -0.380319 0.439450 0.351779
v -0.386338 0.516490 0.353568
v -0.376725 0.478863 0.357081
v -0.606733 -0.219480 -0.015916
v -0.404810 0.572365 0.315281
v -0.469961 0.630389 0.223228
v -0.660917 -0.206107 -0.122056
v -0.583922 0.500448 0.053681
v -0.424191 0.711938 0.284609
v -0.588381 0.503346 0.041145
v -0.442711 0.607248 0.257541
v -0.375422 0.387501 0.334918
v -0.454354 0.626949 0.243979
v -0.491829 -0.132721 0.174918
v -0.678817 0.288040 -0.053228
v -0.403004 0.540580 0.344803
v -0.428824 0.600467 0.289880
v -0.578081 0.496958 0.052842
v -0.462720 0.640508 0.233676
v -0.450118 0.692909 0.256158
v -0.445658 0.674139 0.257859
v -0.427169 0.590189 0.310203
v -0.480791 0.612736 0.239797
v -0.465873 0.627101 0.235307
v -0.681064 -0.190868 -0.150973
v -0.390085 0.414569 0.346357
v -0.475831 0.041748 0.310355
v -0.639945 0.356663 0.008738
v -0.405709 0.363734 0.347327
v -0.391184 0.405561 0.340894
v -0.587552 0.532319 0.086402
v -0.618437 0.405588 0.030578
v -0.560288 0.627279 0.173332
v -0.582817 0.551502 0.088871
v -0.400646 0.484646 0.362700
v -0.578077 0.519910 0.089918
v -0.661631 0.319770 -0.014168
v -0.586644 0.562688 0.104549
v -0.571615 0.619605 0.140980
v -0.472090 0.600907 0.255849
v -0.446188 0.603852 0.292374
v -0.415777 0.299162 0.349350
v -0.407473 0.455621 0.354159
v -0.540222 0.626372 0.198758
v -0.775868 -0.101232 -0.194721
v -0.434761 0.207927 0.344292
v -0.402147 0.437179 0.347214
v -0.425091 0.563483 0.337788
v -0.592450 0.595814 0.131937
v -0.802420 0.032053 -0.221959
v -0.411976 0.438057 0.336512
v -0.774160 -0.151539 -0.104429
v -0.800472 -0.006407 -0.222791
v -0.574190 0.534217 0.105922
v -0.488112 0.587601 0.290235
v -0.585725 0.515456 0.101862
v -0.799481 0.071646 -0.216836
v -0.525442 0.614156 0.227195
v -0.791723 -0.053341 -0.215913
v -0.461314 0.591988 0.310772
v -0.452040 0.584490 0.324767
v -0.582440 0.539034 0.102511
v -0.499505 -0.016174 0.285946
v -0.597866 0.475810 0.059358
v -0.410519 0.441228 0.345285
v -0.490882 0.608597 0.245275
v -0.796935 0.174511 -0.128542
v -0.422304 0.519400 0.364647
v -0.594208 0.550977 0.108262
v -0.659144 0.361995 0.055989
v -0.447994 0.391186 0.348918
v -0.615267 0.497425 0.100350
v -0.450208 0.124055 0.330374
v -0.523427 0.607254 0.260845
v -0.606016 0.556598 0.120474
v -0.581097 0.616299 0.169667
v -0.518989 0.598004 0.282996
v -0.610426 0.524433 0.100355
v -0.448920 0.562473 0.345267
v -0.467068 0.380787 0.350206
v -0.714696 -0.193885 -0.015807
v -0.439431 0.441730 0.370635
v -0.555838 -0.108707 0.221587
v -0.430213 0.480169 0.372251
v -0.623676 0.475874 0.108372
v -0.563627 0.614755 0.203196
v -0.755019 0.225184 -0.100920
v -0.456344 0.498535 0.373482
v -0.614102 -0.166602 0.139034
v -0.748459 -0.175779 -0.068603
v -0.620851 0.553666 0.139626
v -0.829527 -0.039400 -0.171697
v -0.452107 0.391523 0.365573
v -0.548975 0.604214 0.228390
v -0.821957 0.121425 -0.152682
v -0.478369 0.564754 0.337216
v -0.811536 -0.087847 -0.158224
v -0.678800 0.321678 0.036087
v -0.649886 -0.190031 0.081643
v -0.835975 0.063429 -0.167466
v -0.491156 0.292159 0.350770
v -0.678498 -0.198060 0.033578
v -0.465562 0.396293 0.379877
v -0.642886 0.486691 0.106233
v -0.646915 0.504489 0.112666
v -0.586162 0.600517 0.194975
v -0.467165 0.537917 0.360443
v -0.598311 0.599540 0.160814
v -0.520872 0.577820 0.303749
v -0.504036 0.564023 0.311738
v -0.637750 0.455703 0.117950
v -0.525223 -0.062827 0.258293
v -0.619677 0.565933 0.159324
v -0.648039 0.458720 0.114042
v -0.457922 0.450132 0.374080
v -0.610574 0.574417 0.180525
v -0.570770 0.581940 0.227795
v -0.546643 0.598263 0.269664
v -0.499188 0.539794 0.343303
v -0.822960 0.161117 -0.038423
v -0.470121 0.376560 0.365538
v -0.706503 0.281072 0.008898
v -0.662806 0.383348 0.099685
v -0.513565 0.355827 0.346537
v -0.655353 0.451727 0.122359
v -0.663650 0.463213 0.117757
v -0.540004 0.583581 0.295140
v -0.519113 0.531195 0.326844
v -0.566279 0.583503 0.272441
v -0.505518 0.147312 0.334660
v -0.667127 0.481652 0.123345
v -0.486765 0.498541 0.366256
v -0.483978 0.381057 0.348549
v -0.596715 0.544245 0.225033
v -0.637753 0.453834 0.141849
v -0.506698 0.517806 0.348597
v -0.611655 0.557259 0.198018
v -0.480940 0.375116 0.363167
v -0.801578 -0.116121 -0.132124
v -0.521271 0.228231 0.342797
v -0.478412 0.375778 0.375580
v -0.836976 0.014855 -0.174368
v -0.693905 0.316443 0.082725
v -0.670150 0.362820 0.149509
v -0.488852 0.446092 0.369259
v -0.554793 0.563279 0.305504
v -0.579761 -0.136239 0.189636
v -0.505624 0.392984 0.346178
v -0.517958 0.481351 0.315485
v -0.585615 0.512590 0.225416
v -0.521626 0.483828 0.319330
v -0.584531 0.567372 0.255454
v -0.725952 0.271061 0.055147
v -0.489180 0.377836 0.373445
v -0.592894 0.517842 0.227219
v -0.539675 0.545783 0.318812
v -0.614623 0.496509 0.208763
v -0.596851 0.543009 0.237867
v -0.664036 0.459369 0.127294
v -0.517720 0.479541 0.340139
v -0.522788 0.490457 0.325583
v -0.523210 0.449946 0.323228
v -0.482768 0.390334 0.382522
v -0.637824 0.468455 0.168596
v -0.658872 0.489467 0.147454
v -0.525088 0.075694 0.318018
v -0.547984 0.443627 0.310388
v -0.508448 0.462359 0.356104
v -0.521102 0.510420 0.331476
v -0.620825 0.476627 0.190611
v -0.844432 -0.057341 -0.112753
v -0.634436 0.453860 0.186202
v -0.542130 0.488863 0.326256
v -0.600127 0.526693 0.226480
v -0.608106 0.469006 0.238833
v -0.777719 -0.152186 -0.036218
v -0.496645 0.400864 0.376698
v -0.518941 0.413087 0.340676
v -0.604276 0.519780 0.240529
v -0.507004 0.395957 0.362150
v -0.515849 0.420358 0.358829
v -0.588162 0.557458 0.280129
v -0.524193 0.443440 0.342818
v -0.633482 0.496259 0.193623
v -0.613728 0.487913 0.239217
v -0.557831 0.521424 0.322290
v -0.842177 0.121857 -0.058947
v -0.598050 -0.037996 0.264330
v -0.552929 0.452548 0.320683
v -0.578891 0.532734 0.309095
v -0.817689 -0.112470 -0.073266
v -0.561994 0.024256 0.298483
v -0.856858 0.076714 -0.082564
v -0.574972 0.433315 0.313564
v -0.737874 -0.140306 0.089771
v -0.656181 -0.093864 0.206974
v -0.788650 0.205528 -0.001229
v -0.842200 -0.072827 -0.084224
v -0.605118 0.533988 0.260399
v -0.589559 0.480903 0.313269
v -0.585676 0.417800 0.294995
v -0.620289 0.464087 0.247932
v -0.856063 -0.008257 -0.114482
v -0.549794 0.361703 0.335584
v -0.655591 0.352275 0.224984
v -0.616962 0.444166 0.253135
v -0.602802 0.530583 0.281396
v -0.711562 -0.133084 0.128801
v -0.625553 0.477726 0.253376
v -0.663881 0.365753 0.190353
v -0.572205 0.455569 0.325051
v -0.604573 0.090649 0.304818
v -0.587795 0.401017 0.299729
v -0.613284 0.415356 0.305258
v -0.613577 0.427014 0.263566
v -0.612364 0.496226 0.284195
v -0.601499 0.414402 0.282043
v -0.686040 -0.117499 0.167097
v -0.623236 0.415797 0.299743
v -0.613902 0.413084 0.293445
v -0.726819 0.240360 0.151001
v -0.627027 0.441490 0.266669
v -0.861688 0.019764 -0.097859
v -0.590727 0.283967 0.315960
v -0.654047 0.024592 0.268874
v -0.575326 0.147213 0.321206
v -0.790451 -0.128072 0.022459
v -0.631094 0.458854 0.273631
v -0.819670 -0.107128 -0.020754
v -0.855717 -0.032680 -0.087528
v -0.703052 0.277723 0.168033
v -0.622386 0.430065 0.308129
v -0.630896 -0.066926 0.236773
v -0.846618 -0.061426 -0.028541
v -0.659121 0.207278 0.268094
v -0.630145 0.444629 0.289736
v -0.692903 0.248319 0.199852
v -0.857096 -0.020488 -0.030042
v -0.795936 -0.074819 0.091049
v -0.765993 -0.054155 0.150879
v -0.846248 0.067464 0.027160
v -0.818387 0.125122 0.069572
v -0.788215 0.164980 0.102067
v -0.669845 0.108185 0.263149
v -0.822787 -0.072227 0.043000
v -0.689018 -0.006427 0.239667
v -0.713822 0.052608 0.227520
v -0.747124 0.141598 0.179915
v -0.846750 -0.042663 0.005096
v -0.722856 -0.031459 0.205149
v -0.854628 0.008025 0.005764
v -0.837994 -0.033238 0.039555
v -0.841118 0.031516 0.045595
v -0.719666 0.115906 0.224461
v -0.792025 0.100994 0.127942
v -0.810939 -0.047624 0.087058
v -0.821030 0.062416 0.086380
v -0.775964 0.051385 0.166208
v -0.805878 0.017273 0.118156
vn 0.7771 0.2044 -0.5952
vn 0.7771 0.1989 -0.5971
vn 0.7745 0.2010 -0.5998
vn 0.8106 -0.1183 -0.5735
vn 0.8091 -0.1137 -0.5766
vn 0.8137 -0.1128 -0.5702
vn 0.7469 -0.0329 -0.6641
vn 0.7477 -0.0390 -0.6629
vn 0.7450 -0.0412 -0.6658
vn 0.7998 0.2670 -0.5375
vn 0.7978 0.2667 -0.5408
vn 0.7973 0.2694 -0.5402
vn 0.7266 0.0274 -0.6865
vn 0.7237 0.0231 -0.6898
vn 0.7563 0.2009 -0.6226
vn 0.7542 0.1995 -0.6255
vn 0.7547 0.2025 -0.6240
vn 0.7218 0.1206 -0.6815
vn 0.7259 0.1206 -0.6771
vn 0.7251 0.1176 -0.6786
vn 0.9189 0.0604 -0.3897
vn 0.9179 0.0565 -0.3927
vn 0.9182 0.0661 -0.3906
vn 0.8778 -0.0708 -0.4738
vn 0.8750 -0.0716 -0.4787
vn 0.8767 -0.0666 -0.4764
vn 0.8836 -0.0691 -0.4631
vn 0.8826 -0.0751 -0.4641
vn 0.8829 -0.0709 -0.4643
vn 0.8034 0.2694 -0.5311
vn 0.8044 0.2653 -0.5316
vn 0.8028 0.2656 -0.5339
vn 0.7817 -0.2426 -0.5746
vn 0.7835 -0.2522 -0.5679
vn 0.7852 -0.2487 -0.5671
vn 0.7210 0.2571 -0.6435
vn 0.7231 0.2563 -0.6414
vn 0.7203 0.2584 -0.6437
vn 0.7353 -0.2967 -0.6094
vn 0.7346 -0.2993 -0.6089
vn 0.7398 -0.2988 -0.6028
vn 0.9181 -0.0254 -0.3956
vn 0.9170 -0.0264 -0.3980
vn 0.9171 -0.0236 -0.3979
vn 0.6887 -0.2189 -0.6913
vn 0.6870 -0.2032 -0.6976
vn 0.6909 -0.2009 -0.6945
vn 0.6872 0.1730 -0.7056
vn 0.6891 0.1679 -0.7049
vn 0.6833 0.1671 -0.7108
vn 0.6768 0.2399 -0.6960
vn 0.6763 0.2399 -0.6964
vn 0.6753 0.2420 -0.6967
vn 0.7352 0.3473 -0.5821
vn 0.7369 0.3476 -0.5798
vn 0.7380 0.3456 -0.5796
vn 0.6267 0.1366 -0.7672
vn 0.6299 0.1335 -0.7651
vn 0.6348 0.1338 -0.7610
vn 0.8050 0.3250 -0.4963
vn 0.8084 0.3205 -0.4937
vn 0.8048 0.3211 -0.4991
vn 0.6593 0.0316 -0.7512
vn 0.6541 0.0207 -0.7562
vn 0.6560 0.0268 -0.7543
vn 0.9350 -0.0429 -0.3521
vn 0.9345 -0.0372 -0.3539
vn 0.9336 -0.0382 -0.3563
vn 0.6338 0.0063 -0.7734
vn 0.6313 0.0031 -0.7755
vn 0.6284 0.0073 -0.7779
vn 0.7231 0.3402 -0.6011
vn 0.7242 0.3380 -0.6011
vn 0.9614 0.0060 -0.2752
vn 0.9618 0.0073 -0.2737
vn 0.9623 0.0042 -0.2720
vn 0.9530 0.0685 -0.2951
vn 0.9527 0.0699 -0.2957
vn 0.9527 0.0716 -0.2953
vn 0.6160 -0.1687 -0.7695
vn 0.9648 0.0341 -0.2608
vn 0.9638 0.0299 -0.2650
vn 0.9637 0.0340 -0.2649
vn 0.5002 0.0104 -0.8658
vn 0.4999 0.0142 -0.8660
vn 0.4986 0.0036 -0.8668
vn 0.5383 -0.2113 -0.8158
vn 0.5399 -0.2164 -0.8134
vn 0.5401 -0.2218 -0.8119
vn 0.4834 -0.1641 -0.8599
vn 0.4433 0.5628 -0.6976
vn 0.4454 0.5613 -0.6976
vn 0.4423 0.5600 -0.7006
vn 0.9509 0.1189 -0.2858
vn 0.9504 0.1150 -0.2890
vn 0.9498 0.1196 -0.2891
vn 0.7277 0.4148 -0.5463
vn 0.7279 0.4097 -0.5499
vn 0.7253 0.4163 -0.5484
vn 0.4506 0.4115 -0.7922
vn 0.4535 0.4097 -0.7915
vn 0.4517 0.4098 -0.7925
vn 0.7530 -0.4939 -0.4348
vn 0.7577 -0.4867 -0.4348
vn 0.7563 -0.4904 -0.4330
vn 0.8400 -0.4479 -0.3062
vn 0.8386 -0.4500 -0.3071
vn 0.8406 -0.4464 -0.3069
vn 0.6726 -0.5081 -0.5380
vn 0.6735 -0.5049 -0.5399
vn 0.6755 -0.5028 -0.5393
vn 0.9724 0.0361 -0.2305
vn 0.9720 0.0373 -0.2320
vn 0.7620 0.4012 -0.5084
vn 0.7671 0.3928 -0.5073
vn 0.7619 0.3959 -0.5126
vn 0.4446 0.4424 -0.7788
vn 0.4451 0.4403 -0.7798
vn 0.4426 0.4420 -0.7802
vn 0.4329 0.2375 -0.8696
vn 0.4261 0.2362 -0.8733
vn 0.4255 0.2425 -0.8719
vn 0.5834 -0.4643 -0.6664
vn 0.5824 -0.4696 -0.6636
vn 0.5824 -0.4658 -0.6662
vn 0.9751 0.1125 -0.1910
vn 0.9737 0.1146 -0.1969
vn 0.9748 0.1163 -0.1903
vn 0.8068 -0.4835 -0.3396
vn 0.8081 -0.4795 -0.3422
vn 0.8080 -0.4806 -0.3408
vn 0.9131 -0.3773 -0.1545
vn 0.9135 -0.3754 -0.1567
vn 0.9488 -0.3082 -0.0689
vn 0.7067 0.4055 -0.5798
vn 0.7050 0.4043 -0.5827
vn 0.7045 0.4092 -0.5799
vn 0.3643 -0.1749 -0.9147
vn 0.3693 -0.1731 -0.9131
vn 0.3597 -0.1752 -0.9165
vn 0.7520 0.2763 -0.5984
vn 0.7499 0.2717 -0.6031
vn 0.7458 0.2774 -0.6057
vn 0.6765 -0.5265 -0.5149
vn 0.6780 -0.5224 -0.5171
vn 0.6822 -0.5191 -0.5149
vn 0.9169 -0.3691 -0.1517
vn 0.9188 -0.3648 -0.1510
vn 0.9177 -0.3675 -0.1507
vn 0.7198 -0.5186 -0.4614
vn 0.7196 -0.5167 -0.4639
vn 0.7227 -0.5146 -0.4614
vn 0.5182 -0.4794 -0.7083
vn 0.5184 -0.4797 -0.7079
vn 0.5183 -0.4795 -0.7082
vn 0.4025 0.0932 -0.9107
vn 0.4082 0.0900 -0.9084
vn 0.4038 0.0889 -0.9105
vn 0.4368 0.5742 -0.6924
vn 0.4385 0.5733 -0.6921
vn 0.4357 0.5744 -0.6930
vn 0.4818 -0.4429 -0.7561
vn 0.4840 -0.4375 -0.7579
vn 0.4844 -0.4428 -0.7545
vn 0.3912 0.0755 -0.9172
vn 0.3929 0.0789 -0.9162
vn 0.3942 0.0761 -0.9159
vn 0.3484 -0.1491 -0.9254
vn 0.3493 -0.1492 -0.9251
vn 0.3346 -0.0510 -0.9410
vn 0.3381 -0.0496 -0.9398
vn 0.3438 -0.0463 -0.9379
vn 0.4312 0.2386 -0.8701
vn 0.4281 0.2321 -0.8734
vn 0.4242 0.2379 -0.8738
vn 0.8260 0.2845 -0.4866
vn 0.8235 0.2845 -0.4909
vn 0.8244 0.2905 -0.4857
vn 0.8541 -0.4523 -0.2568
vn 0.8529 -0.4534 -0.2588
vn 0.8584 -0.4431 -0.2584
vn 0.9767 0.1036 -0.1879
vn 0.9756 0.1031 -0.1936
vn 0.9757 0.1048 -0.1922
vn 0.9752 -0.2181 0.0367
vn 0.9763 -0.2140 0.0325
vn 0.9765 -0.2118 0.0393
vn 0.4244 0.3395 -0.8394
vn 0.4220 0.3403 -0.8403
vn 0.4298 0.3360 -0.8381
vn 0.9731 0.0636 -0.2213
vn 0.9736 0.0620 -0.2198
vn 0.9733 0.0619 -0.2212
vn 0.9233 0.1956 -0.3306
vn 0.9231 0.1947 -0.3315
vn 0.9227 0.1948 -0.3326
vn 0.3344 -0.4060 -0.8505
vn 0.3377 -0.3977 -0.8531
vn 0.3445 -0.4036 -0.8476
vn 0.3879 0.6040 -0.6962
vn 0.3926 0.6029 -0.6946
vn 0.3864 0.6053 -0.6959
vn 0.8105 0.2459 -0.5316
vn 0.8112 0.2440 -0.5314
vn 0.8100 0.2405 -0.5348
vn 0.7960 -0.6032 0.0507
vn 0.7945 -0.6054 0.0484
vn 0.7936 -0.6061 0.0529
vn 0.4365 0.6115 -0.6600
vn 0.4349 0.6108 -0.6617
vn 0.3877 -0.4455 -0.8070
vn 0.3814 -0.4415 -0.8122
vn 0.3875 -0.4417 -0.8091
vn 0.9879 -0.1146 0.1043
vn 0.9884 -0.1120 0.1023
vn 0.9884 -0.1094 0.1049
vn 0.5970 0.4046 -0.6928
vn 0.5992 0.4017 -0.6925
vn 0.5949 0.4012 -0.6965
vn 0.9521 -0.3030 -0.0410
vn 0.9508 -0.3070 -0.0405
vn 0.9515 -0.3046 -0.0429
vn 0.8000 0.2596 -0.5409
vn 0.7999 0.2553 -0.5431
vn 0.7978 0.2569 -0.5454
vn 0.8459 0.2521 -0.4700
vn 0.8490 0.2455 -0.4679
vn 0.8453 0.2484 -0.4731
vn 0.9824 -0.1589 0.0982
vn 0.5012 -0.7206 -0.4791
vn 0.5018 -0.7199 -0.4795
vn 0.4972 -0.7264 -0.4745
vn 0.4231 -0.6520 -0.6292
vn 0.4282 -0.6513 -0.6265
vn 0.4318 -0.6468 -0.6287
vn 0.4031 0.6641 -0.6297
vn 0.4012 0.6627 -0.6323
vn 0.3993 0.6640 -0.6322
vn 0.9200 0.2223 -0.3228
vn 0.9199 0.2229 -0.3227
vn 0.9202 0.2235 -0.3214
vn 0.9656 -0.2583 0.0305
vn 0.9670 -0.2529 0.0321
vn 0.9652 -0.2590 0.0355
vn 0.4754 -0.7249 -0.4985
vn 0.4797 -0.7211 -0.4999
vn 0.4772 -0.7258 -0.4955
vn 0.7249 -0.6871 -0.0491
vn 0.7244 -0.6878 -0.0475
vn 0.7267 -0.6854 -0.0460
vn 0.4030 0.5719 -0.7145
vn 0.4005 0.5678 -0.7192
vn 0.4003 0.5691 -0.7183
vn 0.9955 0.0714 -0.0619
vn 0.9253 0.2198 -0.3091
vn 0.9228 0.2218 -0.3149
vn 0.9234 0.2274 -0.3091
vn 0.0494 -0.0466 -0.9977
vn 0.0576 -0.0512 -0.9970
vn 0.0509 -0.0451 -0.9977
vn 0.3916 0.4644 -0.7943
vn 0.3963 0.4597 -0.7947
vn 0.3908 0.4602 -0.7972
vn 0.3574 0.4523 -0.8171
vn 0.3526 0.4512 -0.8198
vn 0.3516 0.4558 -0.8177
vn 0.0556 0.1657 -0.9846
vn 0.0557 0.1711 -0.9837
vn 0.0645 0.1677 -0.9837
vn 0.9981 0.0606 0.0062
vn 0.9982 0.0591 0.0051
vn 0.5554 0.3765 -0.7415
vn 0.5579 0.3730 -0.7414
vn 0.5559 0.3710 -0.7439
vn 0.1353 -0.4779 -0.8679
vn 0.0675 0.3251 -0.9433
vn 0.0681 0.3210 -0.9446
vn 0.0676 0.3180 -0.9457
vn 0.5247 0.5419 -0.6565
vn 0.5299 0.5406 -0.6534
vn 0.5277 0.5405 -0.6553
vn 0.5750 -0.7561 -0.3126
vn 0.5771 -0.7546 -0.3123
vn 0.3017 -0.6832 -0.6650
vn 0.3074 -0.6806 -0.6651
vn 0.3045 -0.6859 -0.6610
vn 0.2590 -0.6645 -0.7009
vn 0.2644 -0.6640 -0.6994
vn 0.2677 -0.6685 -0.6939
vn 0.0664 -0.2472 -0.9667
vn 0.0593 -0.2380 -0.9695
vn 0.0661 -0.2391 -0.9687
vn 0.8402 -0.5211 0.1503
vn 0.8394 -0.5224 0.1497
vn 0.9842 -0.0653 0.1644
vn 0.9848 -0.0625 0.1619
vn 0.9841 -0.0620 0.1665
vn 0.4081 0.4042 -0.8186
vn 0.4061 0.3951 -0.8240
vn 0.4045 0.3997 -0.8226
vn 0.5140 -0.7566 -0.4042
vn 0.5171 -0.7528 -0.4073
vn 0.5143 -0.7556 -0.4056
vn 0.6634 -0.7309 -0.1604
vn 0.6677 -0.7274 -0.1586
vn 0.6661 -0.7301 -0.1523
vn 0.9076 -0.3710 0.1965
vn 0.9052 -0.3750 0.2000
vn 0.9054 -0.3717 0.2053
vn 0.0986 0.4737 -0.8751
vn 0.1016 0.4774 -0.8728
vn 0.0966 0.4775 -0.8733
vn 0.5936 0.4006 -0.6980
vn 0.5971 0.4048 -0.6925
vn 0.5990 0.3986 -0.6945
vn 0.9956 0.0690 0.0637
vn 0.9958 0.0680 0.0612
vn 0.9955 0.0720 0.0620
vn 0.9175 0.3498 -0.1892
vn 0.9184 0.3458 -0.1925
vn 0.9175 0.3489 -0.1910
vn 0.9757 0.1575 -0.1524
vn 0.9753 0.1588 -0.1533
vn 0.9756 0.1595 -0.1508
vn 0.7921 -0.6090 0.0410
vn 0.7912 -0.6105 0.0366
vn 0.7938 -0.6068 0.0414
vn 0.0961 0.5607 -0.8224
vn 0.0975 0.5599 -0.8228
vn 0.0970 0.5594 -0.8232
vn 0.9827 -0.0894 0.1625
vn 0.9820 -0.0928 0.1646
vn 0.9824 -0.0947 0.1609
vn 0.7197 -0.6922 -0.0542
vn 0.7217 -0.6904 -0.0504
vn 0.7199 -0.6922 -0.0509
vn 0.0205 0.0460 -0.9987
vn 0.0314 0.0475 -0.9984
vn 0.0280 0.0442 -0.9986
vn 0.0542 0.3671 -0.9286
vn 0.0568 0.3676 -0.9282
vn 0.0576 0.3667 -0.9285
vn 0.8976 0.3668 -0.2444
vn 0.8995 0.3604 -0.2470
vn 0.8989 0.3628 -0.2457
vn 0.9228 0.3429 -0.1755
vn 0.9204 0.3450 -0.1841
vn 0.9213 0.3473 -0.1747
vn 0.0245 -0.1611 -0.9866
vn 0.0273 -0.1614 -0.9865
vn 0.0298 -0.1623 -0.9863
vn 0.8401 -0.5281 0.1238
vn 0.8423 -0.5247 0.1231
vn 0.8375 -0.5318 0.1256
vn 0.3103 0.4899 -0.8147
vn 0.3083 0.4894 -0.8157
vn 0.1215 -0.5287 -0.8401
vn 0.1224 -0.5281 -0.8403
vn 0.1259 -0.5295 -0.8389
vn 0.8828 -0.4210 0.2084
vn 0.8835 -0.4227 0.2019
vn 0.8849 -0.4189 0.2039
vn 0.1024 0.6997 -0.7071
vn 0.1033 0.6995 -0.7071
vn 0.1019 0.6980 -0.7088
vn 0.5278 0.5432 -0.6529
vn 0.5278 0.5402 -0.6554
vn 0.5251 0.5419 -0.6562
vn 0.3521 0.4172 -0.8379
vn 0.3540 0.4200 -0.8356
vn 0.3559 0.4168 -0.8364
vn 0.0520 0.2186 -0.9744
vn 0.0510 0.2223 -0.9736
vn 0.0494 0.2170 -0.9749
vn 0.9898 0.1249 0.0691
vn 0.9894 0.1244 0.0752
vn 0.9895 0.1289 0.0654
vn 0.0560 -0.3705 -0.9271
vn 0.0571 -0.3701 -0.9272
vn 0.0631 -0.3738 -0.9254
vn 0.5609 -0.7638 -0.3193
vn 0.5634 -0.7603 -0.3234
vn 0.9889 0.1266 -0.0784
vn 0.9901 0.1163 -0.0782
vn 0.9889 0.1233 -0.0824
vn 0.2008 -0.6625 -0.7216
vn 0.1990 -0.6661 -0.7188
vn 0.1976 -0.6700 -0.7156
vn 0.9341 -0.2468 0.2578
vn 0.9335 -0.2545 0.2527
vn 0.9316 -0.2541 0.2600
vn 0.6414 -0.7483 -0.1693
vn 0.6390 -0.7492 -0.1741
vn 0.6421 -0.7454 -0.1791
vn 0.9115 -0.3164 0.2629
vn 0.9130 -0.3179 0.2558
vn 0.9138 -0.3145 0.2569
vn 0.0520 0.6837 -0.7279
vn 0.0579 0.6774 -0.7333
vn 0.0591 0.6827 -0.7283
vn 0.3425 0.5602 -0.7542
vn 0.3400 0.5571 -0.7577
vn 0.3403 0.5553 -0.7588
vn 0.5166 0.5788 -0.6310
vn 0.5178 0.5778 -0.6309
vn 0.5174 0.5749 -0.6338
vn 0.3317 -0.7716 -0.5428
vn 0.3287 -0.7721 -0.5438
vn 0.3334 -0.7668 -0.5486
vn 0.9869 0.0585 0.1505
vn 0.9868 0.0592 0.1510
vn 0.9868 0.0579 0.1511
vn 0.9065 0.3909 -0.1593
vn 0.9063 0.3890 -0.1653
vn 0.9035 0.3949 -0.1668
vn 0.9625 0.0912 0.2555
vn 0.9640 0.0864 0.2516
vn 0.9645 0.0864 0.2495
vn 0.0826 0.5422 -0.8362
vn 0.0875 0.5441 -0.8344
vn 0.0865 0.5410 -0.8366
vn 0.9513 -0.0461 0.3047
vn 0.9522 -0.0484 0.3015
vn 0.9514 -0.0474 0.3041
vn 0.5981 0.5895 -0.5430
vn 0.9373 -0.1731 0.3025
vn 0.9375 -0.1719 0.3025
vn 0.0482 0.5110 -0.8582
vn 0.0512 0.5114 -0.8578
vn 0.3560 0.4235 -0.8330
vn 0.3556 0.4198 -0.8350
vn 0.3614 0.4141 -0.8354
vn 0.0437 0.6780 -0.7337
vn 0.0444 0.6744 -0.7370
vn 0.0403 0.6788 -0.7332
vn 0.9635 0.0916 0.2517
vn 0.9639 0.0902 0.2507
vn 0.9644 0.0901 0.2485
vn 0.2964 0.4074 -0.8638
vn 0.2955 0.4083 -0.8637
vn 0.2935 0.4065 -0.8652
vn 0.0640 0.8003 -0.5961
vn 0.0638 0.7997 -0.5970
vn 0.0620 0.7998 -0.5971
vn 0.9631 0.0928 0.2526
vn 0.9640 0.0919 0.2495
vn 0.9639 0.0926 0.2495
vn 0.9324 -0.1122 0.3436
vn 0.9319 -0.1070 0.3465
vn 0.9301 -0.1084 0.3510
vn 0.2962 0.4059 -0.8646
vn 0.3008 0.4002 -0.8657
vn 0.2975 0.4083 -0.8630
vn 0.0791 0.7299 -0.6789
vn 0.0781 0.7300 -0.6790
vn 0.9507 -0.0423 0.3073
vn 0.9523 -0.0404 0.3024
vn 0.9524 -0.0406 0.3022
vn 0.0315 0.4284 -0.9031
vn 0.0366 0.4306 -0.9018
vn 0.0363 0.4256 -0.9042
vn 0.1754 -0.8658 -0.4686
vn 0.1808 -0.8645 -0.4690
vn -0.0900 0.5851 -0.8060
vn 0.3190 -0.9375 -0.1394
vn 0.3156 -0.9381 -0.1424
vn 0.3150 -0.9396 -0.1340
vn 0.6444 -0.6693 0.3698
vn 0.6471 -0.6687 0.3661
vn 0.6430 -0.6684 0.3739
vn 0.0845 0.7820 -0.6175
vn 0.0852 0.7787 -0.6216
vn 0.0823 0.7790 -0.6216
vn 0.9355 -0.1721 0.3086
vn 0.9358 -0.1710 0.3083
vn 0.6834 -0.5632 0.4644
vn 0.6856 -0.5616 0.4632
vn 0.6862 -0.5596 0.4648
vn -0.2105 -0.1943 -0.9581
vn -0.2066 -0.1957 -0.9586
vn -0.2107 -0.1986 -0.9572
vn -0.2124 0.5739 -0.7909
vn -0.2124 0.5735 -0.7912
vn -0.2153 0.5672 -0.7949
vn -0.0287 0.6875 -0.7256
vn -0.0250 0.6870 -0.7262
vn -0.0286 0.6859 -0.7272
vn 0.9273 -0.0069 0.3742
vn 0.9279 -0.0063 0.3728
vn 0.9280 -0.0038 0.3725
vn -0.1186 -0.6130 -0.7811
vn -0.1146 -0.6136 -0.7813
vn -0.1168 -0.6148 -0.7800
vn -0.2740 0.2217 -0.9358
vn -0.2796 0.2217 -0.9342
vn -0.2753 0.2141 -0.9372
vn 0.9257 0.0513 0.3747
vn 0.9271 0.0515 0.3713
vn 0.9255 0.0514 0.3752
vn -0.0253 -0.7722 -0.6349
vn -0.0192 -0.7724 -0.6349
vn -0.0191 -0.7763 -0.6300
vn -0.0580 0.7244 -0.6870
vn -0.0575 0.7219 -0.6896
vn -0.0618 0.7228 -0.6883
vn 0.9127 0.0225 0.4079
vn 0.9134 0.0287 0.4060
vn 0.9119 0.0332 0.4091
vn 0.4256 -0.9048 0.0152
vn 0.4314 -0.9021 0.0128
vn 0.4296 -0.9028 0.0196
vn -0.0825 -0.7280 -0.6806
vn -0.0788 -0.7304 -0.6785
vn -0.0838 -0.7296 -0.6787
vn 0.4776 -0.8640 0.1595
vn 0.4781 -0.8641 0.1574
vn -0.0397 0.5842 -0.8106
vn -0.0425 0.5794 -0.8140
vn -0.0395 0.5802 -0.8135
vn 0.2293 -0.9411 -0.2486
vn 0.2337 -0.9399 -0.2491
vn 0.2318 -0.9415 -0.2448
vn 0.5130 -0.8408 0.1730
vn 0.5107 -0.8427 0.1708
vn 0.5155 -0.8403 0.1677
vn -0.2771 0.0446 -0.9598
vn -0.2774 0.0504 -0.9594
vn -0.2703 0.0473 -0.9616
vn -0.1850 -0.4258 -0.8857
vn -0.1848 -0.4260 -0.8856
vn -0.1858 -0.4268 -0.8851
vn -0.2359 -0.2941 -0.9262
vn -0.2371 -0.2975 -0.9248
vn -0.2394 -0.2947 -0.9251
vn -0.2876 0.0248 -0.9574
vn -0.2823 0.0260 -0.9590
vn -0.2813 0.0203 -0.9594
vn 0.7391 -0.2917 0.6072
vn 0.7381 -0.2929 0.6079
vn 0.7400 -0.2917 0.6061
vn 0.1583 -0.9227 -0.3515
vn 0.1562 -0.9223 -0.3535
vn 0.1616 -0.9201 -0.3568
vn -0.2784 -0.0893 -0.9563
vn -0.2804 -0.0858 -0.9560
vn -0.2728 -0.0886 -0.9580
vn 0.5904 -0.7526 0.2916
vn 0.5938 -0.7491 0.2937
vn -0.1907 0.5029 -0.8430
vn -0.1847 0.5007 -0.8457
vn -0.1919 0.4978 -0.8458
vn 0.3236 -0.9421 -0.0883
vn 0.3266 -0.9409 -0.0892
vn 0.3266 -0.9404 -0.0946
vn 0.4099 -0.9121 0.0104
vn 0.4099 -0.9121 0.0073
vn 0.4131 -0.9106 0.0071
vn -0.0242 -0.7717 -0.6356
vn -0.0196 -0.7748 -0.6319
vn -0.0245 -0.7750 -0.6315
vn -0.2010 -0.4717 -0.8585
vn -0.1948 -0.4707 -0.8605
vn -0.1982 -0.4745 -0.8576
vn -0.2328 0.6581 -0.7160
vn -0.2345 0.6566 -0.7168
vn -0.2385 0.6572 -0.7150
vn -0.1858 -0.5452 -0.8175
vn -0.1778 -0.5442 -0.8199
vn -0.1812 -0.5462 -0.8178
vn 0.0572 -0.8687 -0.4921
vn 0.0574 -0.8670 -0.4949
vn 0.0631 -0.8673 -0.4938
vn -0.2863 0.2596 -0.9223
vn -0.2852 0.2634 -0.9216
vn -0.2824 0.2595 -0.9235
vn 0.7353 -0.2004 0.6475
vn 0.7420 -0.1908 0.6427
vn 0.7380 -0.1887 0.6479
vn -0.1681 0.4709 -0.8660
vn -0.1666 0.4714 -0.8660
vn -0.1668 0.4693 -0.8671
vn 0.6517 -0.6074 0.4542
vn 0.6518 -0.6086 0.4525
vn 0.6538 -0.6055 0.4537
vn -0.0070 0.8347 -0.5507
vn -0.0052 0.8348 -0.5506
vn 0.7223 -0.4376 0.5356
vn 0.7218 -0.4406 0.5337
vn 0.7257 -0.4394 0.5294
vn -0.3179 0.7102 -0.6282
vn -0.3169 0.7100 -0.6289
vn -0.3166 0.7102 -0.6287
vn -0.2581 0.3869 -0.8853
vn -0.2533 0.3829 -0.8884
vn -0.2587 0.3820 -0.8872
vn -0.2653 -0.2920 -0.9189
vn -0.2658 -0.2907 -0.9192
vn -0.1280 0.6605 -0.7398
vn -0.1334 0.6554 -0.7434
vn -0.1344 0.6595 -0.7396
vn 0.6127 -0.7082 0.3508
vn 0.6149 -0.7043 0.3546
vn 0.6118 -0.7069 0.3548
vn 0.9088 0.0689 0.4114
vn 0.9091 0.0710 0.4105
vn 0.9094 0.0733 0.4094
vn 0.0536 -0.8801 -0.4718
vn 0.0576 -0.8776 -0.4759
vn 0.0597 -0.8808 -0.4696
vn 0.7216 -0.3133 0.6174
vn 0.7257 -0.3160 0.6111
vn 0.7258 -0.3099 0.6141
vn -0.1211 0.5509 -0.8257
vn -0.1190 0.5490 -0.8273
vn -0.1189 0.5503 -0.8265
vn 0.8967 0.1166 0.4269
vn 0.8963 0.1225 0.4261
vn 0.8935 0.1207 0.4325
vn 0.5421 -0.7980 0.2635
vn 0.5414 -0.8001 0.2582
vn 0.5475 -0.7957 0.2592
vn -0.2696 0.4507 -0.8510
vn -0.2721 0.4520 -0.8495
vn -0.2800 0.4483 -0.8489
vn -0.2703 0.8299 -0.4880
vn -0.2696 0.8279 -0.4919
vn -0.2706 0.8284 -0.4904
vn 0.6883 -0.4884 0.5363
vn 0.6911 -0.4894 0.5319
vn 0.6924 -0.4855 0.5337
vn 0.8805 0.1186 0.4589
vn 0.8836 0.1263 0.4509
vn 0.8805 0.1251 0.4572
vn 0.1114 -0.9175 -0.3818
vn 0.1119 -0.9163 -0.3846
vn 0.1203 -0.9166 -0.3812
vn 0.7360 -0.1933 0.6488
vn 0.7380 -0.1944 0.6462
vn 0.7374 -0.1923 0.6475
vn -0.2247 0.7732 -0.5930
vn -0.2252 0.7683 -0.5992
vn -0.2225 0.7664 -0.6026
vn 0.7253 -0.1118 0.6793
vn 0.7254 -0.1120 0.6792
vn -0.1225 0.4473 -0.8859
vn -0.1244 0.4417 -0.8885
vn -0.1270 0.4432 -0.8874
vn -0.2793 -0.4019 -0.8721
vn -0.2766 -0.4099 -0.8692
vn -0.2851 -0.4076 -0.8675
vn -0.3258 -0.2016 -0.9237
vn -0.3206 -0.2047 -0.9248
vn -0.3242 -0.2042 -0.9237
vn 0.2177 -0.9437 -0.2491
vn 0.2178 -0.9430 -0.2516
vn 0.2198 -0.9414 -0.2558
vn -0.2369 0.8366 -0.4940
vn -0.2409 0.8348 -0.4951
vn -0.2433 0.8362 -0.4914
vn -0.1310 0.6283 -0.7668
vn -0.1314 0.6323 -0.7635
vn -0.1262 0.6294 -0.7668
vn -0.3459 0.7395 -0.5775
vn -0.3437 0.7368 -0.5823
vn -0.3399 0.7349 -0.5868
vn 0.7063 0.0516 0.7061
vn 0.7047 0.0524 0.7075
vn 0.7053 0.0534 0.7069
vn -0.1446 0.6137 -0.7762
vn -0.1458 0.6109 -0.7781
vn -0.1518 0.6131 -0.7753
vn -0.2544 0.4600 -0.8507
vn -0.2492 0.4538 -0.8555
vn -0.2592 0.4568 -0.8510
vn -0.2748 0.6670 -0.6925
vn -0.2731 0.6638 -0.6963
vn -0.2754 0.6630 -0.6961
vn -0.3305 0.5295 -0.7813
vn -0.3341 0.5278 -0.7809
vn -0.3335 0.5319 -0.7784
vn 0.7160 -0.0164 0.6979
vn 0.7147 -0.0214 0.6991
vn 0.7168 -0.0180 0.6971
vn 0.7051 0.0398 0.7080
vn 0.7076 0.0385 0.7055
vn 0.7081 0.0382 0.7050
vn 0.8368 -0.0819 0.5413
vn -0.3171 0.6466 -0.6938
vn -0.3172 0.6447 -0.6955
vn 0.7282 -0.0021 0.6854
vn 0.7297 -0.0032 0.6838
vn 0.7290 -0.0015 0.6845
vn 0.4052 -0.8184 0.4074
vn 0.4002 -0.8208 0.4075
vn 0.4033 -0.8208 0.4044
vn -0.3085 0.5484 -0.7773
vn -0.3057 0.5420 -0.7828
vn -0.3115 0.5441 -0.7790
vn -0.3159 0.4409 -0.8401
vn -0.3207 0.4406 -0.8384
vn -0.3119 0.4442 -0.8399
vn -0.0614 0.8449 -0.5315
vn 0.7379 -0.0960 0.6680
vn 0.7386 -0.0966 0.6672
vn 0.7393 -0.0958 0.6665
vn -0.1444 0.6139 -0.7761
vn -0.1454 0.6122 -0.7772
vn -0.1497 0.6127 -0.7760
vn 0.4709 -0.6452 0.6017
vn 0.4774 -0.6432 0.5987
vn 0.4753 -0.6379 0.6059
vn 0.5110 -0.5388 0.6698
vn 0.5151 -0.5359 0.6690
vn 0.5119 -0.5354 0.6718
vn 0.1075 -0.9921 0.0642
vn 0.1118 -0.9917 0.0635
vn 0.1081 -0.9915 0.0725
vn 0.4112 -0.7612 0.5015
vn 0.4115 -0.7594 0.5040
vn 0.4211 -0.7578 0.4984
vn 0.5670 -0.2126 0.7958
vn 0.5672 -0.2121 0.7958
vn 0.5554 -0.3567 0.7512
vn 0.5559 -0.3582 0.7501
vn 0.5568 -0.3590 0.7490
vn -0.3838 0.4408 -0.8114
vn -0.3951 0.4421 -0.8052
vn -0.3896 0.4407 -0.8087
vn 0.0375 -0.9977 -0.0566
vn 0.0340 -0.9978 -0.0569
vn 0.0398 -0.9976 -0.0571
vn 0.2675 -0.9119 0.3114
vn 0.5707 -0.1173 0.8127
vn 0.5690 -0.1172 0.8139
vn -0.5526 0.2511 -0.7948
vn -0.5427 0.2520 -0.8012
vn -0.5475 0.2518 -0.7980
vn -0.4402 -0.6012 -0.6669
vn -0.4381 -0.6018 -0.6677
vn -0.4384 -0.6038 -0.6657
vn -0.5323 -0.2053 -0.8213
vn -0.5303 -0.2072 -0.8221
vn -0.5306 -0.2095 -0.8213
vn -0.4422 0.6837 -0.5805
vn -0.4416 0.6827 -0.5822
vn -0.4446 0.6825 -0.5801
vn -0.4751 -0.4450 -0.7591
vn -0.4743 -0.4422 -0.7613
vn 0.3006 -0.8718 0.3867
vn -0.5539 0.0356 -0.8318
vn -0.5539 0.0340 -0.8319
vn -0.5542 0.0332 -0.8317
vn -0.4624 0.6345 -0.6194
vn -0.4626 0.6330 -0.6207
vn -0.0837 -0.9768 -0.1971
vn -0.0762 -0.9757 -0.2054
vn -0.0806 -0.9765 -0.1999
vn 0.5073 -0.5245 0.6838
vn 0.5069 -0.5247 0.6839
vn -0.3369 0.8437 -0.4180
vn -0.3370 0.8434 -0.4185
vn -0.3366 0.8439 -0.4178
vn -0.2637 -0.8464 -0.4627
vn -0.2603 -0.8460 -0.4654
vn -0.2614 -0.8476 -0.4619
vn 0.5708 -0.1174 0.8126
vn 0.3966 -0.7480 0.5322
vn 0.3983 -0.7469 0.5323
vn 0.3989 -0.7460 0.5333
vn -0.5179 0.4674 -0.7165
vn -0.5168 0.4722 -0.7141
vn -0.5139 0.4701 -0.7176
vn -0.3747 0.7913 -0.4832
vn -0.3735 0.7923 -0.4824
vn -0.3731 0.7924 -0.4827
vn -0.3746 0.7976 -0.4727
vn -0.4151 0.7396 -0.5297
vn -0.4132 0.7365 -0.5355
vn -0.4119 0.7391 -0.5330
vn -0.3390 -0.7515 -0.5660
vn -0.3382 -0.7539 -0.5633
vn -0.3377 -0.7543 -0.5629
vn -0.1922 -0.9049 -0.3797
vn -0.1890 -0.9052 -0.3807
vn -0.1919 -0.9058 -0.3778
vn -0.4414 -0.6020 -0.6654
vn -0.4403 -0.5993 -0.6686
vn -0.4391 -0.6022 -0.6668
vn -0.5347 -0.3598 -0.7646
vn -0.5329 -0.3610 -0.7653
vn -0.5371 -0.3607 -0.7625
vn -0.5417 0.3847 -0.7474
vn -0.5349 0.3850 -0.7521
vn -0.5385 0.3805 -0.7518
vn -0.5242 0.4865 -0.6990
vn -0.5212 0.4892 -0.6993
vn -0.5221 0.4858 -0.7010
vn -0.3380 -0.7527 -0.5650
vn -0.3405 -0.7511 -0.5656
vn -0.3343 -0.7521 -0.5679
vn -0.5092 0.5135 -0.6906
vn -0.5068 0.5113 -0.6941
vn -0.5084 0.5121 -0.6922
vn -0.2942 -0.8302 -0.4735
vn -0.2948 -0.8295 -0.4744
vn -0.5822 0.1125 -0.8052
vn -0.5796 0.1144 -0.8069
vn -0.5780 0.1133 -0.8081
vn 0.5717 -0.0442 0.8193
vn 0.5738 -0.0411 0.8180
vn 0.5713 -0.0408 0.8197
vn 0.1959 -0.9600 0.1998
vn 0.1998 -0.9590 0.2010
vn 0.2008 -0.9585 0.2024
vn 0.5423 -0.4526 0.7078
vn 0.5513 -0.0338 0.8336
vn 0.5594 -0.0292 0.8284
vn 0.5548 -0.0273 0.8316
vn -0.1988 -0.9166 -0.3470
vn -0.1922 -0.9152 -0.3542
vn -0.1902 -0.9185 -0.3467
vn 0.0987 -0.9933 0.0599
vn 0.1009 -0.9928 0.0651
vn 0.0962 -0.9932 0.0651
vn -0.5627 0.2951 -0.7722
vn -0.5599 0.2967 -0.7736
vn -0.5591 0.2940 -0.7752
vn -0.5078 0.5128 -0.6922
vn -0.5768 -0.1089 -0.8096
vn -0.5774 -0.1030 -0.8099
vn -0.5750 -0.1112 -0.8105
vn 0.5588 -0.2166 0.8005
vn 0.5604 -0.2174 0.7992
vn 0.5608 -0.2154 0.7994
vn 0.0349 -0.9992 -0.0188
vn 0.0367 -0.9991 -0.0197
vn 0.0373 -0.9991 -0.0188
vn -0.1320 -0.9667 -0.2191
vn -0.1249 -0.9681 -0.2172
vn -0.1272 -0.9689 -0.2124
vn -0.4678 0.6319 -0.6179
vn -0.4641 0.6317 -0.6210
vn -0.4642 0.6301 -0.6225
vn 0.2646 -0.9065 0.3291
vn 0.2676 -0.9062 0.3275
vn 0.2673 -0.9052 0.3305
vn -0.4472 0.6806 -0.5803
vn -0.4438 0.6809 -0.5826
vn -0.4464 0.6789 -0.5830
vn 0.3029 -0.8202 0.4854
vn 0.2958 -0.8216 0.4873
vn 0.3052 -0.8198 0.4846
vn 0.5445 -0.3670 0.7542
vn 0.5417 -0.3694 0.7550
vn 0.5427 -0.3695 0.7543
vn 0.4760 0.0155 0.8793
vn 0.4428 -0.6671 0.5991
vn 0.4450 -0.6692 0.5951
vn 0.4471 -0.6670 0.5961
vn 0.2010 -0.9510 0.2351
vn 0.2035 -0.9519 0.2289
vn 0.2047 -0.9504 0.2343
vn -0.3524 0.8502 -0.3910
vn -0.3498 0.8496 -0.3948
vn -0.3577 0.8477 -0.3917
vn 0.3746 -0.1183 0.9196
vn 0.3714 -0.1209 0.9206
vn 0.3764 -0.1152 0.9193
vn 0.3555 -0.7694 0.5307
vn -0.4316 0.7240 -0.5381
vn -0.7040 0.5003 -0.5041
vn -0.6987 0.5035 -0.5082
vn -0.7043 0.5009 -0.5031
vn 0.3903 -0.1333 0.9110
vn 0.3927 -0.1322 0.9101
vn 0.3937 -0.1284 0.9102
vn 0.3473 -0.3316 0.8772
vn 0.3494 -0.3357 0.8748
vn 0.3547 -0.3326 0.8738
vn 0.3861 -0.0166 0.9223
vn 0.3881 -0.0144 0.9215
vn -0.6322 -0.6735 0.3831
vn -0.6232 -0.6800 0.3863
vn -0.6298 -0.6730 0.3878
vn -0.6659 0.5285 -0.5266
vn -0.6637 0.5298 -0.5280
vn -0.6656 0.5250 -0.5304
vn -0.5417 0.8161 -0.2013
vn -0.5389 0.8191 -0.1965
vn -0.5362 0.8217 -0.1932
vn -0.4513 0.8179 -0.3569
vn -0.4482 0.8188 -0.3588
vn -0.4523 0.8186 -0.3541
vn -0.6450 0.5087 -0.5702
vn -0.6464 0.5099 -0.5677
vn -0.6434 0.5105 -0.5704
vn -0.7120 0.4238 -0.5599
vn -0.7083 0.4249 -0.5638
vn -0.7124 0.4209 -0.5615
vn 0.4017 0.0008 0.9158
vn 0.4016 0.0014 0.9158
vn -0.7223 0.4327 -0.5395
vn -0.7969 0.5128 -0.3194
vn -0.7982 0.5126 -0.3165
vn -0.7953 0.5164 -0.3176
vn 0.3659 -0.2297 0.9018
vn 0.3652 -0.2281 0.9026
vn -0.5905 0.6322 -0.5016
vn -0.5290 0.7575 -0.3825
vn -0.5280 0.7569 -0.3851
vn -0.5320 0.7561 -0.3811
vn -0.6015 0.6481 -0.4670
vn -0.6036 0.6431 -0.4713
vn -0.6056 0.6441 -0.4673
vn -0.7396 0.5840 -0.3345
vn -0.7361 0.5892 -0.3332
vn -0.7368 0.5845 -0.3399
vn -0.6014 -0.5851 -0.5440
vn -0.5985 -0.5856 -0.5467
vn -0.6008 -0.5872 -0.5424
vn -0.6865 -0.3685 -0.6269
vn -0.6854 -0.3692 -0.6276
vn -0.6850 -0.3746 -0.6249
vn -0.7441 0.2617 -0.6147
vn -0.7458 0.2560 -0.6150
vn -0.7425 0.2573 -0.6184
vn 0.3004 -0.5112 0.8052
vn 0.3004 -0.5139 0.8035
vn 0.2963 -0.5118 0.8064
vn 0.4058 -0.0372 0.9132
vn 0.4101 -0.0357 0.9113
vn 0.4099 -0.0331 0.9115
vn -0.7463 -0.1104 -0.6564
vn -0.7430 -0.1142 -0.6595
vn -0.7463 -0.1174 -0.6551
vn -0.7831 0.5459 -0.2978
vn -0.7795 0.5513 -0.2974
vn -0.7620 0.0899 -0.6414
vn -0.7633 0.0884 -0.6399
vn -0.6336 0.6429 -0.4304
vn -0.6240 0.6486 -0.4358
vn -0.6297 0.6429 -0.4361
vn -0.5460 -0.7608 -0.3508
vn -0.5415 -0.7603 -0.3587
vn -0.5433 -0.7649 -0.3462
vn -0.3447 -0.9367 -0.0616
vn -0.3367 -0.9392 -0.0678
vn -0.3411 -0.9381 -0.0602
vn -0.4972 -0.8106 -0.3094
vn -0.5021 -0.8075 -0.3094
vn -0.4960 -0.8107 -0.3109
vn -0.7695 -0.2322 -0.5949
vn -0.7659 -0.2290 -0.6008
vn -0.7656 -0.2340 -0.5992
vn -0.6969 -0.4657 -0.5453
vn -0.6962 -0.4704 -0.5422
vn -0.6937 -0.4764 -0.5402
vn -0.7723 0.3428 -0.5348
vn -0.7688 0.3466 -0.5375
vn -0.7696 0.3424 -0.5390
vn 0.0906 0.1871 0.9782
vn 0.0932 0.1906 0.9772
vn 0.0885 0.1908 0.9776
vn -0.7790 0.1374 -0.6117
vn -0.7770 0.1391 -0.6139
vn -0.7780 0.1371 -0.6131
vn -0.7766 0.5078 -0.3728
vn -0.7749 0.5092 -0.3746
vn -0.7853 -0.0253 -0.6186
vn -0.7797 -0.0226 -0.6258
vn -0.7824 -0.0262 -0.6223
vn -0.2275 -0.9692 0.0945
vn -0.2343 -0.9680 0.0897
vn -0.2297 -0.9688 0.0928
vn 0.3389 -0.3217 0.8841
vn 0.3450 -0.3235 0.8811
vn 0.3479 -0.3189 0.8816
vn 0.1099 0.1120 0.9876
vn 0.1118 0.1205 0.9864
vn 0.1066 0.1200 0.9870
vn -0.7003 0.6107 -0.3696
vn -0.7013 0.6094 -0.3698
vn -0.7005 0.6118 -0.3675
vn 0.3822 -0.2205 0.8974
vn 0.3841 -0.2196 0.8968
vn 0.3822 -0.2194 0.8977
vn 0.0535 0.0252 0.9982
vn 0.0528 0.0208 0.9984
vn 0.0532 0.0230 0.9983
vn -0.5303 0.6996 -0.4789
vn -0.5318 0.6989 -0.4782
vn 0.0499 0.0271 0.9984
vn 0.0506 0.0289 0.9983
vn 0.0560 0.0246 0.9981
vn -0.7317 0.4302 -0.5287
vn -0.7280 0.4291 -0.5347
vn -0.7317 0.4278 -0.5306
vn -0.8064 0.4119 -0.4244
vn -0.8056 0.4104 -0.4273
vn -0.8066 0.4106 -0.4253
vn 0.2852 -0.4688 0.8360
vn 0.2854 -0.4698 0.8354
vn 0.2878 -0.4674 0.8359
vn -0.0474 -0.9381 0.3432
vn -0.0500 -0.9390 0.3403
vn -0.0454 -0.9391 0.3407
vn -0.6799 0.6863 -0.2583
vn -0.6795 0.6857 -0.2611
vn -0.6810 0.6853 -0.2581
vn 0.0230 -0.8642 0.5027
vn 0.0279 -0.8638 0.5031
vn 0.0305 -0.8637 0.5031
vn -0.5629 0.8111 -0.1586
vn -0.5649 0.8082 -0.1663
vn -0.5677 0.8074 -0.1608
vn -0.7938 0.5340 -0.2910
vn -0.7933 0.5340 -0.2925
vn -0.7944 0.5311 -0.2948
vn -0.2302 -0.9695 0.0840
vn -0.2276 -0.9696 0.0901
vn -0.2332 -0.9683 0.0893
vn -0.4720 -0.8504 -0.2323
vn -0.4778 -0.8476 -0.2307
vn -0.4762 -0.8474 -0.2350
vn 0.1277 -0.8001 0.5861
vn 0.1273 -0.8001 0.5862
vn 0.1276 -0.8001 0.5861
vn 0.0242 -0.8879 0.4595
vn 0.0314 -0.8882 0.4584
vn 0.0271 -0.8858 0.4632
vn 0.1782 -0.7543 0.6319
vn 0.1796 -0.7525 0.6336
vn 0.1771 -0.7515 0.6355
vn -0.6194 -0.6676 -0.4132
vn -0.6173 -0.6712 -0.4105
vn -0.6227 -0.6653 -0.4118
vn -0.6968 0.6272 -0.3481
vn -0.6946 0.6268 -0.3530
vn -0.6931 0.6256 -0.3581
vn -0.4206 -0.8895 -0.1785
vn -0.4140 -0.8921 -0.1810
vn -0.4144 -0.8920 -0.1804
vn -0.1360 -0.9649 0.2247
vn -0.1258 -0.9659 0.2262
vn -0.1318 -0.9661 0.2218
vn 0.0187 0.0013 0.9998
vn 0.0192 0.0030 0.9998
vn -0.8081 0.1374 -0.5727
vn -0.8061 0.1341 -0.5763
vn -0.8066 0.1328 -0.5760
vn -0.6589 -0.6229 -0.4217
vn -0.6640 -0.6211 -0.4163
vn -0.6631 -0.6173 -0.4234
vn -0.8050 -0.0222 -0.5929
vn -0.8016 -0.0286 -0.5971
vn -0.8044 -0.0305 -0.5934
vn -0.7744 -0.2316 -0.5888
vn -0.7751 -0.2297 -0.5886
vn -0.7737 -0.2303 -0.5902
vn 0.2438 -0.6215 0.7445
vn 0.2481 -0.6206 0.7439
vn 0.2452 -0.6201 0.7453
vn -0.7679 0.4502 -0.4556
vn -0.7658 0.4515 -0.4579
vn -0.7657 0.4512 -0.4584
vn -0.8381 0.4222 -0.3454
vn -0.8378 0.4202 -0.3487
vn -0.8397 0.4184 -0.3461
vn -0.3659 -0.9273 -0.0788
vn -0.3729 -0.9244 -0.0806
vn -0.3716 -0.9244 -0.0853
vn -0.8217 0.0967 -0.5617
vn -0.8213 0.0985 -0.5619
vn -0.8210 0.0951 -0.5630
vn -0.7121 0.5399 -0.4489
vn -0.7116 0.5438 -0.4449
vn -0.7142 0.5382 -0.4474
vn 0.0233 -0.0622 0.9978
vn 0.0257 -0.0592 0.9979
vn 0.0252 -0.0559 0.9981
vn -0.5789 -0.7309 -0.3616
vn -0.5793 -0.7285 -0.3657
vn -0.5776 -0.7322 -0.3609
vn 0.1759 -0.6844 0.7076
vn 0.1774 -0.6884 0.7033
vn 0.1834 -0.6825 0.7075
vn -0.7148 -0.4647 -0.5227
vn -0.7102 -0.4656 -0.5280
vn -0.7110 -0.4702 -0.5228
vn -0.1284 -0.9631 0.2365
vn -0.1296 -0.9623 0.2392
vn -0.1325 -0.9619 0.2390
vn -0.7161 0.6532 -0.2459
vn -0.7515 -0.4185 -0.5100
vn -0.7495 -0.4235 -0.5088
vn -0.7520 -0.4200 -0.5080
vn 0.1320 -0.7999 0.5854
vn 0.1333 -0.7980 0.5878
vn 0.1316 -0.7963 0.5903
vn -0.7852 0.3259 -0.5265
vn -0.7857 0.3242 -0.5268
vn -0.7862 0.3209 -0.5282
vn 0.0065 -0.1669 0.9860
vn 0.0083 -0.1646 0.9863
vn 0.0071 -0.1650 0.9863
vn 0.2396 -0.5898 0.7712
vn 0.2434 -0.5919 0.7684
vn 0.2491 -0.5892 0.7686
vn -0.8210 -0.1411 -0.5532
vn -0.8184 -0.1351 -0.5586
vn -0.8195 -0.1348 -0.5570
vn -0.8909 0.3723 -0.2604
vn -0.8929 0.3704 -0.2559
vn -0.8906 0.3769 -0.2546
vn -0.7343 0.6697 -0.1114
vn -0.7333 0.6703 -0.1141
vn -0.7357 0.6679 -0.1123
vn -0.0485 -0.9144 0.4018
vn -0.0451 -0.9169 0.3965
vn -0.0395 -0.9152 0.4011
vn -0.0969 0.0343 0.9947
vn -0.0213 -0.2300 0.9730
vn -0.0206 -0.2312 0.9727
vn -0.7747 0.5400 -0.3288
vn -0.0542 -0.3672 0.9285
vn -0.0553 -0.3713 0.9269
vn -0.0513 -0.3696 0.9278
vn -0.0959 0.0324 0.9949
vn -0.0974 0.0286 0.9948
vn -0.0908 0.0290 0.9954
vn -0.9415 0.3355 0.0311
vn -0.9393 0.3422 0.0256
vn -0.9430 0.3319 0.0230
vn -0.0439 -0.1061 0.9934
vn -0.0426 -0.1088 0.9931
vn -0.0396 -0.1002 0.9942
vn -0.9438 0.3305 -0.0031
vn -0.9442 0.3292 -0.0049
vn -0.9454 0.3258 -0.0036
vn -0.8612 0.4573 -0.2221
vn -0.8577 0.4609 -0.2278
vn -0.8612 0.4539 -0.2288
vn -0.0957 0.0282 0.9950
vn -0.0884 0.0239 0.9958
vn -0.0899 0.0322 0.9954
vn -0.6412 0.7605 -0.1023
vn -0.6395 0.7620 -0.1019
vn -0.6396 0.7612 -0.1069
vn -0.7534 0.6334 -0.1766
vn -0.7508 0.6354 -0.1805
vn -0.7537 0.6323 -0.1793
vn -0.8095 0.5082 0.2939
vn -0.5014 0.2797 0.8188
vn -0.4974 0.2852 0.8193
vn -0.4978 0.2910 0.8170
vn -0.8200 -0.5165 -0.2467
vn -0.0410 -0.1131 0.9927
vn -0.0387 -0.1046 0.9938
vn -0.0440 -0.1082 0.9932
vn -0.8593 0.5072 0.0656
vn -0.8599 0.5066 0.0623
vn -0.8626 0.5019 0.0632
vn -0.0037 -0.2254 0.9743
vn -0.0003 -0.2259 0.9741
vn -0.0880 -0.4715 0.8774
vn -0.0936 -0.4744 0.8753
vn -0.9379 0.3397 0.0699
vn -0.9382 0.3388 0.0706
vn -0.9097 0.4136 0.0363
vn -0.8495 -0.4038 -0.3394
vn -0.8454 -0.4089 -0.3437
vn -0.8453 -0.4112 -0.3411
vn -0.8532 0.4882 -0.1835
vn -0.8521 0.4874 -0.1909
vn -0.8561 0.4816 -0.1874
vn -0.6545 -0.7550 -0.0413
vn -0.0703 -0.3111 0.9478
vn -0.0668 -0.3124 0.9476
vn -0.0643 -0.3107 0.9483
vn -0.8472 0.5035 -0.1698
vn -0.8471 0.5030 -0.1718
vn -0.7570 0.6314 -0.1682
vn -0.7504 0.6386 -0.1707
vn -0.7513 0.6362 -0.1755
vn -0.2886 0.0773 0.9543
vn -0.2943 0.0686 0.9533
vn -0.2878 0.0707 0.9551
vn -0.5685 -0.8188 0.0804
vn -0.5679 -0.8186 0.0860
vn -0.5702 -0.8174 0.0817
vn -0.2779 0.0720 0.9579
vn -0.2770 0.0722 0.9581
vn -0.2795 0.0755 0.9572
vn -0.7226 -0.6743 -0.1523
vn -0.7228 -0.6739 -0.1533
vn -0.7159 -0.6803 -0.1571
vn -0.4996 0.3200 0.8050
vn -0.4971 0.3224 0.8056
vn -0.4995 0.3246 0.8032
vn -0.1030 -0.4331 0.8955
vn -0.1003 -0.4355 0.8946
vn -0.0975 -0.4310 0.8971
vn -0.8425 0.4509 0.2948
vn -0.8466 0.4469 0.2889
vn -0.8446 0.4457 0.2967
vn -0.1259 -0.5672 0.8139
vn -0.8389 0.4639 0.2847
vn -0.8397 0.4608 0.2875
vn -0.8371 0.4644 0.2891
vn -0.4255 -0.8167 0.3897
vn -0.4291 -0.8144 0.3907
vn -0.9264 -0.1417 -0.3490
vn -0.9253 -0.1443 -0.3506
vn -0.9246 -0.1463 -0.3517
vn -0.2267 -0.0133 0.9739
vn -0.2262 -0.0167 0.9739
vn -0.2263 -0.0149 0.9740
vn -0.5054 -0.8091 0.3000
vn -0.5035 -0.8100 0.3005
vn -0.9175 0.2919 -0.2701
vn -0.9171 0.2909 -0.2727
vn -0.9175 0.2909 -0.2712
vn -0.5280 0.2932 0.7970
vn -0.5257 0.2876 0.8006
vn -0.5262 0.2918 0.7988
vn -0.8145 -0.5501 -0.1844
vn -0.8114 -0.5536 -0.1878
vn -0.8979 0.3943 -0.1955
vn -0.9499 0.0646 -0.3058
vn -0.9475 0.0647 -0.3132
vn -0.9498 0.0606 -0.3069
vn -0.2637 -0.7350 0.6247
vn -0.2667 -0.7358 0.6225
vn -0.2655 -0.7332 0.6260
vn -0.8213 -0.5259 -0.2212
vn -0.8199 -0.5283 -0.2205
vn -0.2909 -0.0105 0.9567
vn -0.2920 -0.0103 0.9564
vn -0.5306 0.2309 0.8156
vn -0.5243 0.2337 0.8189
vn -0.5285 0.2377 0.8150
vn -0.1644 -0.5750 0.8015
vn -0.1610 -0.5812 0.7977
vn -0.1554 -0.5819 0.7983
vn -0.7362 0.6666 -0.1169
vn -0.6874 -0.7252 -0.0397
vn -0.6855 -0.7265 -0.0479
vn -0.6841 -0.7282 -0.0426
vn -0.5261 0.2917 0.7988
vn -0.5227 0.2889 0.8020
vn -0.5232 0.2965 0.7989
vn -0.2026 -0.6617 0.7219
vn -0.2030 -0.6615 0.7220
vn -0.6824 0.7263 -0.0831
vn -0.6798 0.7278 -0.0907
vn -0.6796 0.7287 -0.0846
vn -0.9250 0.3725 0.0752
vn -0.9244 0.3751 0.0694
vn -0.9270 0.3692 0.0665
vn -0.9124 0.2974 0.2813
vn -0.9129 0.2967 0.2804
vn -0.3256 -0.7868 0.5243
vn -0.3286 -0.7866 0.5228
vn -0.1861 -0.1738 0.9670
vn -0.1848 -0.1743 0.9672
vn -0.9231 -0.2309 -0.3074
vn -0.9266 -0.2279 -0.2991
vn -0.9226 -0.2339 -0.3066
vn -0.9514 -0.0063 -0.3080
vn -0.9510 -0.0050 -0.3092
vn -0.9531 -0.0101 -0.3025
vn -0.1885 -0.1362 0.9726
vn -0.1857 -0.1339 0.9735
vn -0.1878 -0.1320 0.9733
vn -0.9397 0.3198 0.1213
vn -0.5449 -0.7891 0.2837
vn -0.5458 -0.7903 0.2785
vn -0.5405 -0.7917 0.2847
vn -0.9536 0.1542 -0.2588
vn -0.9541 0.1472 -0.2609
vn -0.9543 0.1503 -0.2582
vn -0.8460 0.5134 0.1438
vn -0.8475 0.5121 0.1399
vn -0.8487 0.5099 0.1405
vn -0.3433 -0.0236 0.9389
vn -0.3416 -0.0239 0.9396
vn -0.3414 -0.0209 0.9397
vn -0.8900 0.3090 0.3352
vn -0.8888 0.3163 0.3317
vn -0.8885 0.3169 0.3320
vn -0.2567 -0.7349 0.6278
vn -0.2545 -0.7360 0.6273
vn -0.2578 -0.7335 0.6289
vn -0.2025 -0.6348 0.7457
vn -0.6083 0.1206 0.7845
vn -0.6096 0.1279 0.7823
vn -0.6102 0.1238 0.7825
vn -0.1964 -0.1765 0.9645
vn -0.1939 -0.1792 0.9645
vn -0.1914 -0.1784 0.9652
vn -0.9200 0.3754 0.1128
vn -0.9195 0.3769 0.1116
vn -0.9181 0.3797 0.1136
vn -0.2016 -0.2197 0.9545
vn -0.1999 -0.2193 0.9550
vn -0.1984 -0.2199 0.9551
vn -0.6455 0.2811 0.7102
vn -0.6433 0.2820 0.7118
vn -0.6459 0.2867 0.7076
vn -0.5083 -0.8289 -0.2335
vn -0.5113 -0.8267 -0.2349
vn -0.5065 -0.8308 -0.2309
vn -0.7237 -0.6888 0.0417
vn -0.7239 -0.6886 0.0427
vn -0.7250 -0.6874 0.0426
vn -0.8613 0.4858 0.1488
vn -0.8612 0.4869 0.1456
vn -0.8650 0.4815 0.1411
vn -0.3246 -0.7807 0.5340
vn -0.3235 -0.7807 0.5346
vn -0.2903 -0.3257 0.8998
vn -0.2907 -0.3260 0.8996
vn -0.2903 -0.3259 0.8997
vn -0.5845 -0.7872 0.1967
vn -0.5831 -0.7893 0.1924
vn -0.4175 -0.8011 0.4290
vn -0.4143 -0.8023 0.4297
vn -0.4110 -0.8039 0.4300
vn -0.7016 -0.6996 0.1353
vn -0.4151 -0.0159 0.9096
vn -0.4141 -0.0117 0.9102
vn -0.4142 -0.0078 0.9102
vn -0.8894 0.3087 0.3372
vn -0.8897 0.3112 0.3341
vn -0.8529 -0.5216 0.0209
vn -0.9521 -0.2326 -0.1985
vn -0.9523 -0.2341 -0.1957
vn -0.7829 0.5942 0.1842
vn -0.7844 0.5938 0.1792
vn -0.7847 0.5922 0.1834
vn -0.9407 -0.3249 -0.0976
vn -0.9401 -0.3250 -0.1028
vn -0.9397 -0.3276 -0.0980
vn -0.8160 0.1742 0.5512
vn -0.8141 0.1776 0.5529
vn -0.8146 0.1727 0.5537
vn -0.9855 -0.1306 -0.1086
vn -0.9851 -0.1335 -0.1083
vn -0.9848 -0.1357 -0.1083
vn -0.6559 0.1198 0.7453
vn -0.6563 0.1213 0.7447
vn -0.7420 0.1672 0.6492
vn -0.7415 0.1650 0.6504
vn -0.7405 0.1721 0.6497
vn -0.8635 -0.5032 0.0345
vn -0.8201 0.1828 0.5423
vn -0.8221 0.1763 0.5414
vn -0.8204 0.1770 0.5437
vn -0.9484 -0.3167 -0.0140
vn -0.9479 -0.3183 -0.0143
vn -0.9475 -0.3197 -0.0086
vn -0.8658 0.1977 0.4596
vn -0.8642 0.1997 0.4618
vn -0.8655 0.2030 0.4579
vn -0.8486 0.4912 0.1964
vn -0.8487 0.4899 0.1995
vn -0.8102 0.2751 0.5177
vn -0.8068 0.2802 0.5202
vn -0.8094 0.2795 0.5164
vn -0.6759 -0.6074 0.4175
vn -0.6730 -0.6082 0.4209
vn -0.6778 -0.6047 0.4184
vn -0.8224 0.5295 0.2079
vn -0.8200 0.5310 0.2135
vn -0.8206 0.5308 0.2118
vn -0.5516 -0.0283 0.8336
vn -0.5500 -0.0360 0.8344
vn -0.5477 -0.0317 0.8361
vn -0.9951 0.0642 0.0751
vn -0.9945 0.0700 0.0780
vn -0.9957 0.0588 0.0720
vn -0.9604 0.2527 0.1173
vn -0.9609 0.2538 0.1109
vn -0.9611 0.2515 0.1143
vn -0.2948 -0.2772 0.9145
vn -0.2937 -0.2766 0.9150
vn -0.2952 -0.2766 0.9145
vn -0.8349 0.1757 0.5215
vn -0.8384 0.1771 0.5155
vn -0.8366 0.1747 0.5192
vn -0.9934 -0.1149 -0.0046
vn -0.9936 -0.1131 0.0001
vn -0.9929 -0.1192 0.0025
vn -0.3705 -0.3872 0.8443
vn -0.3660 -0.3899 0.8450
vn -0.3650 -0.3878 0.8464
vn -0.4370 -0.4526 0.7773
vn -0.4319 -0.4560 0.7781
vn -0.4342 -0.4488 0.7810
vn -0.3622 -0.3921 0.8456
vn -0.3582 -0.3894 0.8486
vn -0.3599 -0.3919 0.8467
vn -0.6234 -0.5796 0.5248
vn -0.6280 -0.5748 0.5246
vn -0.6235 -0.5774 0.5271
vn -0.5676 -0.5603 0.6032
vn -0.5646 -0.5611 0.6053
vn -0.5662 -0.5597 0.6051
vn -0.9679 -0.2499 0.0258
vn -0.9691 -0.2454 0.0258
vn -0.9686 -0.2462 0.0354
vn -0.9974 0.0005 0.0720
vn -0.9980 0.0009 0.0631
vn -0.9976 0.0001 0.0695
vn -0.9161 0.3658 0.1641
vn -0.9153 0.3673 0.1653
vn -0.9172 0.3622 0.1660
vn -0.5321 0.0300 0.8461
vn -0.5277 0.0147 0.8493
vn -0.5280 0.0149 0.8491
vn -0.9900 0.0987 0.1005
vn -0.9888 0.1062 0.1044
vn -0.9899 0.1022 0.0983
vn -0.7890 -0.5543 0.2649
vn -0.7882 -0.5560 0.2640
vn -0.7891 -0.5537 0.2660
vn -0.6364 -0.5718 0.5176
vn -0.6361 -0.5748 0.5147
vn -0.6358 -0.5738 0.5163
vn -0.5463 -0.0460 0.8364
vn -0.5462 -0.0444 0.8365
vn -0.9300 0.3289 0.1638
vn -0.9306 0.3282 0.1620
vn -0.8531 0.4824 0.1988
vn -0.8524 0.4842 0.1975
vn -0.8541 0.4827 0.1935
vn -0.7999 0.3246 0.5048
vn -0.7991 0.3272 0.5043
vn -0.8027 0.3244 0.5004
vn -0.7333 -0.5642 0.3794
vn -0.7342 -0.5644 0.3773
vn -0.7314 -0.5659 0.3805
vn -0.9625 -0.2389 0.1287
vn -0.9616 -0.2413 0.1308
vn -0.9621 -0.2422 0.1254
vn -0.8587 -0.4670 0.2109
vn -0.8575 -0.4699 0.2096
vn -0.8579 -0.4691 0.2096
vn -0.5852 -0.0578 0.8088
vn -0.5844 -0.0541 0.8097
vn -0.5870 -0.0523 0.8079
vn -0.7767 0.2902 0.5590
vn -0.5960 -0.0868 0.7983
vn -0.5949 -0.0830 0.7995
vn -0.5949 -0.0847 0.7993
vn -0.7678 0.2217 0.6011
vn -0.7643 0.2230 0.6051
vn -0.7670 0.2254 0.6007
vn -0.8790 -0.4180 0.2297
vn -0.8811 -0.4159 0.2250
vn -0.8765 -0.4223 0.2312
vn -0.4511 -0.4562 0.7670
vn -0.4492 -0.4578 0.7672
vn -0.4496 -0.4565 0.7678
vn -0.6104 0.0289 0.7916
vn -0.6105 0.0266 0.7915
vn -0.6092 0.0268 0.7925
vn -0.7981 0.3108 0.5161
vn -0.7993 0.3099 0.5149
vn -0.8001 0.3084 0.5145
vn -0.8938 -0.3211 0.3132
vn -0.8945 -0.3162 0.3159
vn -0.8933 -0.3222 0.3133
vn -0.9687 -0.1539 0.1949
vn -0.9701 -0.1525 0.1891
vn -0.9718 -0.1491 0.1829
vn -0.5062 -0.5195 0.6884
vn -0.5064 -0.5203 0.6876
vn -0.5069 -0.5184 0.6887
vn -0.5482 -0.5188 0.6560
vn -0.5470 -0.5235 0.6533
vn -0.5470 -0.5231 0.6536
vn -0.6157 -0.0189 0.7877
vn -0.6148 -0.0213 0.7884
vn -0.6143 -0.0173 0.7889
vn -0.8412 0.2445 0.4823
vn -0.8417 0.2448 0.4813
vn -0.8429 0.2430 0.4800
vn -0.9275 -0.0802 0.3651
vn -0.9294 -0.0824 0.3598
vn -0.9291 -0.0785 0.3614
vn -0.9474 -0.1510 0.2820
vn -0.9486 -0.1505 0.2784
vn -0.9508 0.0228 0.3090
vn -0.9507 0.0272 0.3090
vn -0.9511 0.0185 0.3083
vn -0.6629 -0.1247 0.7382
vn -0.6613 -0.1257 0.7395
vn -0.6604 -0.1235 0.7407
vn -0.9044 0.1447 0.4014
vn -0.9084 0.1439 0.3925
vn -0.9074 0.1404 0.3962
vn -0.8212 0.2537 0.5111
vn -0.8213 0.2552 0.5102
vn -0.8221 0.2548 0.5092
vn -0.8123 -0.3909 0.4329
vn -0.8162 -0.3875 0.4286
vn -0.8126 -0.3831 0.4392
vn -0.8648 -0.3019 0.4011
vn -0.9154 0.0764 0.3953
vn -0.9142 0.0722 0.3987
vn -0.9150 0.0700 0.3974
vn -0.7794 -0.3583 0.5139
vn -0.7832 -0.3498 0.5141
vn -0.7815 -0.3569 0.5117
vn -0.8731 0.1602 0.4605
vn -0.8730 0.1584 0.4612
vn -0.8748 0.1578 0.4581
vn -0.7925 0.1655 0.5869
vn -0.7942 0.1651 0.5848
vn -0.7958 0.1649 0.5827
vn -0.7400 -0.1644 0.6522
vn -0.7374 -0.1648 0.6551
vn -0.7360 -0.1631 0.6571
vn -0.6984 -0.1090 0.7074
vn -0.6982 -0.1187 0.7060
vn -0.6948 -0.1113 0.7106
vn -0.7039 -0.0295 0.7097
vn -0.7042 -0.0281 0.7095
vn -0.6990 -0.0293 0.7145
vn -0.8087 0.1711 0.5628
vn -0.8081 0.1728 0.5631
vn -0.8760 -0.1497 0.4585
vn -0.8794 -0.1472 0.4527
vn -0.8749 -0.1505 0.4604
vn -0.9027 -0.0829 0.4221
vn -0.8990 0.0065 0.4379
vn -0.8086 -0.2019 0.5527
vn -0.8100 -0.2056 0.5493
vn -0.8087 -0.1983 0.5538
vn -0.8593 0.1075 0.5000
vn -0.8604 0.1099 0.4977
vn -0.8603 0.1040 0.4990
vn -0.8653 0.0582 0.4979
vn -0.8641 0.0624 0.4994
vn -0.8679 0.0596 0.4932
vn -0.7838 -0.1569 0.6009
vn -0.7793 -0.1645 0.6047
vn -0.7824 -0.1613 0.6015
vn 0.6711 0.0389 -0.7403
vn 0.5345 -0.5746 -0.6198
vn 0.9137 -0.3036 -0.2703
vn 0.9116 -0.3040 -0.2768
vn 0.9166 -0.2989 -0.2654
vn 0.9668 -0.2433 0.0779
vn 0.8065 0.4237 -0.4123
vn 0.3282 -0.1585 -0.9312
vn 0.3268 -0.1623 -0.9311
vn 0.3259 -0.1554 -0.9325
vn 0.2388 -0.3311 -0.9129
vn 0.2387 -0.3309 -0.9130
vn 0.2387 -0.3311 -0.9129
vn 0.2976 -0.0615 -0.9527
vn 0.9279 0.3197 -0.1918
vn 0.9072 -0.3441 0.2420
vn 0.9055 -0.3520 0.2371
vn 0.9044 -0.3487 0.2458
vn 0.0674 -0.0741 -0.9950
vn 0.0675 -0.0741 -0.9950
vn 0.0675 -0.0742 -0.9950
vn -0.1022 -0.6133 -0.7832
vn -0.0982 -0.6131 -0.7839
vn -0.1030 -0.6162 -0.7808
vn 0.8138 0.4259 -0.3955
vn 0.8139 0.4262 -0.3949
vn 0.8126 0.4266 -0.3971
vn 0.6025 0.4295 -0.6726
vn -0.0975 -0.9828 -0.1566
vn -0.0984 -0.9836 -0.1508
vn -0.1004 -0.9817 -0.1618
vn -0.0788 -0.9607 -0.2661
vn 0.8685 -0.4053 0.2852
vn 0.3041 -0.9064 0.2932
vn 0.0555 0.0744 -0.9957
vn 0.3102 0.4091 -0.8581
vn 0.3105 0.4087 -0.8583
vn 0.3101 0.4084 -0.8585
vn 0.5774 0.4431 -0.6858
vn -0.2468 -0.5694 -0.7842
vn 0.8515 0.3251 -0.4113
vn 0.8504 0.3229 -0.4153
vn 0.8480 0.3269 -0.4173
vn 0.5109 -0.7745 0.3731
vn 0.5108 -0.7755 0.3711
vn 0.5132 -0.7726 0.3737
vn 0.8470 0.3161 -0.4274
vn 0.8471 0.3161 -0.4271
vn 0.7997 -0.4398 0.4088
vn 0.9643 0.2602 0.0498
vn 0.9650 0.2582 0.0461
vn 0.0103 0.4081 -0.9129
vn 0.0130 0.4041 -0.9146
vn 0.0053 0.4094 -0.9123
vn -0.2226 -0.3015 -0.9271
vn 0.9587 0.2543 -0.1275
vn 0.9610 0.2677 0.0695
vn 0.4755 0.3782 -0.7943
vn 0.4737 0.3760 -0.7964
vn 0.4724 0.3799 -0.7953
vn -0.4104 -0.3073 -0.8586
vn -0.4754 -0.2796 -0.8341
vn -0.4716 -0.2827 -0.8353
vn -0.1988 0.2928 -0.9353
vn 0.4639 -0.7428 0.4828
vn 0.8845 -0.1547 0.4400
vn -0.3370 0.0249 -0.9412
vn 0.9400 0.0451 0.3382
vn 0.6355 -0.5797 0.5100
vn 0.6385 -0.5793 0.5067
vn 0.6394 -0.5743 0.5112
vn -0.4843 -0.1179 -0.8669
vn 0.3790 0.5901 -0.7129
vn 0.3829 0.5908 -0.7102
vn 0.3796 0.5938 -0.7095
vn 0.8920 0.4512 0.0273
vn 0.8923 0.4507 0.0274
vn 0.8920 0.4512 0.0276
vn 0.4212 0.6356 -0.6471
vn 0.9973 0.0641 0.0369
vn 0.9974 0.0613 0.0371
vn 0.9977 0.0582 0.0359
vn 0.7233 0.6018 -0.3387
vn 0.7276 0.5944 -0.3424
vn 0.7227 0.5990 -0.3448
vn 0.7318 0.6176 -0.2883
vn 0.1137 0.3003 -0.9470
vn 0.1453 0.5602 -0.8156
vn 0.1480 0.5571 -0.8172
vn 0.8699 0.4930 0.0126
vn 0.8704 0.4921 0.0138
vn 0.8712 0.4908 0.0133
vn 0.9881 0.0837 0.1294
vn 0.9886 0.0799 0.1276
vn 0.9890 0.0812 0.1237
vn 0.5536 -0.1580 -0.8176
vn 0.5355 -0.4836 0.6924
vn 0.5335 -0.4868 0.6917
vn 0.5331 -0.4845 0.6936
vn 0.3153 -0.6334 0.7066
vn -0.4591 0.2388 -0.8557
vn -0.4590 0.2362 -0.8564
vn -0.4609 0.2348 -0.8558
vn 0.6039 -0.3243 -0.7281
vn 0.8479 -0.1744 -0.5006
vn 0.8510 -0.1662 -0.4981
vn 0.8502 -0.1711 -0.4979
vn 0.3638 -0.1386 -0.9211
vn 0.9594 -0.0952 -0.2655
vn -0.1632 -0.2268 -0.9602
vn -0.1630 -0.2268 -0.9602
vn -0.1631 -0.2268 -0.9602
vn 0.8606 0.2515 -0.4429
vn 0.7768 -0.0417 -0.6284
vn 0.1248 0.3096 -0.9427
vn 0.1237 0.3058 -0.9440
vn 0.1275 0.3071 -0.9431
vn 0.9256 -0.1917 -0.3265
vn 0.5760 -0.2922 -0.7635
vn 0.9359 0.2459 -0.2524
vn 0.9361 0.2458 -0.2516
vn 0.9365 0.2442 -0.2517
vn 0.8106 -0.2806 -0.5140
vn 0.8105 -0.2787 -0.5151
vn 0.8088 -0.2792 -0.5176
vn 0.5402 0.2386 -0.8070
vn 0.6632 0.3714 -0.6498
vn 0.9248 -0.2034 -0.3214
vn 0.9600 0.2645 0.0916
vn 0.3694 -0.0438 -0.9282
vn 0.3581 -0.0430 -0.9327
vn 0.3640 -0.0417 -0.9305
vn 0.8318 0.2843 -0.4767
vn 0.8541 -0.3835 -0.3514
vn -0.7714 -0.1380 -0.6212
vn 0.9160 -0.2243 0.3325
vn 0.9142 -0.2229 0.3384
vn 0.9162 -0.2243 0.3321
vn 0.9189 0.3478 0.1863
vn 0.9213 0.3448 0.1795
vn 0.9213 0.3475 0.1744
vn 0.9515 0.2965 -0.0819
vn 0.9518 0.2945 -0.0855
vn 0.9509 0.2975 -0.0848
vn 0.7393 -0.5025 -0.4482
vn 0.7401 -0.5025 -0.4470
vn 0.7399 -0.5036 -0.4461
vn 0.9681 -0.2499 -0.0208
vn -0.4908 -0.2548 -0.8332
vn -0.4907 -0.2550 -0.8332
vn -0.4907 -0.2550 -0.8331
vn 0.7025 -0.6002 -0.3825
vn 0.7024 -0.6003 -0.3825
vn 0.7024 -0.6005 -0.3823
vn 0.4848 0.1170 -0.8668
vn 0.4848 0.1169 -0.8668
vn 0.4848 0.1168 -0.8668
vn -0.7391 -0.0231 -0.6732
vn -0.7391 -0.0231 -0.6733
vn 0.7733 0.3473 -0.5305
vn 0.7713 0.3460 -0.5341
vn 0.7685 0.3475 -0.5372
vn 0.6774 0.2992 -0.6720
vn 0.9417 0.2751 0.1936
vn 0.6390 -0.6665 -0.3840
vn 0.2640 0.0310 -0.9640
vn 0.8238 -0.5196 -0.2268
vn 0.8237 -0.5196 -0.2270
vn 0.8237 -0.5196 -0.2269
vn 0.4031 -0.5338 0.7434
vn 0.4031 -0.5339 0.7433
vn 0.4032 -0.5336 0.7434
vn 0.8028 0.2202 -0.5541
vn 0.8040 0.2157 -0.5541
vn 0.8002 0.2196 -0.5581
vn 0.2963 0.7374 -0.6070
vn 0.1854 -0.1280 -0.9743
vn 0.6488 -0.7185 -0.2506
vn 0.6340 -0.7700 -0.0716
vn 0.6359 -0.7686 -0.0696
vn 0.6339 -0.7698 -0.0747
vn 0.4003 0.2759 -0.8739
vn 0.8448 0.1880 -0.5009
vn 0.4713 -0.6717 -0.5717
vn 0.1533 0.5572 -0.8161
vn 0.1579 0.5558 -0.8162
vn 0.1601 0.5506 -0.8193
vn 0.6516 -0.7123 0.2608
vn 0.6481 -0.7141 0.2647
vn 0.6507 -0.7119 0.2640
vn 0.1367 -0.7415 -0.6569
vn 0.1318 -0.7395 -0.6602
vn 0.1371 -0.7411 -0.6572
vn 0.4537 -0.1377 -0.8805
vn 0.1267 -0.7712 -0.6239
vn 0.1273 -0.7721 -0.6226
vn 0.1326 -0.7712 -0.6227
vn 0.9505 0.2142 -0.2252
vn 0.5775 0.0686 -0.8135
vn 0.5774 0.0685 -0.8136
vn 0.7871 -0.3575 0.5027
vn 0.7869 -0.3577 0.5028
vn -0.0161 0.0503 -0.9986
vn -0.0163 0.0504 -0.9986
vn -0.0160 0.0505 -0.9986
vn 0.5195 -0.1231 -0.8456
vn -0.4143 -0.4442 -0.7944
vn 0.9798 0.1510 -0.1313
vn 0.9797 0.1512 -0.1316
vn 0.4218 0.5206 -0.7424
vn 0.4240 0.5190 -0.7422
vn 0.4195 0.5211 -0.7433
vn 0.6082 0.4199 -0.6737
vn 0.6133 0.4153 -0.6719
vn 0.6053 0.4157 -0.6788
vn 0.8158 0.2934 -0.4984
vn 0.3939 0.5257 -0.7540
vn 0.5081 -0.7966 0.3276
vn 0.5092 -0.7966 0.3258
vn 0.5082 -0.7970 0.3264
vn -0.5320 -0.3218 -0.7832
vn 0.5895 0.7768 -0.2215
vn 0.5873 0.7772 -0.2262
vn 0.5875 0.7794 -0.2175
vn 0.7738 -0.2666 0.5746
vn 0.7760 -0.2715 0.5693
vn 0.7724 -0.2724 0.5737
vn 0.2943 0.2455 -0.9237
vn 0.2871 0.2486 -0.9251
vn 0.2806 0.2469 -0.9275
vn 0.1206 0.5464 -0.8288
vn 0.1207 0.5432 -0.8309
vn 0.1905 0.7170 -0.6705
vn 0.8117 0.5628 0.1566
vn 0.8142 0.5596 0.1547
vn 0.3533 0.8221 -0.4464
vn 0.7950 0.4183 -0.4394
vn 0.7935 0.4201 -0.4402
vn 0.7934 0.4193 -0.4412
vn 0.2664 -0.9004 0.3440
vn 0.9026 0.1856 0.3884
vn 0.2867 -0.9538 0.0895
vn -0.4118 0.3232 -0.8521
vn -0.4118 0.3232 -0.8520
vn 0.8098 0.4427 -0.3850
vn 0.0378 -0.9283 -0.3698
vn 0.0355 -0.9289 -0.3687
vn 0.0365 -0.9297 -0.3665
vn -0.0582 -0.6114 -0.7892
vn 0.5920 0.7973 -0.1180
vn 0.5928 0.7963 -0.1203
vn 0.5898 0.7989 -0.1177
vn 0.9470 0.2698 0.1743
vn -0.7079 -0.2441 -0.6628
vn 0.8207 0.4680 0.3279
vn 0.8043 0.5140 0.2981
vn 0.1449 0.7459 -0.6501
vn 0.1474 0.7426 -0.6534
vn 0.1389 0.7374 -0.6610
vn 0.7185 0.6849 0.1211
vn 0.8935 0.4305 -0.1278
vn 0.8939 0.4271 -0.1363
vn 0.8917 0.4326 -0.1334
vn -0.2587 -0.9365 -0.2368
vn 0.9867 0.1353 0.0900
vn 0.9867 0.1358 0.0892
vn 0.9219 0.3771 -0.0883
vn 0.9211 0.3805 -0.0825
vn -0.1473 -0.9866 -0.0697
vn 0.6085 0.5486 -0.5734
vn 0.7061 0.5454 -0.4517
vn -0.3334 -0.9428 -0.0079
vn 0.8784 0.1699 0.4467
vn 0.8774 0.1786 0.4452
vn 0.8780 0.1760 0.4452
vn 0.9816 0.0667 0.1791
vn 0.9831 0.0658 0.1710
vn 0.9819 0.0708 0.1756
vn 0.6961 0.5818 -0.4206
vn 0.6966 0.5809 -0.4211
vn 0.6943 0.5817 -0.4238
vn -0.8074 -0.4951 -0.3208
vn 0.9384 0.3271 0.1119
vn 0.6765 0.5573 -0.4814
vn 0.6822 0.5528 -0.4785
vn 0.6798 0.5572 -0.4769
vn -0.1791 -0.9838 0.0115
vn 0.3513 0.5683 -0.7440
vn 0.3519 0.5660 -0.7455
vn 0.3506 0.5705 -0.7427
vn -0.0914 0.6093 -0.7876
vn -0.0914 0.6094 -0.7876
vn -0.0914 0.6095 -0.7875
vn 0.7731 0.6293 -0.0799
vn 0.7746 0.6274 -0.0802
vn 0.6652 0.6245 0.4093
vn 0.6623 0.6325 0.4017
vn 0.6614 0.6296 0.4076
vn 0.0220 -0.7891 0.6139
vn -0.7203 0.0599 -0.6910
vn -0.7225 0.0538 -0.6893
vn -0.7205 0.0598 -0.6909
vn 0.7269 0.6168 -0.3021
vn 0.3959 0.9174 0.0404
vn 0.3921 0.9184 0.0531
vn 0.3925 0.9188 0.0429
vn -0.2122 -0.9034 0.3725
vn 0.4462 0.5973 -0.6665
vn 0.4432 0.5995 -0.6665
vn 0.4450 0.6005 -0.6643
vn -0.1065 0.6137 -0.7823
vn -0.1167 0.6160 -0.7791
vn -0.1105 0.6176 -0.7787
vn 0.6719 0.6953 -0.2552
vn 0.6715 0.6932 -0.2618
vn -0.7069 0.0852 -0.7022
vn -0.7058 0.0818 -0.7037
vn -0.7067 0.0831 -0.7026
vn 0.9331 0.0424 0.3572
vn 0.9338 0.0385 0.3556
vn 0.9338 0.0422 0.3554
vn -0.8098 -0.4949 -0.3151
vn 0.8998 0.3690 0.2326
vn 0.9018 0.3638 0.2332
vn 0.9009 0.3681 0.2299
vn 0.9149 0.0533 0.4001
vn 0.9156 0.0530 0.3987
vn 0.9158 0.0488 0.3987
vn 0.6258 0.6864 0.3705
vn 0.6292 0.6876 0.3625
vn 0.6265 0.6881 0.3662
vn 0.4564 0.7196 -0.5234
vn 0.4524 0.7198 -0.5265
vn 0.4554 0.7181 -0.5263
vn 0.5273 0.8012 -0.2829
vn 0.5309 0.7959 -0.2910
vn 0.5272 0.7993 -0.2883
vn 0.2553 0.8654 -0.4312
vn 0.2549 0.8655 -0.4312
vn 0.5822 0.7745 -0.2473
vn 0.5806 0.7747 -0.2506
vn 0.5800 0.7767 -0.2457
vn 0.4943 -0.2946 0.8179
vn 0.1994 0.9238 -0.3269
vn 0.7228 0.0034 0.6910
vn -0.0063 0.5822 -0.8130
vn -0.0033 0.5878 -0.8090
vn -0.0051 0.5852 -0.8108
vn 0.6062 0.7619 -0.2279
vn 0.8575 0.3326 0.3925
vn 0.7517 0.6483 0.1208
vn 0.7458 0.6544 0.1246
vn 0.7465 0.6541 0.1221
vn 0.7585 0.6202 0.2002
vn 0.2217 0.9751 0.0044
vn -0.8651 -0.0811 -0.4951
vn -0.3859 0.5833 -0.7147
vn 0.3705 0.8097 -0.4552
vn 0.3723 0.8097 -0.4536
vn 0.3707 0.8108 -0.4529
vn 0.4114 0.8420 0.3490
vn 0.4140 0.8413 0.3476
vn 0.4106 0.8434 0.3465
vn -0.1777 0.4624 -0.8687
vn -0.1731 0.4634 -0.8691
vn -0.1849 0.4653 -0.8656
vn 0.1176 -0.6536 0.7477
vn 0.1170 -0.6536 0.7478
vn 0.8516 0.2036 0.4831
vn 0.4673 -0.3138 0.8266
vn 0.7582 -0.1143 0.6420
vn 0.7568 -0.1146 0.6435
vn 0.7602 -0.1144 0.6395
vn 0.5653 0.8243 -0.0324
vn 0.5954 0.8006 -0.0665
vn 0.5952 0.8010 -0.0647
vn 0.5938 0.8020 -0.0653
vn -0.8989 -0.2285 -0.3738
vn -0.9014 -0.2233 -0.3709
vn -0.9022 -0.2275 -0.3664
vn 0.6637 0.5258 0.5321
vn 0.6644 0.5273 0.5296
vn 0.6665 0.5272 0.5272
vn -0.5920 0.4466 -0.6709
vn -0.5923 0.4462 -0.6709
vn 0.4540 0.8491 -0.2700
vn 0.4540 0.8489 -0.2705
vn 0.4575 0.8483 -0.2665
vn 0.6189 0.7774 0.1123
vn 0.0818 0.8627 -0.4991
vn 0.4692 -0.3184 0.8237
vn -0.0405 0.6357 -0.7709
vn 0.7118 -0.1897 0.6762
vn 0.7170 -0.1937 0.6697
vn 0.7124 -0.1900 0.6756
vn 0.6679 0.5957 0.4462
vn -0.3613 0.4654 -0.8080
vn -0.3575 0.4664 -0.8091
vn -0.3593 0.4648 -0.8092
vn 0.3402 0.9212 -0.1886
vn 0.7463 -0.0168 0.6654
vn 0.4722 -0.3818 0.7945
vn -0.8730 0.1797 -0.4535
vn 0.4284 0.9028 -0.0373
vn 0.7896 0.1786 0.5871
vn 0.7893 0.1792 0.5872
vn 0.7900 0.1786 0.5865
vn -0.7828 0.3335 -0.5253
vn -0.7822 0.3289 -0.5292
vn -0.7865 0.3316 -0.5211
vn 0.3114 0.9459 0.0915
vn 0.3141 0.9438 0.1025
vn 0.3148 0.9442 0.0966
vn 0.1075 0.9785 0.1761
vn 0.1099 0.9795 0.1688
vn 0.1073 0.9786 0.1758
vn -0.3758 0.3924 -0.8395
vn 0.2203 0.8702 0.4407
vn 0.2191 0.8717 0.4383
vn 0.2168 0.8709 0.4411
vn 0.2414 0.9703 -0.0153
vn 0.2417 0.9702 -0.0177
vn 0.2391 0.9707 -0.0230
vn 0.0678 0.8694 -0.4894
vn 0.0673 0.8725 -0.4840
vn 0.0654 0.8718 -0.4854
vn 0.5350 0.7220 0.4388
vn -0.9293 -0.3678 -0.0342
vn -0.9278 -0.3719 -0.0306
vn -0.9277 -0.3714 -0.0380
vn -0.6806 0.0382 -0.7316
vn -0.6803 0.0382 -0.7320
vn -0.6808 0.0391 -0.7315
vn 0.5342 0.7729 0.3425
vn 0.1882 0.9469 -0.2609
vn 0.1872 0.9488 -0.2543
vn 0.1922 0.9476 -0.2553
vn 0.1890 0.9680 0.1651
vn -0.1788 0.6332 -0.7531
vn -0.1768 0.6384 -0.7491
vn -0.1764 0.6356 -0.7516
vn 0.2961 0.9216 0.2508
vn 0.3092 0.9171 0.2518
vn 0.3022 0.9195 0.2512
vn 0.4098 0.8772 0.2502
vn 0.4092 0.8773 0.2510
vn 0.4097 0.8767 0.2519
vn 0.0778 0.9970 -0.0048
vn 0.0763 0.9971 0.0030
vn -0.1223 0.2268 -0.9662
vn -0.1263 0.2238 -0.9664
vn -0.1177 0.2289 -0.9663
vn -0.9789 -0.0319 -0.2017
vn -0.9780 -0.0299 -0.2065
vn -0.9776 -0.0357 -0.2074
vn 0.6067 0.5081 0.6113
vn 0.6062 0.5083 0.6117
vn 0.9454 -0.2575 0.1999
vn 0.9460 -0.2548 0.2006
vn 0.9453 -0.2551 0.2032
vn 0.8640 0.0501 0.5010
vn 0.8652 0.0489 0.4991
vn 0.8660 0.0507 0.4974
vn 0.1382 -0.0438 -0.9894
vn 0.4189 0.6327 0.6514
vn 0.4185 0.6327 0.6516
vn 0.1009 0.9758 -0.1940
vn 0.0947 0.9764 -0.1940
vn 0.0981 0.9751 -0.1989
vn 0.9072 -0.3853 -0.1688
vn 0.2564 0.9279 0.2707
vn 0.7537 -0.3990 -0.5222
vn 0.4027 0.6756 0.6176
vn 0.4032 0.6770 0.6157
vn 0.4005 0.6791 0.6151
vn 0.5375 0.8284 0.1573
vn 0.5341 0.8302 0.1596
vn 0.5379 0.8279 0.1592
vn 0.6601 -0.3070 -0.6856
vn 0.6597 -0.3043 -0.6871
vn 0.6569 -0.3099 -0.6873
vn 0.6555 -0.3225 -0.6828
vn 0.6604 -0.3143 -0.6820
vn 0.6556 -0.3177 -0.6851
vn 0.2913 0.3150 -0.9033
vn -0.2052 0.7701 -0.6041
vn -0.2031 0.7713 -0.6032
vn -0.2034 0.7719 -0.6023
vn -0.1505 0.8504 -0.5041
vn -0.1466 0.8544 -0.4986
vn -0.1390 0.8553 -0.4991
vn 0.8512 -0.1031 0.5146
vn 0.8516 -0.1070 0.5132
vn 0.8535 -0.1088 0.5096
vn 0.7704 0.1888 0.6089
vn 0.7723 0.1908 0.6060
vn 0.7699 0.1926 0.6084
vn 0.0191 0.9964 -0.0823
vn 0.0188 0.9967 -0.0787
vn 0.0206 0.9969 -0.0756
vn 0.6017 0.7950 0.0769
vn 0.7708 0.2032 0.6038
vn 0.6211 0.6082 0.4943
vn 0.6270 0.6033 0.4928
vn 0.6255 0.6056 0.4920
vn 0.2116 0.8740 0.4376
vn -0.0309 0.9691 -0.2445
vn -0.0287 0.9688 -0.2460
vn -0.0287 0.9681 -0.2487
vn 0.3147 0.9328 -0.1757
vn 0.3184 0.9322 -0.1723
vn 0.3165 0.9312 -0.1807
vn 0.9598 -0.1543 0.2343
vn 0.9592 -0.1549 0.2366
vn 0.9612 -0.1522 0.2300
vn 0.2127 0.3513 -0.9118
vn 0.5315 0.7502 -0.3933
vn 0.5380 0.7446 -0.3951
vn 0.5238 0.7546 -0.3953
vn -0.1172 0.4543 -0.8831
vn -0.1089 0.4619 -0.8802
vn -0.1064 0.4524 -0.8854
vn 0.6326 0.5307 0.5641
vn 0.8439 0.5351 -0.0400
vn 0.2069 0.7431 0.6364
vn 0.2018 0.7467 0.6338
vn -0.0534 0.9873 0.1495
vn -0.0226 0.5657 -0.8243
vn 0.8536 0.5166 -0.0677
vn 0.4868 0.7411 -0.4625
vn 0.8296 -0.4593 -0.3175
vn 0.8296 -0.4593 -0.3173
vn 0.8296 -0.4594 -0.3173
vn 0.7694 -0.1188 0.6277
vn -0.2322 0.4692 -0.8520
vn -0.2376 0.4708 -0.8497
vn -0.2332 0.4759 -0.8480
vn 0.1041 0.9609 0.2568
vn 0.1387 0.7348 0.6639
vn 0.1379 0.7351 0.6637
vn -0.1351 0.9170 -0.3753
vn -0.1319 0.9154 -0.3804
vn -0.1377 0.9144 -0.3807
vn 0.5823 -0.7581 -0.2937
vn 0.1670 0.1813 -0.9691
vn 0.1718 0.1771 -0.9691
vn 0.1606 0.1814 -0.9702
vn 0.7440 0.5967 0.3007
vn 0.7415 0.5975 0.3051
vn 0.7473 0.5935 0.2988
vn 0.2027 0.9017 -0.3819
vn 0.2074 0.8994 -0.3849
vn 0.2038 0.9002 -0.3850
vn 0.6223 0.3098 -0.7189
vn 0.6224 0.3102 -0.7186
vn 0.6223 0.3100 -0.7188
vn 0.4367 -0.2717 -0.8576
vn 0.4343 -0.2625 -0.8617
vn 0.4380 -0.2661 -0.8587
vn -0.0260 0.9212 0.3883
vn 0.9557 0.0465 -0.2905
vn 0.9566 0.0439 -0.2882
vn 0.9556 0.0433 -0.2915
vn 0.7892 0.0721 -0.6098
vn 0.7959 0.0797 -0.6002
vn 0.7939 0.0732 -0.6037
vn 0.8425 0.0603 -0.5353
vn 0.8418 0.0643 -0.5359
vn 0.8445 0.0590 -0.5323
vn 0.9436 -0.1338 -0.3029
vn 0.9430 -0.1267 -0.3078
vn 0.9449 -0.1271 -0.3016
vn 0.9701 -0.1666 0.1764
vn 0.9703 -0.1697 0.1726
vn 0.9709 -0.1623 0.1762
vn 0.7917 0.0788 0.6058
vn 0.7909 0.0793 0.6068
vn 0.7908 0.0805 0.6067
vn 0.7716 0.5740 0.2743
vn 0.5331 0.2211 -0.8167
vn 0.5363 0.2216 -0.8144
vn 0.5349 0.2247 -0.8145
vn 0.2417 0.0299 -0.9699
vn 0.2392 0.0279 -0.9706
vn 0.6778 -0.0537 0.7333
vn 0.6820 -0.0517 0.7295
vn 0.6787 -0.0439 0.7331
vn 0.7424 0.2789 -0.6092
vn 0.4803 -0.7240 -0.4952
vn 0.6743 0.0996 0.7317
vn 0.6728 0.1000 0.7330
vn 0.6747 0.0996 0.7313
vn 0.5454 0.7021 0.4578
vn 0.5459 0.7007 0.4594
vn 0.5460 0.7012 0.4584
vn 0.9476 0.0393 -0.3171
vn 0.2784 0.2213 -0.9346
vn 0.2771 0.2235 -0.9345
vn 0.2808 0.2201 -0.9342
vn 0.9417 -0.3063 -0.1395
vn 0.5212 0.2658 -0.8110
vn 0.5209 0.2659 -0.8111
vn 0.5748 0.3469 -0.7411
vn 0.9453 -0.1272 -0.3005
vn 0.0769 0.9458 0.3156
vn 0.0725 0.9485 0.3085
vn 0.0727 0.9469 0.3132
vn 0.2619 0.2027 -0.9436
vn 0.7457 0.4214 -0.5161
vn 0.7428 0.4270 -0.5157
vn 0.7492 0.4184 -0.5134
vn 0.5050 -0.7033 -0.5004
vn 0.5049 -0.7033 -0.5005
vn 0.5446 0.7615 0.3515
vn 0.5480 0.7595 0.3504
vn 0.5476 0.7609 0.3481
vn 0.4815 -0.7457 -0.4605
vn 0.9819 -0.1482 0.1179
vn 0.9825 -0.1448 0.1172
vn 0.9823 -0.1434 0.1205
vn 0.9395 -0.2597 0.2234
vn 0.9696 0.1469 -0.1956
vn -0.1500 0.8002 0.5807
vn -0.1497 0.7987 0.5829
vn -0.1551 0.7965 0.5844
vn 0.8764 -0.4596 0.1439
vn 0.8960 0.3990 -0.1950
vn 0.8366 0.5445 -0.0604
vn 0.8365 0.5446 -0.0607
vn 0.8365 0.5446 -0.0604
vn 0.8762 -0.2468 0.4139
vn 0.8752 -0.2514 0.4132
vn 0.8775 -0.2490 0.4099
vn 0.0779 0.9969 0.0111
vn 0.9235 -0.3699 0.1017
vn 0.9233 -0.3717 0.0972
vn 0.9247 -0.3690 0.0932
vn 0.7470 0.0634 0.6617
vn 0.7467 0.0658 0.6619
vn 0.7449 0.0654 0.6640
vn 0.4466 -0.7831 -0.4329
vn 0.8112 -0.5833 -0.0424
vn 0.8111 -0.5832 -0.0449
vn 0.8125 -0.5812 -0.0459
vn -0.0328 0.7608 -0.6482
vn -0.0334 0.7621 -0.6466
vn -0.0348 0.7610 -0.6478
vn -0.2085 0.4019 -0.8916
vn -0.2061 0.4045 -0.8910
vn -0.2032 0.4062 -0.8909
vn 0.8686 -0.2753 0.4121
vn 0.8711 -0.2725 0.4085
vn 0.8696 -0.2712 0.4127
vn 0.2426 0.2285 -0.9428
vn 0.2481 0.2323 -0.9405
vn 0.2430 0.2216 -0.9444
vn -0.1081 0.3461 -0.9319
vn -0.1197 0.3447 -0.9311
vn -0.1141 0.3476 -0.9307
vn 0.8182 -0.5730 -0.0468
vn 0.4012 0.8809 0.2512
vn 0.4041 0.8799 0.2500
vn 0.3987 0.8823 0.2501
vn -0.0111 0.8583 0.5131
vn -0.1850 0.4453 -0.8761
vn -0.1865 0.4458 -0.8755
vn -0.1835 0.4460 -0.8760
vn 0.1569 0.9233 -0.3506
vn 0.1258 0.9863 -0.1066
vn 0.1240 0.9864 -0.1083
vn 0.1213 0.9868 -0.1072
vn 0.3093 -0.9486 0.0664
vn -0.0353 0.8984 -0.4377
vn -0.0366 0.8989 -0.4366
vn -0.0336 0.8985 -0.4377
vn -0.3933 0.7128 -0.5807
vn -0.3905 0.7176 -0.5767
vn -0.3911 0.7153 -0.5792
vn 0.2699 0.9626 0.0224
vn -0.1050 0.0183 -0.9943
vn -0.2740 0.6205 -0.7348
vn -0.2831 0.6137 -0.7370
vn -0.2772 0.6163 -0.7371
vn -0.0724 0.8873 -0.4556
vn -0.0713 0.8858 -0.4586
vn -0.0745 0.8867 -0.4562
vn -0.1996 0.9250 -0.3232
vn -0.2753 0.3391 -0.8996
vn -0.0253 -0.8935 -0.4484
vn 0.6291 0.5244 0.5738
vn 0.6271 0.5210 0.5790
vn 0.6308 0.5157 0.5797
vn -0.0784 0.8908 -0.4476
vn -0.0767 0.8897 -0.4500
vn -0.0814 0.8908 -0.4470
vn 0.9608 0.1889 0.2030
vn 0.9600 0.1876 0.2078
vn 0.9611 0.1831 0.2070
vn 0.8082 0.5168 0.2823
vn -0.1431 -0.2673 -0.9529
vn 0.5986 0.5204 0.6090
vn 0.6035 0.5172 0.6069
vn 0.6007 0.5222 0.6054
vn 0.6971 -0.2430 0.6745
vn 0.6994 -0.2425 0.6724
vn 0.6981 -0.2404 0.6744
vn 0.9578 -0.1300 0.2562
vn 0.9594 -0.1289 0.2508
vn 0.9595 -0.1233 0.2532
vn -0.2375 0.6916 -0.6821
vn -0.2353 0.6925 -0.6820
vn -0.2694 0.3003 -0.9150
vn -0.2680 0.2998 -0.9156
vn 0.5379 0.3315 0.7751
vn 0.8627 0.4085 0.2981
vn 0.8615 0.4173 0.2892
vn 0.8627 0.4122 0.2930
vn 0.6989 -0.2395 0.6740
vn -0.2753 0.4932 -0.8252
vn -0.3717 0.4796 -0.7949
vn 0.6919 -0.5447 0.4738
vn 0.1298 -0.9902 0.0511
vn 0.6084 0.0999 0.7873
vn 0.6112 0.1043 0.7846
vn 0.6047 0.1027 0.7898
vn -0.3509 -0.3321 -0.8755
vn 0.6731 -0.2213 0.7056
vn -0.4488 0.4384 -0.7787
vn -0.2442 0.9298 -0.2754
vn -0.2486 0.9294 -0.2729
vn -0.2515 0.9298 -0.2687
vn -0.4219 0.5214 -0.7417
vn -0.4159 0.5201 -0.7460
vn -0.4293 0.5188 -0.7393
vn 0.1309 0.9566 0.2603
vn -0.4703 0.4044 -0.7844
vn -0.3155 -0.7554 -0.5743
vn -0.3128 -0.7567 -0.5740
vn -0.3134 -0.7549 -0.5761
vn 0.5658 0.1215 0.8156
vn 0.5725 0.1196 0.8111
vn 0.5684 0.1270 0.8129
vn 0.5889 0.1695 0.7903
vn 0.1849 -0.9336 0.3070
vn 0.5768 -0.4400 0.6883
vn -0.3384 0.6503 -0.6802
vn -0.3464 0.6500 -0.6764
vn -0.3419 0.6512 -0.6776
vn -0.4203 0.7313 -0.5371
vn 0.4735 -0.2897 0.8318
vn 0.4736 -0.2896 0.8318
vn 0.4737 -0.2896 0.8317
vn 0.5790 -0.1165 0.8070
vn 0.5793 -0.1163 0.8067
vn 0.4466 0.5957 0.6676
vn -0.1185 0.9913 -0.0577
vn -0.2786 -0.8985 -0.3393
vn -0.4127 0.8128 -0.4112
vn -0.4096 0.8140 -0.4118
vn -0.4101 0.8130 -0.4135
vn 0.1015 0.9711 0.2159
vn 0.1016 0.9710 0.2166
vn 0.1013 0.9713 0.2152
vn -0.0529 0.9967 -0.0609
vn -0.0589 0.9964 -0.0617
vn -0.0497 0.9972 -0.0557
vn 0.3184 -0.8999 0.2981
vn 0.3248 -0.9000 0.2906
vn 0.3210 -0.9005 0.2934
vn -0.6570 0.1221 -0.7440
vn -0.6572 0.1220 -0.7437
vn -0.6571 0.1219 -0.7439
vn 0.3444 0.7036 0.6215
vn 0.5608 0.2076 0.8015
vn -0.1553 0.9796 -0.1273
vn -0.1651 0.9782 -0.1263
vn -0.1591 0.9795 -0.1235
vn 0.6232 -0.3199 0.7136
vn 0.4203 0.1010 0.9018
vn 0.3666 -0.5475 0.7522
vn 0.3661 -0.5487 0.7516
vn 0.3673 -0.5484 0.7512
vn 0.2911 0.8020 0.5216
vn 0.3160 -0.8673 0.3847
vn 0.5593 -0.5682 0.6036
vn 0.1644 -0.7908 0.5895
vn 0.1646 -0.7910 0.5893
vn 0.1647 -0.7909 0.5894
vn -0.6957 0.1253 -0.7073
vn -0.6981 0.1238 -0.7052
vn -0.6981 0.1269 -0.7046
vn 0.4006 0.6033 0.6896
vn 0.4006 0.6035 0.6894
vn 0.4001 0.6035 0.6898
vn 0.1341 0.9477 0.2896
vn 0.1385 0.9455 0.2948
vn 0.1317 0.9492 0.2857
vn -0.4693 0.8641 -0.1821
vn -0.7849 0.3025 -0.5408
vn -0.7841 0.3076 -0.5390
vn -0.7853 0.2972 -0.5431
vn -0.4538 0.7426 -0.4925
vn -0.4509 0.7409 -0.4977
vn -0.4465 0.7447 -0.4960
vn 0.1660 0.9031 0.3962
vn 0.1646 0.9029 0.3972
vn -0.6440 0.4866 -0.5904
vn 0.3279 0.7095 0.6237
vn 0.3302 0.7126 0.6190
vn 0.3257 0.7137 0.6201
vn -0.0885 0.9877 0.1288
vn -0.3744 0.8896 -0.2615
vn 0.2633 -0.2626 0.9283
vn -0.6404 0.5992 -0.4806
vn 0.5541 -0.0416 0.8314
vn 0.2458 -0.3389 0.9082
vn 0.2387 -0.3403 0.9095
vn 0.2501 -0.3439 0.9051
vn 0.0812 -0.9096 0.4075
vn -0.1019 0.1485 0.9837
vn -0.1016 0.1482 0.9837
vn -0.0827 0.4592 0.8845
vn -0.7240 -0.6617 -0.1947
vn -0.6748 0.5939 -0.4380
vn -0.1187 0.1754 0.9773
vn -0.2368 0.9631 0.1279
vn -0.2474 0.9603 0.1286
vn -0.2418 0.9613 0.1317
vn 0.0797 -0.3529 0.9323
vn 0.0762 -0.3585 0.9304
vn 0.0771 -0.3644 0.9280
vn 0.4761 0.6758 0.5626
vn 0.2361 -0.5381 0.8091
vn -0.1096 -0.6661 0.7377
vn -0.1094 -0.6663 0.7376
vn -0.6904 0.5271 -0.4956
vn -0.1029 -0.2893 0.9517
vn -0.8471 0.3074 -0.4336
vn -0.8883 -0.2386 -0.3924
vn -0.5515 0.6408 -0.5341
vn -0.5557 0.6477 -0.5212
vn -0.5531 0.6394 -0.5341
vn -0.0737 0.9122 0.4030
vn 0.4260 0.8807 0.2069
vn 0.4290 0.8791 0.2076
vn 0.4212 0.8827 0.2086
vn 0.1065 0.4438 0.8898
vn 0.1044 0.4378 0.8930
vn 0.1081 0.4401 0.8914
vn -0.5568 -0.8190 -0.1389
vn 0.3473 0.3739 0.8600
vn 0.3603 0.3676 0.8573
vn 0.3537 0.3718 0.8583
vn -0.0306 0.9880 0.1511
vn -0.0345 0.9870 0.1572
vn -0.0288 0.9873 0.1564
vn 0.1362 -0.2702 0.9531
vn -0.4625 0.8676 -0.1826
vn -0.3184 -0.6435 0.6961
vn -0.5480 0.8314 -0.0925
vn -0.5097 0.8539 -0.1049
vn -0.5137 0.8517 -0.1038
vn -0.5122 0.8520 -0.1085
vn -0.2726 -0.8501 0.4506
vn 0.3127 0.0364 0.9492
vn 0.3141 0.0375 0.9486
vn 0.3157 0.0441 0.9478
vn 0.4322 0.0979 0.8965
vn 0.4352 0.0990 0.8949
vn 0.4332 0.0999 0.8957
vn -0.8858 0.4629 -0.0328
vn -0.0827 -0.7269 0.6818
vn -0.7569 0.6033 -0.2514
vn -0.3474 0.4731 0.8096
vn -0.3480 0.9280 0.1331
vn 0.1182 0.4446 0.8879
vn 0.3127 0.0361 0.9492
vn 0.3124 0.0404 0.9491
vn -0.5102 -0.8171 0.2685
vn -0.8359 0.3391 -0.4316
vn 0.0446 0.8805 0.4719
vn 0.0501 0.8820 0.4685
vn 0.0463 0.8807 0.4714
vn 0.0626 0.8693 0.4902
vn 0.0635 0.8700 0.4890
vn 0.0626 0.8698 0.4894
vn -0.4545 0.3675 0.8114
vn -0.4523 0.3655 0.8135
vn -0.4495 0.3645 0.8155
vn -0.5262 -0.8426 0.1151
vn -0.0626 -0.9321 0.3567
vn -0.0625 -0.9322 0.3564
vn -0.0626 -0.9322 0.3565
vn -0.9789 -0.0445 -0.1996
vn -0.4708 0.1080 0.8756
vn -0.6946 0.5605 -0.4511
vn 0.4509 -0.0634 0.8903
vn 0.4476 -0.0679 0.8917
vn 0.4504 -0.0577 0.8909
vn 0.2608 0.5015 0.8249
vn 0.2531 0.4973 0.8298
vn 0.2609 0.4984 0.8267
vn 0.1302 0.9697 0.2067
vn 0.1180 0.9601 0.2536
vn -0.4598 -0.8392 0.2902
vn -0.6537 0.4975 -0.5702
vn 0.5308 0.8423 0.0930
vn 0.5344 0.8406 0.0885
vn 0.5306 0.8434 0.0845
vn -0.2982 -0.2340 0.9254
vn -0.9933 0.1126 0.0273
vn -0.9931 0.1148 0.0228
vn -0.9934 0.1120 0.0241
vn -0.8288 -0.5324 0.1720
vn -0.8288 -0.5324 0.1722
vn -0.8289 -0.5322 0.1723
vn -0.8328 0.5518 0.0432
vn -0.8329 0.5518 0.0434
vn -0.8328 0.5518 0.0433
vn -0.7075 0.3269 0.6266
vn 0.0724 0.6962 0.7141
vn 0.0758 0.6932 0.7167
vn 0.0784 0.6943 0.7154
vn 0.2071 0.9698 0.1287
vn 0.2071 0.9698 0.1288
vn 0.2072 0.9698 0.1288
vn -0.9594 0.1215 0.2546
vn -0.9596 0.1234 0.2528
vn -0.9601 0.1217 0.2517
vn -0.4885 -0.3267 0.8091
vn -0.4328 -0.4886 0.7576
vn -0.4337 -0.4843 0.7599
vn -0.4374 -0.4815 0.7595
vn -0.8487 0.2606 0.4602
vn -0.8490 0.2645 0.4575
vn -0.8502 0.2623 0.4565
vn 0.3474 0.1773 0.9208
vn 0.3492 0.1751 0.9205
vn 0.3518 0.1749 0.9196
vn -0.4840 0.8682 0.1097
vn -0.3237 -0.2116 0.9222
vn -0.3263 -0.2115 0.9213
vn -0.3216 -0.2135 0.9225
vn -0.9426 0.2070 0.2619
vn -0.6131 -0.1938 0.7658
vn -0.1802 -0.3159 0.9315
vn -0.9630 0.1231 -0.2398
vn 0.2791 0.4910 0.8252
vn 0.2774 0.4931 0.8246
vn 0.2777 0.4923 0.8250
vn 0.1135 0.6796 0.7248
vn 0.1196 0.6821 0.7214
vn 0.1061 0.6778 0.7276
vn -0.0781 0.5335 0.8422
vn -0.7905 0.1982 0.5795
vn -0.7849 0.1937 0.5886
vn -0.7868 0.1980 0.5846
vn 0.4979 0.7895 0.3588
vn 0.5027 0.7849 0.3621
vn 0.4985 0.7923 0.3518
vn -0.6982 -0.1045 0.7083
vn -0.7002 -0.1023 0.7065
vn -0.6977 -0.1038 0.7088
vn 0.3113 -0.1545 0.9377
vn -0.7315 -0.1126 0.6725
vn -0.7315 -0.1125 0.6724
vn -0.7315 -0.1125 0.6725
vn -0.7954 -0.0361 0.6050
vn -0.7937 -0.0279 0.6076
vn -0.7957 -0.0313 0.6049
vn -0.8907 0.2574 0.3747
vn -0.8927 0.2552 0.3716
vn -0.8910 0.2549 0.3756
vn 0.5200 0.7622 0.3857
vn -0.6500 0.6925 0.3129
vn -0.5864 0.2312 0.7763
vn -0.5831 0.2319 0.7786
vn -0.5863 0.2323 0.7761
vn -0.5362 -0.5552 0.6358
vn -0.5322 -0.5575 0.6371
vn -0.5357 -0.5541 0.6372
vn -0.0885 -0.1792 0.9798
vn -0.0947 -0.1763 0.9798
vn -0.0999 -0.1812 0.9784
vn -0.8462 0.4862 -0.2183
vn -0.8463 0.4858 -0.2188
vn -0.8467 0.4853 -0.2179
vn -0.3970 -0.7804 0.4831
vn -0.0362 0.9869 0.1573
vn -0.0362 0.9879 0.1508
vn -0.0344 0.9869 0.1576
vn -0.4776 0.8210 -0.3127
vn -0.4772 0.8199 -0.3162
vn -0.4752 0.8217 -0.3146
vn -0.2753 0.9595 -0.0604
vn -0.2727 0.9605 -0.0553
vn -0.2686 0.9616 -0.0570
vn -0.3432 0.3865 0.8561
vn -0.5749 0.7191 0.3903
vn -0.2337 -0.4832 0.8438
vn -0.9667 0.2471 -0.0660
vn -0.9671 0.2456 -0.0662
vn -0.9663 0.2486 -0.0665
vn -0.9027 -0.3564 0.2411
vn -0.9051 -0.3505 0.2409
vn -0.9083 -0.3446 0.2373
vn -0.9949 0.0919 -0.0406
vn -0.4475 0.6508 0.6133
vn -0.4429 0.6608 0.6060
vn -0.4536 0.6554 0.6038
vn -0.1961 0.7356 0.6484
vn 0.1772 0.9777 0.1130
vn 0.1782 0.9776 0.1119
vn 0.1755 0.9780 0.1126
vn 0.2614 0.1557 0.9526
vn 0.2633 0.1530 0.9525
vn 0.2588 0.1534 0.9537
vn -0.2360 0.9334 0.2705
vn -0.0739 -0.2655 0.9613
vn 0.1919 -0.1463 0.9704
vn 0.1928 -0.1464 0.9702
vn 0.1921 -0.1480 0.9701
vn 0.2316 0.8756 0.4240
vn 0.0779 0.9686 0.2362
vn 0.0814 0.9690 0.2332
vn 0.0844 0.9697 0.2293
vn -0.1890 -0.1377 0.9723
vn -0.1858 -0.1422 0.9722
vn -0.1824 -0.1394 0.9733
vn -0.7852 -0.4857 0.3841
vn -0.7795 -0.4918 0.3879
vn -0.7823 -0.4874 0.3880
vn 0.4421 0.6238 0.6446
vn 0.3914 0.6741 0.6264
vn 0.3961 0.6744 0.6231
vn 0.4010 0.6751 0.6192
vn -0.3680 0.9280 0.0585
vn -0.3633 0.9301 0.0544
vn -0.3578 0.9324 0.0513
vn -0.1519 -0.3857 0.9100
vn -0.1519 -0.3854 0.9102
vn -0.1502 -0.3861 0.9102
vn -0.8669 0.2817 -0.4113
vn -0.8667 0.2822 -0.4112
vn -0.8633 0.2866 -0.4154
vn -0.5707 -0.5385 0.6200
vn -0.6128 -0.3537 0.7066
vn -0.9540 0.2077 0.2162
vn -0.2180 0.9401 0.2622
vn -0.7003 -0.3654 0.6132
vn -0.3908 -0.4197 0.8192
vn -0.3925 -0.4237 0.8164
vn -0.3921 -0.4212 0.8178
vn -0.7673 -0.4637 0.4429
vn -0.7672 -0.4662 0.4405
vn -0.7690 -0.4665 0.4370
vn 0.1140 0.8435 0.5248
vn -0.3392 0.9349 -0.1042
vn -0.3479 0.9315 -0.1063
vn -0.3448 0.9333 -0.1007
vn 0.0773 0.9291 0.3617
vn 0.0785 0.9301 0.3588
vn 0.0765 0.9299 0.3597
vn 0.2290 0.7079 0.6681
vn 0.2277 0.7040 0.6727
vn 0.2237 0.7066 0.6713
vn 0.0059 0.9580 0.2867
vn 0.0098 0.9613 0.2754
vn 0.0074 0.9597 0.2810
vn 0.3691 -0.0259 -0.9290
vn -0.9789 -0.1634 -0.1223
vn -0.6385 0.6876 -0.3456
vn -0.6314 0.6925 -0.3490
vn -0.6351 0.6890 -0.3492
vn -0.4725 -0.8008 0.3681
vn -0.4726 -0.8008 0.3679
vn -0.4725 -0.8008 0.3680
vn -0.8760 0.2067 -0.4358
vn -0.8753 0.2033 -0.4388
vn -0.8787 0.2077 -0.4297
vn -0.7154 0.4881 -0.5000
vn -0.7132 0.4912 -0.5001
vn -0.7201 0.4829 -0.4983
vn -0.0063 0.8034 0.5954
vn -0.0033 0.8064 0.5913
vn -0.0116 0.8052 0.5930
vn 0.2918 0.4988 0.8161
vn 0.2950 0.4950 0.8172
vn 0.3038 0.1345 0.9432
vn 0.3020 0.1348 0.9437
vn 0.2995 0.1346 0.9446
vn -0.4397 -0.0008 -0.8981
vn 0.0674 0.0180 -0.9976
vn 0.0623 0.0160 -0.9979
vn 0.0727 0.0202 -0.9972
vn -0.0633 0.8616 0.5036
vn 0.2736 0.5130 0.8136
vn -0.1100 0.9870 0.1173
vn -0.1116 0.9861 0.1233
vn -0.1094 0.9863 0.1232
vn 0.0573 -0.0101 -0.9983
vn 0.1922 0.6832 0.7045
vn 0.0533 0.9786 0.1986
vn 0.0498 0.9786 0.1999
vn 0.0593 0.9792 0.1939
vn -0.4599 0.8867 -0.0471
vn -0.4589 0.8872 -0.0484
vn -0.4597 0.8866 -0.0517
vn -0.1074 0.3435 -0.9330
vn -0.6587 0.1950 -0.7267
vn -0.6554 0.1994 -0.7285
vn -0.6621 0.1906 -0.7248
vn 0.2057 0.8915 0.4036
vn 0.2128 0.8892 0.4051
vn 0.2058 0.8916 0.4033
vn 0.1354 0.8985 0.4176
vn 0.1418 0.9008 0.4105
vn 0.1366 0.9008 0.4122
vn 0.2364 0.5164 0.8231
vn -0.6525 0.4117 -0.6363
vn 0.8006 -0.5936 0.0816
vn -0.3591 0.8894 0.2828
vn -0.3594 0.8906 0.2788
vn -0.3556 0.8921 0.2789
vn 0.2874 0.1240 0.9498
vn 0.2896 0.1259 0.9488
vn 0.2876 0.1260 0.9494
vn -0.6872 0.6912 -0.2237
vn -0.6906 0.6856 -0.2303
vn -0.6894 0.6862 -0.2323
vn 0.3090 -0.4353 -0.8456
vn 0.3129 -0.4313 -0.8462
vn 0.3063 -0.4403 -0.8440
vn -0.3707 0.8705 0.3236
vn 0.5453 -0.3521 0.7607
vn 0.5452 -0.3518 0.7609
vn -0.4892 0.5097 -0.7077
vn 0.1321 0.9237 0.3597
vn 0.1336 0.9237 0.3589
vn 0.1351 0.9232 0.3599
vn -0.5108 0.5051 -0.6956
vn -0.5124 0.5069 -0.6931
vn -0.5078 0.5050 -0.6979
vn 0.7903 -0.5768 0.2069
vn 0.7942 -0.5724 0.2038
vn 0.7862 -0.5819 0.2082
vn 0.7630 -0.4484 0.4655
vn 0.7638 -0.4473 0.4653
vn 0.7643 -0.4522 0.4598
vn -0.3152 0.8022 0.5070
vn -0.3133 0.8026 0.5076
vn -0.3114 0.8037 0.5070
vn -0.4861 0.8240 0.2912
vn 0.3184 -0.1187 0.9405
vn 0.3242 -0.1151 0.9390
vn 0.3212 -0.1165 0.9398
vn 0.1566 0.1574 0.9750
vn -0.7501 0.4109 -0.5181
vn -0.3051 0.8023 0.5130
vn -0.3020 0.8041 0.5121
vn -0.3021 0.8057 0.5095
vn -0.1494 0.6624 0.7341
vn -0.6575 0.7412 -0.1351
vn -0.6561 0.7432 -0.1312
vn -0.6524 0.7465 -0.1309
vn 0.0512 0.3219 0.9454
vn 0.0439 0.3232 0.9453
vn 0.0423 0.3208 0.9462
vn -0.2825 0.7567 0.5896
vn -0.2893 0.7523 0.5920
vn -0.2848 0.7536 0.5924
vn -0.2231 0.0402 -0.9740
vn 0.0490 0.0081 0.9988
vn 0.0568 0.0133 0.9983
vn 0.0505 0.0149 0.9986
vn 0.6388 -0.3141 0.7024
vn 0.6356 -0.3129 0.7058
vn 0.6332 -0.3200 0.7047
vn 0.1486 -0.0771 0.9859
vn 0.1500 -0.0764 0.9857
vn 0.1473 -0.0763 0.9861
vn 0.1086 0.4629 0.8797
vn -0.1695 0.6067 0.7766
vn -0.1638 0.6019 0.7816
vn -0.1661 0.6048 0.7789
vn -0.4768 0.7476 0.4624
vn -0.2805 0.9369 0.2088
vn -0.2854 0.9357 0.2075
vn -0.2831 0.9361 0.2090
vn -0.5839 0.7350 0.3446
vn -0.5878 0.7340 0.3401
vn -0.5915 0.7298 0.3428
vn 0.0798 0.7126 0.6970
vn 0.0751 0.7117 0.6985
vn 0.0727 0.7148 0.6955
vn -0.3784 0.9130 0.1527
vn -0.3780 0.9131 0.1530
vn -0.3086 -0.2237 -0.9245
vn -0.4190 0.2233 -0.8801
vn 0.1363 0.6157 0.7761
vn 0.4924 -0.1053 0.8640
vn 0.4920 -0.1072 0.8640
vn 0.4945 -0.1032 0.8631
vn 0.1908 -0.4668 -0.8635
vn 0.1908 -0.4667 -0.8636
vn 0.1910 -0.4668 -0.8635
vn -0.1027 -0.2521 -0.9622
vn -0.1083 -0.2488 -0.9625
vn -0.1097 -0.2416 -0.9642
vn -0.4800 0.7457 0.4622
vn -0.4801 0.7449 0.4634
vn -0.7380 0.6289 0.2445
vn -0.5762 0.5787 0.5772
vn -0.5750 0.5791 0.5779
vn -0.5759 0.5793 0.5768
vn -0.8158 0.5290 -0.2338
vn -0.7727 0.5798 0.2583
vn -0.7729 0.5803 0.2567
vn -0.8214 0.5020 -0.2706
vn -0.8213 0.5058 -0.2639
vn -0.8182 0.5101 -0.2653
vn -0.5853 0.5532 0.5927
vn -0.5851 0.5568 0.5896
vn -0.5859 0.5599 0.5859
vn 0.4683 -0.8721 -0.1418
vn 0.4620 -0.8736 -0.1529
vn 0.4657 -0.8725 -0.1478
vn -0.6763 0.5958 -0.4332
vn -0.6785 0.5907 -0.4366
vn -0.6803 0.5945 -0.4287
vn -0.8382 0.5241 0.1504
vn -0.8405 0.5213 0.1476
vn -0.8372 0.5259 0.1503
vn -0.1895 0.8920 0.4104
vn -0.1898 0.8921 0.4100
vn -0.1921 0.8934 0.4061
vn 0.6258 -0.7603 0.1740
vn 0.6305 -0.7582 0.1658
vn 0.6294 -0.7581 0.1708
vn 0.5784 -0.6973 0.4232
vn 0.1778 -0.9572 -0.2285
vn 0.0151 -0.7718 -0.6357
vn -0.2829 -0.2092 -0.9360
vn -0.5676 0.6087 0.5544
vn -0.2258 0.2485 0.9419
vn -0.2194 0.2545 0.9418
vn -0.2237 0.2504 0.9419
vn 0.5496 -0.4865 0.6792
vn 0.5512 -0.4850 0.6789
vn 0.5491 -0.4851 0.6806
vn -0.2311 0.0195 0.9727
vn -0.7673 0.5647 -0.3039
vn -0.7681 0.5620 -0.3068
vn -0.7685 0.5627 -0.3046
vn -0.7664 0.4816 0.4250
vn -0.7646 0.4813 0.4286
vn -0.7698 0.4790 0.4217
vn -0.5849 0.7977 0.1467
vn -0.5828 0.7998 0.1436
vn -0.5807 0.8005 0.1482
vn -0.2486 0.8098 0.5315
vn -0.2484 0.8099 0.5313
vn -0.6918 0.4370 0.5748
vn -0.6944 0.4360 0.5724
vn -0.6941 0.4332 0.5749
vn -0.0994 0.7177 0.6892
vn -0.0944 0.7210 0.6865
vn -0.0959 0.7222 0.6849
vn -0.3832 0.5078 0.7716
vn -0.5414 0.5420 0.6427
vn -0.5396 0.5419 0.6443
vn -0.5398 0.5436 0.6427
vn 0.0225 -0.9245 -0.3804
vn 0.0274 -0.9253 -0.3782
vn 0.0167 -0.9254 -0.3786
vn -0.7802 0.5630 -0.2727
vn -0.7765 0.5679 -0.2730
vn -0.7844 0.5580 -0.2708
vn -0.8232 0.3823 0.4199
vn -0.6783 0.4411 0.5876
vn -0.5909 0.1525 -0.7922
vn -0.5908 0.1486 -0.7930
vn -0.5907 0.1514 -0.7925
vn -0.4258 0.3345 0.8408
vn -0.4240 0.3354 0.8413
vn -0.4329 0.3362 0.8364
vn 0.2015 -0.9765 -0.0760
vn 0.2014 -0.9766 -0.0760
vn 0.1229 0.0943 0.9879
vn 0.1157 0.0858 0.9896
vn 0.1261 0.0838 0.9885
vn -0.7180 0.6959 0.0128
vn -0.7123 0.7017 0.0153
vn -0.7149 0.6992 0.0126
vn 0.2170 0.0734 0.9734
vn 0.2152 0.0743 0.9737
vn 0.2141 0.0732 0.9741
vn -0.1572 0.0623 0.9856
vn -0.1622 0.0639 0.9847
vn -0.1651 0.0594 0.9845
vn -0.4139 0.3443 0.8427
vn -0.8242 0.5650 0.0379
vn -0.8244 0.5641 0.0456
vn -0.8219 0.5673 0.0503
vn 0.1267 -0.9916 0.0274
vn 0.1268 -0.9915 0.0275
vn 0.1267 -0.9916 0.0275
vn -0.3399 -0.5509 -0.7622
vn -0.0435 0.4341 0.8998
vn -0.5890 0.1265 -0.7982
vn -0.5929 0.1311 -0.7946
vn -0.5897 0.1303 -0.7970
vn -0.8847 0.4101 0.2216
vn -0.8873 0.4063 0.2184
vn -0.1984 0.5511 0.8105
vn -0.1964 0.5597 0.8051
vn -0.1940 0.5565 0.8079
vn -0.1798 0.2043 0.9622
vn -0.1772 0.2094 0.9616
vn -0.1775 0.2159 0.9602
vn -0.0537 0.4505 0.8912
vn -0.0586 0.4482 0.8920
vn -0.0578 0.4541 0.8891
vn -0.4464 -0.8569 -0.2578
vn -0.4465 -0.8578 -0.2544
vn -0.4448 -0.8582 -0.2563
vn -0.4602 0.7120 0.5303
vn 0.2599 -0.3512 0.8995
vn -0.8390 0.5257 -0.1405
vn -0.2106 -0.5655 0.7974
vn -0.6938 0.7170 0.0670
vn -0.6907 0.7200 0.0665
vn -0.6946 0.7161 0.0687
vn -0.2062 -0.9740 0.0939
vn -0.2056 -0.9740 0.0949
vn -0.2050 -0.9742 0.0938
vn -0.4966 -0.8506 -0.1731
vn -0.5162 0.0765 0.8530
vn -0.5156 0.0694 0.8540
vn -0.5101 0.0685 0.8574
vn -0.9852 0.1702 0.0220
vn -0.5965 -0.8009 -0.0530
vn -0.7907 0.2043 0.5771
vn -0.7944 0.2060 0.5714
vn -0.7941 0.1988 0.5743
vn -0.1701 0.4993 0.8496
vn -0.1688 0.5050 0.8464
vn -0.1769 0.4981 0.8489
vn -0.7194 -0.6337 -0.2845
vn -0.4216 -0.7788 0.4645
vn -0.4215 -0.7789 0.4644
vn -0.4217 -0.7788 0.4644
vn 0.4659 -0.4719 0.7485
vn -0.9521 -0.2809 0.1208
vn -0.8819 0.4421 0.1639
vn -0.8824 0.4405 0.1650
vn -0.8853 0.4387 0.1546
vn -0.8728 0.3743 0.3132
vn -0.4091 -0.8044 0.4308
vn -0.4104 -0.8006 0.4366
vn -0.4152 -0.7968 0.4390
vn -0.1946 -0.8610 0.4700
vn -0.1944 -0.8610 0.4700
vn -0.1944 -0.8609 0.4701
vn -0.5867 0.1246 0.8002
vn -0.5840 0.1234 0.8023
vn -0.5876 0.1266 0.7992
vn 0.0495 -0.6818 0.7299
vn -0.7806 0.0881 0.6187
vn -0.7794 0.0905 0.6200
vn -0.7823 0.0891 0.6165
vn 0.0581 -0.2873 0.9561
vn 0.0566 -0.2839 0.9572
vn 0.0536 -0.2878 0.9562
vn -0.9476 -0.0142 0.3192
vn -0.4396 -0.2883 0.8507
vn -0.4379 -0.2923 0.8502
vn -0.4359 -0.2868 0.8531
vn -0.8271 0.1683 0.5363
vn -0.8245 0.1723 0.5390
vn -0.8258 0.1759 0.5358
vn -0.7775 0.1943 0.5982
vn -0.7728 0.2014 0.6019
vn -0.7741 0.2000 0.6006
vn -0.2578 -0.4777 0.8398
vn -0.7309 -0.6795 0.0633
vn -0.7430 -0.6642 0.0827
vn -0.7284 -0.6787 0.0939
vn -0.9827 -0.1544 -0.1019
vn -0.9842 0.1767 0.0098
vn -0.9842 0.1768 0.0097
vn -0.9841 0.1772 0.0095
vn -0.8073 0.1048 0.5807
vn -0.8075 0.1046 0.5806
vn -0.8073 0.1041 0.5809
vn -0.4182 0.2187 0.8816
vn -0.4156 0.2231 0.8818
vn -0.4117 0.2119 0.8863
vn 0.5625 -0.5130 0.6483
vn -0.8335 0.3756 0.4051
vn -0.8340 0.3765 0.4034
vn -0.8345 0.3751 0.4037
vn -0.2473 0.1986 0.9484
vn -0.6594 -0.5789 -0.4796
vn -0.4960 0.6533 0.5720
vn -0.4944 0.6530 0.5737
vn -0.5484 -0.2887 0.7848
vn -0.5439 -0.2847 0.7894
vn -0.9812 -0.1627 -0.1035
vn -0.9812 -0.1627 -0.1034
vn -0.5970 -0.4832 0.6404
vn -0.6171 -0.1564 0.7712
vn -0.6130 -0.1604 0.7736
vn -0.6185 -0.1501 0.7713
vn -0.9656 0.1694 -0.1971
vn -0.9646 0.1710 -0.2007
vn -0.9654 0.1678 -0.1998
vn -0.7174 -0.3200 0.6188
vn -0.7200 -0.3223 0.6146
vn -0.7190 -0.3148 0.6196
vn -0.8367 -0.5468 0.0296
vn -0.8370 -0.5464 0.0294
vn -0.5843 0.1546 0.7967
vn -0.9367 -0.0691 0.3431
vn -0.9371 -0.0702 0.3419
vn -0.9365 -0.0704 0.3436
vn 0.5223 -0.5042 0.6878
vn -0.7325 0.6621 0.1582
vn -0.7307 0.6641 0.1583
vn -0.7341 0.6607 0.1564
vn -0.7396 -0.3828 0.5536
vn -0.3331 -0.1418 -0.9322
vn -0.3306 -0.1412 -0.9331
vn -0.5401 0.6213 0.5677
vn -0.8493 -0.1854 0.4943
vn -0.8500 -0.1840 0.4936
vn -0.8521 -0.1810 0.4910
vn -0.7575 0.1700 0.6303
vn -0.7551 0.1766 0.6313
vn -0.7584 0.1744 0.6281
vn -0.5537 -0.4628 0.6922
vn -0.5474 -0.4664 0.6948
vn -0.5532 -0.4570 0.6965
vn -0.1791 0.2686 0.9464
vn -0.9547 -0.1818 0.2355
vn -0.9548 -0.1857 0.2321
vn -0.9564 -0.1798 0.2301
vn -0.9516 0.3069 0.0193
vn -0.9517 0.3064 0.0195
vn -0.8532 0.5100 -0.1089
vn -0.8520 0.5118 -0.1105
vn -0.8534 0.5097 -0.1091
vn -0.9155 -0.2946 0.2740
vn -0.2422 0.0014 0.9702
vn -0.2462 -0.0008 0.9692
vn -0.2434 0.0069 0.9699
vn -0.7668 -0.1930 0.6122
vn -0.7693 -0.1972 0.6077
vn -0.7668 -0.1947 0.6117
vn -0.7409 0.1808 0.6468
vn -0.7454 0.1794 0.6421
vn -0.7423 0.1854 0.6439
vn -0.3676 -0.0924 -0.9254
vn -0.3739 -0.0911 -0.9230
vn -0.3763 -0.0881 -0.9223
vn -0.5713 0.5249 0.6309
vn -0.1707 0.2299 0.9581
vn -0.1715 0.2310 0.9577
vn 0.1730 -0.2626 0.9493
vn 0.1742 -0.2612 0.9494
vn 0.1726 -0.2606 0.9499
vn -0.3353 0.3622 0.8697
vn -0.3396 0.3715 0.8641
vn -0.3342 0.3710 0.8664
vn 0.3244 -0.6322 0.7036
vn -0.7223 0.2347 -0.6506
vn -0.7251 0.2388 -0.6459
vn -0.7235 0.2352 -0.6491
vn -0.3388 0.3756 0.8626
vn -0.8417 0.5324 0.0900
vn -0.8442 0.5285 0.0891
vn -0.8445 0.5280 0.0896
vn -0.2637 -0.0129 0.9645
vn -0.2644 -0.0126 0.9643
vn -0.2627 -0.0091 0.9648
vn -0.9336 0.2716 -0.2338
vn -0.5528 -0.1477 -0.8201
vn 0.0425 -0.0748 0.9963
vn 0.0415 -0.0701 0.9967
vn 0.0409 -0.0730 0.9965
vn -0.8254 0.2654 -0.4984
vn -0.8860 0.3585 -0.2939
vn -0.8617 0.4766 0.1739
vn -0.8616 0.4775 0.1725
vn -0.8620 0.4773 0.1710
vn 0.3633 -0.8084 0.4632
vn 0.3632 -0.8073 0.4651
vn 0.3621 -0.8068 0.4669
vn -0.4870 -0.2965 -0.8215
vn -0.4920 -0.2960 -0.8187
vn -0.4880 -0.3003 -0.8196
vn -0.7561 -0.0309 -0.6537
vn -0.7055 0.4115 0.5770
vn -0.7076 0.4099 0.5755
vn -0.7067 0.4116 0.5755
vn 0.1200 -0.4655 0.8769
vn 0.1251 -0.4673 0.8752
vn 0.1270 -0.4641 0.8766
vn 0.2661 -0.8097 0.5231
vn -0.4578 0.1600 0.8746
vn -0.4587 0.1647 0.8732
vn -0.4618 0.1678 0.8710
vn -0.6541 -0.4830 -0.5820
vn -0.7421 -0.2827 -0.6078
vn -0.7522 -0.2531 -0.6084
vn -0.7324 -0.2876 -0.6171
vn -0.9484 0.2802 0.1487
vn -0.9503 0.2738 0.1483
vn -0.9481 0.2812 0.1488
vn -0.7414 0.2568 0.6200
vn -0.2928 0.2309 0.9279
vn -0.2875 0.2274 0.9304
vn -0.7164 0.2013 0.6680
vn -0.7130 0.2045 0.6707
vn -0.7190 0.2090 0.6629
vn -0.9407 0.3348 0.0547
vn 0.1612 -0.9850 0.0618
vn 0.1624 -0.9845 0.0667
vn 0.1560 -0.9861 0.0576
vn 0.0284 -0.4585 0.8882
vn 0.0206 -0.4616 0.8869
vn 0.0247 -0.4617 0.8867
vn -0.8648 -0.1415 -0.4817
vn -0.8665 -0.1456 -0.4774
vn -0.8648 -0.1355 -0.4835
vn -0.7181 -0.5871 -0.3737
vn -0.7174 -0.5882 -0.3732
vn -0.8842 0.3585 0.2996
vn 0.1509 -0.9722 0.1792
vn 0.1530 -0.9722 0.1774
vn 0.1526 -0.9720 0.1790
vn -0.2812 -0.8702 -0.4046
vn -0.2826 -0.8682 -0.4079
vn -0.2796 -0.8678 -0.4109
vn -0.3866 0.1578 0.9087
vn -0.9381 -0.0850 -0.3358
vn -0.4861 -0.7906 -0.3722
vn -0.4797 -0.7939 -0.3737
vn -0.4828 -0.7917 -0.3744
vn -0.1509 -0.9692 0.1946
vn -0.1509 -0.9692 0.1945
vn -0.1506 -0.9693 0.1943
vn -0.1685 -0.2941 0.9408
vn -0.1634 -0.2897 0.9431
vn -0.1717 -0.2947 0.9400
vn -0.9767 -0.1860 -0.1067
vn -0.8732 0.3386 0.3505
vn -0.6416 0.3450 0.6851
vn -0.9610 -0.2619 -0.0886
vn -0.9603 -0.2627 -0.0940
vn -0.9605 -0.2639 -0.0886
vn -0.4517 -0.4319 0.7806
vn -0.7544 0.3213 0.5724
vn -0.7544 0.3212 0.5724
vn -0.9454 -0.1215 0.3025
usemtl Default_OBJ.002
s off
f 1//1 4//2 2//3
f 1//4 10//5 5//6
f 5//7 6//8 1//9
f 4//10 7//11 2//12
f 6//13 8//14 1//14
f 3//15 4//16 1//17
f 1//18 8//19 3//20
f 2//21 9//22 12//23
f 1//24 2//25 10//26
f 10//27 2//28 13//29
f 2//30 7//31 9//32
f 5//33 10//34 11//35
f 3//36 16//37 4//38
f 11//39 26//40 5//41
f 2//42 12//43 13//44
f 26//45 15//45 5//45
f 5//46 15//46 6//47
f 8//48 20//49 3//50
f 20//51 16//52 3//53
f 7//54 4//55 17//56
f 8//57 14//58 20//59
f 9//60 7//61 18//62
f 6//63 14//64 8//65
f 12//66 25//67 13//68
f 19//69 14//70 6//71
f 4//72 16//72 17//73
f 21//74 25//75 12//76
f 9//77 22//78 12//79
f 6//80 15//80 19//80
f 12//81 22//82 21//83
f 19//84 23//85 14//86
f 15//87 29//88 19//89
f 19//90 29//90 23//90
f 16//91 24//92 17//93
f 9//94 18//95 22//96
f 17//97 31//98 7//99
f 20//100 28//101 16//102
f 10//103 27//104 11//105
f 10//106 13//107 44//108
f 26//109 11//110 30//111
f 22//112 32//113 21//113
f 7//114 37//115 18//116
f 28//117 24//118 16//119
f 33//120 20//121 14//122
f 30//123 15//124 26//125
f 18//126 40//127 22//128
f 10//129 44//130 27//131
f 13//132 34//133 43//133
f 25//134 21//134 34//134
f 31//135 37//136 7//137
f 29//138 35//139 23//140
f 37//141 36//142 18//143
f 11//144 42//145 30//146
f 25//147 34//148 13//149
f 11//150 27//151 42//152
f 30//153 39//154 15//155
f 23//156 55//157 14//158
f 24//159 53//160 17//161
f 15//162 39//163 29//164
f 23//165 38//166 55//167
f 35//168 69//169 23//168
f 23//170 69//171 38//172
f 55//173 33//174 14//175
f 36//176 41//177 18//178
f 13//179 43//180 44//181
f 22//182 40//183 32//184
f 32//185 58//186 21//187
f 20//188 33//189 28//190
f 40//191 18//192 45//193
f 18//194 41//195 45//196
f 29//197 52//198 35//199
f 31//200 59//201 37//202
f 41//203 36//204 60//205
f 34//206 76//207 43//208
f 53//209 31//210 17//209
f 29//211 39//212 52//213
f 40//214 62//215 32//216
f 37//217 61//218 36//219
f 34//220 21//221 57//222
f 36//223 64//224 60//225
f 41//226 60//227 63//228
f 58//229 32//229 62//229
f 42//230 71//231 30//232
f 30//233 72//234 39//235
f 53//236 59//237 31//238
f 63//239 45//240 41//241
f 58//242 57//243 21//244
f 30//245 71//246 72//247
f 43//248 76//249 44//250
f 59//251 78//252 37//253
f 40//254 45//254 74//254
f 63//255 74//256 45//257
f 69//258 80//259 38//260
f 37//261 88//262 61//263
f 78//264 88//265 37//266
f 38//267 90//268 55//269
f 40//270 74//271 73//271
f 36//272 96//273 64//274
f 52//275 92//275 35//275
f 55//276 95//277 33//278
f 64//279 96//280 87//281
f 27//282 98//283 42//283
f 72//284 94//285 39//286
f 39//287 94//288 52//289
f 35//290 109//291 69//292
f 34//293 57//294 67//293
f 73//295 103//296 40//297
f 88//298 96//299 61//300
f 42//301 111//302 71//303
f 44//304 101//305 27//306
f 58//307 110//308 57//309
f 33//310 105//311 28//312
f 36//313 61//314 96//315
f 74//316 104//317 73//318
f 63//319 106//320 74//321
f 91//322 106//323 63//324
f 34//325 67//326 76//327
f 28//328 184//329 24//330
f 62//331 40//332 103//333
f 76//334 101//335 44//336
f 38//337 80//338 90//339
f 33//340 95//341 105//342
f 74//343 106//344 125//345
f 93//346 106//347 91//348
f 69//349 109//350 80//351
f 107//352 67//353 57//354
f 78//355 123//355 88//356
f 52//357 122//358 92//359
f 57//360 110//361 107//362
f 24//363 184//364 53//365
f 96//366 140//367 87//368
f 96//369 88//370 154//371
f 55//372 90//373 95//374
f 74//375 125//376 104//377
f 35//378 92//379 109//380
f 42//381 98//382 111//382
f 104//383 125//384 124//385
f 94//386 122//387 52//388
f 58//389 62//390 114//391
f 27//392 101//393 98//394
f 58//395 114//396 110//397
f 59//398 137//399 78//400
f 96//401 154//402 140//403
f 87//404 140//405 151//406
f 72//407 71//408 94//409
f 104//410 162//411 73//412
f 93//413 146//414 106//415
f 104//416 124//417 155//418
f 28//419 105//420 184//421
f 73//422 213//423 103//424
f 87//425 151//425 139//425
f 103//426 114//427 62//427
f 78//428 137//429 123//428
f 88//430 166//431 154//432
f 171//433 137//434 59//435
f 104//436 155//437 179//438
f 123//439 180//440 88//441
f 185//442 171//443 59//444
f 104//445 179//446 162//447
f 213//448 177//449 103//450
f 88//451 180//452 166//453
f 184//454 185//454 53//455
f 73//456 162//457 213//458
f 123//459 188//460 180//461
f 71//462 183//463 94//463
f 123//464 137//464 188//464
f 98//465 215//466 111//467
f 107//468 187//469 67//470
f 53//471 185//472 59//473
f 114//474 103//475 177//475
f 110//476 196//477 107//478
f 109//479 199//480 80//481
f 105//482 236//483 184//484
f 171//485 200//486 137//487
f 162//488 206//489 213//490
f 122//491 190//492 92//493
f 90//494 191//495 95//496
f 179//497 206//498 162//499
f 94//500 209//501 122//502
f 200//503 218//504 137//505
f 204//506 237//507 179//508
f 101//509 202//510 98//511
f 217//512 190//513 122//514
f 101//515 261//516 202//515
f 137//517 218//518 188//519
f 111//520 215//521 71//522
f 101//523 76//524 261//525
f 90//526 80//527 191//528
f 92//529 211//530 109//531
f 211//532 199//533 109//534
f 80//535 229//536 191//537
f 114//538 177//539 231//540
f 183//541 71//542 226//543
f 80//544 199//545 229//546
f 67//547 238//548 76//548
f 188//549 219//550 180//551
f 98//552 186//553 215//554
f 98//555 202//556 186//557
f 209//558 217//559 122//560
f 92//561 227//562 211//563
f 236//564 203//565 184//566
f 92//567 190//568 227//569
f 94//570 183//571 209//572
f 95//573 191//574 234//575
f 213//576 231//577 177//578
f 180//579 219//580 205//581
f 107//582 196//583 187//584
f 171//585 185//586 200//586
f 110//587 114//588 241//589
f 184//590 220//591 185//592
f 95//593 234//594 105//595
f 199//596 211//596 255//597
f 218//598 232//599 188//600
f 187//601 238//602 67//603
f 179//604 237//605 206//606
f 183//607 254//608 209//609
f 114//610 231//611 241//612
f 188//613 232//614 219//615
f 228//616 237//617 204//618
f 76//619 238//620 261//621
f 234//622 236//623 105//624
f 185//625 259//626 200//627
f 110//628 241//629 196//630
f 228//631 256//632 237//633
f 183//634 226//635 254//636
f 213//637 258//638 231//639
f 200//640 271//641 218//642
f 206//643 277//643 213//644
f 219//645 253//646 205//647
f 227//648 255//649 211//650
f 199//651 255//652 229//653
f 71//654 215//655 226//656
f 220//657 259//658 185//659
f 250//660 205//661 267//662
f 200//663 259//664 271//665
f 237//666 256//667 274//668
f 253//669 267//670 205//671
f 219//672 288//673 253//674
f 218//675 266//676 232//677
f 266//678 272//679 232//680
f 206//681 237//682 291//683
f 237//684 274//685 291//686
f 274//687 256//687 235//687
f 218//688 271//688 266//689
f 206//690 291//691 277//692
f 261//693 238//694 316//695
f 232//696 272//697 219//698
f 219//699 272//700 288//701
f 184//702 203//702 220//702
f 213//703 277//704 258//705
f 253//706 288//707 267//708
f 196//709 287//710 187//711
f 241//712 287//713 196//714
f 186//715 313//716 215//717
f 238//718 187//719 316//720
f 258//721 340//722 231//722
f 241//723 231//724 318//725
f 272//726 342//727 288//728
f 226//729 215//730 329//731
f 261//732 330//732 202//732
f 277//733 340//733 258//734
f 191//735 325//736 234//737
f 190//738 336//739 227//740
f 255//741 353//742 229//743
f 236//744 335//745 203//746
f 255//747 227//748 346//748
f 261//749 316//749 337//749
f 229//750 357//751 191//752
f 271//753 371//754 266//754
f 226//755 329//756 254//757
f 241//758 310//759 287//759
f 220//760 350//761 259//762
f 209//763 430//764 217//765
f 340//766 277//766 354//766
f 187//767 362//768 316//769
f 236//770 234//771 366//772
f 220//773 203//774 335//775
f 220//776 335//776 350//776
f 259//777 378//778 271//779
f 217//780 377//781 190//782
f 254//783 430//784 209//785
f 227//786 336//787 346//788
f 346//789 353//790 255//791
f 272//792 365//793 342//794
f 236//795 366//796 331//797
f 190//798 377//799 336//800
f 266//801 365//802 272//803
f 217//804 430//805 377//804
f 191//806 357//807 325//808
f 291//809 354//810 277//811
f 202//812 313//813 186//814
f 291//815 363//815 385//815
f 291//816 385//817 354//818
f 254//819 412//820 430//821
f 313//822 409//823 215//824
f 234//825 325//826 366//827
f 266//828 371//828 365//828
f 229//829 353//830 357//831
f 231//832 340//833 318//834
f 215//835 409//836 329//837
f 254//838 329//839 412//840
f 271//841 378//842 371//843
f 261//844 337//845 330//846
f 236//847 331//848 335//849
f 316//850 419//851 337//852
f 310//853 241//854 318//855
f 363//856 417//856 385//856
f 187//857 287//858 362//859
f 202//860 330//861 313//862
f 350//863 420//864 259//865
f 340//866 354//867 451//868
f 316//869 362//869 419//869
f 259//870 420//870 378//870
f 342//871 469//872 423//873
f 354//874 447//875 451//876
f 310//877 318//878 432//879
f 385//880 447//881 354//880
f 417//882 435//883 385//884
f 365//885 433//886 437//887
f 335//888 472//889 350//890
f 350//891 492//892 420//893
f 433//894 365//895 371//896
f 365//897 437//898 342//899
f 385//900 435//901 434//901
f 342//902 437//902 469//902
f 461//903 441//904 423//905
f 340//906 451//906 318//907
f 378//908 442//908 371//908
f 420//909 442//910 378//911
f 442//912 433//913 371//914
f 423//915 469//916 461//917
f 336//918 450//919 346//920
f 346//921 464//922 353//923
f 325//924 462//925 366//926
f 310//927 468//928 287//929
f 385//930 434//931 447//932
f 353//933 458//934 357//935
f 461//936 459//936 441//937
f 357//938 455//938 325//939
f 331//940 472//941 335//942
f 377//943 457//944 336//945
f 329//946 486//947 412//948
f 377//949 430//950 457//951
f 353//952 464//953 458//954
f 346//955 450//956 464//957
f 366//958 462//959 500//960
f 456//961 476//962 435//963
f 325//964 455//965 462//966
f 437//967 433//967 475//968
f 357//969 458//970 455//971
f 409//972 507//973 329//974
f 318//975 478//976 432//977
f 435//978 476//979 434//980
f 490//981 461//982 469//983
f 451//984 478//985 318//986
f 447//987 434//988 485//989
f 472//990 492//990 350//991
f 434//992 476//993 485//994
f 366//995 500//996 331//997
f 437//998 490//999 469//1000
f 310//1001 432//1002 468//1003
f 313//1004 330//1005 504//1006
f 420//1007 503//1008 442//1009
f 337//1010 552//1011 494//1012
f 492//1013 527//1014 420//1015
f 442//1016 503//1017 475//1018
f 507//1019 486//1020 329//1021
f 457//1022 430//1023 495//1024
f 419//1025 488//1026 337//1027
f 337//1028 494//1029 330//1030
f 362//1031 488//1032 419//1033
f 450//1034 336//1035 544//1036
f 442//1037 475//1038 433//1039
f 412//1040 495//1041 430//1042
f 313//1043 507//1044 409//1045
f 485//1046 506//1047 447//1046
f 455//1048 505//1049 462//1050
f 502//1051 450//1052 544//1053
f 458//1054 547//1055 455//1056
f 458//1057 464//1058 497//1059
f 287//1060 517//1061 362//1062
f 437//1063 475//1064 490//1065
f 475//1066 516//1067 490//1068
f 412//1069 486//1070 495//1071
f 455//1072 547//1073 505//1074
f 331//1075 500//1076 472//1077
f 447//1078 506//1079 451//1080
f 336//1081 457//1082 544//1083
f 362//1084 517//1085 488//1086
f 450//1087 502//1088 464//1089
f 504//1090 507//1091 313//1092
f 503//1093 420//1093 527//1093
f 502//1094 497//1095 464//1096
f 488//1097 552//1098 337//1099
f 462//1100 505//1101 500//1102
f 451//1103 535//1104 478//1105
f 287//1106 468//1107 517//1108
f 458//1109 497//1110 547//1111
f 528//1112 516//1113 475//1114
f 472//1115 525//1116 492//1117
f 330//1118 494//1119 504//1120
f 485//1121 538//1121 529//1121
f 478//1122 535//1123 432//1122
f 503//1124 528//1124 475//1124
f 468//1125 432//1126 597//1127
f 485//1128 529//1129 506//1130
f 516//1131 549//1132 540//1133
f 451//1134 506//1135 545//1136
f 528//1137 549//1138 516//1139
f 503//1140 548//1141 528//1142
f 538//1143 553//1144 529//1145
f 527//1146 492//1147 558//1148
f 527//1149 558//1150 503//1151
f 575//1152 580//1152 555//1152
f 554//1153 572//1154 567//1155
f 502//1156 544//1156 576//1156
f 545//1157 535//1158 451//1159
f 540//1160 577//1161 575//1162
f 432//1163 535//1163 571//1164
f 517//1165 468//1166 593//1165
f 549//1167 577//1167 540//1168
f 549//1169 528//1169 548//1169
f 502//1170 576//1171 497//1172
f 500//1173 592//1174 472//1175
f 495//1176 581//1176 457//1176
f 432//1177 571//1178 597//1179
f 472//1180 592//1180 525//1181
f 503//1182 558//1183 548//1184
f 553//1185 583//1186 529//1187
f 486//1188 581//1189 495//1190
f 583//1191 609//1192 529//1193
f 544//1194 457//1195 596//1196
f 567//1197 572//1198 583//1199
f 468//1200 597//1201 593//1202
f 577//1203 580//1204 575//1205
f 488//1206 517//1206 593//1206
f 611//1207 580//1208 577//1209
f 507//1210 504//1211 600//1210
f 497//1212 608//1213 547//1214
f 506//1215 529//1216 545//1217
f 507//1218 600//1219 486//1219
f 505//1220 598//1221 500//1222
f 583//1223 572//1224 618//1225
f 596//1226 603//1227 544//1227
f 598//1228 592//1228 500//1228
f 547//1229 628//1230 505//1231
f 552//1232 601//1233 494//1234
f 544//1235 603//1235 576//1236
f 545//1237 529//1238 609//1237
f 583//1239 618//1240 609//1241
f 488//1242 593//1243 638//1244
f 525//1245 602//1245 492//1245
f 457//1246 581//1247 596//1248
f 572//1249 606//1250 618//1251
f 552//1252 488//1253 601//1253
f 492//1254 602//1255 558//1256
f 548//1257 636//1258 549//1259
f 577//1260 610//1260 611//1261
f 504//1262 494//1263 613//1262
f 535//1264 631//1265 571//1264
f 497//1266 576//1267 608//1268
f 608//1269 628//1270 547//1271
f 545//1272 631//1273 535//1274
f 549//1275 615//1275 577//1275
f 486//1276 600//1277 632//1278
f 628//1279 598//1280 505//1281
f 558//1282 636//1283 548//1284
f 545//1285 609//1286 631//1287
f 577//1288 615//1289 610//1290
f 601//1291 623//1292 494//1293
f 638//1294 601//1294 488//1294
f 618//1295 629//1296 609//1297
f 571//1298 631//1299 617//1300
f 636//1301 615//1302 549//1303
f 571//1304 617//1305 597//1306
f 606//1307 622//1308 618//1309
f 618//1310 622//1311 620//1312
f 581//1313 634//1314 596//1315
f 558//1316 626//1317 636//1318
f 623//1319 613//1320 494//1319
f 597//1321 630//1322 593//1323
f 486//1324 632//1325 581//1324
f 504//1326 613//1327 600//1328
f 581//1329 632//1329 634//1329
f 609//1330 629//1331 631//1332
f 615//1333 636//1334 610//1334
f 634//1335 603//1335 596//1335
f 576//1336 635//1336 608//1337
f 602//1338 626//1339 558//1340
f 576//1341 603//1342 635//1343
f 611//1344 610//1345 620//1346
f 635//1347 628//1348 608//1349
f 629//1350 618//1351 640//1350
f 618//1352 620//1353 640//1354
f 634//1355 639//1355 603//1355
f 640//1356 620//1357 610//1358
f 603//1359 639//1360 635//1361
f 610//1362 636//1363 642//1364
f 525//1365 648//1365 602//1366
f 636//1367 626//1368 642//1369
f 644//1370 632//1371 600//1372
f 626//1373 602//1374 648//1375
f 631//1376 629//1377 640//1378
f 628//1379 656//1380 598//1381
f 598//1382 646//1383 592//1384
f 617//1385 630//1386 597//1387
f 642//1388 640//1389 610//1390
f 635//1391 643//1392 628//1393
f 593//1394 630//1395 638//1396
f 638//1397 651//1398 601//1399
f 630//1400 651//1401 638//1402
f 613//1403 645//1404 600//1405
f 623//1406 645//1407 613//1408
f 639//1409 643//1410 635//1411
f 643//1412 656//1413 628//1414
f 592//1415 647//1416 525//1417
f 631//1418 649//1418 617//1418
f 649//1419 631//1420 640//1419
f 598//1421 656//1422 646//1423
f 632//1424 650//1425 634//1426
f 600//1427 645//1428 644//1429
f 617//1430 649//1430 630//1431
f 592//1432 646//1432 647//1433
f 525//1434 647//1435 648//1436
f 626//1437 648//1438 642//1439
f 632//1440 644//1441 650//1442
f 639//1443 654//1444 643//1445
f 634//1446 650//1447 639//1448
f 649//1449 652//1450 630//1451
f 642//1452 653//1452 640//1452
f 630//1453 652//1454 651//1455
f 640//1456 653//1457 659//1458
f 650//1459 654//1460 639//1461
f 651//1462 655//1463 601//1464
f 649//1465 640//1466 659//1467
f 648//1468 653//1469 642//1470
f 650//1471 657//1472 654//1473
f 643//1474 654//1475 656//1476
f 601//1477 655//1478 623//1479
f 655//1480 645//1481 623//1482
f 649//1483 659//1484 652//1485
f 647//1486 660//1487 648//1488
f 657//1489 658//1490 656//1491
f 654//1492 657//1492 656//1493
f 656//1494 658//1495 646//1496
f 651//1497 652//1498 655//1499
f 646//1500 662//1501 647//1502
f 648//1503 660//1504 653//1505
f 644//1506 661//1507 650//1508
f 650//1509 661//1509 657//1509
f 658//1510 662//1511 646//1512
f 644//1513 645//1514 661//1515
f 662//1516 660//1517 647//1518
f 653//1519 663//1520 659//1521
f 655//1522 663//1523 645//1524
f 655//1525 652//1526 663//1527
f 652//1528 659//1529 663//1530
f 653//1531 660//1532 663//1532
f 661//1533 664//1534 657//1535
f 657//1536 664//1536 658//1536
f 658//1537 664//1537 662//1537
f 645//1538 664//1539 661//1540
f 662//1541 663//1542 660//1543
f 664//1544 663//1545 662//1546
f 645//1547 663//1548 664//1549
usemtl Материал.002
f 47//1550 46//1550 49//1550
f 46//1551 54//1551 48//1551
f 47//1552 54//1553 46//1554
f 47//1555 50//1555 54//1555
f 49//1556 66//1556 47//1556
f 46//1557 56//1558 49//1559
f 48//1560 56//1561 46//1562
f 49//1563 56//1563 51//1563
f 47//1564 68//1564 50//1564
f 50//1565 65//1566 54//1567
f 56//1568 70//1569 51//1570
f 48//1571 60//1572 56//1573
f 66//1574 68//1575 47//1576
f 51//1577 66//1577 49//1577
f 54//1578 60//1579 48//1580
f 54//1581 63//1581 60//1581
f 65//1582 77//1582 54//1582
f 54//1583 91//1583 63//1583
f 70//1584 75//1584 51//1584
f 51//1585 75//1586 79//1587
f 51//1588 79//1588 66//1588
f 56//1589 60//1589 64//1589
f 66//1590 81//1591 68//1592
f 54//1593 77//1594 91//1595
f 81//1596 82//1596 68//1597
f 65//1598 83//1598 77//1598
f 50//1599 68//1600 65//1600
f 75//1601 84//1602 79//1603
f 56//1604 64//1604 70//1604
f 68//1605 82//1605 85//1605
f 68//1606 89//1606 65//1606
f 66//1607 79//1608 81//1609
f 64//1610 87//1611 70//1612
f 75//1613 86//1613 84//1613
f 77//1614 93//1614 91//1614
f 65//1615 97//1615 83//1615
f 75//1616 70//1616 86//1616
f 89//1617 97//1617 65//1617
f 83//1618 93//1619 77//1620
f 87//1621 86//1621 70//1621
f 79//1622 100//1623 81//1624
f 85//1625 82//1626 113//1627
f 81//1628 100//1628 99//1628
f 68//1629 85//1630 89//1631
f 81//1632 99//1633 82//1634
f 82//1635 99//1635 108//1635
f 84//1636 102//1636 79//1636
f 79//1637 102//1638 100//1638
f 82//1639 108//1640 113//1641
f 89//1642 85//1643 117//1644
f 116//1645 125//1645 119//1645
f 83//1646 115//1647 93//1648
f 97//1649 115//1649 83//1649
f 86//1650 112//1651 84//1652
f 116//1653 127//1653 124//1653
f 116//1654 118//1655 127//1656
f 125//1657 106//1657 119//1657
f 120//1658 132//1658 128//1658
f 84//1659 112//1660 121//1661
f 116//1662 119//1662 130//1662
f 120//1663 131//1663 126//1663
f 84//1664 121//1665 102//1666
f 118//1667 129//1667 127//1667
f 116//1668 124//1668 125//1668
f 116//1669 130//1670 118//1671
f 120//1672 133//1673 131//1674
f 136//1675 134//1675 119//1675
f 126//1676 148//1676 120//1676
f 129//1677 135//1677 127//1677
f 143//1678 129//1678 118//1678
f 106//1679 136//1680 119//1681
f 119//1682 134//1682 130//1682
f 120//1683 128//1683 133//1683
f 87//1684 139//1684 86//1684
f 89//1685 117//1686 97//1687
f 113//1688 157//1689 85//1690
f 130//1691 143//1692 118//1693
f 131//1694 133//1695 138//1696
f 132//1697 151//1697 128//1697
f 121//1698 112//1699 151//1700
f 133//1701 142//1702 138//1703
f 131//1704 141//1705 126//1706
f 86//1707 139//1708 112//1707
f 148//1709 132//1710 120//1711
f 132//1712 102//1712 121//1712
f 85//1713 157//1713 117//1713
f 135//1714 145//1714 127//1714
f 131//1715 152//1715 141//1715
f 133//1716 128//1717 140//1718
f 115//1719 146//1720 93//1721
f 130//1722 134//1723 144//1724
f 100//1725 150//1725 99//1725
f 131//1726 138//1726 152//1726
f 133//1727 154//1727 142//1727
f 140//1728 154//1729 133//1730
f 136//1731 147//1731 134//1731
f 134//1732 117//1732 144//1732
f 121//1733 151//1733 132//1733
f 100//1734 102//1735 149//1736
f 128//1737 151//1738 140//1739
f 124//1740 127//1741 155//1742
f 147//1743 97//1743 134//1743
f 127//1744 145//1745 155//1746
f 130//1747 144//1747 153//1747
f 97//1748 117//1749 134//1748
f 129//1750 159//1751 135//1751
f 106//1752 146//1753 136//1754
f 115//1755 97//1755 147//1755
f 112//1756 139//1756 151//1756
f 130//1757 153//1757 143//1758
f 141//1759 160//1760 126//1761
f 126//1762 156//1763 148//1764
f 117//1765 157//1765 144//1765
f 126//1766 160//1766 156//1766
f 135//1767 159//1768 145//1769
f 138//1770 164//1770 152//1770
f 99//1771 161//1772 108//1773
f 129//1774 163//1775 159//1776
f 146//1777 147//1778 136//1779
f 132//1780 149//1780 102//1781
f 149//1782 150//1782 100//1782
f 108//1783 158//1783 113//1784
f 99//1785 150//1785 161//1785
f 148//1786 149//1787 132//1788
f 145//1789 159//1789 172//1789
f 129//1790 167//1790 163//1790
f 154//1791 166//1791 142//1791
f 152//1792 174//1792 141//1793
f 157//1794 168//1794 144//1794
f 142//1795 164//1796 138//1797
f 147//1798 146//1798 115//1798
f 108//1799 161//1800 170//1801
f 143//1802 167//1802 129//1802
f 164//1803 175//1803 152//1803
f 157//1804 113//1804 165//1804
f 158//1805 165//1805 113//1805
f 149//1806 176//1807 150//1808
f 108//1809 170//1809 158//1809
f 168//1810 181//1811 144//1812
f 145//1813 179//1813 155//1813
f 153//1814 169//1815 143//1815
f 144//1816 181//1816 153//1817
f 142//1818 166//1818 164//1818
f 156//1819 182//1819 148//1819
f 148//1820 178//1820 149//1820
f 166//1821 180//1821 164//1821
f 167//1822 173//1823 163//1824
f 169//1825 167//1826 143//1827
f 157//1828 165//1829 168//1830
f 164//1831 180//1831 175//1831
f 181//1832 169//1832 153//1832
f 148//1833 182//1834 178//1835
f 145//1836 172//1836 179//1836
f 160//1837 198//1838 156//1839
f 141//1840 174//1841 160//1842
f 168//1843 192//1844 181//1844
f 158//1845 201//1846 165//1847
f 172//1848 159//1848 204//1848
f 152//1849 189//1850 174//1851
f 149//1852 178//1852 176//1852
f 170//1853 161//1854 194//1855
f 204//1856 179//1856 172//1856
f 156//1857 198//1858 182//1859
f 174//1860 208//1861 160//1862
f 165//1863 192//1863 168//1864
f 175//1865 189//1866 152//1867
f 167//1868 169//1869 173//1870
f 180//1871 205//1871 175//1871
f 169//1872 181//1873 197//1874
f 173//1875 169//1876 207//1877
f 158//1878 170//1879 201//1880
f 198//1881 178//1882 182//1883
f 165//1884 201//1885 210//1886
f 150//1887 176//1887 161//1888
f 165//1889 210//1890 192//1891
f 163//1892 193//1892 159//1892
f 161//1893 176//1893 195//1893
f 173//1894 193//1894 163//1894
f 160//1895 225//1896 198//1897
f 178//1898 214//1898 176//1898
f 197//1899 212//1899 169//1899
f 181//1900 192//1901 221//1902
f 181//1903 221//1903 197//1903
f 161//1904 195//1904 194//1904
f 175//1905 223//1905 189//1905
f 174//1906 224//1906 208//1906
f 198//1907 222//1908 178//1909
f 170//1910 194//1911 201//1912
f 208//1913 225//1914 160//1915
f 159//1916 228//1916 204//1917
f 169//1918 212//1918 207//1918
f 193//1919 228//1919 159//1919
f 207//1920 239//1921 173//1922
f 210//1923 230//1923 192//1923
f 176//1924 214//1925 195//1926
f 205//1927 223//1928 175//1929
f 197//1930 233//1931 212//1932
f 189//1933 224//1934 174//1933
f 178//1935 222//1936 214//1937
f 192//1938 230//1938 221//1938
f 198//1939 216//1939 222//1939
f 193//1940 235//1940 228//1940
f 198//1941 225//1941 216//1941
f 173//1942 239//1943 193//1944
f 197//1945 221//1945 233//1945
f 224//1946 240//1947 208//1948
f 201//1949 243//1949 210//1949
f 207//1950 246//1950 239//1950
f 193//1951 239//1951 235//1951
f 223//1952 242//1952 189//1952
f 210//1953 243//1953 230//1953
f 207//1954 212//1955 246//1956
f 189//1957 242//1958 224//1959
f 214//1960 245//1961 195//1962
f 195//1963 244//1964 194//1965
f 208//1966 240//1966 225//1966
f 244//1967 201//1968 194//1969
f 222//1970 245//1971 214//1972
f 216//1973 249//1974 222//1975
f 221//1976 248//1976 233//1976
f 205//1977 250//1978 223//1979
f 224//1980 242//1981 240//1982
f 221//1983 230//1983 248//1983
f 251//1984 243//1985 201//1986
f 195//1987 252//1987 244//1987
f 225//1988 260//1989 216//1990
f 201//1991 244//1992 251//1993
f 243//1994 248//1995 230//1996
f 247//1997 245//1998 222//1997
f 225//1999 240//2000 280//2001
f 223//2002 250//2003 242//2004
f 233//2005 257//2006 212//2006
f 239//2007 262//2008 235//2009
f 246//2010 263//2011 239//2012
f 240//2013 242//2013 268//2013
f 257//2014 233//2015 264//2015
f 251//2016 276//2017 243//2018
f 235//2019 256//2019 228//2019
f 245//2020 252//2020 195//2020
f 242//2021 250//2021 267//2021
f 233//2022 248//2023 264//2024
f 265//2025 251//2026 244//2027
f 267//2028 270//2029 242//2030
f 267//2031 273//2032 270//2033
f 270//2034 268//2034 242//2034
f 260//2035 319//2036 216//2037
f 216//2038 319//2039 249//2040
f 239//2041 263//2042 262//2043
f 246//2044 275//2045 263//2046
f 269//2047 247//2048 222//2049
f 265//2050 276//2050 251//2050
f 246//2051 212//2051 275//2051
f 257//2052 281//2053 212//2054
f 243//2055 278//2055 248//2055
f 249//2056 269//2057 222//2058
f 244//2059 252//2060 265//2061
f 235//2062 262//2063 290//2064
f 268//2065 270//2065 283//2065
f 265//2066 279//2067 282//2068
f 240//2069 268//2070 280//2071
f 212//2072 281//2072 275//2072
f 265//2073 282//2073 276//2073
f 248//2074 278//2075 264//2075
f 243//2076 276//2076 296//2076
f 268//2077 283//2077 280//2077
f 282//2078 284//2078 276//2078
f 265//2079 252//2079 279//2079
f 274//2080 235//2081 290//2082
f 263//2083 285//2083 262//2083
f 225//2084 280//2085 260//2086
f 245//2087 247//2087 252//2087
f 278//2088 295//2089 264//2088
f 249//2090 319//2091 269//2092
f 273//2093 267//2093 288//2093
f 270//2094 292//2095 283//2096
f 276//2097 284//2098 296//2099
f 252//2100 289//2101 279//2102
f 282//2103 279//2104 293//2105
f 273//2106 294//2107 270//2108
f 243//2109 296//2109 278//2109
f 282//2110 293//2111 284//2112
f 293//2113 279//2114 298//2115
f 293//2116 298//2117 299//2118
f 299//2119 300//2120 293//2121
f 262//2122 301//2123 290//2124
f 262//2125 285//2126 301//2127
f 284//2128 297//2128 296//2128
f 298//2129 279//2130 303//2131
f 294//2132 292//2133 270//2133
f 263//2134 286//2135 285//2136
f 298//2137 304//2137 299//2137
f 274//2138 290//2138 291//2138
f 263//2139 275//2140 286//2141
f 264//2142 305//2143 257//2144
f 293//2145 302//2145 284//2145
f 307//2146 303//2147 279//2148
f 293//2149 300//2149 302//2149
f 298//2150 303//2151 308//2150
f 298//2152 308//2152 304//2152
f 299//2153 309//2153 300//2153
f 247//2154 306//2155 252//2156
f 279//2157 289//2157 307//2157
f 299//2158 304//2159 315//2160
f 288//2161 294//2162 273//2161
f 257//2163 305//2164 281//2165
f 290//2166 311//2166 291//2166
f 284//2167 312//2168 297//2169
f 302//2170 312//2170 284//2170
f 299//2171 314//2171 309//2171
f 296//2172 295//2173 278//2174
f 302//2175 300//2175 321//2175
f 299//2176 315//2176 314//2176
f 315//2177 322//2178 314//2179
f 290//2180 301//2181 323//2182
f 306//2183 333//2183 252//2183
f 302//2184 321//2185 312//2186
f 285//2187 323//2188 301//2189
f 294//2190 288//2190 326//2190
f 300//2191 327//2192 321//2193
f 308//2194 328//2195 304//2196
f 283//2197 292//2198 317//2199
f 290//2200 323//2201 311//2202
f 307//2203 289//2204 303//2205
f 289//2206 320//2207 303//2208
f 300//2209 309//2209 327//2209
f 295//2210 305//2211 264//2212
f 296//2213 332//2213 295//2213
f 320//2214 308//2215 303//2216
f 304//2217 345//2217 315//2217
f 345//2218 334//2219 315//2220
f 288//2221 342//2221 326//2221
f 304//2222 328//2223 345//2224
f 260//2225 324//2226 319//2227
f 315//2228 334//2228 322//2228
f 294//2229 338//2229 292//2229
f 283//2230 317//2231 280//2232
f 252//2233 333//2234 289//2235
f 319//2236 368//2236 269//2236
f 289//2237 352//2237 320//2237
f 291//2238 311//2238 341//2238
f 296//2239 297//2240 369//2241
f 289//2242 333//2243 352//2244
f 309//2245 314//2246 339//2247
f 314//2248 322//2248 344//2248
f 294//2249 326//2249 338//2249
f 275//2250 281//2251 347//2252
f 312//2253 343//2254 297//2255
f 309//2256 339//2257 327//2258
f 308//2259 349//2260 328//2260
f 292//2261 338//2262 317//2261
f 275//2263 347//2263 351//2263
f 314//2264 344//2265 339//2266
f 297//2267 343//2267 369//2267
f 308//2268 320//2268 349//2268
f 280//2269 348//2269 260//2269
f 321//2270 356//2270 312//2270
f 326//2271 342//2271 389//2271
f 285//2272 360//2273 323//2274
f 338//2275 326//2275 355//2275
f 312//2276 361//2276 343//2276
f 320//2277 359//2277 349//2277
f 328//2278 370//2279 345//2280
f 260//2281 348//2282 324//2283
f 295//2284 405//2284 305//2284
f 320//2285 352//2285 359//2285
f 341//2286 363//2287 291//2288
f 285//2289 358//2290 360//2291
f 275//2292 351//2292 286//2292
f 321//2293 327//2293 364//2293
f 323//2294 367//2294 311//2294
f 317//2295 348//2296 280//2297
f 324//2298 400//2298 319//2298
f 323//2299 360//2300 367//2301
f 285//2302 286//2303 358//2302
f 296//2304 375//2304 332//2304
f 345//2305 370//2305 334//2305
f 326//2306 389//2306 355//2306
f 319//2307 400//2308 368//2309
f 295//2310 332//2311 405//2312
f 247//2313 269//2314 373//2315
f 321//2316 364//2317 356//2318
f 338//2319 355//2320 317//2321
f 305//2322 372//2322 281//2322
f 296//2323 369//2323 375//2323
f 368//2324 373//2325 269//2326
f 327//2327 339//2327 374//2327
f 344//2328 374//2328 339//2328
f 327//2329 374//2330 364//2331
f 322//2332 376//2332 344//2332
f 311//2333 367//2333 341//2333
f 312//2334 382//2334 361//2334
f 356//2335 382//2336 312//2337
f 355//2338 381//2339 317//2340
f 281//2341 372//2342 347//2343
f 247//2344 379//2345 306//2346
f 352//2347 333//2347 401//2347
f 352//2348 380//2349 359//2350
f 328//2351 349//2352 384//2353
f 322//2354 334//2355 376//2354
f 396//2356 324//2356 348//2356
f 305//2357 383//2358 372//2359
f 333//2360 306//2360 387//2360
f 328//2361 384//2361 370//2361
f 360//2362 390//2362 367//2362
f 352//2363 401//2363 380//2363
f 343//2364 393//2364 369//2364
f 343//2365 361//2366 393//2367
f 364//2368 382//2368 356//2368
f 344//2369 388//2369 397//2370
f 344//2371 376//2371 388//2371
f 389//2372 392//2372 355//2372
f 349//2373 394//2373 384//2373
f 344//2374 397//2374 374//2374
f 370//2375 404//2376 334//2377
f 367//2378 390//2379 395//2380
f 332//2381 375//2381 386//2381
f 361//2382 391//2382 393//2382
f 382//2383 391//2384 361//2384
f 349//2385 359//2385 394//2385
f 374//2386 397//2386 364//2386
f 394//2387 359//2387 380//2387
f 355//2388 392//2388 381//2388
f 348//2389 317//2390 396//2391
f 334//2392 404//2392 376//2392
f 332//2393 386//2394 405//2395
f 369//2396 398//2397 375//2398
f 363//2399 341//2399 417//2399
f 347//2400 407//2401 351//2402
f 247//2403 373//2404 379//2405
f 393//2406 398//2406 369//2406
f 333//2407 387//2407 401//2407
f 364//2408 397//2408 382//2408
f 384//2409 402//2409 403//2409
f 384//2410 403//2411 370//2412
f 367//2413 395//2413 341//2413
f 360//2414 406//2415 390//2416
f 286//2417 351//2418 408//2419
f 401//2420 411//2420 380//2420
f 382//2421 397//2421 391//2421
f 384//2422 394//2422 402//2422
f 376//2423 404//2423 388//2423
f 403//2424 404//2424 370//2424
f 398//2425 416//2425 375//2425
f 360//2426 358//2426 406//2427
f 389//2428 413//2428 392//2428
f 381//2429 399//2429 317//2429
f 305//2430 410//2431 383//2432
f 305//2433 405//2434 410//2435
f 388//2436 404//2437 414//2438
f 341//2439 395//2439 417//2439
f 342//2440 423//2441 389//2442
f 392//2443 415//2443 381//2443
f 388//2444 414//2444 397//2444
f 317//2445 399//2445 396//2445
f 286//2446 408//2447 358//2448
f 347//2449 372//2450 407//2451
f 306//2452 379//2452 387//2452
f 416//2453 386//2453 375//2453
f 423//2454 413//2454 389//2454
f 396//2455 400//2455 324//2455
f 386//2456 422//2457 405//2458
f 398//2459 393//2459 418//2459
f 380//2460 424//2461 394//2462
f 392//2463 413//2464 415//2465
f 380//2466 411//2467 424//2468
f 404//2469 403//2469 414//2469
f 372//2470 383//2471 421//2472
f 386//2473 446//2474 422//2475
f 424//2476 425//2477 394//2478
f 391//2479 426//2479 393//2479
f 391//2480 397//2481 426//2482
f 402//2483 425//2484 403//2485
f 351//2486 407//2487 408//2488
f 387//2489 411//2489 401//2489
f 393//2490 426//2491 418//2492
f 394//2493 425//2493 402//2493
f 397//2494 414//2494 426//2494
f 395//2495 390//2495 431//2495
f 381//2496 415//2496 399//2496
f 372//2497 421//2498 407//2499
f 410//2500 421//2501 383//2502
f 398//2503 418//2503 416//2503
f 403//2504 425//2505 414//2506
f 422//2507 427//2508 405//2509
f 414//2510 425//2511 426//2512
f 358//2513 408//2513 406//2513
f 426//2514 425//2515 424//2516
f 426//2517 424//2518 418//2519
f 429//2520 424//2521 411//2522
f 405//2523 427//2523 410//2523
f 387//2524 428//2524 411//2524
f 424//2525 429//2526 418//2527
f 395//2528 431//2529 417//2530
f 406//2531 431//2532 390//2533
f 399//2534 439//2535 396//2536
f 423//2537 441//2537 413//2537
f 379//2538 373//2539 449//2540
f 400//2541 444//2542 368//2543
f 373//2544 368//2545 438//2546
f 418//2547 428//2547 416//2547
f 411//2548 428//2548 429//2548
f 431//2549 435//2549 417//2549
f 399//2550 436//2551 439//2552
f 415//2553 413//2554 436//2555
f 415//2556 436//2556 399//2556
f 429//2557 428//2558 418//2559
f 445//2560 416//2560 428//2560
f 416//2561 446//2562 386//2563
f 407//2564 440//2565 408//2566
f 387//2567 471//2567 428//2567
f 406//2568 440//2568 448//2568
f 406//2569 408//2570 440//2571
f 422//2572 446//2572 427//2572
f 379//2573 449//2574 387//2575
f 406//2576 452//2577 431//2578
f 413//2579 441//2580 436//2581
f 410//2582 453//2582 421//2582
f 427//2583 453//2584 410//2585
f 416//2586 460//2587 446//2588
f 406//2589 448//2590 452//2591
f 439//2592 443//2593 396//2594
f 459//2595 467//2595 441//2595
f 435//2596 431//2596 452//2596
f 436//2597 467//2597 439//2597
f 445//2598 460//2598 416//2598
f 435//2599 452//2599 456//2599
f 452//2600 448//2601 470//2602
f 441//2603 467//2604 436//2605
f 427//2606 446//2606 466//2606
f 444//2607 438//2608 368//2609
f 387//2610 449//2611 463//2612
f 427//2613 466//2614 453//2615
f 387//2616 463//2617 471//2618
f 461//2619 467//2619 459//2619
f 467//2620 443//2620 439//2620
f 400//2621 454//2622 444//2623
f 456//2624 452//2625 470//2626
f 443//2627 454//2628 396//2629
f 396//2630 454//2631 400//2632
f 428//2633 471//2634 445//2635
f 421//2636 473//2637 407//2636
f 407//2638 473//2639 440//2640
f 467//2641 474//2641 443//2641
f 467//2642 461//2643 483//2644
f 446//2645 465//2645 466//2645
f 453//2646 473//2646 421//2646
f 373//2647 438//2648 449//2649
f 477//2650 483//2650 461//2650
f 466//2651 484//2651 453//2651
f 471//2652 463//2653 479//2654
f 444//2655 481//2656 438//2657
f 483//2658 474//2658 467//2658
f 474//2659 480//2660 443//2661
f 460//2662 471//2663 482//2664
f 445//2665 471//2666 460//2667
f 453//2668 484//2668 473//2668
f 443//2669 480//2669 454//2669
f 470//2670 476//2670 456//2670
f 446//2671 460//2672 465//2673
f 440//2674 473//2675 489//2676
f 454//2677 513//2678 444//2679
f 461//2680 490//2681 477//2682
f 438//2683 491//2683 449//2683
f 440//2684 487//2684 448//2685
f 474//2686 483//2686 480//2686
f 471//2687 479//2688 482//2689
f 483//2690 510//2691 480//2692
f 470//2693 498//2694 476//2695
f 448//2696 498//2697 470//2698
f 449//2699 499//2700 463//2701
f 481//2702 491//2702 438//2702
f 440//2703 489//2704 487//2705
f 473//2706 493//2706 489//2706
f 480//2707 496//2707 454//2707
f 449//2708 491//2709 499//2710
f 466//2711 501//2711 484//2711
f 444//2712 513//2713 481//2714
f 493//2715 473//2716 512//2717
f 466//2718 465//2719 501//2720
f 477//2721 509//2721 483//2721
f 493//2722 520//2723 489//2724
f 448//2725 508//2726 498//2727
f 489//2728 520//2729 487//2730
f 484//2731 512//2731 473//2731
f 484//2732 501//2733 512//2734
f 465//2735 460//2735 501//2735
f 463//2736 523//2737 479//2738
f 481//2739 511//2740 491//2741
f 482//2742 514//2743 460//2744
f 499//2745 523//2746 463//2746
f 477//2747 490//2747 516//2747
f 483//2748 509//2748 510//2748
f 460//2749 514//2749 515//2749
f 487//2750 508//2751 448//2752
f 519//2753 477//2754 516//2755
f 519//2756 509//2757 477//2758
f 460//2759 515//2760 501//2759
f 513//2761 511//2761 481//2761
f 491//2762 511//2763 499//2764
f 454//2765 518//2765 513//2765
f 513//2766 521//2766 511//2767
f 454//2768 496//2769 518//2770
f 499//2771 511//2772 522//2773
f 476//2774 526//2775 485//2776
f 510//2777 496//2778 480//2779
f 518//2780 521//2781 513//2782
f 479//2783 523//2784 482//2785
f 476//2786 498//2787 526//2788
f 498//2789 546//2789 526//2789
f 485//2790 526//2790 543//2790
f 516//2791 530//2791 519//2791
f 519//2792 531//2792 509//2792
f 515//2793 524//2793 501//2793
f 493//2794 512//2795 537//2796
f 498//2797 508//2798 546//2799
f 493//2800 537//2800 520//2800
f 536//2801 518//2802 496//2803
f 521//2804 542//2805 511//2806
f 499//2807 534//2808 523//2809
f 482//2810 523//2811 532//2810
f 511//2812 539//2813 522//2814
f 482//2815 532//2816 514//2817
f 512//2818 501//2818 524//2818
f 515//2819 533//2820 541//2821
f 485//2822 543//2823 538//2824
f 510//2825 536//2826 496//2827
f 515//2828 541//2828 524//2828
f 511//2829 542//2829 539//2829
f 509//2830 536//2831 510//2832
f 512//2833 524//2834 537//2835
f 516//2836 540//2837 530//2837
f 520//2838 568//2839 508//2840
f 522//2841 557//2842 499//2843
f 520//2844 508//2845 487//2846
f 537//2847 550//2848 520//2849
f 524//2850 541//2850 537//2850
f 539//2851 563//2852 522//2853
f 526//2854 546//2855 543//2856
f 519//2857 530//2857 531//2857
f 515//2858 561//2858 533//2858
f 509//2859 531//2860 536//2861
f 536//2862 521//2863 518//2863
f 514//2864 532//2865 551//2866
f 520//2867 550//2868 568//2869
f 515//2870 514//2871 561//2872
f 538//2873 543//2874 553//2875
f 523//2876 534//2876 532//2876
f 508//2877 568//2877 546//2877
f 563//2878 557//2878 522//2878
f 555//2879 560//2879 575//2879
f 499//2880 557//2881 534//2882
f 543//2883 546//2884 559//2885
f 543//2886 559//2886 553//2886
f 550//2887 537//2888 573//2889
f 567//2890 565//2890 554//2890
f 554//2891 565//2891 556//2891
f 574//2892 541//2893 533//2894
f 514//2895 551//2896 561//2897
f 530//2898 564//2898 531//2898
f 540//2899 564//2900 530//2901
f 554//2902 556//2902 572//2902
f 556//2903 565//2903 566//2903
f 536//2904 570//2905 521//2906
f 570//2907 542//2907 521//2907
f 540//2908 569//2909 564//2910
f 540//2911 575//2912 569//2913
f 537//2914 541//2915 573//2916
f 560//2917 562//2917 575//2917
f 541//2918 574//2919 565//2920
f 574//2921 578//2922 566//2923
f 565//2924 574//2924 566//2924
f 562//2925 560//2926 579//2927
f 542//2928 570//2929 539//2930
f 539//2931 589//2932 579//2933
f 559//2934 546//2934 568//2934
f 553//2935 559//2936 585//2937
f 531//2938 564//2938 536//2938
f 567//2939 588//2940 565//2941
f 565//2942 573//2943 541//2944
f 550//2945 573//2946 582//2947
f 566//2948 572//2948 556//2948
f 570//2949 589//2950 539//2951
f 550//2952 582//2952 568//2952
f 560//2953 584//2953 579//2953
f 534//2954 551//2955 532//2954
f 559//2956 568//2956 582//2957
f 583//2958 588//2958 567//2959
f 575//2960 589//2960 569//2960
f 579//2961 589//2962 562//2963
f 579//2964 584//2965 539//2966
f 559//2967 582//2968 585//2969
f 553//2970 585//2971 583//2971
f 573//2972 586//2972 582//2972
f 564//2973 570//2974 536//2975
f 572//2976 566//2976 594//2976
f 557//2977 587//2978 534//2979
f 569//2980 589//2980 564//2980
f 555//2981 590//2981 560//2982
f 551//2983 534//2983 587//2983
f 564//2984 589//2985 570//2986
f 573//2987 565//2988 586//2989
f 575//2990 562//2991 589//2992
f 533//2993 561//2993 591//2993
f 586//2994 588//2995 583//2996
f 584//2997 563//2998 539//2998
f 563//2999 604//3000 557//3001
f 585//3002 586//3002 583//3002
f 574//3003 591//3004 578//3005
f 582//3006 586//3007 585//3008
f 588//3009 586//3010 565//3011
f 580//3012 590//3013 555//3014
f 551//3015 587//3015 595//3015
f 533//3016 591//3016 574//3017
f 566//3018 616//3019 594//3020
f 551//3021 595//3022 561//3023
f 594//3024 599//3024 572//3024
f 590//3025 584//3026 560//3027
f 561//3028 595//3028 591//3028
f 557//3029 604//3030 587//3031
f 578//3032 591//3033 605//3034
f 584//3035 604//3035 563//3035
f 580//3036 607//3036 590//3036
f 566//3037 578//3038 616//3039
f 590//3040 614//3040 584//3040
f 614//3041 604//3041 584//3041
f 604//3042 612//3043 587//3044
f 572//3045 599//3046 606//3047
f 611//3048 607//3049 580//3050
f 590//3051 607//3051 614//3051
f 612//3052 595//3053 587//3054
f 594//3055 616//3056 599//3057
f 606//3058 599//3058 619//3058
f 591//3059 595//3060 605//3061
f 620//3062 627//3062 611//3062
f 611//3063 627//3064 607//3065
f 612//3066 604//3067 621//3068
f 595//3069 612//3069 621//3069
f 578//3070 605//3071 616//3070
f 595//3072 621//3073 605//3074
f 614//3075 633//3075 604//3075
f 606//3076 625//3077 622//3078
f 599//3079 616//3080 619//3081
f 627//3082 614//3083 607//3084
f 624//3085 627//3085 620//3086
f 604//3087 633//3087 621//3087
f 619//3088 625//3089 606//3090
f 622//3091 625//3092 620//3093
f 605//3094 637//3094 616//3094
f 627//3095 633//3095 614//3095
f 625//3096 624//3097 620//3098
f 619//3099 624//3100 625//3101
f 616//3102 637//3103 619//3104
f 633//3105 627//3105 641//3105
f 633//3106 641//3106 621//3106
f 621//3107 637//3107 605//3107
f 627//3108 624//3109 641//3110
f 619//3111 637//3111 624//3111
f 641//3112 637//3112 621//3113
f 624//3114 637//3114 641//3114
