# Blender v2.91.2 OBJ File: 'Tomato_lowpoly.blend'
# www.blender.org
mtllib Tomato_lowpoly.mtl
o Mesh1.001
v -0.664491 -0.135936 -0.189223
v -0.633688 -0.202749 -0.153735
v -0.683132 -0.154309 -0.118995
v -0.616222 -0.193229 -0.200134
v -0.647786 -0.122500 -0.230936
v -0.624832 -0.247176 -0.043656
v -0.714851 -0.103331 -0.091644
v -0.677253 -0.067073 -0.224087
v -0.586769 -0.234800 -0.180839
v -0.676563 -0.192322 -0.006426
v -0.704912 -0.147122 0.012977
v -0.693533 0.000319 -0.226668
v -0.744257 -0.027367 -0.051061
v -0.587823 -0.113855 -0.310011
v -0.618911 -0.038651 -0.316962
v -0.538738 -0.189481 -0.288699
v -0.572951 -0.284527 -0.058810
v -0.700522 0.052851 -0.219761
v -0.520805 -0.279653 -0.178409
v -0.727633 -0.095210 0.053842
v -0.723218 0.040159 -0.122996
v -0.623280 0.030776 -0.333202
v -0.741582 -0.046765 0.086627
v -0.599074 -0.272771 0.062249
v -0.486836 -0.121178 -0.378599
v -0.452425 -0.246908 -0.283396
v -0.703258 0.089420 -0.206864
v -0.544295 0.009496 -0.402016
v -0.747200 -0.001884 0.100880
v -0.749228 0.038289 -0.025324
v -0.680768 -0.170423 0.134515
v -0.507618 -0.325438 -0.050993
v -0.468776 -0.308643 -0.173353
v -0.451521 -0.158010 -0.372333
v -0.640404 0.129487 -0.315514
v -0.643897 -0.219598 0.124309
v -0.577146 0.079549 -0.385817
v -0.702719 -0.126109 0.147923
v -0.634920 0.088753 -0.326630
v -0.429364 -0.206371 -0.340909
v -0.739069 0.095685 -0.008518
v -0.512677 -0.040722 -0.404915
v -0.715196 0.100035 -0.098003
v -0.599693 -0.263444 0.116402
v -0.699164 0.131290 -0.190667
v -0.532381 -0.321837 0.045098
v -0.459443 -0.084046 -0.412291
v -0.651436 -0.181120 0.199299
v -0.747796 0.052553 0.099073
v -0.378055 -0.328576 -0.186480
v -0.649341 0.178848 -0.282521
v -0.386450 -0.343987 -0.143770
v -0.479260 -0.012033 -0.432696
v -0.699196 0.141193 -0.099456
v -0.688208 0.167421 -0.179157
v -0.350961 -0.278104 -0.279545
v -0.516184 0.039534 -0.426820
v -0.344007 -0.178905 -0.391622
v -0.601924 -0.225006 0.211021
v -0.687252 -0.108285 0.216163
v -0.339085 -0.238442 -0.333530
v -0.507192 0.099374 -0.437439
v -0.421402 -0.362273 -0.013546
v -0.444420 0.043802 -0.461011
v -0.697848 0.155271 -0.044286
v -0.728492 0.122834 0.099151
v -0.453608 -0.353557 0.093124
v -0.712986 0.057908 0.228318
v -0.640428 -0.138899 0.273179
v -0.710007 -0.015757 0.230230
v -0.563336 0.215541 -0.371718
v -0.522077 -0.295417 0.193544
v -0.501254 -0.321385 0.151321
v -0.541511 0.194987 -0.400575
v -0.636217 0.233798 -0.253005
v -0.357819 -0.087959 -0.444359
v -0.702606 0.169487 0.033917
v -0.656799 0.227548 -0.166315
v -0.476692 0.162307 -0.446576
v -0.675959 -0.066584 0.267143
v -0.576418 0.253735 -0.334761
v -0.439534 0.123163 -0.468243
v -0.289691 -0.353243 -0.135558
v -0.590917 -0.191101 0.281951
v -0.275904 -0.294723 -0.250755
v -0.322612 -0.143957 -0.418181
v -0.431125 -0.333187 0.205219
v -0.308372 -0.373809 -0.022309
v -0.375140 0.072567 -0.485031
v -0.256679 -0.258416 -0.306940
v -0.244255 -0.333467 -0.179247
v -0.627623 -0.103609 0.315660
v -0.611576 0.285913 -0.127145
v -0.252566 -0.183394 -0.388959
v -0.537926 -0.235399 0.282332
v -0.360864 -0.371760 0.064362
v -0.664247 0.201131 -0.081246
v -0.358393 0.025673 -0.479531
v -0.694455 0.181233 0.075479
v -0.629049 0.264051 -0.182757
v -0.546591 0.256167 -0.364655
v -0.386879 -0.360476 0.141533
v -0.653833 0.210193 -0.033926
v -0.704897 0.113548 0.217926
v -0.569547 0.305773 -0.286481
v -0.692402 0.151327 0.204336
v -0.402651 0.167239 -0.473977
v -0.558605 0.288628 -0.325213
v -0.247779 -0.108703 -0.440877
v -0.575900 -0.166779 0.323129
v -0.378527 0.119680 -0.484541
v -0.654186 0.228059 0.068114
v -0.620120 0.246626 -0.056942
v -0.451519 -0.305599 0.245358
v -0.422934 0.268934 -0.438126
v -0.697613 0.280392 -0.036562
v -0.671285 0.271647 -0.032853
v -0.670628 0.305394 -0.053475
v -0.693484 0.289507 -0.026991
v -0.228191 -0.031518 -0.472150
v -0.627700 -0.001042 0.357675
v -0.226031 -0.357712 -0.095210
v -0.689635 0.282382 -0.011396
v -0.283945 0.020502 -0.487341
v -0.636186 0.227836 0.172744
v -0.485988 -0.245403 0.316126
v -0.319320 -0.358231 0.170860
v -0.598770 -0.050896 0.371558
v -0.386683 -0.332692 0.232965
v -0.391196 0.240916 -0.459415
v -0.641547 0.052802 0.344650
v -0.223731 -0.368812 0.067507
v -0.618499 0.239351 -0.015127
v -0.644923 0.092895 0.332528
v -0.651955 0.285776 -0.051258
v -0.668567 0.292082 0.019303
v -0.646249 0.273954 0.017492
v -0.583286 0.302566 -0.087262
v -0.649395 0.307769 -0.017009
v -0.175705 -0.111378 -0.425164
v -0.477035 0.359893 -0.321926
v -0.616900 0.256438 0.063913
v -0.420630 -0.284890 0.302995
v -0.302493 0.208982 -0.485278
v -0.645565 0.142025 0.301532
v -0.538759 -0.092311 0.403459
v -0.464784 0.333952 -0.370146
v -0.629014 0.323626 -0.056148
v -0.636155 0.304849 0.039294
v -0.598230 0.295485 -0.005775
v -0.166576 -0.338891 -0.115061
v -0.555458 0.331098 -0.238419
v -0.143308 -0.260371 -0.267369
v -0.165998 -0.176780 -0.371647
v -0.602262 0.295698 -0.027413
v -0.201056 -0.362510 -0.012863
v -0.616591 0.333252 -0.050466
v -0.604134 0.285225 0.009761
v -0.155384 -0.307181 -0.187869
v -0.483298 -0.146819 0.410384
v -0.619143 0.301731 -0.056229
v -0.542070 0.348288 -0.180217
v -0.249603 0.150020 -0.496673
v -0.571763 0.308005 0.076763
v -0.602357 0.320966 0.020513
v -0.295412 -0.327023 0.262961
v -0.443652 0.307619 -0.406231
v -0.589687 0.332708 -0.010489
v -0.527071 0.355170 -0.136275
v -0.570465 0.281478 0.062197
v -0.593894 0.266783 0.105192
v -0.578024 0.325737 0.009652
v -0.557273 0.278371 -0.003279
v -0.416011 -0.193998 0.406538
v -0.132511 -0.003223 -0.460308
v -0.377694 -0.227970 0.385466
v -0.607308 0.192733 0.302724
v -0.541654 0.319151 -0.049404
v -0.536970 0.350512 -0.042765
v -0.132386 -0.339658 -0.054838
v -0.114147 -0.099277 -0.411148
v -0.452093 0.404551 -0.202924
v -0.090152 -0.169862 -0.344359
v -0.538155 0.303529 -0.013077
v -0.213845 -0.345704 0.190278
v -0.546116 0.290311 0.029745
v -0.097323 -0.310613 -0.119082
v -0.186160 0.107853 -0.491554
v -0.151683 0.059329 -0.478171
v -0.534187 0.332622 -0.080015
v -0.342788 -0.273880 0.343462
v -0.560656 0.129358 0.404848
v -0.569954 0.157736 0.378353
v -0.505372 0.361965 -0.099930
v -0.579801 0.276158 0.140355
v -0.518036 0.307679 0.017808
v -0.518869 0.355338 -0.024296
v -0.536840 0.295073 0.081510
v -0.444688 0.400840 -0.260586
v -0.373486 0.396484 -0.348696
v -0.112715 -0.339154 0.022482
v -0.570216 0.270165 0.186329
v -0.299548 0.332306 -0.438471
v -0.544157 0.327505 0.019071
v -0.526670 0.346038 -0.006288
v -0.347672 0.378041 -0.388867
v -0.509792 0.332863 -0.042094
v -0.458336 -0.055253 0.469323
v -0.456235 0.356331 -0.011945
v -0.553833 0.271820 0.232251
v -0.543306 0.325708 0.057668
v -0.484666 0.379794 -0.141488
v -0.162622 -0.351374 0.101729
v -0.574857 0.203082 0.327761
v -0.530434 0.325281 0.038053
v -0.054649 -0.226230 -0.251952
v -0.242815 0.299383 -0.460029
v -0.546332 0.073623 0.433644
v -0.447600 0.404564 -0.155303
v -0.524952 0.334052 0.010152
v -0.576265 0.242464 0.267208
v -0.402737 0.405543 -0.301395
v -0.184491 0.233269 -0.480223
v -0.508951 0.011671 0.457659
v -0.046430 -0.298926 -0.062367
v -0.002054 -0.147484 -0.307387
v -0.472456 0.348202 0.053546
v -0.170121 -0.276488 0.328564
v -0.467447 0.353886 0.035523
v -0.494130 0.333450 0.097175
v -0.224552 -0.233008 0.395753
v -0.010978 0.045193 -0.421043
v -0.462803 0.364078 0.027848
v -0.009165 -0.050167 -0.383931
v -0.301797 -0.158517 0.461810
v -0.413074 -0.086502 0.476641
v -0.047810 0.074060 -0.443673
v -0.089011 -0.323764 0.130470
v 0.022361 -0.195291 -0.219620
v -0.463658 0.372949 -0.002322
v -0.046136 -0.262243 -0.180022
v -0.465804 0.369539 -0.011243
v -0.520090 0.295743 0.186219
v -0.068226 -0.319659 0.068349
v -0.431915 0.399796 -0.103873
v -0.512693 0.242148 0.331713
v -0.483435 0.321673 0.094163
v -0.516788 0.298306 0.157167
v -0.454392 0.378820 -0.082765
v -0.466317 0.394914 -0.078299
v -0.530314 0.318238 0.161603
v -0.548097 0.319602 0.203069
v -0.465831 0.427829 -0.115936
v -0.536413 0.303046 0.203438
v -0.455700 0.419566 -0.121776
v -0.487087 0.342095 0.093024
v -0.177912 0.271512 -0.466668
v -0.504796 0.191182 0.400677
v -0.463455 0.404290 -0.071435
v -0.419896 -0.027303 0.492876
v -0.355709 0.430802 -0.256249
v -0.557064 0.334941 0.229613
v -0.140795 -0.323694 0.211246
v -0.542186 0.306544 0.245510
v -0.520125 0.327011 0.153653
v -0.238000 0.391925 -0.387332
v -0.441207 0.461847 -0.165937
v -0.454589 0.486380 -0.172051
v -0.435301 0.446076 -0.154178
v -0.572834 0.338464 0.285770
v -0.377353 0.430235 -0.190409
v -0.498996 0.274033 0.285512
v -0.452053 0.373680 0.019080
v -0.562372 0.323020 0.293371
v -0.514642 0.297005 0.187077
v -0.514197 0.297262 0.187755
v -0.514178 0.297672 0.187195
v -0.006740 -0.283425 -0.015595
v -0.263193 0.414704 -0.355646
v -0.513968 0.297174 0.188538
v -0.513732 0.297726 0.188014
v -0.513735 0.298211 0.187422
v -0.453814 0.478459 -0.143147
v -0.523868 0.355950 0.244741
v -0.445224 0.404525 -0.047642
v -0.585911 0.496986 0.098313
v -0.584878 0.514142 0.088385
v -0.516900 0.429950 0.057970
v -0.578240 0.512428 0.077174
v -0.438021 0.429336 -0.075760
v -0.431452 0.502762 -0.198807
v -0.587957 0.501673 0.112140
v -0.473074 0.350367 0.074705
v -0.484226 0.343482 0.128837
v -0.505161 0.338514 0.178006
v -0.584247 0.488728 0.118548
v -0.502839 0.407779 0.058886
v -0.422543 0.477145 -0.174794
v -0.495912 0.394932 0.073371
v -0.430257 0.472438 -0.109958
v -0.440993 0.512542 -0.194658
v -0.362895 -0.122788 0.473655
v -0.571264 0.341617 0.331933
v -0.528518 0.437066 0.085723
v -0.526587 0.471368 0.047801
v -0.109513 0.202864 -0.470819
v -0.455530 0.103017 0.477278
v -0.572214 0.486509 0.143967
v -0.558035 0.540206 0.068802
v -0.365707 0.101148 0.522865
v -0.399946 0.470542 -0.136974
v -0.531737 0.504398 0.051281
v -0.489641 0.398146 0.094422
v -0.550457 0.321939 0.321911
v -0.515227 0.433454 0.105705
v 0.031450 -0.221218 -0.151123
v -0.518474 0.325404 0.271860
v -0.491900 0.464776 0.033954
v 0.011947 -0.254804 -0.094004
v -0.420526 0.531046 -0.209698
v -0.569152 0.497061 0.147750
v -0.559049 0.546855 0.081929
v -0.462174 0.353538 0.096688
v -0.123918 0.382493 -0.396453
v -0.406287 0.403689 -0.081016
v -0.119466 0.255050 -0.460795
v -0.421122 0.415896 -0.054543
v -0.555941 0.352333 0.359198
v -0.080315 -0.299837 0.212584
v -0.315319 0.426948 -0.313824
v -0.482549 0.339414 0.175230
v -0.399892 0.504102 -0.196350
v -0.481754 0.310280 0.194692
v -0.468132 0.206365 0.421077
v -0.450341 0.353757 0.105997
v -0.535069 0.359623 0.310924
v -0.028151 -0.294301 0.123382
v -0.347018 0.446135 -0.178433
v -0.551631 0.346456 0.366079
v -0.547520 0.499025 0.165213
v -0.413655 0.513780 -0.154554
v -0.347917 -0.065643 0.502862
v -0.401437 0.535383 -0.216296
v -0.429124 0.383334 0.015046
v -0.348557 0.017707 0.523497
v -0.501566 0.506131 0.049779
v 0.026640 -0.032173 -0.367936
v -0.453395 0.325799 0.175944
v -0.413823 0.392411 0.020163
v -0.472109 0.351509 0.198824
v -0.409949 0.435167 -0.062991
v -0.472082 0.406222 0.108944
v -0.502237 0.336224 0.269248
v -0.101057 -0.290522 0.256265
v -0.459684 0.315484 0.210745
v -0.413860 0.468416 -0.096029
v -0.500544 0.357839 0.236653
v -0.530163 0.334618 0.344569
v -0.314143 0.456211 -0.232251
v -0.275888 0.451208 -0.294622
v -0.382292 0.481284 -0.134892
v -0.065702 0.152624 -0.460072
v -0.462198 0.459687 0.034821
v -0.528238 0.554921 0.076582
v 0.051776 -0.139618 -0.259083
v -0.393147 0.404236 -0.054297
v -0.473465 0.158817 0.445281
v -0.053657 0.191675 -0.450510
v -0.491309 0.341690 0.286209
v -0.528400 0.563763 0.093478
v 0.051417 -0.105418 -0.292997
v -0.464003 0.427403 0.114395
v -0.470899 0.284355 0.312474
v -0.446211 0.331127 0.207202
v -0.434243 0.363537 0.113487
v -0.368529 0.429811 -0.070119
v -0.498357 0.372808 0.262164
v -0.389762 0.547785 -0.187848
v -0.496796 0.444652 0.121496
v -0.396073 0.430518 -0.043086
v -0.469743 0.244970 0.381956
v -0.425291 0.375432 0.113143
v -0.486067 0.458805 0.126988
v -0.403390 0.488862 -0.097876
v -0.359783 0.510592 -0.145556
v -0.452425 0.354873 0.177813
v -0.307380 -0.092818 0.496898
v -0.499003 0.349533 0.334192
v -0.377955 0.527293 -0.192364
v -0.100968 0.330939 -0.423824
v -0.468528 0.493414 0.054724
v -0.516260 0.559973 0.091139
v -0.398615 0.405331 0.042548
v -0.451109 0.370495 0.203771
v -0.515786 0.373171 0.349539
v 0.041945 -0.247234 -0.019179
v -0.381960 0.451914 -0.036214
v -0.525224 0.519393 0.167204
v -0.075598 0.272181 -0.440232
v -0.434422 0.372783 0.163751
v -0.142422 0.418227 -0.372125
v -0.517163 0.539999 0.151878
v -0.444283 0.433846 0.107617
v -0.492441 0.386170 0.318200
v -0.470592 0.468826 0.121290
v -0.164284 -0.128948 0.462582
v -0.373662 0.539399 -0.138200
v -0.320511 0.479420 -0.096979
v 0.086464 -0.157010 -0.173925
v -0.369945 0.531625 -0.168258
v -0.428073 0.348345 0.230480
v 0.092953 -0.184892 -0.094338
v -0.393351 0.404413 0.059026
v -0.402985 0.392203 0.101074
v -0.405496 0.390164 0.134006
v -0.382950 0.149154 0.511246
v -0.417262 0.384154 0.161355
v -0.496457 0.548757 0.103262
v -0.508924 0.529924 0.157570
v -0.442443 0.458872 0.096038
v -0.429035 0.450428 0.076702
v -0.342344 0.454232 -0.060197
v -0.429322 0.384732 0.210799
v -0.376220 0.522492 -0.109427
v 0.070013 -0.227816 0.070915
v 0.012898 -0.250796 0.180748
v -0.427080 0.349953 0.230795
v -0.469300 0.357907 0.304696
v -0.496347 0.541455 0.132161
v -0.319762 -0.016687 0.520737
v -0.172527 0.454775 -0.337832
v 0.043524 0.177947 -0.389395
v -0.416324 0.354290 0.287654
v -0.391011 0.398153 0.081608
v -0.425032 0.349455 0.231705
v -0.290931 0.499828 -0.130029
v -0.197250 0.473817 -0.309595
v -0.223098 0.486543 -0.278436
v -0.417289 0.356274 0.231490
v -0.358761 0.488501 -0.057130
v -0.425648 0.349811 0.229828
v -0.425267 0.349846 0.229955
v -0.434015 0.366478 0.259700
v -0.071068 -0.199684 0.366081
v -0.404041 0.329017 0.374230
v -0.365029 0.409579 0.029141
v -0.374187 0.412746 0.075416
v -0.382100 0.403033 0.100965
v -0.460993 0.390825 0.274262
v 0.086520 0.118156 -0.355451
v -0.202272 -0.074508 0.499987
v -0.393300 0.374040 0.135273
v -0.375122 0.424261 0.031748
v -0.400124 0.385396 0.139765
v -0.359788 0.431954 0.138565
v -0.401227 0.378545 0.164187
v -0.264003 0.496917 -0.208850
v -0.345108 0.474789 -0.070825
v -0.413935 0.239239 0.458388
v -0.362529 0.457341 -0.017351
v 0.027631 0.244121 -0.391126
v -0.417220 0.382124 0.219443
v -0.022841 -0.235577 0.273944
v -0.406230 0.297966 0.411197
v -0.339292 0.445778 0.099587
v 0.108688 -0.188596 -0.013155
v -0.349229 0.462543 -0.033321
v -0.369879 0.423095 0.157503
v -0.341371 0.444951 -0.033978
v -0.404090 0.364366 0.209563
v -0.350221 0.431780 0.119603
v -0.397946 0.194769 0.491876
v -0.297682 0.490895 -0.057958
v -0.340452 0.460389 0.053593
v -0.350683 0.436302 0.177302
v 0.116004 0.040006 -0.307559
v -0.125001 -0.151927 0.435907
v -0.339157 0.458362 0.080028
v -0.410648 0.346937 0.327397
v -0.306011 0.478527 -0.005993
v 0.155803 -0.084925 -0.138461
v -0.312440 0.451066 0.048529
v -0.360198 0.398798 0.277653
v -0.364018 0.402830 0.228482
v -0.352641 0.403461 0.164427
v -0.247204 0.516371 -0.169013
v -0.222810 0.514806 -0.208540
v -0.214742 -0.019858 0.520415
v 0.115625 -0.054504 -0.249727
v -0.234604 0.031370 0.533016
v -0.292636 0.446887 0.212905
v -0.224300 0.534774 -0.044274
v 0.011084 0.307359 -0.377791
v -0.329104 0.417321 0.104191
v -0.276634 0.502351 -0.014891
v -0.006826 0.361891 -0.357632
v -0.302938 0.442139 0.094638
v -0.265230 0.180301 0.530448
v -0.321043 0.476530 0.126204
v -0.319119 0.474021 0.052863
v -0.032631 0.425898 -0.319826
v -0.312443 0.494709 0.072007
v -0.320467 0.485092 0.147993
v -0.320870 0.444357 0.182226
v -0.186672 0.536435 -0.170631
v 0.129878 0.173551 -0.311390
v -0.313190 0.428917 0.140059
v -0.312141 0.495771 0.115790
v -0.147344 0.533861 -0.201854
v -0.346033 0.330641 0.429696
v -0.291565 0.466207 0.064975
v 0.074825 -0.196296 0.191127
v -0.022669 -0.138595 0.393527
v -0.322266 0.300572 0.471657
v -0.266947 0.495730 0.127678
v -0.296014 0.507547 0.195394
v -0.318727 0.429587 0.175455
v -0.265368 0.497675 0.189996
v 0.111485 0.251329 -0.312796
v -0.296797 0.258250 0.503785
v -0.281145 0.483956 0.139266
v 0.136341 -0.161463 0.056323
v 0.018660 -0.166803 0.325531
v 0.163413 0.015776 -0.223701
v -0.118220 0.517078 -0.241315
v -0.321254 0.410538 0.322009
v -0.273467 0.486975 0.157863
v -0.050276 0.472328 -0.282583
v 0.150803 -0.133714 -0.030983
v 0.150801 0.085272 -0.276449
v -0.082657 -0.103458 0.451204
v -0.255092 0.513441 0.108201
v -0.263641 0.459605 0.244882
v -0.235972 0.110857 0.537649
v -0.232639 0.467676 0.174576
v -0.263438 0.544786 0.115026
v -0.139268 0.561811 -0.089467
v -0.207215 0.485124 0.141568
v 0.181919 -0.097759 0.026430
v -0.082630 -0.039444 0.482281
v -0.234418 0.510301 0.062846
v -0.273613 0.528460 0.155936
v -0.089527 0.023674 0.503588
v 0.159900 -0.122327 0.105210
v -0.281083 0.436181 0.295669
v -0.243681 0.516923 0.182159
v -0.069237 0.504375 -0.242636
v -0.255196 0.394067 0.413018
v -0.279978 0.425947 0.325831
v 0.199101 0.069954 -0.185254
v -0.255523 0.220539 0.522234
v 0.209830 -0.027322 -0.032194
v -0.174385 0.536072 0.065067
v 0.183738 0.128045 -0.236824
v 0.015268 -0.066793 0.416815
v 0.052221 0.414817 -0.268345
v 0.061985 -0.097878 0.350548
v -0.226723 0.368855 0.446187
v -0.236423 0.534391 0.137863
v -0.259584 0.537609 0.196764
v -0.247838 0.438276 0.310989
v -0.279267 0.402868 0.385289
v 0.085733 0.375318 -0.270314
v -0.238603 0.559652 0.147822
v 0.155908 -0.097740 0.182031
v 0.136789 0.280162 -0.268272
v -0.131247 0.124650 0.527327
v 0.198900 -0.065568 0.074607
v -0.164774 0.178286 0.527739
v -0.029218 0.539511 -0.134447
v -0.073075 0.556801 -0.109819
v -0.236293 0.552683 0.188215
v 0.185216 0.195085 -0.226359
v 0.014619 0.515228 -0.151165
v -0.180371 0.333801 0.474431
v -0.177531 0.486584 0.194800
v 0.104861 0.312772 -0.290018
v -0.110639 0.558212 0.010203
v -0.234166 0.561276 0.177391
v -0.232062 0.529165 0.164940
v -0.224255 0.558700 0.177893
v 0.217560 0.043709 -0.111957
v -0.215883 0.447151 0.333469
v -0.210608 0.468813 0.282361
v -0.156923 0.252612 0.507886
v 0.118349 -0.096818 0.267130
v 0.043648 0.456966 -0.224468
v -0.055843 0.067605 0.495828
v -0.091514 0.110568 0.514928
v -0.168488 0.500476 0.148817
v 0.221975 0.130032 -0.151495
v -0.164871 0.438792 0.367889
v 0.098320 -0.044199 0.349115
v 0.130089 0.370151 -0.214906
v -0.126193 0.543275 0.076428
v -0.089491 0.199794 0.509010
v 0.216422 0.177245 -0.164257
v 0.171059 -0.012184 0.254270
v 0.073970 0.002916 0.398318
v -0.118992 0.492014 0.221850
v 0.030420 0.025329 0.440358
v -0.063929 0.559456 0.004931
v 0.196107 0.241618 -0.188414
v 0.088666 0.455452 -0.167741
v -0.116282 0.503349 0.176848
v -0.127901 0.289011 0.489457
v -0.143403 0.476019 0.290700
v 0.223424 0.016877 0.132321
v 0.100603 0.419397 -0.204321
v -0.022591 0.552718 0.002073
v 0.232843 0.030965 0.091525
v 0.123146 0.006257 0.344665
v 0.242055 0.072648 -0.011550
v 0.235664 0.160805 -0.104369
v -0.088167 0.401948 0.401921
v -0.023281 0.138655 0.484399
v -0.071889 0.540794 0.102140
v 0.239775 0.111793 -0.073717
v 0.233055 0.221024 -0.086797
v -0.061258 0.506527 0.178231
v 0.002596 0.189706 0.466812
v -0.123431 0.424375 0.386798
v -0.047383 0.369361 0.413163
v -0.081309 0.476454 0.290887
v -0.048265 0.261929 0.474853
v -0.028577 0.533013 0.116254
v 0.065805 0.126637 0.424712
v 0.189863 0.329708 -0.125134
v 0.067534 0.506514 -0.031174
v 0.030727 0.531776 -0.008956
v -0.039354 0.491672 0.208885
v 0.185438 0.102367 0.277520
v 0.244357 0.197991 -0.037891
v 0.115148 0.457420 -0.097381
v 0.215645 0.286755 -0.090291
v 0.159845 0.402093 -0.101739
v 0.151683 0.080496 0.328498
v 0.121226 0.083314 0.367465
v 0.249525 0.164811 0.031289
v 0.235512 0.117072 0.155782
v 0.005684 0.248258 0.450197
v 0.107431 0.146326 0.385751
v 0.229657 0.267064 -0.043665
v 0.044743 0.203610 0.434016
v -0.029929 0.459207 0.301683
v 0.207813 0.323126 -0.062184
v -0.002689 0.341697 0.406756
v 0.023722 0.516830 0.121146
v 0.015061 0.475753 0.210973
v 0.083890 0.497163 -0.000436
v 0.011704 0.435689 0.307282
v 0.057331 0.314919 0.377752
v 0.146099 0.435667 0.025478
v 0.232562 0.185928 0.153509
v 0.238584 0.241417 0.059005
v 0.226088 0.292724 0.057563
v 0.107017 0.277420 0.351956
v 0.194540 0.367748 0.049202
v 0.168403 0.197851 0.301185
v 0.091474 0.471664 0.134268
v 0.141458 0.235584 0.328217
v 0.060053 0.407729 0.298143
v 0.054290 0.454854 0.215707
v 0.218098 0.240712 0.187414
v 0.195185 0.268362 0.224108
v 0.170010 0.306981 0.246414
v 0.161171 0.394585 0.148175
v 0.120564 0.361110 0.277038
v 0.198750 0.312671 0.175715
v 0.140374 0.394146 0.195116
v 0.170753 0.339901 0.213754
v -0.425457 0.349829 0.229891
vn -0.7736 -0.5332 -0.3424
vn -0.7665 -0.5421 -0.3443
vn -0.7693 -0.5378 -0.3449
vn -0.7393 -0.5507 -0.3876
vn -0.7405 -0.5452 -0.3929
vn -0.7393 -0.5484 -0.3908
vn -0.7232 -0.5162 -0.4589
vn -0.7194 -0.5219 -0.4583
vn -0.7213 -0.5208 -0.4566
vn -0.8695 -0.3691 -0.3283
vn -0.8680 -0.3706 -0.3306
vn -0.8691 -0.3714 -0.3267
vn -0.8118 -0.3764 -0.4463
vn -0.8118 -0.3756 -0.4471
vn -0.8135 -0.3707 -0.4482
vn -0.8781 -0.3354 -0.3411
vn -0.8788 -0.3332 -0.3415
vn -0.8794 -0.3371 -0.3361
vn -0.6615 -0.6443 -0.3838
vn -0.6589 -0.6484 -0.3812
vn -0.6649 -0.6448 -0.3771
vn -0.9167 -0.2307 -0.3263
vn -0.9157 -0.2379 -0.3238
vn -0.9166 -0.2338 -0.3242
vn -0.7534 -0.6292 -0.1913
vn -0.7535 -0.6278 -0.1955
vn -0.7505 -0.6317 -0.1944
vn -0.7688 -0.6193 -0.1593
vn -0.7748 -0.6113 -0.1612
vn -0.7698 -0.6158 -0.1678
vn -0.7479 -0.3298 -0.5760
vn -0.7527 -0.3314 -0.5689
vn -0.7511 -0.3239 -0.5753
vn -0.8719 -0.4766 -0.1122
vn -0.8707 -0.4761 -0.1232
vn -0.8676 -0.4831 -0.1181
vn -0.8617 -0.4929 -0.1204
vn -0.8656 -0.4871 -0.1162
vn -0.8622 -0.4945 -0.1101
vn -0.9326 -0.1959 -0.3030
vn -0.9308 -0.1996 -0.3062
vn -0.9332 -0.2011 -0.2977
vn -0.7236 -0.3573 -0.5905
vn -0.7247 -0.3598 -0.5877
vn -0.7295 -0.3526 -0.5861
vn -0.5650 -0.6378 -0.5234
vn -0.5673 -0.6429 -0.5147
vn -0.5664 -0.6359 -0.5243
vn -0.6462 -0.5307 -0.5485
vn -0.6493 -0.5297 -0.5457
vn -0.6480 -0.5249 -0.5518
vn -0.6119 -0.5538 -0.5647
vn -0.6138 -0.5593 -0.5572
vn -0.6168 -0.5530 -0.5601
vn -0.7972 -0.2098 -0.5660
vn -0.7948 -0.2186 -0.5661
vn -0.8001 -0.2131 -0.5607
vn -0.6374 -0.7324 -0.2394
vn -0.6368 -0.7297 -0.2490
vn -0.6382 -0.7294 -0.2464
vn -0.9416 -0.3297 -0.0680
vn -0.9401 -0.3347 -0.0649
vn -0.9431 -0.3267 -0.0619
vn -0.9326 -0.3557 -0.0617
vn -0.9309 -0.3596 -0.0644
vn -0.9310 -0.3605 -0.0577
vn -0.6125 -0.7556 -0.2321
vn -0.6145 -0.7532 -0.2347
vn -0.6083 -0.7558 -0.2423
vn -0.9615 0.0040 -0.2747
vn -0.9609 0.0045 -0.2769
vn -0.9607 0.0026 -0.2777
vn -0.7922 -0.1860 -0.5812
vn -0.7961 -0.1886 -0.5750
vn -0.7976 -0.1805 -0.5756
vn -0.4699 -0.7213 -0.5089
vn -0.4709 -0.7167 -0.5143
vn -0.4659 -0.7204 -0.5138
vn -0.9649 -0.0985 -0.2436
vn -0.9671 -0.0987 -0.2346
vn -0.9662 -0.0976 -0.2386
vn -0.5344 -0.8030 -0.2640
vn -0.5368 -0.8015 -0.2637
vn -0.5345 -0.8010 -0.2695
vn -0.4498 -0.7274 -0.5182
vn -0.4536 -0.7242 -0.5195
vn -0.4499 -0.7249 -0.5217
vn -0.9638 -0.2661 -0.0144
vn -0.9651 -0.2613 -0.0161
vn -0.9636 -0.2661 -0.0242
vn -0.9725 0.0099 -0.2327
vn -0.9739 0.0010 -0.2269
vn -0.9745 0.0042 -0.2243
vn -0.8148 -0.0968 -0.5716
vn -0.8179 -0.1042 -0.5658
vn -0.8197 -0.0949 -0.5649
vn -0.5029 -0.5241 -0.6873
vn -0.5078 -0.5229 -0.6846
vn -0.5047 -0.5170 -0.6913
vn -0.7260 -0.6875 0.0136
vn -0.7254 -0.6883 0.0059
vn -0.7242 -0.6895 0.0095
vn -0.8337 -0.5488 0.0604
vn -0.8480 -0.0401 -0.5284
vn -0.8451 -0.0415 -0.5331
vn -0.8480 -0.0441 -0.5282
vn -0.6108 -0.3218 -0.7235
vn -0.6161 -0.3239 -0.7180
vn -0.6146 -0.3207 -0.7207
vn -0.6728 -0.2127 -0.7086
vn -0.6770 -0.2099 -0.7054
vn -0.6763 -0.2068 -0.7070
vn -0.9654 0.0249 -0.2598
vn -0.9659 0.0315 -0.2570
vn -0.9670 0.0291 -0.2533
vn -0.5926 -0.8037 -0.0538
vn -0.5932 -0.8034 -0.0519
vn -0.5897 -0.8061 -0.0496
vn -0.9925 -0.1219 -0.0029
vn -0.9918 -0.1279 0.0002
vn -0.9922 -0.1241 0.0075
vn -0.4939 -0.8342 -0.2453
vn -0.4954 -0.8321 -0.2493
vn -0.4903 -0.8351 -0.2494
vn -0.7373 -0.6742 0.0430
vn -0.7368 -0.6748 0.0419
vn -0.7369 -0.6744 0.0468
vn -0.8848 -0.4577 0.0872
vn -0.8801 -0.4671 0.0848
vn -0.8829 -0.4626 0.0805
vn -0.5305 -0.4113 -0.7412
vn -0.5317 -0.4153 -0.7381
vn -0.5345 -0.4107 -0.7387
vn -0.5949 -0.3315 -0.7322
vn -0.5951 -0.3374 -0.7294
vn -0.6004 -0.3346 -0.7263
vn -0.8866 -0.4555 0.0809
vn -0.8835 -0.4599 0.0885
vn -0.8873 -0.4525 0.0896
vn -0.7934 -0.6051 0.0669
vn -0.7883 -0.6114 0.0689
vn -0.7901 -0.6083 0.0755
vn -0.5198 -0.8482 -0.1021
vn -0.5194 -0.8478 -0.1068
vn -0.5142 -0.8512 -0.1053
vn -0.3820 -0.7811 -0.4940
vn -0.3883 -0.7773 -0.4951
vn -0.3884 -0.7761 -0.4968
vn -0.4602 -0.5586 -0.6901
vn -0.4646 -0.5566 -0.6887
vn -0.3969 -0.6668 -0.6308
vn -0.4063 -0.6662 -0.6253
vn -0.4020 -0.6607 -0.6340
vn -0.4486 -0.8545 -0.2618
vn -0.4505 -0.8540 -0.2602
vn -0.4529 -0.8523 -0.2617
vn -0.6035 -0.7955 -0.0540
vn -0.5979 -0.7998 -0.0529
vn -0.6015 -0.7975 -0.0471
vn -0.6688 -0.1440 -0.7294
vn -0.6758 -0.1467 -0.7223
vn -0.6724 -0.1477 -0.7253
vn -0.9976 -0.0688 -0.0059
vn -0.9974 -0.0714 -0.0110
vn -0.9970 -0.0767 -0.0050
vn -0.9253 -0.3554 0.1322
vn -0.9247 -0.3591 0.1261
vn -0.9263 -0.3540 0.1290
vn -0.8636 0.1086 -0.4923
vn -0.8631 0.1093 -0.4931
vn -0.8657 0.1086 -0.4886
vn -0.9396 0.2382 -0.2457
vn -0.9414 0.2361 -0.2409
vn -0.9407 0.2402 -0.2396
vn -0.7170 -0.0626 -0.6942
vn -0.7176 -0.0626 -0.6936
vn -0.7233 -0.0651 -0.6874
vn -0.9786 0.1455 -0.1452
vn -0.9789 0.1504 -0.1383
vn -0.9787 0.1458 -0.1446
vn -0.9793 0.1707 -0.1087
vn -0.9784 0.1731 -0.1132
vn -0.9783 0.1754 -0.1102
vn -0.4113 -0.6212 -0.6670
vn -0.4134 -0.6261 -0.6611
vn -0.4150 -0.6254 -0.6608
vn -0.6934 -0.7119 0.1118
vn -0.6850 -0.7195 0.1145
vn -0.6898 -0.7138 0.1210
vn -0.8666 0.0163 -0.4987
vn -0.8713 0.0143 -0.4906
vn -0.8694 0.0187 -0.4938
vn -0.9435 0.2291 -0.2394
vn -0.9437 0.2269 -0.2407
vn -0.9457 0.2222 -0.2373
vn -0.5627 -0.8167 0.1284
vn -0.5686 -0.8110 0.1376
vn -0.5647 -0.8144 0.1338
vn -0.4397 -0.4037 -0.8023
vn -0.4359 -0.4076 -0.8024
vn -0.4398 -0.4020 -0.8031
vn -0.7524 -0.6138 0.2393
vn -0.8758 0.1468 -0.4599
vn -0.8787 0.1449 -0.4549
vn -0.8813 0.1441 -0.4501
vn -0.3510 -0.4739 -0.8076
vn -0.3516 -0.4697 -0.8098
vn -0.3471 -0.4771 -0.8074
vn -0.4827 -0.2525 -0.8386
vn -0.4801 -0.2538 -0.8397
vn -0.4841 -0.2560 -0.8367
vn -0.9999 -0.0105 0.0127
vn -0.9999 -0.0113 0.0070
vn -0.9998 -0.0111 0.0166
vn -0.5938 -0.1007 -0.7983
vn -0.5982 -0.1004 -0.7950
vn -0.6016 -0.0964 -0.7930
vn -0.8977 0.2320 -0.3746
vn -0.9019 0.2245 -0.3690
vn -0.9004 0.2307 -0.3689
vn -0.7038 0.0956 -0.7039
vn -0.7018 0.0989 -0.7055
vn -0.7023 0.0983 -0.7051
vn -0.4791 -0.2471 -0.8423
vn -0.4740 -0.2459 -0.8455
vn -0.9330 -0.2497 0.2590
vn -0.9318 -0.2571 0.2563
vn -0.9311 -0.2575 0.2582
vn -0.4030 -0.3477 -0.8466
vn -0.3996 -0.3511 -0.8468
vn -0.4023 -0.3504 -0.8458
vn -0.9463 -0.2015 0.2530
vn -0.9483 -0.1985 0.2476
vn -0.9458 -0.2009 0.2550
vn -0.9318 0.3608 -0.0395
vn -0.9532 0.3004 -0.0341
vn -0.9550 0.2947 -0.0337
vn -0.9548 0.2954 -0.0329
vn -0.2997 -0.9277 -0.2225
vn -0.3007 -0.9272 -0.2234
vn -0.8214 -0.4903 0.2913
vn -0.8172 -0.4969 0.2921
vn -0.8224 -0.4907 0.2880
vn -0.9838 0.1794 -0.0062
vn -0.9842 0.1768 -0.0089
vn -0.9849 0.1727 -0.0098
vn -0.2491 -0.8925 -0.3760
vn -0.2502 -0.8940 -0.3718
vn -0.2528 -0.8940 -0.3700
vn -0.2328 -0.8254 -0.5144
vn -0.2352 -0.8245 -0.5146
vn -0.2347 -0.8233 -0.5168
vn -0.5821 -0.0561 -0.8112
vn -0.5821 -0.0562 -0.8112
vn -0.2524 -0.8290 -0.4991
vn -0.2543 -0.8269 -0.5017
vn -0.2511 -0.8270 -0.5031
vn -0.6762 -0.6822 0.2782
vn -0.6724 -0.6842 0.2824
vn -0.6683 -0.6882 0.2823
vn -0.2501 -0.6059 -0.7552
vn -0.2546 -0.6064 -0.7533
vn -0.2549 -0.6029 -0.7560
vn -0.6528 -0.7071 0.2719
vn -0.6520 -0.7069 0.2744
vn -0.3180 -0.9237 -0.2136
vn -0.3209 -0.9223 -0.2155
vn -0.3202 -0.9223 -0.2162
vn -0.2158 -0.7538 -0.6207
vn -0.2138 -0.7578 -0.6165
vn -0.2229 -0.7532 -0.6189
vn -0.8224 -0.4764 0.3108
vn -0.8220 -0.4752 0.3139
vn -0.8195 -0.4811 0.3114
vn -0.4125 -0.1940 -0.8901
vn -0.2472 -0.5139 -0.8215
vn -0.2474 -0.5104 -0.8236
vn -0.2476 -0.5172 -0.8193
vn -0.9292 0.3625 -0.0714
vn -0.9315 0.3566 -0.0717
vn -0.9307 0.3593 -0.0690
vn -0.3536 -0.9349 -0.0323
vn -0.3598 -0.9326 -0.0291
vn -0.3583 -0.9330 -0.0341
vn -0.6892 0.1238 -0.7139
vn -0.6948 0.1189 -0.7093
vn -0.6951 0.1256 -0.7078
vn -0.8820 0.3661 -0.2966
vn -0.8851 0.3617 -0.2928
vn -0.3670 -0.9285 -0.0573
vn -0.3735 -0.9258 -0.0592
vn -0.3698 -0.9271 -0.0606
vn -0.8558 0.4731 -0.2092
vn -0.8589 0.4689 -0.2058
vn -0.8582 0.4711 -0.2040
vn -0.2120 -0.7647 -0.6085
vn -0.8832 0.3675 -0.2915
vn -0.8829 0.3675 -0.2923
vn -0.8835 0.3667 -0.2915
vn -0.4218 -0.0909 -0.9021
vn -0.4228 -0.1008 -0.9006
vn -0.4263 -0.1004 -0.8990
vn -0.1896 -0.6937 -0.6949
vn -0.9620 0.2719 0.0256
vn -0.9640 0.2647 0.0234
vn -0.9640 0.2640 0.0329
vn -0.2951 -0.3316 -0.8961
vn -0.2932 -0.3364 -0.8949
vn -0.2988 -0.3330 -0.8943
vn -0.9231 -0.2698 0.2741
vn -0.9213 -0.2728 0.2772
vn -0.9217 -0.2659 0.2824
vn -0.2746 -0.4802 -0.8330
vn -0.2839 -0.4795 -0.8304
vn -0.2786 -0.4757 -0.8343
vn -0.7438 0.2703 -0.6112
vn -0.7432 0.2729 -0.6110
vn -0.7469 0.2671 -0.6089
vn -0.7873 -0.4775 0.3902
vn -0.7893 -0.4762 0.3876
vn -0.7877 -0.4792 0.3872
vn -0.9656 -0.0019 0.2601
vn -0.5450 -0.8220 0.1654
vn -0.5455 -0.8227 0.1602
vn -0.5386 -0.8265 0.1639
vn -0.8899 0.4554 -0.0274
vn -0.8887 0.4577 -0.0254
vn -0.5542 -0.8018 0.2237
vn -0.5542 -0.8032 0.2185
vn -0.5493 -0.8052 0.2234
vn -0.5931 -0.7496 0.2940
vn -0.6010 -0.7462 0.2863
vn -0.5935 -0.7520 0.2870
vn -0.6052 0.0905 -0.7909
vn -0.6078 0.0810 -0.7900
vn -0.6093 0.0903 -0.7878
vn -0.4407 -0.8875 0.1348
vn -0.4388 -0.8892 0.1300
vn -0.4394 -0.8892 0.1275
vn -0.9620 -0.0280 0.2717
vn -0.9623 -0.0362 0.2696
vn -0.9605 -0.0311 0.2764
vn -0.7410 0.3174 -0.5917
vn -0.7466 0.3103 -0.5885
vn -0.7470 0.3166 -0.5846
vn -0.7141 0.1968 -0.6718
vn -0.7108 0.1934 -0.6763
vn -0.7106 0.1948 -0.6761
vn -0.8501 0.5061 -0.1457
vn -0.8532 0.5028 -0.1386
vn -0.8516 0.5048 -0.1411
vn -0.2701 -0.2914 -0.9177
vn -0.2709 -0.2995 -0.9148
vn -0.2746 -0.2917 -0.9162
vn -0.8411 0.5278 -0.1188
vn -0.8429 0.5260 -0.1136
vn -0.8409 0.5279 -0.1192
vn -0.8564 0.4872 -0.1710
vn -0.8599 0.4807 -0.1718
vn -0.8580 0.4854 -0.1683
vn -0.1961 -0.5183 -0.8324
vn -0.1966 -0.5180 -0.8325
vn -0.1968 -0.5140 -0.8349
vn -0.5310 0.1355 -0.8365
vn -0.5273 0.1392 -0.8382
vn -0.5303 0.1301 -0.8378
vn -0.8880 0.4591 0.0269
vn -0.8894 0.4563 0.0283
vn -0.8885 0.4581 0.0283
vn -0.6585 -0.6310 0.4100
vn -0.6545 -0.6389 0.4042
vn -0.6539 -0.6363 0.4093
vn -0.8718 0.4849 0.0700
vn -0.8732 0.4821 0.0715
vn -0.8703 0.4869 0.0742
vn -0.8666 -0.2796 0.4133
vn -0.8627 -0.2812 0.4204
vn -0.8648 -0.2763 0.4192
vn -0.7751 0.4323 -0.4608
vn -0.4366 0.0815 -0.8960
vn -0.4409 0.0846 -0.8936
vn -0.4363 0.0865 -0.8956
vn -0.8067 -0.3571 0.4708
vn -0.0598 -0.9351 -0.3492
vn -0.0572 -0.9366 -0.3456
vn -0.0594 -0.9365 -0.3456
vn -0.0100 -0.8783 -0.4780
vn -0.0128 -0.8774 -0.4796
vn -0.0091 -0.8772 -0.4801
vn -0.3919 -0.0578 -0.9182
vn -0.3973 -0.0641 -0.9155
vn -0.3965 -0.0538 -0.9165
vn -0.9433 0.2589 0.2076
vn -0.9438 0.2570 0.2080
vn -0.6872 -0.5779 0.4401
vn -0.6931 -0.5790 0.4293
vn -0.6889 -0.5804 0.4343
vn -0.9509 0.1852 0.2478
vn -0.9506 0.1880 0.2469
vn -0.9513 0.1809 0.2497
vn -0.3345 -0.9119 0.2377
vn -0.3346 -0.9143 0.2283
vn -0.3320 -0.9131 0.2367
vn -0.0082 -0.7015 -0.7126
vn -0.0113 -0.6960 -0.7179
vn -0.0103 -0.6946 -0.7193
vn -0.5584 -0.7283 0.3972
vn -0.5590 -0.7314 0.3906
vn -0.5553 -0.7312 0.3963
vn -0.2551 -0.2889 -0.9228
vn -0.2610 -0.2898 -0.9208
vn -0.2590 -0.2868 -0.9223
vn -0.2462 -0.1992 -0.9485
vn -0.2505 -0.1971 -0.9478
vn -0.2412 -0.1988 -0.9499
vn -0.1045 -0.9937 -0.0398
vn -0.7533 0.4980 -0.4295
vn -0.7513 0.4956 -0.4359
vn -0.8203 0.5624 0.1042
vn -0.8173 0.5664 0.1060
vn -0.8187 0.5648 0.1037
vn -0.0017 -0.8038 -0.5949
vn -0.0032 -0.8078 -0.5895
vn -0.0083 -0.8051 -0.5931
vn -0.2975 -0.0635 -0.9526
vn -0.3020 -0.0710 -0.9506
vn -0.3072 -0.0705 -0.9490
vn -0.7838 -0.3405 0.5194
vn -0.7812 -0.3462 0.5195
vn -0.7794 -0.3457 0.5225
vn -0.0066 -0.8804 -0.4741
vn -0.5954 0.3694 -0.7134
vn -0.8197 0.5508 -0.1574
vn -0.8184 0.5523 -0.1587
vn -0.8165 0.5570 -0.1522
vn 0.0228 -0.8427 -0.5379
vn 0.0205 -0.8439 -0.5361
vn 0.0184 -0.8418 -0.5395
vn 0.0421 -0.7373 -0.6743
vn 0.0348 -0.7408 -0.6708
vn 0.0337 -0.7370 -0.6751
vn -0.6643 0.3913 -0.6368
vn -0.6690 0.3801 -0.6387
vn -0.6685 0.3861 -0.6356
vn -0.7534 0.6361 -0.1666
vn -0.7585 0.6316 -0.1603
vn -0.7553 0.6366 -0.1561
vn -0.8596 0.5104 0.0230
vn -0.8594 0.5107 0.0242
vn -0.8584 0.5121 0.0298
vn -0.1174 -0.2894 -0.9500
vn -0.1147 -0.2996 -0.9471
vn -0.1199 -0.2941 -0.9482
vn -0.5813 -0.6926 0.4270
vn -0.5873 -0.6909 0.4216
vn -0.5822 -0.6971 0.4185
vn -0.4001 -0.8541 0.3323
vn -0.3978 -0.8560 0.3302
vn -0.7830 0.6197 0.0526
vn -0.7877 0.6139 0.0520
vn -0.7842 0.6182 0.0542
vn -0.0741 -0.9790 -0.1897
vn -0.0797 -0.9791 -0.1871
vn -0.0784 -0.9779 -0.1938
vn -0.1130 -0.9793 -0.1678
vn -0.1143 -0.9790 -0.1690
vn -0.1837 -0.9827 0.0218
vn -0.1852 -0.9823 0.0274
vn -0.1893 -0.9816 0.0240
vn -0.0104 -0.9069 -0.4213
vn -0.0570 -0.4520 -0.8902
vn -0.0584 -0.4510 -0.8906
vn -0.2568 -0.9392 0.2281
vn -0.2636 -0.9389 0.2211
vn -0.2593 -0.9406 0.2191
vn -0.1601 -0.9831 0.0890
vn -0.1701 -0.9811 0.0921
vn -0.1652 -0.9829 0.0809
vn -0.9049 0.3722 0.2063
vn -0.9036 0.3740 0.2087
vn -0.9044 0.3748 0.2039
vn -0.7638 0.6180 -0.1862
vn -0.7587 0.6230 -0.1903
vn -0.7597 0.6225 -0.1880
vn -0.0075 -0.6075 -0.7943
vn -0.0025 -0.6065 -0.7951
vn -0.0023 -0.5986 -0.8010
vn -0.7920 0.6105 0.0039
vn -0.7971 0.6036 0.0146
vn -0.7938 0.6081 0.0104
vn -0.3976 -0.8368 0.3763
vn -0.4002 -0.8352 0.3772
vn -0.3981 -0.8361 0.3774
vn -0.0560 -0.3347 -0.9407
vn -0.0597 -0.3328 -0.9411
vn -0.0539 -0.3329 -0.9414
vn -0.6373 0.4884 -0.5961
vn -0.7272 0.6753 -0.1233
vn -0.7320 0.6711 -0.1172
vn -0.7263 0.6767 -0.1209
vn -0.5353 -0.6251 0.5680
vn -0.5283 -0.6320 0.5670
vn -0.5311 -0.6305 0.5661
vn -0.3517 0.1704 -0.9205
vn -0.3520 0.1749 -0.9195
vn -0.3541 0.1779 -0.9181
vn -0.7491 0.5010 -0.4334
vn -0.7512 0.4968 -0.4347
vn -0.7455 0.5060 -0.4338
vn -0.2551 -0.0050 -0.9669
vn -0.2546 -0.0116 -0.9670
vn -0.2585 -0.0085 -0.9660
vn -0.6594 -0.4644 0.5913
vn -0.6566 -0.4696 0.5902
vn -0.6583 -0.4694 0.5884
vn -0.7711 -0.2408 0.5895
vn -0.7746 -0.2381 0.5860
vn -0.7743 -0.2433 0.5842
vn -0.8236 -0.1502 0.5470
vn -0.8242 -0.1533 0.5452
vn -0.8198 -0.1528 0.5519
vn -0.7604 0.6485 -0.0341
vn -0.7621 0.6468 -0.0301
vn -0.7601 0.6487 -0.0380
vn -0.4406 -0.7769 0.4498
vn -0.4437 -0.7762 0.4480
vn -0.4399 -0.7801 0.4449
vn 0.0250 -0.5708 -0.8207
vn 0.0197 -0.5752 -0.8177
vn 0.0175 -0.5748 -0.8181
vn -0.7249 0.6883 0.0277
vn -0.8277 0.5429 0.1424
vn -0.8280 0.5433 0.1384
vn -0.8324 0.5358 0.1418
vn -0.6530 -0.5248 0.5461
vn -0.6510 -0.5254 0.5478
vn -0.6492 -0.5256 0.5498
vn -0.2526 0.0860 -0.9638
vn -0.2481 0.0891 -0.9646
vn -0.2515 0.0918 -0.9635
vn 0.0408 -0.9851 -0.1671
vn 0.0352 -0.9849 -0.1695
vn 0.0400 -0.9843 -0.1721
vn -0.7207 0.6774 -0.1473
vn -0.7262 0.6723 -0.1434
vn -0.7245 0.6751 -0.1395
vn -0.4409 -0.7782 0.4472
vn -0.1097 -0.1546 -0.9819
vn -0.1089 -0.1593 -0.9812
vn -0.1195 -0.1542 -0.9808
vn -0.7636 0.6261 0.1575
vn -0.7621 0.6286 0.1551
vn -0.7644 0.6252 0.1575
vn -0.5047 -0.6320 0.5881
vn -0.5106 -0.6283 0.5870
vn -0.5020 -0.6353 0.5868
vn -0.4457 0.2927 -0.8460
vn -0.4517 0.2918 -0.8431
vn -0.4531 0.2967 -0.8406
vn -0.5065 0.4066 -0.7604
vn -0.5054 0.4026 -0.7632
vn -0.5137 0.4012 -0.7584
vn -0.7544 0.6093 0.2443
vn -0.7578 0.6034 0.2483
vn -0.7609 0.5990 0.2496
vn -0.8519 -0.0170 0.5235
vn -0.8550 -0.0213 0.5182
vn -0.8502 -0.0226 0.5261
vn -0.4921 0.3855 -0.7805
vn -0.4841 0.3889 -0.7838
vn -0.4848 0.3821 -0.7867
vn -0.0366 -0.3633 -0.9309
vn -0.0418 -0.3699 -0.9281
vn -0.0397 -0.3666 -0.9296
vn 0.1236 -0.9460 -0.2997
vn 0.1235 -0.9482 -0.2926
vn 0.1572 -0.8551 -0.4940
vn 0.1580 -0.8532 -0.4970
vn 0.1607 -0.8522 -0.4979
vn -0.1713 -0.9408 0.2927
vn -0.1661 -0.9441 0.2848
vn -0.1631 -0.9430 0.2900
vn -0.7384 -0.2531 0.6251
vn -0.7423 -0.2538 0.6201
vn -0.7373 -0.2594 0.6238
vn -0.8300 -0.0807 0.5519
vn -0.8342 -0.0783 0.5458
vn -0.8322 -0.0857 0.5478
vn -0.6759 0.7212 0.1517
vn -0.3808 -0.7846 0.4894
vn -0.3779 -0.7855 0.4900
vn -0.3836 -0.7849 0.4866
vn -0.3526 0.2389 -0.9048
vn -0.3463 0.2368 -0.9078
vn -0.3491 0.2323 -0.9078
vn -0.7336 0.6288 0.2576
vn -0.7348 0.6251 0.2631
vn -0.7380 0.6230 0.2593
vn -0.0261 -0.9904 0.1360
vn -0.0254 -0.9897 0.1407
vn -0.0292 -0.9907 0.1326
vn -0.3680 0.2621 -0.8921
vn -0.3681 0.2603 -0.8926
vn -0.3760 0.2547 -0.8909
vn -0.0971 -0.9518 0.2911
vn -0.0998 -0.9517 0.2902
vn -0.0946 -0.9524 0.2897
vn -0.8503 0.2095 0.4827
vn -0.8470 0.2158 0.4859
vn -0.8475 0.2098 0.4876
vn -0.5840 0.7992 -0.1420
vn -0.5828 0.7994 -0.1461
vn -0.5860 0.7980 -0.1405
vn -0.2698 -0.8527 0.4473
vn -0.2669 -0.8526 0.4493
vn -0.2742 -0.8505 0.4488
vn -0.6927 0.7180 -0.0674
vn -0.6963 0.7151 -0.0624
vn -0.6933 0.7178 -0.0643
vn 0.1579 -0.5673 -0.8082
vn 0.1495 -0.5706 -0.8075
vn 0.1553 -0.5655 -0.8100
vn -0.6061 0.7797 -0.1575
vn -0.6085 0.7782 -0.1553
vn -0.6097 0.7783 -0.1505
vn -0.7427 0.6575 0.1269
vn -0.7420 0.6572 0.1327
vn -0.7392 0.6604 0.1320
vn -0.6897 0.7220 -0.0545
vn -0.6990 0.7131 -0.0539
vn -0.6968 0.7157 -0.0480
vn -0.8260 0.2969 0.4792
vn -0.8250 0.2952 0.4820
vn -0.8213 0.2954 0.4881
vn -0.5755 0.6762 -0.4599
vn -0.5730 0.6772 -0.4616
vn -0.5735 0.6786 -0.4589
vn 0.0203 -0.9990 0.0390
vn 0.0191 -0.9992 0.0345
vn 0.0238 -0.9991 0.0355
vn -0.6138 -0.4187 0.6693
vn -0.6130 -0.4214 0.6683
vn -0.6068 -0.4208 0.6743
vn -0.5239 0.5104 -0.6819
vn -0.5286 0.5079 -0.6802
vn -0.5320 0.5077 -0.6777
vn -0.5575 0.5492 -0.6225
vn -0.5659 0.5433 -0.6201
vn -0.5622 0.5508 -0.6169
vn -0.8445 0.0872 0.5284
vn -0.8488 0.0899 0.5210
vn -0.8481 0.0824 0.5233
vn -0.1651 0.1370 -0.9767
vn -0.1606 0.1311 -0.9783
vn -0.1687 0.1310 -0.9769
vn 0.1886 -0.7302 -0.6567
vn 0.1843 -0.7297 -0.6584
vn 0.1874 -0.7284 -0.6591
vn 0.1887 -0.9329 -0.3068
vn 0.1912 -0.9313 -0.3101
vn 0.1951 -0.9312 -0.3079
vn 0.1074 -0.9930 -0.0499
vn 0.1119 -0.9927 -0.0460
vn 0.1059 -0.9933 -0.0454
vn -0.2666 -0.8502 0.4539
vn -0.2725 -0.8489 0.4528
vn -0.2696 -0.8512 0.4503
vn -0.4765 -0.5987 0.6438
vn -0.4774 -0.6023 0.6398
vn -0.4719 -0.6026 0.6436
vn -0.6219 -0.3799 0.6847
vn -0.6285 -0.3801 0.6787
vn -0.6239 -0.3848 0.6802
vn 0.1161 -0.9888 -0.0935
vn 0.1093 -0.9901 -0.0886
vn 0.1104 -0.9893 -0.0958
vn -0.5585 0.6624 -0.4993
vn -0.5596 0.6625 -0.4980
vn -0.5589 0.6627 -0.4985
vn 0.2105 -0.7414 -0.6372
vn 0.2100 -0.7422 -0.6364
vn 0.2073 -0.7386 -0.6415
vn -0.0546 -0.0576 -0.9968
vn -0.0591 -0.0601 -0.9964
vn -0.0586 -0.0528 -0.9969
vn 0.2045 -0.5998 -0.7736
vn 0.1998 -0.6067 -0.7695
vn 0.1977 -0.6012 -0.7742
vn -0.7997 0.4224 0.4267
vn -0.8019 0.4156 0.4292
vn -0.8026 0.4162 0.4274
vn 0.1487 -0.8414 -0.5196
vn 0.1508 -0.8367 -0.5265
vn 0.1520 -0.8393 -0.5220
vn 0.0212 -0.9922 0.1230
vn 0.0129 -0.9927 0.1202
vn 0.0196 -0.9932 0.1148
vn 0.1800 -0.4083 -0.8949
vn -0.0454 -0.9423 0.3316
vn -0.0527 -0.9403 0.3363
vn -0.0548 -0.9427 0.3291
vn -0.0935 0.0081 -0.9956
vn -0.0994 0.0016 -0.9951
vn -0.0971 0.0077 -0.9952
vn -0.5468 -0.4686 0.6939
vn -0.5528 -0.4709 0.6875
vn -0.5483 -0.4744 0.6887
vn -0.1094 0.0907 -0.9898
vn -0.1125 0.0833 -0.9902
vn -0.1191 0.0936 -0.9885
vn 0.2382 -0.9028 -0.3580
vn 0.2294 -0.9063 -0.3548
vn 0.2327 -0.9042 -0.3581
vn -0.1980 0.2266 -0.9536
vn -0.1952 0.2150 -0.9569
vn -0.2040 0.2158 -0.9549
vn 0.2026 -0.8575 -0.4728
vn 0.2122 -0.8573 -0.4690
vn 0.2077 -0.8569 -0.4718
vn -0.5525 0.8173 0.1636
vn -0.5557 0.8155 0.1618
vn -0.5514 0.8171 0.1682
vn -0.6266 0.7738 0.0933
vn -0.6253 0.7748 0.0931
vn -0.6252 0.7750 0.0920
vn -0.5493 0.7947 -0.2584
vn -0.5541 0.7919 -0.2567
vn -0.5491 0.7961 -0.2543
vn -0.6186 0.7777 0.1117
vn -0.6177 0.7777 0.1169
vn -0.6248 0.7724 0.1139
vn 0.2985 -0.7140 -0.6333
vn 0.2897 -0.7148 -0.6365
vn 0.2945 -0.7107 -0.6389
vn -0.7341 0.5443 0.4059
vn -0.4916 0.8533 -0.1736
vn -0.4901 0.8531 -0.1789
vn -0.4923 0.8528 -0.1744
vn -0.6883 0.6466 0.3289
vn -0.6936 0.6439 0.3231
vn -0.6917 0.6411 0.3325
vn 0.2255 -0.3825 -0.8960
vn 0.2194 -0.3833 -0.8972
vn 0.2245 -0.3767 -0.8987
vn -0.5913 0.7955 0.1327
vn -0.5935 0.7948 0.1269
vn -0.5926 0.7949 0.1300
vn 0.2411 -0.9619 -0.1292
vn 0.2445 -0.9606 -0.1323
vn 0.2354 -0.9632 -0.1298
vn -0.6588 0.6451 0.3871
vn -0.6588 0.6440 0.3890
vn -0.6563 0.6461 0.3896
vn -0.4000 -0.6255 0.6699
vn -0.4016 -0.6271 0.6674
vn -0.5485 0.8271 -0.1228
vn -0.5510 0.8260 -0.1192
vn -0.5478 0.8282 -0.1186
vn -0.2893 -0.7186 0.6325
vn -0.2879 -0.7229 0.6281
vn -0.2859 -0.7174 0.6353
vn -0.5529 0.7983 -0.2388
vn -0.5567 0.7960 -0.2377
vn -0.5550 0.7974 -0.2369
vn 0.2587 -0.9538 -0.1526
vn 0.2480 -0.9571 -0.1499
vn 0.2477 -0.9557 -0.1591
vn -0.5122 0.8487 -0.1321
vn -0.5165 0.8456 -0.1349
vn -0.5155 0.8467 -0.1321
vn -0.6525 0.6505 0.3886
vn -0.6533 0.6489 0.3900
vn -0.6545 0.6479 0.3898
vn -0.1130 -0.8562 0.5042
vn -0.1113 -0.8599 0.4981
vn -0.1093 -0.8559 0.5055
vn -0.5415 0.8049 0.2428
vn -0.5416 0.8071 0.2351
vn -0.5463 0.8026 0.2398
vn -0.6102 0.7850 0.1069
vn -0.6109 0.7844 0.1068
vn 0.2935 -0.5808 -0.7593
vn 0.2817 -0.5845 -0.7609
vn 0.2887 -0.5773 -0.7638
vn -0.5425 0.8308 -0.1240
vn -0.5469 0.8275 -0.1272
vn -0.5480 0.8276 -0.1215
vn -0.1470 -0.8492 0.5071
vn -0.1433 -0.8498 0.5072
vn -0.1450 -0.8472 0.5111
vn -0.2976 -0.7062 0.6424
vn -0.2991 -0.7081 0.6397
vn -0.2941 -0.7059 0.6443
vn -0.6773 0.6600 0.3251
vn -0.6780 0.6601 0.3234
vn -0.6791 0.6565 0.3283
vn 0.1136 -0.1584 -0.9808
vn 0.1184 -0.1636 -0.9794
vn 0.1133 -0.1645 -0.9799
vn -0.5313 0.8471 -0.0074
vn -0.5323 0.8465 -0.0118
vn -0.5322 0.8466 -0.0064
vn 0.0897 -0.9800 0.1777
vn 0.0864 -0.9802 0.1782
vn 0.0803 -0.9810 0.1765
vn 0.3405 -0.8824 -0.3248
vn 0.3365 -0.8805 -0.3338
vn 0.3402 -0.8802 -0.3310
vn -0.3003 0.8979 0.3219
vn -0.3004 0.8966 0.3254
vn -0.2966 0.8975 0.3263
vn -0.2191 -0.7419 0.6337
vn -0.2258 -0.7440 0.6288
vn -0.2210 -0.7474 0.6265
vn 0.1785 -0.2166 -0.9598
vn 0.1830 -0.2216 -0.9578
vn 0.1801 -0.2173 -0.9593
vn -0.6099 0.7050 0.3619
vn -0.6095 0.7063 0.3601
vn -0.6113 0.7043 0.3610
vn 0.0276 -0.0826 -0.9962
vn 0.0231 -0.0811 -0.9964
vn 0.0312 -0.0760 -0.9966
vn -0.4730 0.8800 0.0430
vn -0.4718 0.8806 0.0449
vn -0.6971 0.3743 0.6115
vn -0.7007 0.3712 0.6093
vn -0.7001 0.3744 0.6081
vn -0.4008 0.7605 -0.5109
vn -0.4053 0.7584 -0.5104
vn -0.4018 0.7584 -0.5132
vn 0.3249 -0.5905 -0.7388
vn 0.3211 -0.5943 -0.7373
vn 0.3236 -0.5910 -0.7389
vn -0.4735 0.8735 -0.1127
vn -0.4735 0.8727 -0.1192
vn -0.4785 0.8695 -0.1226
vn 0.0563 -0.9500 0.3073
vn 0.0525 -0.9493 0.3099
vn 0.0560 -0.9508 0.3048
vn -0.6963 0.3568 0.6228
vn -0.6940 0.3596 0.6238
vn -0.6934 0.3549 0.6271
vn -0.6143 0.7562 0.2254
vn -0.6112 0.7600 0.2210
vn -0.6160 0.7547 0.2258
vn 0.2576 -0.9662 -0.0009
vn 0.2547 -0.9670 -0.0033
vn 0.2572 -0.9663 -0.0045
vn -0.6742 0.6494 0.3519
vn -0.6728 0.6464 0.3599
vn -0.6690 0.6557 0.3499
vn 0.2772 -0.9588 -0.0628
vn 0.2767 -0.9587 -0.0667
vn 0.2819 -0.9573 -0.0649
vn 0.3698 -0.8241 -0.4291
vn 0.3707 -0.8247 -0.4271
vn 0.3673 -0.8244 -0.4306
vn 0.2794 -0.3926 -0.8762
vn 0.2769 -0.4003 -0.8735
vn 0.2755 -0.3923 -0.8776
vn 0.1263 -0.1809 -0.9754
vn 0.1236 -0.1867 -0.9746
vn 0.1180 -0.1804 -0.9765
vn -0.5795 -0.2398 0.7788
vn -0.5804 -0.2357 0.7795
vn -0.5811 -0.2431 0.7766
vn -0.2658 0.5205 -0.8114
vn -0.2749 0.5200 -0.8087
vn -0.2638 0.5236 -0.8101
vn -0.5570 0.7991 0.2262
vn -0.5543 0.8044 0.2137
vn -0.5612 0.7988 0.2166
vn -0.2133 0.4187 -0.8827
vn -0.2187 0.4211 -0.8803
vn -0.2216 0.4200 -0.8800
vn -0.4308 0.8616 0.2685
vn -0.4357 0.8575 0.2738
vn -0.4324 0.8594 0.2727
vn 0.3813 -0.8527 -0.3570
vn 0.3793 -0.8521 -0.3605
vn 0.3749 -0.8514 -0.3668
vn -0.6903 0.1509 0.7076
vn -0.6891 0.1577 0.7073
vn -0.6925 0.1548 0.7047
vn -0.3452 0.6456 -0.6812
vn -0.3564 0.6431 -0.6778
vn -0.3532 0.6494 -0.6734
vn -0.6655 0.4923 0.5611
vn -0.6709 0.4927 0.5542
vn -0.6677 0.4886 0.5616
vn -0.5531 0.8253 -0.1139
vn -0.5575 0.8232 -0.1070
vn -0.5546 0.8250 -0.1084
vn -0.6272 -0.1512 0.7641
vn -0.5022 0.8641 0.0330
vn -0.5022 0.8641 0.0331
vn -0.5036 0.8633 0.0341
vn 0.3921 -0.8050 -0.4453
vn 0.3848 -0.8062 -0.4494
vn 0.3856 -0.8045 -0.4518
vn -0.6374 -0.0893 0.7653
vn -0.6362 -0.0867 0.7666
vn -0.6368 -0.0930 0.7654
vn 0.2640 -0.9644 0.0186
vn 0.2639 -0.9644 0.0163
vn 0.2678 -0.9633 0.0176
vn -0.6830 0.0011 0.7305
vn -0.5896 0.7647 0.2601
vn -0.5980 0.7587 0.2584
vn -0.5923 0.7623 0.2609
vn -0.1411 0.3578 -0.9231
vn -0.1397 0.3550 -0.9244
vn -0.1428 0.3509 -0.9255
vn -0.6822 0.1888 0.7063
vn -0.6867 0.1912 0.7013
vn -0.6824 0.1891 0.7061
vn -0.4103 0.9077 0.0879
vn -0.4187 0.9039 0.0881
vn -0.4145 0.9062 0.0838
vn -0.5387 0.7664 0.3499
vn -0.5387 0.7666 0.3495
vn -0.2699 0.5650 -0.7797
vn -0.2664 0.5611 -0.7837
vn -0.2770 0.5613 -0.7799
vn 0.3639 -0.9065 -0.2142
vn 0.3627 -0.9078 -0.2105
vn 0.3585 -0.9084 -0.2151
vn -0.3675 0.7301 -0.5762
vn -0.3672 0.7306 -0.5757
vn -0.3618 0.7354 -0.5730
vn -0.4861 0.8644 0.1286
vn -0.4851 0.8659 0.1224
vn -0.4890 0.8636 0.1230
vn -0.4231 0.8407 -0.3380
vn -0.5608 0.8095 0.1740
vn -0.5603 0.8116 0.1655
vn -0.5590 0.8123 0.1661
vn -0.5367 0.7743 0.3353
vn -0.5306 0.7750 0.3433
vn -0.5303 0.7783 0.3362
vn -0.4620 0.8855 -0.0497
vn -0.4607 0.8860 -0.0516
vn 0.1839 -0.9679 0.1711
vn 0.1789 -0.9697 0.1661
vn 0.1826 -0.9691 0.1656
vn -0.5172 0.8547 0.0449
vn -0.5260 0.8491 0.0493
vn -0.5235 0.8506 0.0482
vn -0.1444 0.3494 -0.9258
vn -0.1513 0.3534 -0.9231
vn -0.1454 0.3582 -0.9222
vn 0.1332 0.0908 -0.9869
vn 0.1428 0.0859 -0.9860
vn 0.1370 0.0830 -0.9871
vn 0.3788 -0.7203 -0.5811
vn 0.3763 -0.7179 -0.5857
vn 0.3804 -0.7167 -0.5844
vn -0.5280 0.8438 0.0962
vn -0.6085 0.5580 0.5643
vn -0.6085 0.5629 0.5594
vn -0.6141 0.5603 0.5558
vn 0.4242 -0.6928 -0.5831
vn 0.4169 -0.6949 -0.5859
vn 0.4221 -0.6911 -0.5867
vn -0.3183 -0.5127 0.7974
vn -0.3179 -0.5162 0.7953
vn -0.3117 -0.5162 0.7977
vn -0.5330 -0.2624 0.8044
vn -0.5378 -0.2625 0.8012
vn -0.5358 -0.2692 0.8003
vn -0.4705 -0.3805 0.7961
vn -0.4706 -0.3843 0.7943
vn -0.4773 -0.3841 0.7903
vn -0.3958 0.8253 -0.4028
vn 0.4075 -0.8962 -0.1752
vn 0.4034 -0.8960 -0.1857
vn 0.4080 -0.8947 -0.1818
vn 0.0007 0.1955 -0.9807
vn 0.0063 0.1902 -0.9817
vn 0.0025 0.1919 -0.9814
vn -0.0163 0.2789 -0.9602
vn -0.0220 0.2781 -0.9603
vn -0.0210 0.2812 -0.9594
vn -0.5658 0.6878 0.4547
vn -0.5666 0.6859 0.4566
vn -0.5738 0.6803 0.4560
vn 0.1596 0.0906 -0.9830
vn 0.1624 0.0843 -0.9831
vn 0.1536 0.0870 -0.9843
vn -0.4181 -0.4085 0.8114
vn -0.4144 -0.4100 0.8125
vn -0.4120 -0.4079 0.8148
vn 0.2298 -0.9528 0.1982
vn 0.2280 -0.9542 0.1934
vn 0.2336 -0.9532 0.1920
vn -0.3702 0.9087 0.1927
vn -0.3705 0.9083 0.1943
vn -0.3686 0.9089 0.1948
vn -0.3832 0.8837 0.2687
vn -0.3809 0.8842 0.2704
vn -0.3798 0.8840 0.2724
vn 0.0361 -0.8253 0.5635
vn 0.0356 -0.8238 0.5658
vn 0.0337 -0.8253 0.5637
vn -0.1619 -0.6484 0.7439
vn -0.1611 -0.6450 0.7470
vn -0.1644 -0.6468 0.7448
vn 0.2703 -0.0688 -0.9603
vn 0.2744 -0.0661 -0.9593
vn 0.2722 -0.0701 -0.9597
vn 0.2535 0.0146 -0.9672
vn 0.2499 0.0084 -0.9682
vn 0.2557 0.0132 -0.9667
vn -0.3382 0.9398 0.0488
vn -0.3414 0.9386 0.0497
vn -0.3432 0.9379 0.0509
vn -0.0699 -0.7020 0.7087
vn -0.0705 -0.7020 0.7087
vn 0.1542 -0.8995 0.4088
vn 0.1550 -0.9008 0.4055
vn -0.3183 -0.5103 0.7989
vn -0.3237 -0.5042 0.8006
vn -0.3157 -0.5114 0.7992
vn -0.4602 0.8838 0.0842
vn 0.3278 -0.9425 0.0658
vn 0.3278 -0.9430 0.0570
vn 0.3343 -0.9404 0.0625
vn -0.3669 0.9080 0.2025
vn -0.3708 0.9061 0.2036
vn -0.3688 0.9066 0.2052
vn -0.4500 0.8926 0.0285
vn -0.4543 0.8904 0.0269
vn -0.4565 0.8892 0.0310
vn 0.4817 -0.8370 -0.2598
vn 0.4810 -0.8387 -0.2555
vn 0.4796 -0.8372 -0.2629
vn 0.3573 -0.1554 -0.9210
vn 0.3595 -0.1527 -0.9206
vn 0.3610 -0.1542 -0.9197
vn -0.4505 0.8834 0.1289
vn -0.4562 0.8809 0.1257
vn -0.4563 0.8800 0.1318
vn -0.2999 0.9327 -0.2001
vn -0.3034 0.9306 -0.2046
vn -0.3082 0.9287 -0.2063
vn 0.0402 -0.8237 0.5656
vn 0.0374 -0.8249 0.5641
vn 0.0381 -0.8258 0.5626
vn -0.5054 0.8188 0.2722
vn -0.5057 0.8179 0.2743
vn -0.5036 0.8180 0.2779
vn 0.2823 -0.9419 0.1818
vn 0.3901 -0.3586 -0.8481
vn 0.3895 -0.3610 -0.8473
vn 0.3883 -0.3599 -0.8483
vn -0.0750 -0.7001 0.7101
vn -0.0708 -0.7019 0.7087
vn -0.0670 -0.7026 0.7084
vn -0.4246 -0.1660 0.8900
vn -0.4204 -0.1629 0.8926
vn -0.5172 0.6084 0.6019
vn -0.5234 0.6089 0.5961
vn -0.5182 0.6088 0.6007
vn 0.4395 -0.5355 -0.7212
vn 0.4365 -0.5345 -0.7237
vn 0.4389 -0.5343 -0.7224
vn -0.4827 0.8468 0.2234
vn -0.4818 0.8468 0.2254
vn -0.4842 0.8462 0.2224
vn 0.3542 -0.9332 0.0603
vn 0.3471 -0.9360 0.0581
vn 0.3523 -0.9346 0.0501
vn 0.0439 0.3270 -0.9440
vn 0.0448 0.3263 -0.9442
vn 0.0446 0.3273 -0.9439
vn 0.4188 -0.9025 -0.1007
vn 0.4161 -0.9038 -0.0998
vn 0.4207 -0.9013 -0.1034
vn 0.4882 -0.7592 -0.4305
vn 0.4828 -0.7602 -0.4347
vn 0.4908 -0.7524 -0.4394
vn 0.1541 -0.9028 0.4016
vn 0.1538 -0.9028 0.4017
vn 0.1525 -0.9035 0.4006
vn -0.1946 -0.5920 0.7821
vn 0.4079 -0.3245 -0.8534
vn 0.4017 -0.3273 -0.8553
vn 0.4041 -0.3241 -0.8554
vn -0.1552 0.8572 -0.4911
vn -0.1529 0.8597 -0.4874
vn -0.1501 0.8577 -0.4918
vn -0.4896 0.7229 0.4875
vn -0.4834 0.7294 0.4841
vn -0.4875 0.7267 0.4840
vn 0.3812 -0.2255 -0.8966
vn 0.3775 -0.2261 -0.8980
vn 0.3837 -0.2188 -0.8972
vn -0.3090 0.9463 -0.0947
vn -0.3032 0.9474 -0.1026
vn -0.3132 0.9442 -0.1019
vn -0.0779 0.6942 -0.7156
vn -0.0774 0.6989 -0.7110
vn -0.0814 0.6908 -0.7185
vn -0.4947 0.4994 0.7112
vn -0.4975 0.5002 0.7087
vn -0.4978 0.4955 0.7118
vn -0.2742 0.9013 -0.3354
vn -0.2659 0.9008 -0.3433
vn -0.2737 0.9000 -0.3391
vn -0.2646 0.9328 -0.2449
vn -0.2592 0.9333 -0.2486
vn -0.2654 0.9325 -0.2449
vn -0.5017 0.4963 0.7085
vn -0.5002 0.5016 0.7059
vn -0.5034 0.4986 0.7057
vn -0.4672 0.6857 0.5582
vn -0.4674 0.6840 0.5601
vn -0.4662 0.6851 0.5597
vn -0.3113 0.9458 -0.0926
vn -0.3135 0.9445 -0.0983
vn -0.3159 0.9434 -0.1011
vn 0.3027 -0.1312 -0.9440
vn 0.3048 -0.1282 -0.9438
vn 0.3025 -0.1283 -0.9445
vn -0.1802 0.8581 -0.4808
vn -0.1836 0.8579 -0.4800
vn -0.1821 0.8597 -0.4772
vn -0.4120 0.8116 0.4142
vn -0.4181 0.8103 0.4106
vn -0.4209 0.8083 0.4116
vn -0.7739 0.5633 0.2895
vn -0.7689 0.5661 0.2973
vn -0.7714 0.5647 0.2932
vn 0.8185 -0.5365 -0.2055
vn 0.8267 -0.5244 -0.2038
vn 0.8225 -0.5307 -0.2045
vn 0.4419 -0.8938 -0.0762
vn 0.4417 -0.8937 -0.0786
vn 0.4428 -0.8931 -0.0794
vn -0.0892 0.7738 -0.6272
vn -0.0877 0.7757 -0.6250
vn -0.0847 0.7746 -0.6267
vn -0.3292 0.9437 0.0318
vn -0.3324 0.9426 0.0306
vn -0.3239 0.9457 0.0278
vn -0.7518 0.5825 0.3089
vn -0.7518 0.5938 0.2867
vn -0.7518 0.5938 0.2868
vn -0.8237 0.4362 0.3623
vn 0.7346 -0.5614 -0.3810
vn 0.7368 -0.5589 -0.3805
vn 0.7280 -0.5694 -0.3819
vn 0.7385 -0.5717 -0.3575
vn 0.7968 -0.5583 -0.2310
vn 0.7968 -0.5583 -0.2311
vn 0.4378 -0.5358 -0.7219
vn -0.4824 0.2980 0.8237
vn -0.4945 0.2977 0.8166
vn -0.4870 0.2958 0.8218
vn -0.4808 0.3135 0.8188
vn -0.4870 0.3163 0.8141
vn -0.4863 0.3110 0.8166
vn -0.3800 0.9067 0.1830
vn -0.3895 0.9024 0.1844
vn -0.3816 0.9035 0.1952
vn -0.4469 0.0733 0.8916
vn -0.4506 0.0774 0.8894
vn -0.4460 0.0710 0.8922
vn 0.4906 -0.8330 -0.2557
vn 0.4870 -0.8347 -0.2572
vn 0.4895 -0.8319 -0.2613
vn 0.4513 -0.8907 -0.0551
vn 0.4471 -0.8928 -0.0543
vn 0.4493 -0.8914 -0.0595
vn -0.4387 0.7951 0.4187
vn -0.4384 0.7975 0.4144
vn -0.4418 0.7954 0.4149
vn -0.0764 0.6977 -0.7123
vn -0.0728 0.6925 -0.7177
vn -0.0819 0.6912 -0.7180
vn -0.3415 -0.2850 0.8956
vn 0.4964 -0.6994 -0.5141
vn 0.4945 -0.6948 -0.5222
vn 0.4999 -0.6923 -0.5205
vn 0.0267 0.5851 -0.8105
vn 0.0317 0.5827 -0.8121
vn 0.0269 0.5797 -0.8144
vn -0.2590 0.9529 0.1579
vn -0.2623 0.9522 0.1566
vn -0.2701 0.9487 0.1640
vn -0.3017 0.9369 0.1769
vn -0.2981 0.9373 0.1807
vn -0.3036 0.9364 0.1761
vn 0.2112 0.2250 -0.9512
vn 0.2099 0.2232 -0.9519
vn 0.2059 0.2214 -0.9532
vn 0.1840 0.2990 -0.9363
vn 0.1761 0.2969 -0.9385
vn 0.1790 0.3012 -0.9366
vn 0.5297 -0.8305 -0.1723
vn 0.5324 -0.8267 -0.1822
vn 0.5369 -0.8250 -0.1762
vn -0.2369 -0.3951 0.8876
vn -0.2332 -0.3990 0.8868
vn -0.2319 -0.3938 0.8895
vn -0.3207 0.8983 0.3003
vn -0.3298 0.8957 0.2982
vn -0.3196 0.9001 0.2960
vn -0.3830 -0.0505 0.9224
vn -0.3868 -0.0518 0.9207
vn -0.3903 -0.0551 0.9190
vn 0.5552 -0.6581 -0.5086
vn 0.5497 -0.6577 -0.5151
vn 0.5564 -0.6501 -0.5175
vn -0.4464 0.0767 0.8915
vn -0.4551 0.0700 0.8877
vn -0.4512 0.0695 0.8897
vn 0.2572 -0.8704 0.4199
vn 0.2586 -0.8748 0.4097
vn 0.2543 -0.8742 0.4137
vn -0.4195 0.8984 -0.1302
vn -0.4211 0.8978 -0.1291
vn 0.5342 -0.7956 -0.2858
vn 0.5302 -0.7976 -0.2876
vn 0.5281 -0.7966 -0.2942
vn 0.3584 -0.9064 0.2234
vn 0.3516 -0.9067 0.2331
vn 0.3547 -0.9073 0.2257
vn 0.4472 -0.8898 0.0905
vn 0.4425 -0.8927 0.0854
vn 0.4441 -0.8920 0.0842
vn -0.5898 0.7358 0.3329
vn -0.2784 -0.2837 0.9176
vn -0.2868 -0.2836 0.9150
vn -0.2809 -0.2845 0.9166
vn 0.1133 0.4777 -0.8712
vn 0.1211 0.4774 -0.8703
vn 0.1114 0.4740 -0.8734
vn -0.3254 0.9350 0.1408
vn -0.3296 0.9335 0.1412
vn -0.3264 0.9338 0.1469
vn 0.0365 0.5762 -0.8165
vn 0.0386 0.5761 -0.8165
vn 0.0353 0.5748 -0.8175
vn 0.5374 -0.7627 -0.3600
vn 0.5408 -0.7617 -0.3569
vn 0.5402 -0.7596 -0.3623
vn 0.5500 -0.4852 -0.6797
vn 0.5471 -0.4936 -0.6760
vn 0.5432 -0.4950 -0.6781
vn -0.3993 0.8753 0.2729
vn -0.4038 0.8735 0.2720
vn -0.4044 0.8718 0.2765
vn 0.5104 -0.2987 -0.8064
vn 0.5068 -0.3062 -0.8059
vn 0.5110 -0.3026 -0.8046
vn 0.5954 -0.5606 -0.5756
vn 0.5964 -0.5620 -0.5731
vn 0.5957 -0.5580 -0.5777
vn -0.1088 -0.4755 0.8730
vn -0.3627 0.9093 0.2043
vn -0.3628 0.9093 0.2040
vn -0.3626 0.9093 0.2042
vn 0.1070 0.5030 -0.8576
vn -0.6296 0.5889 0.5067
vn -0.6292 0.5932 0.5022
vn -0.6336 0.5871 0.5038
vn 0.4417 -0.8723 0.2099
vn 0.4457 -0.8710 0.2066
vn 0.4480 -0.8711 0.2010
vn 0.3409 -0.8761 0.3409
vn 0.3387 -0.8722 0.3529
vn 0.3375 -0.8751 0.3469
vn 0.4807 -0.0676 -0.8743
vn 0.4798 -0.0732 -0.8743
vn 0.4832 -0.0740 -0.8724
vn -0.2324 0.8127 -0.5344
vn -0.2423 0.8078 -0.5373
vn -0.2411 0.8129 -0.5301
vn -0.4661 0.8765 -0.1206
vn -0.4620 0.8788 -0.1192
vn -0.4670 0.8765 -0.1168
vn -0.5406 0.7283 0.4212
vn -0.5409 0.7278 0.4215
vn -0.5408 0.7283 0.4208
vn -0.4945 0.8625 0.1074
vn -0.4944 0.8617 0.1145
vn -0.4900 0.8649 0.1087
vn -0.5025 0.8407 0.2018
vn 0.2067 0.3882 -0.8981
vn 0.1970 0.3868 -0.9009
vn 0.2000 0.3893 -0.8991
vn -0.3584 0.8820 -0.3060
vn -0.3588 0.8802 -0.3106
vn -0.3614 0.8806 -0.3064
vn 0.5244 -0.8513 0.0177
vn 0.5180 -0.8552 0.0194
vn 0.5191 -0.8547 0.0105
vn 0.5636 -0.4892 -0.6656
vn 0.5651 -0.4879 -0.6653
vn 0.5641 -0.4895 -0.6650
vn 0.3598 0.1157 -0.9258
vn 0.3643 0.1107 -0.9247
vn 0.3621 0.1124 -0.9253
vn -0.1490 -0.4188 0.8958
vn -0.2549 -0.2342 0.9382
vn -0.7533 0.6552 0.0574
vn -0.7492 0.6591 0.0656
vn -0.7496 0.6592 0.0599
vn -0.7331 0.6789 -0.0411
vn -0.7334 0.6783 -0.0453
vn -0.7341 0.6776 -0.0436
vn -0.5680 0.4231 0.7060
vn -0.5669 0.4249 0.7058
vn -0.5713 0.4208 0.7047
vn -0.5616 0.5768 0.5932
vn -0.5667 0.5791 0.5861
vn -0.5666 0.5747 0.5905
vn -0.3544 -0.0627 0.9330
vn -0.3632 -0.0685 0.9292
vn -0.3619 -0.0652 0.9299
vn 0.5857 -0.7968 -0.1485
vn 0.5823 -0.7985 -0.1527
vn 0.5805 -0.8006 -0.1487
vn -0.3908 0.8676 -0.3074
vn -0.3887 0.8706 -0.3016
vn -0.3833 0.8691 -0.3126
vn 0.3341 0.2389 -0.9118
vn 0.3297 0.2361 -0.9141
vn 0.3716 0.2165 -0.9028
vn 0.3704 0.2153 -0.9036
vn -0.7289 0.6835 -0.0382
vn -0.7308 0.6813 -0.0426
vn -0.7324 0.6795 -0.0428
vn 0.2759 0.3714 -0.8866
vn 0.2727 0.3604 -0.8920
vn 0.2788 0.3681 -0.8870
vn -0.7397 0.6668 0.0906
vn -0.7419 0.6650 0.0859
vn -0.7417 0.6641 0.0940
vn 0.1200 -0.5825 0.8039
vn 0.1213 -0.5852 0.8018
vn -0.4463 0.0556 0.8932
vn -0.4557 0.0553 0.8884
vn -0.4532 0.0562 0.8897
vn -0.7631 0.6355 0.1174
vn -0.7625 0.6382 0.1061
vn -0.7667 0.6325 0.1100
vn 0.6658 -0.6286 -0.4020
vn 0.6629 -0.6368 -0.3937
vn 0.6604 -0.6322 -0.4052
vn 0.6483 -0.6821 -0.3384
vn 0.6463 -0.6816 -0.3432
vn 0.6530 -0.6743 -0.3448
vn 0.6373 -0.7394 -0.2172
vn 0.6375 -0.7401 -0.2142
vn 0.6346 -0.7415 -0.2180
vn 0.5708 -0.8208 0.0197
vn 0.5693 -0.8216 0.0277
vn 0.5662 -0.8239 0.0229
vn -0.7443 0.6630 0.0802
vn -0.7451 0.6616 0.0847
vn -0.7410 0.6659 0.0865
vn -0.6736 0.5088 0.5361
vn -0.6796 0.5107 0.5266
vn -0.6726 0.5098 0.5364
vn 0.4676 -0.7888 0.3990
vn 0.4673 -0.7924 0.3921
vn 0.4698 -0.7894 0.3950
vn -0.3515 0.7694 -0.5334
vn 0.5959 -0.8029 -0.0126
vn 0.5949 -0.8037 -0.0109
vn 0.5951 -0.8035 -0.0140
vn 0.2770 -0.6887 0.6700
vn 0.2805 -0.6872 0.6702
vn 0.2804 -0.6844 0.6730
vn 0.5403 0.0394 -0.8406
vn 0.5337 0.0359 -0.8449
vn 0.5382 0.0459 -0.8416
vn -0.1925 -0.2374 0.9521
vn -0.1891 -0.2428 0.9515
vn -0.1921 -0.2372 0.9523
vn 0.5196 -0.8153 0.2558
vn 0.5104 -0.8221 0.2522
vn 0.5192 -0.8175 0.2494
vn -0.0669 -0.3081 0.9490
vn -0.0658 -0.3082 0.9490
vn -0.0599 0.6564 -0.7520
vn -0.0560 0.6576 -0.7512
vn -0.0608 0.6559 -0.7524
vn -0.6074 0.3306 0.7223
vn -0.6044 0.3291 0.7256
vn -0.6007 0.3315 0.7275
vn -0.5892 0.2447 0.7701
vn -0.5929 0.2534 0.7644
vn -0.5916 0.2530 0.7655
vn -0.5122 0.1876 0.8381
vn -0.5120 0.1878 0.8382
vn -0.5132 0.1837 0.8384
vn -0.1830 0.7195 -0.6699
vn -0.1883 0.7167 -0.6714
vn -0.1857 0.7234 -0.6650
vn -0.1941 0.7252 -0.6606
vn -0.1935 0.7235 -0.6626
vn -0.1997 0.7260 -0.6581
vn -0.6687 0.3977 0.6282
vn -0.6703 0.3985 0.6260
vn -0.6705 0.3916 0.6301
vn -0.6361 0.7640 -0.1084
vn -0.6401 0.7614 -0.1028
vn -0.6374 0.7631 -0.1066
vn 0.4722 -0.4403 0.7637
vn 0.4717 -0.4404 0.7639
vn 0.4719 -0.4403 0.7638
vn -0.4324 0.8494 0.3026
vn -0.4324 0.8493 0.3028
vn -0.4323 0.8495 0.3025
vn -0.1682 0.9570 0.2362
vn -0.1682 0.9570 0.2364
vn -0.1487 -0.9689 -0.1980
vn -0.1488 -0.9689 -0.1979
vn 0.0294 -0.9816 0.1885
vn 0.0296 -0.9817 0.1884
vn 0.0296 -0.9816 0.1884
vn 0.5339 0.1087 -0.8386
vn 0.5365 0.1042 -0.8375
vn 0.5388 0.1133 -0.8348
vn 0.6440 -0.1932 -0.7402
vn 0.6446 -0.1950 -0.7392
vn 0.6429 -0.1961 -0.7405
vn -0.7225 0.5957 0.3510
vn -0.7202 0.6004 0.3476
vn -0.7192 0.6009 0.3488
vn -0.3007 0.3692 0.8794
vn 0.6420 -0.7448 -0.1820
vn 0.6403 -0.7463 -0.1816
vn 0.6422 -0.7443 -0.1831
vn -0.5749 0.7913 -0.2080
vn -0.5806 0.7867 -0.2097
vn -0.5794 0.7894 -0.2027
vn 0.7236 -0.4841 -0.4919
vn 0.7156 -0.4886 -0.4992
vn 0.7221 -0.4800 -0.4982
vn 0.3904 -0.7576 0.5230
vn 0.3904 -0.7601 0.5195
vn 0.3911 -0.7588 0.5209
vn -0.7257 0.6494 0.2272
vn -0.7291 0.6479 0.2208
vn -0.7282 0.6477 0.2238
vn -0.3320 0.9428 -0.0298
vn -0.3314 0.9430 -0.0309
vn -0.3324 0.9426 -0.0306
vn -0.6705 0.5144 0.5346
vn -0.6763 0.5153 0.5264
vn -0.6750 0.5115 0.5318
vn -0.2956 0.7754 -0.5580
vn -0.2966 0.7685 -0.5669
vn -0.2981 0.7721 -0.5612
vn -0.4757 0.8017 -0.3620
vn -0.4852 0.7961 -0.3616
vn -0.4816 0.8010 -0.3555
vn -0.6954 0.7145 0.0765
vn -0.6948 0.7148 0.0794
vn -0.6961 0.7142 0.0735
vn 0.0483 -0.4708 0.8809
vn 0.0588 -0.4709 0.8802
vn 0.0572 -0.4610 0.8855
vn -0.6593 0.7510 0.0369
vn -0.6599 0.7504 0.0379
vn -0.6603 0.7500 0.0386
vn -0.7142 0.6134 0.3370
vn -0.7191 0.6123 0.3287
vn -0.7150 0.6120 0.3379
vn -0.4300 0.8215 -0.3745
vn -0.4319 0.8188 -0.3782
vn -0.4348 0.8183 -0.3761
vn 0.4716 0.2320 -0.8507
vn 0.4656 0.2360 -0.8529
vn 0.4690 0.2412 -0.8496
vn -0.6837 0.5774 0.4462
vn -0.6814 0.5806 0.4456
vn -0.6854 0.5748 0.4470
vn 0.9445 -0.1582 0.2880
vn 0.9442 -0.1611 0.2872
vn 0.9456 -0.1588 0.2840
vn 0.6716 -0.6787 -0.2971
vn 0.6715 -0.6824 -0.2887
vn 0.6721 -0.6800 -0.2930
vn 0.7046 -0.3778 -0.6007
vn 0.7043 -0.3771 -0.6014
vn -0.5522 0.8035 -0.2225
vn -0.5521 0.8038 -0.2218
vn -0.5486 0.8079 -0.2153
vn 0.5284 -0.7814 0.3319
vn 0.5229 -0.7853 0.3315
vn 0.5250 -0.7864 0.3257
vn 0.6613 -0.7325 -0.1615
vn 0.6593 -0.7348 -0.1595
vn 0.6578 -0.7356 -0.1616
vn 0.7073 -0.3714 -0.6015
vn 0.7061 -0.3735 -0.6016
vn 0.7068 -0.3713 -0.6022
vn -0.5732 0.8182 -0.0442
vn -0.5713 0.8193 -0.0480
vn -0.5768 0.8160 -0.0382
vn -0.6182 0.7312 0.2883
vn -0.6169 0.7345 0.2826
vn -0.6208 0.7331 0.2778
vn 0.4146 -0.7528 0.5113
vn 0.4129 -0.7541 0.5107
vn 0.4141 -0.7537 0.5104
vn 0.5488 -0.0269 -0.8355
vn 0.5454 -0.0259 -0.8378
vn 0.5472 -0.0252 -0.8366
vn -0.6283 0.7646 0.1437
vn -0.6356 0.7592 0.1402
vn -0.6351 0.7585 0.1462
vn 0.5810 -0.0428 -0.8127
vn 0.5796 -0.0467 -0.8136
vn 0.5787 -0.0452 -0.8143
vn -0.7107 0.7009 0.0604
vn -0.7096 0.7023 0.0561
vn -0.7084 0.7042 0.0474
vn 0.1764 -0.6022 0.7786
vn 0.1738 -0.6031 0.7785
vn 0.1789 -0.6014 0.7787
vn 0.6557 -0.2039 -0.7270
vn 0.6522 -0.1997 -0.7313
vn 0.6552 -0.1981 -0.7290
vn -0.6188 0.7843 0.0439
vn -0.6124 0.7895 0.0406
vn -0.6216 0.7825 0.0352
vn -0.7255 0.6802 0.1047
vn -0.7278 0.6774 0.1068
vn -0.7289 0.6756 0.1105
vn 0.7515 -0.5191 -0.4071
vn 0.7466 -0.5210 -0.4137
vn 0.7523 -0.5143 -0.4118
vn 0.2786 -0.6776 0.6807
vn 0.2766 -0.6809 0.6781
vn 0.2807 -0.6780 0.6794
vn -0.7116 0.6930 0.1155
vn -0.7168 0.6890 0.1072
vn -0.7151 0.6890 0.1181
vn 0.1102 -0.5109 0.8526
vn 0.1014 -0.5101 0.8541
vn 0.1032 -0.5155 0.8506
vn -0.6513 0.7068 0.2761
vn -0.6578 0.7010 0.2755
vn -0.6571 0.7023 0.2740
vn -0.6903 0.7235 -0.0062
vn -0.6930 0.7209 -0.0073
vn -0.6901 0.7237 -0.0017
vn -0.4986 0.8431 -0.2015
vn -0.5418 0.8359 -0.0880
vn 0.6647 -0.7457 -0.0459
vn 0.6616 -0.7485 -0.0448
vn 0.6622 -0.7476 -0.0515
vn 0.7528 -0.5143 -0.4109
vn 0.7505 -0.5193 -0.4088
vn 0.7485 -0.5163 -0.4163
vn 0.6123 -0.7754 0.1542
vn 0.6092 -0.7779 0.1540
vn 0.6090 -0.7788 0.1502
vn -0.0060 -0.2972 0.9548
vn -0.0061 -0.2997 0.9540
vn -0.0027 -0.3042 0.9526
vn -0.3703 0.8609 -0.3488
vn -0.3714 0.8613 -0.3467
vn -0.3704 0.8623 -0.3454
vn -0.3817 0.8850 -0.2667
vn -0.3818 0.8838 -0.2706
vn -0.3834 0.8821 -0.2736
vn 0.3508 0.5532 -0.7556
vn 0.3439 0.5564 -0.7564
vn 0.3513 0.5571 -0.7525
vn 0.0367 -0.3424 0.9389
vn 0.0289 -0.3394 0.9402
vn 0.0294 -0.3475 0.9372
vn 0.4779 0.2994 -0.8258
vn 0.4716 0.2948 -0.8311
vn 0.4716 0.3010 -0.8289
vn -0.5391 0.8374 -0.0899
vn -0.5374 0.8392 -0.0839
vn -0.5322 0.8418 -0.0905
vn -0.5192 0.8523 0.0630
vn -0.5214 0.8516 0.0538
vn -0.5246 0.8490 0.0632
vn 0.4180 0.4125 -0.8094
vn 0.4218 0.4080 -0.8097
vn 0.4212 0.4105 -0.8087
vn 0.2947 0.6373 -0.7120
vn 0.2915 0.6364 -0.7141
vn 0.2968 0.6394 -0.7093
vn -0.0043 -0.2404 0.9707
vn -0.5222 0.8513 0.0515
vn -0.5200 0.8522 0.0569
vn -0.5213 0.8515 0.0570
vn -0.6078 0.7883 0.0953
vn -0.6116 0.7861 0.0895
vn -0.6113 0.7857 0.0947
vn 0.5893 -0.7299 0.3464
vn 0.5843 -0.7348 0.3445
vn 0.5888 -0.7321 0.3427
vn -0.0623 -0.1308 0.9894
vn -0.0716 -0.1324 0.9886
vn -0.0658 -0.1362 0.9885
vn 0.4226 0.4329 -0.7962
vn 0.4161 0.4292 -0.8016
vn 0.4216 0.4294 -0.7987
vn 0.6360 -0.7527 0.1703
vn 0.6341 -0.7532 0.1750
vn 0.6340 -0.7541 0.1715
vn 0.3512 0.5776 -0.7369
vn 0.3459 0.5729 -0.7430
vn 0.3439 0.5797 -0.7387
vn -0.1168 -0.0185 0.9930
vn -0.1076 -0.0168 0.9941
vn -0.1121 -0.0121 0.9936
vn 0.7569 -0.5951 -0.2702
vn 0.7563 -0.5959 -0.2701
vn 0.7569 -0.5943 -0.2719
vn 0.1811 0.7500 -0.6361
vn 0.1774 0.7466 -0.6412
vn 0.1811 0.7481 -0.6384
vn -0.5297 0.7833 0.3252
vn -0.5345 0.7769 0.3329
vn -0.5380 0.7753 0.3308
vn 0.2875 0.6649 -0.6894
vn 0.2835 0.6602 -0.6955
vn 0.2803 0.6665 -0.6908
vn -0.1976 0.1599 0.9672
vn -0.2055 0.1583 0.9658
vn -0.1965 0.1584 0.9676
vn 0.0206 0.8343 -0.5509
vn 0.0138 0.8334 -0.5525
vn 0.0150 0.8384 -0.5449
vn -0.5102 0.5803 0.6347
vn -0.5097 0.5786 0.6367
vn -0.5083 0.5810 0.6357
vn 0.3649 -0.6102 0.7033
vn 0.3700 -0.6085 0.7020
vn 0.3713 -0.6046 0.7047
vn -0.0968 0.8914 -0.4427
vn -0.0964 0.8872 -0.4512
vn -0.0987 0.8884 -0.4483
vn -0.1971 0.9092 -0.3668
vn -0.6726 0.7133 0.1971
vn -0.3118 0.9222 -0.2289
vn -0.3142 0.9202 -0.2335
vn -0.3131 0.9218 -0.2284
vn 0.2677 -0.4927 0.8280
vn 0.2670 -0.4984 0.8248
vn 0.2738 -0.4980 0.8228
vn 0.6708 0.0628 -0.7390
vn 0.6667 0.0597 -0.7430
vn 0.6725 0.0620 -0.7375
vn -0.0807 -0.0584 0.9950
vn -0.0785 -0.0646 0.9948
vn -0.0710 -0.0578 0.9958
vn 0.4914 -0.6911 0.5301
vn 0.4895 -0.6953 0.5262
vn 0.4942 -0.6922 0.5260
vn -0.6238 0.7780 0.0752
vn 0.7783 -0.3265 -0.5363
vn 0.7775 -0.3305 -0.5351
vn 0.7757 -0.3313 -0.5372
vn 0.6700 0.1486 -0.7273
vn 0.6718 0.1365 -0.7280
vn 0.6669 0.1405 -0.7318
vn -0.1128 0.0558 0.9920
vn -0.1205 0.0553 0.9912
vn -0.1174 0.0499 0.9918
vn -0.5212 0.6720 0.5261
vn -0.5244 0.6657 0.5309
vn -0.5222 0.6645 0.5346
vn 0.7548 -0.6331 -0.1716
vn 0.7500 -0.6379 -0.1751
vn 0.7532 -0.6326 -0.1803
vn -0.5242 0.7692 0.3656
vn -0.5269 0.7660 0.3683
vn -0.5243 0.7680 0.3678
vn -0.5138 0.8575 0.0255
vn -0.5152 0.8565 0.0304
vn -0.5222 0.8525 0.0251
vn -0.5536 0.8001 0.2310
vn -0.5516 0.8027 0.2268
vn -0.5554 0.7999 0.2273
vn -0.5576 0.7782 0.2890
vn -0.5653 0.7730 0.2878
vn -0.5649 0.7720 0.2913
vn -0.5033 0.8563 0.1158
vn -0.5049 0.8556 0.1145
vn -0.5045 0.8555 0.1166
vn 0.7734 -0.5909 -0.2294
vn 0.7729 -0.5901 -0.2332
vn 0.7744 -0.5889 -0.2313
vn -0.4788 0.5667 0.6706
vn -0.4798 0.5635 0.6725
vn -0.4745 0.5607 0.6786
vn 0.2551 -0.4256 0.8682
vn 0.2557 -0.4184 0.8715
vn 0.2497 -0.4229 0.8711
vn -0.5028 0.8574 0.1094
vn -0.5037 0.8564 0.1135
vn -0.5029 0.8577 0.1070
vn -0.3599 0.4170 0.8346
vn -0.3607 0.4178 0.8339
vn -0.3604 0.4159 0.8350
vn 0.7044 -0.7098 -0.0090
vn 0.7107 -0.7035 -0.0039
vn 0.7051 -0.7091 -0.0002
vn -0.5546 0.7374 0.3856
vn -0.4143 0.4478 0.7924
vn -0.0958 0.8890 -0.4478
vn -0.0956 0.8865 -0.4527
vn -0.0981 0.8860 -0.4532
vn -0.1969 0.9232 -0.3301
vn -0.2042 0.9190 -0.3373
vn -0.2076 0.9206 -0.3308
vn -0.4875 0.7670 0.4172
vn -0.4928 0.7640 0.4164
vn -0.4911 0.7622 0.4217
vn 0.4950 -0.6502 0.5764
vn 0.4976 -0.6515 0.5727
vn 0.5027 -0.6473 0.5730
vn -0.2903 0.2916 0.9114
vn -0.4629 0.8823 -0.0847
vn -0.4548 0.8864 -0.0864
vn -0.4596 0.8837 -0.0889
vn 0.2569 -0.4214 0.8697
vn 0.2533 -0.4226 0.8702
vn 0.2511 -0.4261 0.8691
vn -0.5347 0.7302 0.4253
vn -0.5361 0.7290 0.4256
vn -0.5377 0.7274 0.4264
vn -0.4005 0.9142 -0.0613
vn -0.4026 0.9131 -0.0645
vn -0.4039 0.9130 -0.0579
vn 0.7183 -0.6788 0.1528
vn 0.7116 -0.6854 0.1547
vn 0.7157 -0.6808 0.1558
vn -0.5330 0.7343 0.4204
vn -0.5350 0.7334 0.4194
vn -0.5348 0.7328 0.4208
vn 0.3813 -0.5607 0.7350
vn 0.3779 -0.5623 0.7356
vn 0.3789 -0.5640 0.7337
vn 0.1597 0.7899 -0.5921
vn 0.1539 0.7844 -0.6008
vn 0.1573 0.7827 -0.6022
vn 0.7807 -0.6212 -0.0681
vn 0.7831 -0.6181 -0.0692
vn 0.7840 -0.6172 -0.0657
vn 0.2188 -0.2966 0.9296
vn 0.2265 -0.2933 0.9288
vn 0.2255 -0.2930 0.9291
vn 0.6138 -0.6771 0.4060
vn 0.6147 -0.6786 0.4020
vn 0.6156 -0.6757 0.4055
vn -0.5874 0.7729 0.2400
vn 0.6668 0.1414 -0.7317
vn 0.6673 0.1446 -0.7306
vn -0.3133 0.9434 -0.1090
vn -0.3182 0.9412 -0.1139
vn -0.3162 0.9426 -0.1072
vn -0.3873 0.9135 -0.1243
vn -0.3842 0.9152 -0.1216
vn -0.3855 0.9142 -0.1253
vn 0.7456 -0.1175 -0.6560
vn 0.7463 -0.1243 -0.6539
vn 0.7417 -0.1227 -0.6595
vn 0.8174 -0.4045 -0.4103
vn 0.8181 -0.4101 -0.4030
vn 0.8182 -0.4032 -0.4099
vn 0.8096 -0.2565 -0.5280
vn 0.8058 -0.2594 -0.5323
vn 0.8060 -0.2547 -0.5343
vn -0.2134 0.2405 0.9469
vn -0.2184 0.2403 0.9458
vn -0.2165 0.2288 0.9491
vn -0.4803 0.7374 0.4749
vn -0.4815 0.7340 0.4790
vn -0.4746 0.7379 0.4799
vn 0.1826 -0.1671 0.9689
vn 0.1911 -0.1687 0.9670
vn 0.1913 -0.1618 0.9681
vn -0.3887 0.9142 -0.1143
vn -0.3907 0.9130 -0.1174
vn -0.3910 0.9132 -0.1149
vn -0.4735 0.8609 0.1862
vn -0.4736 0.8594 0.1928
vn -0.4732 0.8595 0.1934
vn -0.4564 0.8748 0.1625
vn -0.4539 0.8765 0.1605
vn -0.4544 0.8766 0.1584
vn 0.7574 -0.0771 -0.6484
vn 0.7581 -0.0736 -0.6480
vn 0.7550 -0.0752 -0.6514
vn -0.3795 0.8842 0.2723
vn -0.3792 0.8818 0.2803
vn -0.3796 0.8822 0.2785
vn -0.2064 0.2476 0.9466
vn -0.2025 0.2425 0.9488
vn -0.1974 0.2414 0.9502
vn 0.5851 0.4404 -0.6810
vn 0.5768 0.4424 -0.6867
vn 0.5814 0.4468 -0.6800
vn -0.3364 0.9388 -0.0743
vn -0.3387 0.9375 -0.0801
vn -0.3429 0.9364 -0.0746
vn -0.5012 0.8625 0.0699
vn 0.8017 -0.5952 -0.0551
vn 0.7988 -0.5987 -0.0580
vn 0.7999 -0.5969 -0.0624
vn 0.7403 -0.6517 0.1649
vn 0.7362 -0.6547 0.1715
vn 0.7355 -0.6562 0.1685
vn 0.8503 -0.2141 -0.4807
vn 0.8519 -0.2069 -0.4812
vn 0.8528 -0.2120 -0.4773
vn 0.1946 0.8081 -0.5559
vn 0.1923 0.8053 -0.5608
vn 0.2004 0.8060 -0.5569
vn 0.6347 0.3101 -0.7078
vn 0.6295 0.3167 -0.7095
vn 0.6333 0.3148 -0.7070
vn 0.6394 0.3273 -0.6957
vn 0.6341 0.3251 -0.7015
vn 0.6327 0.3316 -0.6998
vn 0.2223 -0.2879 0.9315
vn 0.2236 -0.2928 0.9297
vn 0.2305 -0.2884 0.9293
vn -0.3945 0.9032 0.1689
vn -0.3941 0.9034 0.1692
vn -0.3937 0.9033 0.1706
vn 0.4809 0.5799 -0.6576
vn 0.4715 0.5820 -0.6625
vn 0.4769 0.5851 -0.6560
vn -0.3423 0.6618 0.6669
vn -0.3379 0.6610 0.6700
vn -0.3418 0.6641 0.6650
vn 0.6133 0.4018 -0.6800
vn 0.6129 0.3985 -0.6823
vn 0.6101 0.4020 -0.6828
vn -0.3962 0.7179 0.5724
vn -0.3939 0.7202 0.5711
vn -0.3964 0.7181 0.5720
vn 0.4373 -0.3911 0.8098
vn 0.4264 -0.3947 0.8139
vn 0.4359 -0.3954 0.8085
vn -0.3573 0.8815 0.3086
vn -0.3566 0.8789 0.3168
vn -0.3563 0.8827 0.3063
vn 0.8240 -0.5640 0.0544
vn 0.8493 -0.2051 -0.4865
vn 0.8464 -0.2104 -0.4892
vn 0.8450 -0.2059 -0.4935
vn 0.4452 -0.4803 0.7557
vn 0.4478 -0.4797 0.7545
vn 0.4465 -0.4775 0.7567
vn 0.1086 -0.0592 0.9923
vn 0.1002 -0.0574 0.9933
vn 0.1071 -0.0600 0.9924
vn 0.1937 -0.1502 0.9695
vn 0.1890 -0.1536 0.9699
vn 0.1919 -0.1491 0.9700
vn -0.1184 0.9654 -0.2324
vn -0.1218 0.9659 -0.2284
vn -0.1232 0.9659 -0.2276
vn -0.3511 0.8712 0.3431
vn -0.3571 0.8716 0.3359
vn -0.3629 0.8667 0.3424
vn 0.8650 -0.4719 -0.1708
vn 0.8642 -0.4709 -0.1771
vn 0.8668 -0.4676 -0.1734
vn -0.3591 0.9321 -0.0474
vn -0.3584 0.9322 -0.0500
vn -0.3550 0.9336 -0.0494
vn 0.5771 -0.5716 0.5833
vn 0.5724 -0.5689 0.5905
vn 0.5678 -0.5765 0.5875
vn 0.0352 0.1142 0.9928
vn 0.0276 0.1210 0.9923
vn 0.0291 0.1152 0.9929
vn 0.7945 -0.0512 -0.6051
vn 0.8742 -0.3505 -0.3360
vn 0.7594 -0.6065 0.2355
vn 0.7595 -0.6077 0.2320
vn 0.7612 -0.6058 0.2314
vn 0.4522 0.6563 -0.6040
vn 0.4555 0.6567 -0.6011
vn 0.4528 0.6531 -0.6069
vn -0.2063 0.9243 0.3212
vn 0.8576 -0.4842 -0.1735
vn 0.8586 -0.4815 -0.1760
vn 0.8400 -0.5379 0.0714
vn 0.8384 -0.5408 0.0677
vn 0.8379 -0.5420 0.0646
vn 0.7428 -0.5802 0.3341
vn 0.7424 -0.5814 0.3330
vn 0.7439 -0.5794 0.3329
vn 0.1098 0.9398 -0.3236
vn 0.1121 0.9407 -0.3201
vn 0.1065 0.9421 -0.3180
vn 0.6729 -0.6107 0.4175
vn 0.6708 -0.6140 0.4160
vn 0.6730 -0.6119 0.4155
vn 0.8778 -0.3360 -0.3414
vn 0.8770 -0.3403 -0.3391
vn 0.5567 0.5042 -0.6602
vn 0.5522 0.4994 -0.6676
vn 0.5540 0.4994 -0.6661
vn 0.6765 -0.5839 0.4488
vn 0.6745 -0.5867 0.4483
vn 0.6744 -0.5878 0.4468
vn 0.8010 0.1791 -0.5712
vn 0.8002 0.1820 -0.5714
vn -0.3146 0.9488 -0.0298
vn -0.1613 0.5379 0.8274
vn -0.1639 0.5304 0.8317
vn -0.1549 0.5359 0.8299
vn 0.8921 -0.3769 -0.2492
vn 0.8919 -0.3760 -0.2514
vn 0.0318 0.1971 0.9799
vn 0.0303 0.1929 0.9808
vn 0.0340 0.1979 0.9796
vn 0.3936 0.8014 -0.4504
vn 0.3963 0.7976 -0.4547
vn 0.3904 0.7984 -0.4584
vn -0.3607 0.8871 0.2879
vn -0.3599 0.8862 0.2917
vn -0.3574 0.8867 0.2933
vn -0.2673 0.6401 0.7203
vn -0.2679 0.6412 0.7190
vn -0.2656 0.6393 0.7216
vn 0.8317 0.0697 -0.5509
vn 0.8281 0.0686 -0.5563
vn 0.8249 0.0724 -0.5607
vn -0.4023 0.8200 0.4070
vn -0.4058 0.8228 0.3979
vn -0.3993 0.8213 0.4075
vn -0.0039 0.9705 -0.2412
vn 0.0001 0.9703 -0.2421
vn 0.0026 0.9694 -0.2454
vn -0.2832 0.8167 0.5028
vn -0.2794 0.8173 0.5040
vn -0.2869 0.8162 0.5014
vn 0.8036 0.1776 -0.5680
vn -0.2467 0.9631 0.1073
vn -0.2505 0.9625 0.1040
vn -0.2515 0.9618 0.1081
vn 0.5663 -0.5129 0.6452
vn 0.5689 -0.5160 0.6404
vn 0.5758 -0.5075 0.6410
vn -0.3334 0.8758 0.3490
vn -0.3295 0.8782 0.3467
vn -0.3316 0.8781 0.3448
vn -0.0299 0.4062 0.9133
vn -0.0349 0.4082 0.9122
vn -0.0379 0.4038 0.9141
vn 0.2233 0.8998 -0.3748
vn 0.2237 0.8991 -0.3762
vn 0.2215 0.9014 -0.3720
vn -0.3726 0.8438 0.3861
vn -0.3802 0.8413 0.3843
vn -0.3707 0.8428 0.3902
vn -0.3794 0.9062 0.1867
vn 0.1753 0.9251 -0.3368
vn 0.1742 0.9229 -0.3434
vn 0.1748 0.9239 -0.3403
vn -0.3221 0.9428 0.0857
vn 0.7253 0.3086 -0.6153
vn 0.7292 0.3056 -0.6123
vn 0.7327 0.3045 -0.6086
vn 0.0563 0.2540 0.9656
vn 0.0542 0.2496 0.9668
vn 0.0622 0.2523 0.9657
vn 0.0903 0.0443 0.9949
vn 0.0915 0.0496 0.9946
vn 0.0854 0.0493 0.9951
vn 0.4137 0.7828 -0.4648
vn 0.4094 0.7869 -0.4617
vn 0.4116 0.7845 -0.4639
vn 0.2553 -0.1217 0.9592
vn 0.2533 -0.1225 0.9596
vn 0.2570 -0.1193 0.9590
vn -0.2428 0.9645 0.1041
vn -0.2463 0.9643 0.0976
vn -0.2501 0.9629 0.1016
vn -0.4499 0.8380 0.3088
vn -0.1255 0.5149 0.8480
vn -0.1188 0.5213 0.8451
vn -0.1238 0.5142 0.8487
vn 0.0141 0.3859 0.9224
vn 0.0047 0.3837 0.9234
vn 0.0081 0.3836 0.9235
vn 0.9112 -0.4088 -0.0513
vn 0.9119 -0.4078 -0.0470
vn 0.9128 -0.4044 -0.0573
vn 0.4618 0.6830 -0.5659
vn 0.4640 0.6785 -0.5695
vn -0.2226 0.8595 0.4600
vn -0.2224 0.8580 0.4630
vn -0.2219 0.8585 0.4624
vn 0.9095 -0.1146 -0.3996
vn 0.9054 -0.1154 -0.4086
vn 0.9058 -0.1130 -0.4083
vn 0.8577 -0.4747 0.1974
vn 0.8548 -0.4790 0.1995
vn 0.8560 -0.4776 0.1977
vn 0.3235 0.8583 -0.3984
vn 0.3264 0.8579 -0.3968
vn -0.2402 0.9643 0.1113
vn -0.2469 0.9639 0.0997
vn -0.2448 0.9632 0.1111
vn -0.1841 0.8572 0.4810
vn 0.7268 -0.4771 0.4942
vn 0.7291 -0.4803 0.4875
vn 0.7339 -0.4757 0.4849
vn 0.7565 0.3745 -0.5361
vn 0.7518 0.3731 -0.5437
vn 0.7488 0.3806 -0.5426
vn 0.7347 0.4008 -0.5473
vn 0.7374 0.3960 -0.5472
vn 0.7340 0.3979 -0.5505
vn 0.3637 -0.1089 0.9251
vn 0.3602 -0.1126 0.9260
vn 0.3631 -0.1173 0.9243
vn -0.3927 0.8989 0.1943
vn 0.4731 -0.2882 0.8325
vn 0.4751 -0.2877 0.8316
vn 0.4769 -0.2895 0.8299
vn -0.1857 0.9670 0.1745
vn -0.1793 0.9686 0.1721
vn -0.1864 0.9669 0.1742
vn 0.9355 -0.1814 -0.3032
vn 0.9342 -0.1926 -0.3003
vn 0.9323 -0.1918 -0.3065
vn 0.6417 -0.4106 0.6477
vn 0.6399 -0.4159 0.6462
vn 0.6375 -0.4191 0.6465
vn 0.2092 0.1283 0.9694
vn 0.2067 0.1218 0.9708
vn 0.8793 -0.4211 0.2226
vn 0.8790 -0.4197 0.2261
vn 0.8767 -0.4246 0.2260
vn 0.1778 0.2338 0.9559
vn 0.1741 0.2331 0.9567
vn 0.1645 0.2403 0.9567
vn 0.4557 -0.2353 0.8585
vn 0.4503 -0.2415 0.8596
vn 0.4572 -0.2421 0.8558
vn 0.6375 0.5661 -0.5227
vn 0.6369 0.5673 -0.5221
vn 0.6373 0.5667 -0.5222
vn 0.9007 0.0469 -0.4320
vn 0.8976 0.0463 -0.4385
vn 0.8994 0.0534 -0.4339
vn 0.9141 -0.0027 -0.4055
vn 0.9126 -0.0032 -0.4089
vn 0.9111 0.0012 -0.4121
vn 0.0663 0.9974 -0.0287
vn 0.0665 0.9973 -0.0303
vn 0.0671 0.9975 -0.0243
vn -0.1569 0.9776 0.1405
vn -0.1544 0.9781 0.1395
vn -0.1553 0.9779 0.1398
vn 0.6494 -0.3635 0.6679
vn 0.6440 -0.3642 0.6728
vn 0.6465 -0.3682 0.6681
vn 0.6894 0.5209 -0.5033
vn 0.6903 0.5250 -0.4979
vn 0.6853 0.5272 -0.5024
vn 0.5931 0.6384 -0.4906
vn 0.5953 0.6348 -0.4926
vn 0.5922 0.6354 -0.4955
vn 0.7820 -0.4193 0.4612
vn 0.7803 -0.4222 0.4614
vn 0.7862 -0.4187 0.4546
vn -0.2575 0.8830 0.3924
vn -0.2635 0.8821 0.3905
vn -0.2588 0.8806 0.3970
vn 0.9524 -0.3046 -0.0116
vn 0.9521 -0.3056 -0.0111
vn 0.9529 -0.3031 -0.0126
vn 0.4624 -0.1988 0.8641
vn 0.4560 -0.1980 0.8677
vn 0.4635 -0.2025 0.8626
vn -0.0266 0.9987 0.0437
vn -0.0278 0.9987 0.0425
vn -0.0191 0.9987 0.0467
vn 0.8310 0.2216 -0.5103
vn 0.8757 -0.3913 0.2831
vn 0.8743 -0.3946 0.2828
vn 0.8764 -0.3926 0.2789
vn -0.0642 0.7719 0.6325
vn -0.0620 0.7677 0.6378
vn -0.0626 0.7680 0.6374
vn 0.8127 -0.4510 0.3689
vn 0.8126 -0.4553 0.3640
vn 0.8168 -0.4482 0.3632
vn 0.3188 0.0591 0.9460
vn 0.3131 0.0584 0.9479
vn 0.3154 0.0557 0.9473
vn 0.9502 -0.2707 -0.1542
vn 0.9492 -0.2772 -0.1490
vn 0.9483 -0.2768 -0.1554
vn 0.5833 -0.2899 0.7588
vn 0.5811 -0.2889 0.7608
vn 0.9014 0.1322 -0.4123
vn 0.9021 0.1215 -0.4140
vn 0.9004 0.1282 -0.4156
vn 0.9520 -0.1703 -0.2543
vn 0.9509 -0.1656 -0.2614
vn 0.9525 -0.1611 -0.2583
vn 0.8278 0.3268 -0.4561
vn 0.8255 0.3337 -0.4551
vn 0.8281 0.3329 -0.4510
vn -0.2253 0.8990 0.3755
vn -0.2224 0.8967 0.3826
vn -0.2248 0.8971 0.3803
vn 0.5981 0.6568 -0.4592
vn 0.5971 0.6569 -0.4604
vn 0.5968 0.6602 -0.4560
vn 0.1562 0.9872 -0.0309
vn 0.1549 0.9873 -0.0358
vn 0.1595 0.9867 -0.0322
vn -0.1872 0.9511 0.2456
vn -0.1914 0.9481 0.2541
vn -0.1867 0.9500 0.2503
vn 0.5056 -0.0937 0.8577
vn 0.5064 -0.0972 0.8568
vn 0.0829 0.4065 0.9099
vn 0.0727 0.3989 0.9141
vn 0.0849 0.3990 0.9130
vn 0.9623 -0.2141 -0.1677
vn 0.9609 -0.2170 -0.1719
vn 0.9602 -0.2171 -0.1756
vn 0.9706 -0.0667 -0.2314
vn 0.9677 -0.0713 -0.2418
vn 0.9685 -0.0636 -0.2408
vn -0.0294 0.7577 0.6519
vn -0.0334 0.7595 0.6496
vn -0.0329 0.7526 0.6577
vn -0.1413 0.9146 0.3788
vn -0.1480 0.9179 0.3681
vn -0.1470 0.9154 0.3748
vn -0.1233 0.9064 0.4041
vn -0.1234 0.9068 0.4030
vn -0.1288 0.9058 0.4037
vn -0.0556 0.9761 0.2101
vn -0.0521 0.9774 0.2051
vn -0.0533 0.9752 0.2147
vn 0.5208 0.7582 -0.3922
vn 0.5258 0.7524 -0.3967
vn 0.5178 0.7580 -0.3967
vn -0.1941 0.9540 0.2286
vn -0.1919 0.9535 0.2326
vn 0.2126 0.3014 0.9295
vn 0.2192 0.2938 0.9304
vn 0.2179 0.2934 0.9308
vn -0.0073 0.9814 0.1919
vn -0.0085 0.9811 0.1935
vn -0.0049 0.9821 0.1881
vn 0.9457 -0.3216 -0.0475
vn 0.9438 -0.3277 -0.0438
vn 0.9451 -0.3229 -0.0500
vn 0.9346 -0.3423 0.0970
vn 0.9336 -0.3452 0.0964
vn 0.9327 -0.3475 0.0966
vn 0.4238 -0.0451 0.9046
vn 0.4214 -0.0534 0.9053
vn 0.4288 -0.0513 0.9019
vn 0.3228 0.9416 -0.0959
vn 0.3191 0.9428 -0.0960
vn 0.3202 0.9425 -0.0957
vn 0.3892 0.0488 0.9199
vn 0.3899 0.0521 0.9194
vn 0.3863 0.0509 0.9210
vn -0.1239 0.9756 0.1815
vn -0.1271 0.9751 0.1815
vn -0.1291 0.9744 0.1841
vn 0.7933 -0.3516 0.4971
vn 0.7960 -0.3450 0.4974
vn 0.7998 -0.3470 0.4898
vn 0.7135 -0.2950 0.6356
vn 0.9541 0.0317 -0.2979
vn 0.9548 0.0333 -0.2953
vn 0.9545 0.0289 -0.2968
vn -0.1367 0.9167 0.3756
vn -0.1401 0.9153 0.3777
vn -0.1367 0.9157 0.3780
vn 0.0611 0.6739 0.7363
vn 0.0582 0.6763 0.7343
vn 0.0622 0.6773 0.7331
vn 0.9336 0.1820 -0.3088
vn 0.9355 0.1814 -0.3034
vn 0.2734 0.3199 0.9071
vn 0.2752 0.3120 0.9093
vn 0.2723 0.3223 0.9066
vn 0.1003 0.6567 0.7475
vn 0.1009 0.6601 0.7444
vn 0.0981 0.6557 0.7487
vn 0.9543 0.1211 -0.2734
vn 0.8447 0.3505 -0.4045
vn 0.8460 0.3514 -0.4010
vn 0.5503 -0.0635 0.8326
vn 0.5482 -0.0609 0.8341
vn 0.5532 -0.0642 0.8306
vn -0.0706 0.9691 0.2364
vn -0.0589 0.9673 0.2466
vn -0.0640 0.9695 0.2364
vn -0.0058 0.9001 0.4356
vn -0.0076 0.9015 0.4327
vn -0.0014 0.9015 0.4328
vn 0.5798 0.7788 -0.2395
vn 0.5758 0.7811 -0.2417
vn 0.5735 0.7841 -0.2375
vn 0.3413 0.9323 -0.1200
vn 0.3422 0.9325 -0.1154
vn 0.3420 0.9318 -0.1213
vn -0.0636 0.9092 0.4115
vn -0.0664 0.9071 0.4156
vn -0.0592 0.9073 0.4162
vn 0.4338 0.8880 -0.1525
vn 0.2288 0.5398 0.8101
vn 0.6605 -0.1153 0.7420
vn 0.6570 -0.1127 0.7454
vn 0.6585 -0.1167 0.7435
vn 0.7674 0.5353 -0.3529
vn 0.7710 0.5312 -0.3513
vn 0.7678 0.5380 -0.3479
vn 0.7462 0.5793 -0.3279
vn 0.7414 0.5812 -0.3354
vn 0.7408 0.5850 -0.3301
vn 0.2262 0.5557 0.8000
vn 0.2172 0.5572 0.8014
vn 0.2220 0.5511 0.8043
vn 0.4274 0.0969 0.8989
vn 0.4195 0.0991 0.9023
vn 0.4294 0.0931 0.8983
vn 0.0674 0.9163 0.3949
vn 0.0683 0.9161 0.3951
vn 0.0675 0.9159 0.3957
vn -0.0075 0.9746 0.2238
vn -0.0055 0.9751 0.2218
vn -0.0093 0.9753 0.2207
vn 0.9920 0.0004 -0.1264
vn 0.9911 -0.0022 -0.1330
vn 0.9914 0.0015 -0.1305
vn 0.1073 0.9754 0.1927
vn 0.1181 0.9737 0.1951
vn 0.1105 0.9727 0.2042
vn 0.9967 -0.0496 -0.0650
vn 0.9966 -0.0503 -0.0660
vn 0.9966 -0.0456 -0.0690
vn 0.7330 -0.1815 0.6556
vn 0.7285 -0.1752 0.6623
vn 0.7348 -0.1747 0.6554
vn 0.5598 0.0043 0.8286
vn 0.5534 0.0062 0.8329
vn 0.5580 -0.0011 0.8299
vn 0.1749 0.9682 0.1788
vn 0.1702 0.9695 0.1762
vn 0.1700 0.9697 0.1754
vn 0.8420 -0.2162 0.4943
vn 0.8434 -0.2172 0.4914
vn 0.8455 -0.2135 0.4894
vn 0.0731 0.8628 0.5003
vn 0.0690 0.8605 0.5048
vn 0.0754 0.8636 0.4985
vn 0.4317 0.2020 0.8791
vn 0.4224 0.2067 0.8825
vn 0.4239 0.1979 0.8838
vn 0.3150 0.4727 0.8230
vn 0.3086 0.4755 0.8238
vn 0.3097 0.4676 0.8279
vn 0.8252 0.4528 -0.3376
vn 0.8245 0.4476 -0.3463
vn 0.8199 0.4543 -0.3484
vn 0.5648 0.8017 -0.1957
vn 0.5596 0.8063 -0.1916
vn 0.5677 0.8016 -0.1875
vn 0.4941 0.8563 -0.1503
vn 0.4957 0.8542 -0.1568
vn 0.4911 0.8567 -0.1579
vn 0.0337 0.9802 0.1950
vn 0.0339 0.9790 0.2012
vn 0.0338 0.9790 0.2011
vn 0.9053 0.2919 -0.3085
vn 0.9061 0.2851 -0.3126
vn 0.9026 0.2917 -0.3166
vn 0.6685 -0.1123 0.7351
vn 0.6716 -0.1138 0.7321
vn 0.6701 -0.1123 0.7337
vn 0.9300 0.2314 -0.2856
vn 0.9278 0.2268 -0.2962
vn 0.9272 0.2345 -0.2919
vn 0.9711 -0.1625 0.1746
vn 0.9736 -0.1538 0.1689
vn 0.9716 -0.1593 0.1753
vn 0.9966 -0.0171 -0.0810
vn 0.9963 -0.0223 -0.0832
vn 0.9959 -0.0197 -0.0878
vn 0.9175 -0.1922 0.3482
vn 0.9167 -0.1924 0.3502
vn 0.8547 -0.2009 0.4788
vn 0.8527 -0.2078 0.4794
vn 0.8563 -0.2049 0.4741
vn 0.9780 0.0993 -0.1836
vn 0.9788 0.0953 -0.1813
vn 0.7325 0.6148 -0.2924
vn 0.7320 0.6145 -0.2943
vn 0.7291 0.6167 -0.2969
vn 0.7716 -0.1627 0.6149
vn 0.7762 -0.1594 0.6100
vn 0.7689 -0.1608 0.6189
vn 0.0317 0.9145 0.4033
vn 0.0315 0.9130 0.4068
vn 0.0377 0.9116 0.4093
vn 0.9936 -0.1025 0.0473
vn 0.4512 0.2215 0.8645
vn 0.4502 0.2172 0.8661
vn 0.4515 0.2280 0.8626
vn 0.9166 -0.1849 0.3545
vn 0.9157 -0.1877 0.3554
vn 0.9163 -0.1869 0.3543
vn 0.9927 -0.0906 0.0791
vn 0.9931 -0.0901 0.0754
vn 0.9930 -0.0888 0.0777
vn 0.1690 0.8331 0.5266
vn 0.0402 0.9083 0.4163
vn 0.0414 0.9126 0.4068
vn 0.0387 0.9108 0.4111
vn 0.2735 0.9442 0.1834
vn 0.2705 0.9468 0.1744
vn 0.2766 0.9446 0.1767
vn 0.9717 0.1957 -0.1324
vn 0.3851 0.9143 0.1258
vn 0.3809 0.9156 0.1283
vn 0.5956 0.0727 0.8000
vn 0.5962 0.0635 0.8003
vn 0.5947 0.0656 0.8013
vn 0.6937 -0.0502 0.7185
vn 0.6970 -0.0571 0.7148
vn 0.7014 -0.0531 0.7108
vn 0.9074 0.3610 -0.2152
vn 0.9056 0.3615 -0.2218
vn 0.9025 0.3675 -0.2247
vn 0.4659 0.4038 0.7873
vn 0.4628 0.4034 0.7894
vn 0.4630 0.4075 0.7872
vn 0.5602 0.1987 0.8042
vn 0.5609 0.2023 0.8028
vn 0.5572 0.1976 0.8066
vn 0.3962 0.4588 0.7953
vn 0.3964 0.4577 0.7958
vn 0.3960 0.4498 0.8006
vn 0.6401 0.7614 -0.1027
vn 0.6330 0.7664 -0.1091
vn 0.6347 0.7661 -0.1010
vn 0.8770 0.4363 -0.2014
vn 0.8812 0.4261 -0.2046
vn 0.8787 0.4308 -0.2055
vn 0.7875 -0.0057 0.6163
vn 0.7903 -0.0066 0.6126
vn 0.7890 -0.0107 0.6143
vn 0.9546 0.2384 -0.1788
vn 0.9529 0.2383 -0.1878
vn 0.9526 0.2425 -0.1838
vn 0.2623 0.9184 0.2961
vn 0.2586 0.9209 0.2918
vn 0.2559 0.9193 0.2990
vn 0.5495 0.8346 -0.0385
vn 0.9385 0.3145 -0.1425
vn 0.9371 0.3162 -0.1481
vn 0.9358 0.3217 -0.1442
vn 0.2524 0.9213 0.2958
vn 0.2450 0.9236 0.2948
vn 0.2459 0.9215 0.3007
vn 0.2334 0.8800 0.4136
vn 0.2268 0.8790 0.4194
vn 0.2341 0.8763 0.4210
vn 0.6574 0.0909 0.7480
vn 0.6600 0.0909 0.7457
vn 0.6559 0.0934 0.7491
vn 0.2461 0.7707 0.5878
vn 0.2380 0.7776 0.5820
vn 0.2426 0.7749 0.5836
vn 0.5373 0.3989 0.7431
vn 0.5345 0.3928 0.7483
vn 0.5365 0.3948 0.7458
vn 0.9779 0.2071 -0.0300
vn 0.9792 0.2002 -0.0332
vn 0.9778 0.2060 -0.0380
vn 0.3327 0.7281 0.5993
vn 0.3230 0.7254 0.6078
vn 0.3224 0.7278 0.6052
vn 0.5305 0.8382 0.1265
vn 0.5272 0.8405 0.1249
vn 0.5252 0.8416 0.1255
vn 0.2396 0.8751 0.4204
vn 0.2389 0.8762 0.4186
vn 0.2353 0.8735 0.4263
vn 0.9899 0.1418 -0.0006
vn 0.9900 0.1408 -0.0026
vn 0.9891 0.1471 -0.0048
vn 0.7760 0.6257 -0.0796
vn 0.7720 0.6294 -0.0888
vn 0.7697 0.6334 -0.0802
vn 0.8196 0.0577 0.5700
vn 0.8225 0.0557 0.5660
vn 0.8205 0.0585 0.5687
vn 0.7169 0.6946 -0.0601
vn 0.7104 0.7012 -0.0595
vn 0.7139 0.6983 -0.0526
vn 0.9903 0.0436 0.1321
vn 0.9909 0.0519 0.1242
vn 0.9905 0.0467 0.1294
vn 0.9715 0.2357 -0.0236
vn 0.9716 0.2351 -0.0280
vn 0.9711 0.2372 -0.0276
vn 0.6975 0.1837 0.6926
vn 0.6981 0.1778 0.6935
vn 0.7002 0.1813 0.6906
vn 0.3682 0.6809 0.6331
vn 0.3657 0.6793 0.6362
vn 0.3744 0.6781 0.6324
vn 0.8722 0.4811 -0.0884
vn 0.8698 0.4844 -0.0941
vn 0.8706 0.4837 -0.0900
vn 0.9372 0.3452 -0.0503
vn 0.9364 0.3467 -0.0549
vn 0.9356 0.3496 -0.0497
vn 0.9223 0.3847 -0.0382
vn 0.9245 0.3786 -0.0451
vn 0.9218 0.3847 -0.0481
vn 0.6256 0.2867 0.7256
vn 0.6234 0.2825 0.7291
vn 0.6288 0.2826 0.7244
vn 0.8242 0.5626 -0.0649
vn 0.8209 0.5673 -0.0654
vn 0.8196 0.5695 -0.0626
vn 0.9233 0.0317 0.3827
vn 0.9232 0.0293 0.3832
vn 0.9237 0.0326 0.3817
vn 0.6150 0.3158 0.7225
vn 0.6130 0.3133 0.7253
vn 0.6130 0.3086 0.7273
vn 0.9875 0.0993 0.1222
vn 0.9881 0.0962 0.1202
vn 0.9871 0.0999 0.1248
vn 0.5329 0.8354 0.1346
vn 0.5379 0.8334 0.1274
vn 0.5335 0.8360 0.1283
vn 0.3880 0.8235 0.4139
vn 0.3929 0.8231 0.4100
vn 0.3886 0.8204 0.4194
vn 0.8112 -0.0002 0.5848
vn 0.8125 0.0006 0.5829
vn 0.8091 0.0012 0.5877
vn 0.4629 0.8049 0.3713
vn 0.4559 0.8064 0.3766
vn 0.4618 0.8001 0.3829
vn 0.7779 0.1096 0.6188
vn 0.7734 0.1088 0.6245
vn 0.7745 0.0999 0.6246
vn 0.4082 0.8423 0.3519
vn 0.4012 0.8445 0.3548
vn 0.4093 0.8394 0.3576
vn 0.4685 0.6085 0.6405
vn 0.4226 0.8283 0.3679
vn 0.4171 0.8317 0.3666
vn 0.4156 0.8298 0.3724
vn 0.6979 0.1853 0.6918
vn 0.6949 0.1792 0.6964
vn 0.6993 0.1776 0.6924
vn 0.4731 0.6067 0.6389
vn 0.4669 0.6063 0.6438
vn 0.4743 0.6004 0.6439
vn 0.9457 0.0511 0.3209
vn 0.9070 0.0613 0.4167
vn 0.9060 0.0561 0.4195
vn 0.9082 0.0579 0.4144
vn 0.6799 0.7270 0.0956
vn 0.6802 0.7255 0.1043
vn 0.6814 0.7248 0.1023
vn 0.5115 0.7611 0.3988
vn 0.5127 0.7606 0.3983
vn 0.5141 0.7576 0.4021
vn 0.9739 0.1603 0.1609
vn 0.9751 0.1600 0.1536
vn 0.9740 0.1638 0.1562
vn 0.5250 0.7547 0.3935
vn 0.5239 0.7567 0.3911
vn 0.5227 0.7530 0.3997
vn 0.9576 0.2425 0.1556
vn 0.9593 0.2382 0.1519
vn 0.9572 0.2417 0.1594
vn 0.5452 0.5374 0.6434
vn 0.5484 0.5311 0.6459
vn 0.5519 0.5347 0.6399
vn 0.7204 0.6788 0.1422
vn 0.7249 0.6755 0.1350
vn 0.7208 0.6786 0.1417
vn 0.9439 0.2800 0.1752
vn 0.9457 0.2791 0.1666
vn 0.9437 0.2845 0.1687
vn 0.8864 0.1433 0.4401
vn 0.8827 0.1456 0.4468
vn 0.8863 0.1470 0.4390
vn 0.9066 0.3971 0.1427
vn 0.9080 0.3937 0.1432
vn 0.9074 0.3971 0.1379
vn 0.6503 0.4465 0.6146
vn 0.6526 0.4421 0.6153
vn 0.6552 0.4443 0.6110
vn 0.6056 0.5103 0.6106
vn 0.6010 0.5102 0.6152
vn 0.6080 0.5053 0.6123
vn 0.7946 0.5975 0.1079
vn 0.7931 0.6010 0.0991
vn 0.7898 0.6046 0.1035
vn 0.7705 0.3260 0.5477
vn 0.7687 0.3208 0.5533
vn 0.7732 0.3222 0.5463
vn 0.7436 0.3736 0.5545
vn 0.7503 0.3682 0.5490
vn 0.7506 0.3735 0.5451
vn 0.8321 0.2376 0.5012
vn 0.8305 0.2301 0.5072
vn 0.8345 0.2316 0.4999
vn 0.6139 0.6864 0.3897
vn 0.6137 0.6899 0.3839
vn 0.6104 0.6917 0.3860
vn 0.8246 0.2498 0.5075
vn 0.8264 0.2428 0.5081
vn 0.8283 0.2503 0.5012
vn 0.6826 0.6620 0.3097
vn 0.6819 0.6650 0.3046
vn 0.6779 0.6691 0.3045
vn 0.6440 0.6434 0.4140
vn 0.6418 0.6469 0.4117
vn 0.6395 0.6447 0.4188
vn 0.8715 0.4579 0.1756
vn 0.8753 0.4532 0.1690
vn 0.8747 0.4531 0.1718
vn 0.8944 0.2951 0.3361
vn 0.8948 0.2953 0.3349
vn 0.8601 0.3482 0.3727
vn 0.8603 0.3429 0.3773
vn 0.8599 0.3390 0.3817
vn 0.8560 0.3542 0.3765
vn 0.8567 0.3546 0.3746
vn 0.8564 0.3570 0.3731
vn 0.8357 0.4757 0.2745
vn 0.7679 0.4419 0.4637
vn 0.7693 0.4413 0.4619
vn 0.7724 0.4398 0.4582
vn 0.7346 0.5484 0.3995
vn 0.7348 0.5486 0.3989
vn 0.7367 0.5492 0.3945
vn 0.7652 0.5418 0.3477
vn 0.7659 0.5469 0.3381
vn 0.7626 0.5440 0.3499
vn -0.2245 -0.2993 0.9274
vn -0.2206 -0.3157 0.9229
vn -0.2226 -0.3074 0.9252
vn -0.9465 0.1280 0.2964
vn -0.9486 0.1243 0.2909
vn -0.9477 0.1195 0.2959
vn -0.7391 0.6147 -0.2755
vn -0.7448 0.6121 -0.2657
vn -0.7398 0.6169 -0.2684
vn -0.3352 -0.9252 0.1776
vn -0.3324 -0.9261 0.1784
vn -0.3316 -0.9258 0.1813
vn -0.2512 -0.3415 -0.9057
vn -0.2490 -0.3417 -0.9062
vn -0.2479 -0.3390 -0.9075
vn -0.3123 -0.9292 0.1979
vn -0.1348 -0.7154 -0.6856
vn -0.1386 -0.7102 -0.6902
vn -0.1372 -0.7072 -0.6935
vn -0.7957 0.4499 0.4056
vn -0.7956 0.4524 0.4030
vn -0.7977 0.4501 0.4014
vn -0.4996 -0.6682 0.5513
vn -0.4961 -0.6696 0.5527
vn -0.4979 -0.6682 0.5528
vn -0.4079 0.8953 0.1790
vn -0.4106 0.8955 0.1717
vn -0.4127 0.8918 0.1856
vn 0.3348 -0.8821 -0.3313
vn 0.3360 -0.8833 -0.3268
vn 0.3289 -0.8859 -0.3271
vn -0.4642 0.8624 0.2019
vn 0.4179 -0.8229 -0.3850
vn 0.4124 -0.8244 -0.3878
vn 0.4117 -0.8225 -0.3924
vn -0.0633 -0.1680 -0.9837
vn -0.0645 -0.1708 -0.9832
vn -0.0668 -0.1768 -0.9820
vn 0.2467 -0.9661 -0.0758
vn 0.2420 -0.9672 -0.0769
vn 0.2437 -0.9668 -0.0772
vn 0.3361 -0.9393 -0.0697
vn 0.3332 -0.9401 -0.0714
vn 0.3329 -0.9401 -0.0736
vn -0.4029 0.9039 0.1437
vn -0.4045 0.9027 0.1468
vn -0.4029 0.9045 0.1397
vn -0.0549 -0.0210 -0.9983
vn -0.4584 0.8643 0.2070
vn -0.4572 0.8642 0.2099
vn -0.3672 0.9199 0.1376
vn -0.3684 0.9200 0.1338
vn -0.3667 0.9213 0.1294
vn -0.3735 0.7793 -0.5033
vn -0.3735 0.7791 -0.5034
vn -0.3734 0.7792 -0.5035
vn -0.3929 0.8767 0.2776
vn -0.4008 0.8740 0.2747
vn -0.3966 0.8731 0.2837
vn 0.2865 -0.9353 -0.2078
vn 0.0794 0.0411 -0.9960
vn 0.0794 0.0402 -0.9960
vn 0.0767 0.0395 -0.9963
vn 0.2119 -0.6603 -0.7205
vn -0.3877 -0.5476 0.7415
vn -0.3804 -0.5478 0.7451
vn -0.3842 -0.5473 0.7435
vn -0.4978 -0.0873 0.8629
vn -0.3805 0.7838 0.4907
vn -0.3780 0.7848 0.4912
vn -0.3808 0.7832 0.4916
vn -0.2203 0.9732 -0.0661
vn -0.3971 -0.4565 0.7962
vn -0.3971 -0.4564 0.7963
vn -0.0364 0.5424 -0.8393
vn 0.1318 -0.9908 -0.0294
vn 0.1244 -0.9916 -0.0340
vn 0.1316 -0.9905 -0.0392
vn 0.0795 0.1932 -0.9779
vn 0.0911 0.1956 -0.9764
vn 0.0854 0.1941 -0.9773
vn 0.2387 -0.8487 -0.4720
vn 0.2382 -0.8501 -0.4697
vn 0.2368 -0.8497 -0.4712
vn 0.1967 -0.9279 -0.3167
vn 0.1926 -0.9292 -0.3155
vn 0.1905 -0.9292 -0.3167
vn 0.1794 -0.9743 -0.1359
vn 0.1708 -0.9764 -0.1323
vn 0.1805 -0.9747 -0.1319
vn 0.1939 -0.8953 -0.4009
vn 0.1993 -0.8931 -0.4033
vn 0.1970 -0.8917 -0.4075
vn -0.2643 0.9148 0.3054
vn -0.2707 0.9134 0.3040
vn -0.2659 0.9142 0.3059
vn -0.2593 0.9463 0.1933
vn -0.2679 0.9434 0.1957
vn -0.2650 0.9442 0.1959
vn 0.2709 -0.8076 -0.5238
vn 0.2813 -0.8058 -0.5211
vn 0.2764 -0.8063 -0.5230
vn -0.2078 0.9766 -0.0551
vn -0.2080 0.9768 -0.0508
vn -0.2067 0.9770 -0.0527
vn -0.2879 -0.4717 0.8334
vn -0.2158 0.9026 0.3726
vn -0.2139 0.9052 0.3673
vn -0.2172 0.9045 0.3670
vn -0.2084 0.8791 0.4287
vn -0.2143 0.8780 0.4280
vn 0.1437 0.1844 -0.9723
vn 0.1436 0.1831 -0.9726
vn 0.1425 0.1852 -0.9723
vn -0.1469 0.9831 0.1093
vn -0.1456 0.9837 0.1059
vn -0.1473 0.9838 0.1024
vn 0.1326 -0.9901 0.0455
vn 0.1318 -0.9901 0.0489
vn 0.1390 -0.9895 0.0383
vn -0.1469 0.9219 0.3586
vn -0.1472 0.9221 0.3578
vn -0.1478 0.9218 0.3584
vn -0.2394 0.9653 0.1039
vn -0.2413 0.9648 0.1050
vn -0.2401 0.9644 0.1107
vn -0.1250 0.7936 0.5954
vn -0.1301 0.7947 0.5929
vn -0.1347 0.7964 0.5896
vn 0.0162 0.9998 -0.0111
vn 0.0234 0.9997 -0.0097
vn 0.0098 0.9998 -0.0147
vn -0.1064 0.9767 0.1864
vn -0.1036 0.9764 0.1893
vn -0.1036 0.9767 0.1882
vn -0.3871 0.6943 0.6068
vn -0.3002 0.9524 0.0527
vn 0.2803 0.3984 -0.8733
vn 0.2782 0.3978 -0.8743
vn 0.2824 0.3973 -0.8732
vn -0.3857 0.9050 0.1794
vn -0.3915 0.9025 0.1796
vn -0.3840 0.9055 0.1804
vn -0.4286 0.8101 0.4001
vn -0.4301 0.8078 0.4030
vn -0.4260 0.8087 0.4056
vn -0.2001 -0.1822 0.9627
vn -0.1961 -0.1755 0.9647
vn -0.1985 -0.1683 0.9655
vn 0.3606 0.3081 -0.8804
vn 0.3659 0.3144 -0.8759
vn 0.3554 0.3061 -0.8832
vn -0.4796 0.6846 0.5489
vn -0.4765 0.6845 0.5517
vn -0.4787 0.6872 0.5464
vn -0.3967 0.8741 0.2804
vn -0.3965 0.8744 0.2798
vn -0.3973 0.8741 0.2795
vn -0.2641 0.9645 0.0047
vn -0.2588 0.9659 0.0013
vn -0.2596 0.9657 -0.0051
vn -0.3411 0.9341 -0.1055
vn -0.3384 0.9345 -0.1105
vn -0.3463 0.9320 -0.1068
vn -0.4915 0.6556 0.5732
vn -0.2799 0.9381 -0.2041
vn -0.0700 -0.3064 0.9493
vn -0.0725 -0.3060 0.9493
vn -0.0715 -0.3077 0.9488
vn -0.5234 0.6756 0.5192
vn -0.1722 0.9333 -0.3152
vn -0.8130 -0.4776 -0.3330
vn -0.8097 -0.4814 -0.3357
vn -0.8138 -0.4800 -0.3277
vn -0.7821 -0.4641 -0.4160
vn -0.7837 -0.4599 -0.4176
vn -0.7798 -0.4682 -0.4155
vn -0.7827 -0.5585 -0.2747
vn -0.7049 -0.5039 -0.4992
vn -0.7016 -0.5044 -0.5033
vn -0.6982 -0.5078 -0.5046
vn -0.7566 -0.3982 -0.5187
vn -0.7566 -0.3979 -0.5189
vn -0.7565 -0.3982 -0.5187
vn -0.8100 -0.5507 -0.2018
vn -0.8129 -0.5455 -0.2039
vn -0.8157 -0.5435 -0.1979
vn -0.5195 -0.8433 -0.1375
vn -0.5186 -0.8445 -0.1334
vn -0.5200 -0.8443 -0.1297
vn -0.9713 0.1855 0.1491
vn -0.9709 0.1863 0.1504
vn -0.9705 0.1875 0.1513
vn -0.9066 0.1515 -0.3938
vn -0.3873 -0.9216 0.0235
vn -0.7579 0.5010 -0.4178
vn -0.7597 0.4954 -0.4213
vn -0.7573 0.4979 -0.4226
vn -0.3585 0.9234 0.1372
vn -0.3585 0.9226 0.1424
vn -0.3575 0.9230 0.1427
vn -0.7407 0.6148 -0.2708
vn -0.7983 -0.5677 -0.2010
vn -0.7968 -0.5707 -0.1985
vn -0.7971 -0.5672 -0.2073
vn -0.6862 -0.4842 -0.5428
vn -0.2289 -0.6808 -0.6958
vn -0.2309 -0.6767 -0.6991
vn -0.2301 -0.6727 -0.7032
vn -0.8108 -0.5747 -0.1114
vn -0.8070 -0.5799 -0.1118
vn -0.8126 -0.5732 -0.1056
vn -0.9589 -0.1064 -0.2629
vn -0.9589 -0.1061 -0.2631
vn -0.9588 -0.1061 -0.2637
vn -0.9693 0.2275 0.0935
vn -0.9126 0.3392 0.2282
vn -0.9530 0.2863 0.0991
vn -0.9544 0.2784 0.1074
vn -0.9535 0.2814 0.1082
vn -0.3545 0.9214 0.1593
vn -0.3580 0.9194 0.1627
vn -0.3581 0.9187 0.1664
vn -0.9536 0.2732 0.1263
vn -0.9491 0.2877 0.1283
vn -0.9528 0.2777 0.1231
vn -0.6859 -0.4288 -0.5879
vn -0.6869 -0.4321 -0.5844
vn -0.6889 -0.4267 -0.5859
vn -0.6703 -0.7413 -0.0345
vn -0.6758 -0.7364 -0.0315
vn -0.6798 -0.7325 -0.0371
vn -0.2964 -0.6428 -0.7063
vn -0.2968 -0.6361 -0.7122
vn -0.2956 -0.6397 -0.7095
vn -0.5845 -0.4816 -0.6530
vn -0.5843 -0.4818 -0.6531
vn 0.0478 -0.7335 -0.6780
vn 0.0475 -0.7335 -0.6780
vn 0.0478 -0.7337 -0.6778
vn -0.4131 0.8644 -0.2866
vn -0.4174 0.8594 -0.2953
vn -0.4130 0.8614 -0.2955
vn -0.8012 -0.5899 -0.1008
vn -0.8015 -0.5896 -0.1000
vn -0.8003 -0.5912 -0.0997
vn -0.4511 0.8221 0.3473
vn -0.4480 0.8233 0.3484
vn -0.4533 0.8221 0.3445
vn -0.8046 0.5047 -0.3128
vn -0.8044 0.5051 -0.3127
vn -0.8536 -0.2215 -0.4715
vn -0.8543 -0.2251 -0.4685
vn -0.8535 -0.2205 -0.4722
vn -0.9900 -0.0210 -0.1393
vn 0.2868 -0.9170 0.2773
vn 0.2884 -0.9182 0.2714
vn 0.2874 -0.9177 0.2743
vn -0.7257 -0.4022 -0.5582
vn -0.7222 -0.4069 -0.5593
vn -0.7262 -0.4053 -0.5552
vn -0.7373 -0.6446 -0.2024
vn -0.7418 -0.6401 -0.2000
vn -0.7398 -0.6405 -0.2060
vn -0.9548 -0.2942 -0.0415
vn -0.4813 0.7989 0.3609
vn -0.4770 0.8021 0.3594
vn -0.5062 -0.4606 -0.7291
vn -0.5125 -0.4673 -0.7204
vn -0.5125 -0.4597 -0.7253
vn -0.6707 0.7185 -0.1842
vn -0.6622 0.7258 -0.1862
vn -0.6661 0.7230 -0.1831
vn -0.4795 0.8698 -0.1163
vn -0.5982 0.5949 0.5369
vn -0.5969 0.5994 0.5334
vn -0.6032 0.5927 0.5336
vn -0.7137 -0.6904 -0.1178
vn -0.7146 -0.6889 -0.1214
vn -0.7122 -0.6915 -0.1208
vn -0.5817 0.7607 0.2882
vn -0.5857 0.7580 0.2870
vn -0.5839 0.7580 0.2907
vn -0.8899 -0.3015 -0.3423
vn -0.8904 -0.3034 -0.3393
vn -0.8898 -0.2982 -0.3454
vn 0.0851 -0.5749 -0.8138
vn -0.4024 0.9149 0.0326
vn -0.3967 0.9173 0.0349
vn -0.3932 0.9189 0.0307
vn -0.7210 -0.1743 -0.6707
vn -0.7194 -0.1819 -0.6703
vn -0.7144 -0.1855 -0.6747
vn -0.6225 -0.3008 -0.7225
vn -0.6207 -0.3013 -0.7239
vn -0.6240 -0.3013 -0.7210
vn -0.8900 -0.4555 0.0206
vn -0.8868 -0.4618 0.0194
vn -0.8891 -0.4569 0.0269
vn -0.8455 -0.5297 -0.0670
vn -0.8449 -0.5313 -0.0617
vn -0.8466 -0.5284 -0.0637
vn -0.7999 -0.5197 -0.3001
vn -0.5917 0.6756 0.4398
vn -0.5922 0.6746 0.4407
vn -0.5890 0.6749 0.4446
vn -0.4116 -0.9005 0.1403
vn -0.4104 -0.9015 0.1372
vn -0.4085 -0.9019 0.1402
vn -0.4641 0.8663 -0.1847
vn -0.4615 0.8679 -0.1835
vn -0.4636 0.8658 -0.1881
vn -0.8028 0.5690 0.1779
vn -0.7988 0.5731 0.1829
vn -0.8019 0.5704 0.1778
vn -0.8210 -0.5293 -0.2140
vn -0.8218 -0.5325 -0.2026
vn -0.8221 -0.5300 -0.2082
vn -0.5899 -0.7792 0.2121
vn -0.5937 -0.7759 0.2133
vn -0.5966 -0.7736 0.2137
vn -0.8395 -0.5390 0.0683
vn -0.8408 -0.5374 0.0653
vn -0.8394 -0.5399 0.0627
vn -0.6480 -0.3211 -0.6906
vn -0.6530 -0.3164 -0.6881
vn -0.6455 -0.3145 -0.6960
vn -0.8023 -0.5820 -0.1325
vn -0.8009 -0.5837 -0.1338
vn -0.8015 -0.5835 -0.1308
vn -0.8497 -0.4186 0.3205
vn -0.8478 -0.4249 0.3174
vn -0.8438 -0.4284 0.3231
vn -0.5731 -0.7860 0.2319
vn -0.5714 -0.7854 0.2381
vn -0.5746 -0.7817 0.2425
vn -0.4842 0.0167 -0.8748
vn -0.4885 0.0218 -0.8723
vn -0.4800 0.0221 -0.8770
vn -0.3618 0.9314 0.0396
vn -0.3639 0.9301 0.0497
vn -0.3609 0.9315 0.0456
vn 0.6447 -0.5885 -0.4879
vn 0.6437 -0.5890 -0.4886
vn 0.6438 -0.5895 -0.4878
vn 0.3357 -0.7440 -0.5777
vn -0.7271 -0.3193 -0.6077
vn -0.7270 -0.3216 -0.6066
vn -0.7291 -0.3207 -0.6047
vn -0.6908 -0.6356 0.3446
vn -0.6098 -0.7597 0.2258
vn -0.7434 0.6275 0.2315
vn -0.7432 0.6254 0.2377
vn -0.7410 0.6318 0.2275
vn 0.4430 -0.8684 0.2229
vn -0.4785 0.5971 0.6439
vn 0.0928 -0.6383 -0.7642
vn 0.0797 -0.6362 -0.7674
vn 0.0855 -0.6355 -0.7673
vn -0.5331 -0.1595 -0.8309
vn -0.5327 -0.1622 -0.8306
vn -0.5351 -0.1625 -0.8290
vn -0.2216 0.9283 -0.2986
vn -0.2188 0.9273 -0.3036
vn -0.2165 0.9293 -0.2991
vn -0.3726 -0.0115 -0.9279
vn -0.3683 -0.0089 -0.9297
vn -0.3762 -0.0165 -0.9264
vn -0.7203 -0.6208 0.3094
vn -0.5064 -0.1325 -0.8521
vn -0.4224 0.8982 -0.1214
vn -0.4223 0.8978 -0.1248
vn -0.4258 0.8973 -0.1159
vn -0.9044 -0.0494 0.4238
vn -0.4742 0.0807 -0.8767
vn -0.4659 0.8835 -0.0481
vn -0.4681 0.8826 -0.0431
vn -0.4652 0.8840 -0.0453
vn 0.3311 -0.8840 0.3302
vn 0.3341 -0.8838 0.3276
vn 0.3332 -0.8828 0.3311
vn -0.7609 0.3993 -0.5115
vn -0.7620 0.3952 -0.5131
vn -0.7633 0.3999 -0.5074
vn -0.7710 -0.4472 0.4534
vn -0.7720 -0.4568 0.4420
vn -0.7696 -0.4564 0.4465
vn 0.6429 -0.5385 -0.5448
vn 0.6402 -0.5434 -0.5430
vn 0.6356 -0.5454 -0.5464
vn -0.8760 0.0897 0.4739
vn -0.8791 0.0833 0.4694
vn -0.8764 0.0849 0.4741
vn -0.3636 0.0414 -0.9306
vn -0.3625 0.0433 -0.9310
vn -0.3614 0.0388 -0.9316
vn -0.5975 0.6901 0.4084
vn -0.6010 0.6890 0.4051
vn -0.6018 0.6878 0.4060
vn -0.7672 0.5465 -0.3357
vn -0.7716 0.5384 -0.3386
vn -0.7707 0.5425 -0.3343
vn -0.4793 0.8743 -0.0772
vn -0.4801 0.8741 -0.0733
vn -0.4794 0.8747 -0.0721
vn -0.1798 0.7600 0.6246
vn -0.2021 0.0711 -0.9768
vn -0.2066 0.0750 -0.9755
vn -0.1969 0.0748 -0.9776
vn -0.3028 0.8773 0.3724
vn -0.3050 0.8759 0.3737
vn -0.3032 0.8764 0.3741
vn -0.3009 0.8768 0.3751
vn -0.3068 0.8769 0.3700
vn -0.3019 0.8758 0.3766
vn -0.1678 0.9671 0.1910
vn -0.1629 0.9689 0.1861
vn -0.1709 0.9677 0.1854
vn -0.0288 0.9957 0.0884
vn 0.6026 -0.5450 -0.5829
vn 0.6059 -0.5422 -0.5821
vn 0.6024 -0.5479 -0.5804
vn -0.2647 -0.2525 -0.9307
vn -0.2590 -0.2592 -0.9305
vn -0.2632 -0.2565 -0.9300
vn -0.6026 0.6734 0.4283
vn -0.6048 0.6725 0.4265
vn -0.6041 0.6725 0.4276
vn -0.2296 0.9684 0.0975
vn -0.2280 0.9692 0.0934
vn -0.2353 0.9671 0.0964
vn -0.5839 -0.3171 0.7474
vn -0.5769 -0.3235 0.7500
vn -0.5811 -0.3149 0.7504
vn 0.0881 -0.5325 -0.8419
vn -0.2148 -0.7159 0.6643
vn -0.2142 -0.7122 0.6685
vn -0.2198 -0.7117 0.6672
vn 0.4951 -0.7551 -0.4297
vn 0.4927 -0.7592 -0.4253
vn 0.4938 -0.7552 -0.4311
vn -0.5555 0.7514 0.3560
vn -0.5608 0.7483 0.3543
vn -0.5560 0.7490 0.3604
vn -0.8633 -0.0446 0.5027
vn -0.6196 -0.0993 0.7786
vn -0.6149 -0.0977 0.7826
vn -0.6194 -0.0960 0.7792
vn -0.1784 0.9386 -0.2952
vn -0.5179 -0.7537 0.4046
vn -0.0754 0.9488 -0.3067
vn -0.4967 0.7209 0.4833
vn -0.5733 0.7951 0.1980
vn -0.0734 0.3933 -0.9165
vn -0.0638 0.4026 -0.9132
vn -0.0684 0.3975 -0.9150
vn -0.4207 0.6107 0.6708
vn -0.4218 0.6072 0.6733
vn -0.4173 0.6104 0.6733
vn -0.0691 0.3389 -0.9383
vn -0.0663 0.3430 -0.9370
vn -0.0617 0.3422 -0.9376
vn -0.5588 0.7740 0.2979
vn -0.3925 0.6029 0.6946
vn 0.3678 -0.9136 0.1735
vn 0.3733 -0.9110 0.1754
vn 0.3693 -0.9134 0.1714
vn -0.3727 -0.4912 0.7873
vn -0.3716 -0.4954 0.7851
vn -0.3671 -0.4960 0.7869
vn -0.6119 0.7804 -0.1286
vn -0.6179 0.7752 -0.1314
vn -0.6164 0.7773 -0.1257
vn -0.7840 0.5662 0.2546
vn -0.7848 0.5632 0.2585
vn -0.7821 0.5698 0.2522
vn 0.6350 -0.6430 0.4282
vn 0.6357 -0.6420 0.4286
vn -0.5379 -0.2678 0.7993
vn -0.3865 -0.5228 0.7598
vn -0.3872 -0.5232 0.7592
vn 0.0046 -0.8730 0.4877
vn -0.0041 -0.8744 0.4852
vn 0.0061 -0.8774 0.4798
vn 0.8232 -0.4055 -0.3974
vn 0.8236 -0.4081 -0.3938
vn 0.8208 -0.4091 -0.3987
vn -0.5580 0.7476 0.3601
vn -0.5634 0.7438 0.3596
vn -0.5609 0.7459 0.3593
vn -0.5090 0.5758 0.6399
vn -0.5093 0.5757 0.6397
vn -0.5090 0.5758 0.6398
vn 0.5070 -0.7540 -0.4176
vn 0.5065 -0.7508 -0.4241
vn 0.5063 -0.7491 -0.4271
vn -0.3098 0.7520 0.5818
vn -0.1056 0.9917 -0.0729
vn 0.5552 -0.7430 0.3737
vn -0.2605 0.9011 -0.3466
vn 0.0693 0.2815 -0.9571
vn 0.0771 0.2887 -0.9543
vn 0.0760 0.2807 -0.9568
vn -0.1659 -0.7071 0.6873
vn -0.1621 -0.7057 0.6897
vn -0.1639 -0.7032 0.6919
vn -0.0074 0.4774 -0.8786
vn -0.0070 0.4785 -0.8781
vn -0.0062 0.4796 -0.8774
vn 0.1354 0.3052 -0.9426
vn 0.1357 0.3031 -0.9433
vn 0.1339 0.3021 -0.9438
vn -0.2941 0.8449 -0.4468
vn -0.2955 0.8429 -0.4497
vn -0.2994 0.8420 -0.4487
vn -0.5584 0.5437 0.6266
vn -0.5589 0.5437 0.6262
vn -0.5534 0.5477 0.6275
vn -0.3165 -0.1908 0.9292
vn -0.3159 -0.1800 0.9316
vn -0.3202 -0.1845 0.9292
vn -0.4696 0.8794 -0.0777
vn -0.4760 0.8762 -0.0758
vn -0.4744 0.8778 -0.0666
vn 0.5436 -0.8354 -0.0811
vn -0.3022 0.9130 -0.2740
vn -0.3065 0.9124 -0.2712
vn -0.3053 0.9140 -0.2672
vn 0.5725 -0.4205 -0.7039
vn 0.0911 0.3744 -0.9228
vn -0.3007 0.8438 -0.4445
vn -0.6562 0.4933 0.5710
vn -0.6564 0.4915 0.5724
vn -0.6559 0.4902 0.5741
vn -0.3201 0.8485 0.4214
vn 0.3304 -0.7007 -0.6323
vn 0.3231 -0.7033 -0.6332
vn 0.3296 -0.7021 -0.6313
vn 0.1725 -0.9640 0.2025
vn 0.1744 -0.9652 0.1950
vn 0.1743 -0.9644 0.1989
vn 0.4340 -0.8818 0.1846
vn 0.4309 -0.8837 0.1827
vn 0.4355 -0.8810 0.1850
vn -0.4841 0.8698 -0.0956
vn -0.4872 0.8684 -0.0920
vn -0.4841 0.8705 -0.0885
vn -0.8183 0.4597 0.3450
vn -0.8215 0.4521 0.3475
vn -0.8205 0.4477 0.3554
vn -0.1998 -0.1720 0.9646
vn 0.6934 0.5114 -0.5075
vn -0.0458 0.9915 0.1222
vn -0.0351 0.9911 0.1284
vn -0.0386 0.9917 0.1227
vn 0.4765 -0.6636 -0.5767
vn 0.4712 -0.6692 -0.5746
vn 0.4741 -0.6633 -0.5790
vn -0.6715 0.6604 -0.3361
vn -0.6749 0.6603 -0.3296
vn -0.6748 0.6637 -0.3227
vn 0.3202 0.5253 -0.7884
vn 0.3226 0.5284 -0.7853
vn 0.3178 0.5212 -0.7921
vn -0.5081 0.7002 -0.5016
vn -0.5125 0.6953 -0.5040
vn -0.5124 0.7003 -0.4970
vn -0.7436 0.4272 0.5144
vn -0.7461 0.4287 0.5094
vn 0.0649 -0.2718 0.9601
vn 0.2086 -0.4872 0.8480
vn 0.2140 -0.4917 0.8441
vn 0.2102 -0.4804 0.8515
vn -0.0471 0.0643 0.9968
vn -0.0474 0.0641 0.9968
vn 0.3364 0.5880 -0.7356
vn 0.3344 0.5908 -0.7343
vn 0.3384 0.5896 -0.7334
vn 0.0453 -0.9864 0.1577
vn 0.0466 -0.9865 0.1571
vn 0.0474 -0.9870 0.1534
vn -0.4726 0.7741 -0.4211
vn -0.4780 0.7757 -0.4120
vn -0.4747 0.7763 -0.4148
vn -0.5544 0.7296 0.4004
vn -0.5537 0.7284 0.4035
vn -0.5544 0.7294 0.4009
vn -0.7826 0.3510 0.5142
vn 0.6384 -0.6438 -0.4219
vn 0.0083 -0.3672 0.9301
vn -0.1872 0.6858 0.7033
vn -0.1872 0.6859 0.7032
vn -0.1870 0.6859 0.7033
vn -0.5590 0.6244 0.5455
vn -0.5608 0.6239 0.5443
vn 0.4967 0.5124 -0.7005
vn 0.4939 0.5088 -0.7051
vn 0.4908 0.5133 -0.7040
vn -0.7656 0.6230 0.1605
vn -0.7683 0.6208 0.1558
vn -0.7661 0.6211 0.1655
vn 0.5364 0.5234 -0.6620
vn 0.5377 0.5187 -0.6647
vn 0.5330 0.5199 -0.6675
vn 0.1838 0.8720 -0.4537
vn 0.1858 0.8713 -0.4542
vn 0.1846 0.8715 -0.4543
vn -0.7923 0.5994 -0.1142
vn -0.7955 0.5954 -0.1124
vn -0.7977 0.5934 -0.1079
vn -0.5580 0.7232 -0.4069
vn 0.6814 -0.5645 -0.4659
vn 0.6791 -0.5671 -0.4660
vn -0.7423 0.6579 -0.1272
vn -0.7465 0.6539 -0.1229
vn -0.7479 0.6536 -0.1156
vn 0.4759 -0.8512 0.2213
vn 0.4784 -0.8508 0.2176
vn 0.4820 -0.8499 0.2128
vn 0.4727 -0.4843 0.7362
vn 0.4764 -0.4764 0.7389
vn 0.4763 -0.4745 0.7403
vn -0.8463 0.5174 0.1270
vn -0.7796 0.5533 -0.2934
vn 0.2846 -0.3991 0.8716
vn 0.2857 -0.3929 0.8741
vn 0.2833 -0.3946 0.8741
vn 0.4552 0.6559 -0.6022
vn 0.2678 0.1767 0.9471
vn -0.4223 0.8255 -0.3745
vn -0.4192 0.8287 -0.3707
vn -0.4185 0.8277 -0.3739
vn -0.5979 0.7365 0.3163
vn -0.6033 0.7319 0.3167
vn -0.5997 0.7326 0.3221
vn 0.7522 0.6259 -0.2062
vn 0.7518 0.6266 -0.2053
vn 0.7515 0.6277 -0.2030
vn 0.5189 -0.1724 0.8373
vn 0.5176 -0.1761 0.8373
vn 0.5137 -0.1744 0.8401
vn 0.3946 -0.0894 0.9145
vn -0.6389 0.6549 0.4036
vn -0.6362 0.6595 0.4004
vn -0.6344 0.6580 0.4056
vn 0.4744 -0.2531 0.8432
vn -0.6033 0.7098 0.3635
vn 0.3655 -0.8711 0.3279
vn 0.3634 -0.8720 0.3281
vn 0.3676 -0.8709 0.3263
vn 0.3509 -0.0991 0.9311
vn 0.3522 -0.0989 0.9307
vn 0.3522 -0.0977 0.9308
vn 0.5674 -0.6291 -0.5313
vn 0.5677 -0.6249 -0.5360
vn 0.5721 -0.6285 -0.5270
vn -0.5010 0.8520 -0.1518
vn -0.5047 0.8493 -0.1548
vn -0.5062 0.8501 -0.1450
vn -0.5218 0.8523 -0.0360
vn -0.5252 0.8502 -0.0371
vn -0.5262 0.8496 -0.0365
vn 0.6764 -0.5045 -0.5366
vn 0.6730 -0.5061 -0.5394
vn 0.6768 -0.5038 -0.5368
vn 0.3462 0.1993 0.9168
vn 0.9390 0.0974 -0.3297
vn 0.9390 0.0976 -0.3297
vn 0.9390 0.0975 -0.3297
vn 0.7754 0.5243 -0.3519
vn 0.6252 0.6686 -0.4026
vn 0.6286 0.6676 -0.3990
vn 0.6869 0.7197 -0.1012
vn 0.5651 -0.1293 0.8148
vn 0.5625 -0.1250 0.8173
vn 0.5620 -0.1333 0.8164
vn -0.5517 0.8319 -0.0597
vn -0.5570 0.8285 -0.0571
vn -0.5575 0.8286 -0.0504
vn -0.3759 0.9102 -0.1737
vn -0.3830 0.9059 -0.1807
vn -0.3806 0.9078 -0.1763
vn -0.6014 0.7989 0.0033
vn -0.5986 0.8010 0.0058
vn -0.5996 0.8003 0.0038
vn 0.4568 -0.8623 0.2185
vn 0.4563 -0.8637 0.2140
vn 0.4563 -0.8636 0.2143
vn 0.6941 0.2596 0.6714
vn 0.7411 0.6143 -0.2710
vn 0.7437 0.6097 -0.2743
vn 0.7415 0.6132 -0.2725
vn 0.7364 0.3483 0.5800
vn 0.7400 0.3466 0.5764
vn 0.7333 0.3526 0.5814
vn 0.3321 0.9097 0.2494
vn -0.5605 0.8151 -0.1462
vn -0.5060 0.8466 -0.1653
vn -0.5029 0.8492 -0.1611
vn -0.4979 0.8521 -0.1612
vn -0.3459 0.9009 -0.2621
vn -0.3527 0.8981 -0.2628
vn -0.3525 0.8995 -0.2580
vn 0.7002 0.0317 0.7132
vn 0.7004 0.0338 0.7129
vn 0.6995 0.0332 0.7138
vn 0.3894 -0.8593 0.3316
vn 0.3896 -0.8598 0.3300
vn 0.3929 -0.8586 0.3294
vn -0.5548 0.8301 -0.0560
vn -0.5563 0.8289 -0.0584
vn -0.5524 0.8314 -0.0612
vn -0.5432 0.7680 0.3393
vn -0.5442 0.7674 0.3391
vn -0.5440 0.7676 0.3388
vn -0.5557 0.6345 0.5372
vn -0.5555 0.6355 0.5362
vn -0.5637 0.6323 0.5315
vn 0.6616 -0.0298 0.7493
vn 0.1210 0.5615 0.8186
vn -0.4446 0.7915 0.4194
vn -0.4446 0.7917 0.4190
vn -0.4452 0.7910 0.4196
vn 0.4728 0.3412 0.8125
vn 0.3771 0.8974 0.2291
vn 0.3716 0.9004 0.2261
vn 0.3705 0.8991 0.2333
vn 0.7119 -0.5261 0.4652
vn 0.7099 -0.5308 0.4630
vn 0.7080 -0.5324 0.4639
vn 0.7990 0.4983 0.3365
vn 0.7984 0.4999 0.3355
vn 0.7986 0.4978 0.3383
vn 0.8338 0.5360 0.1323
vn 0.8324 0.5392 0.1282
vn 0.8303 0.5408 0.1347
vn -0.6652 0.5127 0.5428
vn -0.6631 0.5164 0.5419
vn -0.6657 0.5114 0.5434
vn 0.4696 0.6931 0.5469
vn 0.8024 0.5912 0.0808
vn 0.8017 0.5930 0.0750
vn 0.7990 0.5955 0.0837
vn 0.7985 0.2906 0.5271
vn 0.7990 0.2890 0.5273
vn 0.7980 0.2922 0.5270
vn 0.6459 0.5221 0.5569
vn 0.9008 0.4342 -0.0009
vn 0.9007 0.4343 0.0036
vn 0.9025 0.4306 -0.0028
vn 0.8330 0.3595 0.4207
vn 0.8360 0.3552 0.4183
vn 0.8356 0.3596 0.4153
vn -0.2422 0.7745 0.5843
vn -0.2380 0.7748 0.5856
vn -0.2412 0.7749 0.5842
vn -0.5707 0.7742 0.2737
vn 0.7091 0.3346 0.6207
vn 0.7087 0.3361 0.6203
vn 0.7086 0.3370 0.6199
vn 0.7280 0.2463 0.6398
vn 0.7260 0.2452 0.6425
vn 0.7276 0.2431 0.6415
vn 0.2632 0.9123 0.3139
vn 0.2632 0.9122 0.3139
vn 0.9841 0.0431 -0.1726
vn 0.7019 0.4502 0.5519
vn 0.7033 0.4481 0.5519
vn 0.7031 0.4497 0.5509
vn -0.4604 0.8876 -0.0118
vn 0.9052 0.4240 0.0278
vn 0.9034 0.4276 0.0312
vn 0.9053 0.4236 0.0304
vn 0.4719 0.8431 0.2578
vn 0.1245 0.8537 0.5056
vn 0.1253 0.8472 0.5164
vn 0.1253 0.8503 0.5112
vn 0.8731 0.4578 0.1678
vn 0.8729 0.4581 0.1679
vn 0.4869 -0.7941 0.3637
vn -0.6767 0.7362 -0.0060
vn -0.6604 0.7338 -0.1597
vn -0.6627 0.7319 -0.1587
vn -0.6616 0.7334 -0.1564
vn 0.7909 0.5732 0.2145
vn 0.7881 0.5776 0.2129
vn 0.7819 -0.2709 0.5615
vn 0.3248 0.9452 0.0328
vn -0.6890 0.6801 0.2505
vn -0.6946 0.6710 0.2593
vn -0.6909 0.6753 0.2581
vn 0.1871 0.9817 0.0342
vn -0.6658 0.7440 -0.0556
vn 0.2021 0.9793 0.0063
vn 0.2072 0.9782 0.0108
vn 0.2050 0.9787 0.0083
vn 0.8369 0.5139 0.1885
vn 0.8365 0.5147 0.1882
vn 0.8360 0.5154 0.1883
vn 0.7373 0.4117 0.5356
vn -0.4278 0.8212 -0.3778
vn 0.8022 0.5359 0.2631
vn 0.8020 0.3399 0.4911
vn 0.8012 0.3400 0.4924
vn 0.8028 0.3367 0.4921
vn 0.4216 0.6982 0.5786
vn 0.4219 0.6980 0.5786
vn 0.7145 0.4978 0.4916
vn 0.9901 0.1397 0.0127
vn 0.4285 0.6911 0.5820
vn 0.8593 -0.0106 0.5113
vn 0.8587 -0.0124 0.5124
vn 0.8584 -0.0107 0.5128
vn 0.8926 0.3903 0.2255
vn 0.8130 0.3411 0.4720
vn 0.8139 0.3394 0.4715
vn 0.8134 0.3384 0.4731
vn -0.5459 0.7887 -0.2827
vn -0.6725 0.7400 -0.0134
vn -0.6728 0.7398 -0.0097
vn -0.6681 0.7438 -0.0181
vn -0.7097 0.6876 0.1534
vn 0.1303 0.2594 -0.9569
vn 0.1265 0.2558 -0.9584
vn 0.1313 0.2638 -0.9556
vn -0.6757 0.1236 0.7267
vn -0.6751 0.1188 0.7281
vn -0.6707 0.1200 0.7320
vn -0.2518 -0.4831 0.8386
vn -0.7197 0.6887 0.0881
vn -0.7501 0.5579 0.3551
vn -0.7504 0.5568 0.3561
vn -0.7490 0.5590 0.3557
vn -0.4913 0.7446 -0.4518
vn -0.6822 0.4705 0.5597
vn -0.6868 0.4633 0.5601
vn -0.6807 0.4686 0.5631
vn 0.1757 0.2346 -0.9561
vn 0.1712 0.2307 -0.9579
vn 0.1700 0.2315 -0.9579
vn -0.7577 0.5526 0.3472
vn -0.7615 0.5445 0.3517
vn -0.7583 0.5507 0.3488
vn -0.3349 -0.3265 0.8839
vn -0.6896 0.7144 0.1192
vn -0.6972 0.7067 0.1204
vn -0.6958 0.7097 0.1103
vn -0.0226 -0.3637 0.9312
vn -0.7944 0.6015 0.0846
vn -0.7954 0.6003 0.0838
vn -0.7929 0.6030 0.0872
vn -0.4543 0.6798 -0.5757
vn -0.4540 0.6797 -0.5761
vn -0.7676 0.4816 0.4230
vn -0.7498 0.5443 -0.3762
vn -0.7503 0.5397 -0.3818
vn -0.7448 0.5460 -0.3835
vn -0.9097 0.3484 0.2259
vn -0.9105 0.3506 0.2192
vn -0.9132 0.3444 0.2178
vn -0.8293 0.5544 -0.0698
vn -0.8311 0.5519 -0.0678
vn -0.8303 0.5536 -0.0645
vn 0.8423 -0.4953 -0.2129
vn 0.8428 -0.4938 -0.2143
vn 0.8441 -0.4907 -0.2160
vn -0.7665 0.6059 -0.2131
vn -0.7635 0.6072 -0.2199
vn -0.7695 0.6017 -0.2142
vn -0.0360 -0.4207 0.9065
vn -0.7848 0.6048 -0.1353
vn -0.8651 0.4788 0.1493
vn -0.8640 0.4808 0.1498
vn -0.8636 0.4819 0.1481
vn -0.8067 0.5909 -0.0088
vn -0.7707 0.6295 0.0994
vn 0.4575 0.2871 -0.8416
vn 0.4552 0.2956 -0.8399
vn 0.4529 0.2909 -0.8427
vn 0.8348 -0.4831 -0.2640
vn 0.8305 -0.4884 -0.2680
vn 0.8318 -0.4881 -0.2642
vn 0.7266 -0.6460 0.2339
vn 0.7221 -0.6514 0.2330
vn 0.7262 -0.6471 0.2322
vn 0.8305 -0.5571 -0.0011
vn 0.7152 -0.6454 0.2682
vn 0.7103 -0.6468 0.2776
vn 0.7135 -0.6459 0.2715
vn 0.8369 -0.5339 -0.1206
vn 0.8340 -0.5391 -0.1173
vn 0.8347 -0.5380 -0.1174
vn 0.7976 -0.5878 0.1353
vn 0.7984 -0.5877 0.1309
vn 0.7968 -0.5877 0.1408
vn 0.2362 -0.3764 0.8959
vn -0.1233 -0.1547 0.9802
vn -0.1212 -0.1623 0.9793
vn -0.1194 -0.1573 0.9803
vn 0.4579 0.3551 -0.8150
vn 0.4569 0.3510 -0.8173
vn 0.4587 0.3547 -0.8147
vn 0.7863 -0.6178 0.0075
vn 0.7867 -0.6173 0.0111
vn 0.7844 -0.6201 0.0096
vn -0.7059 0.7081 -0.0142
vn -0.7094 0.7047 -0.0122
vn -0.7100 0.7041 -0.0106
vn 0.5318 0.3163 -0.7856
vn 0.5294 0.3063 -0.7912
vn 0.5243 0.3147 -0.7913
vn -0.0705 0.6841 -0.7259
vn -0.0812 0.6892 -0.7200
vn -0.0728 0.6899 -0.7202
vn -0.6290 0.7290 -0.2698
vn -0.7805 0.5391 0.3166
vn -0.7830 0.5379 0.3124
vn -0.7849 0.5336 0.3151
vn 0.0935 -0.2382 0.9667
vn -0.7043 0.7015 0.1090
vn -0.7047 0.7010 0.1097
vn -0.7046 0.7018 0.1048
vn -0.6771 0.7358 0.0076
vn -0.6810 0.7323 -0.0012
vn -0.6832 0.7302 0.0055
vn 0.5771 -0.8094 -0.1088
vn 0.5830 -0.8045 -0.1132
vn 0.5774 -0.8095 -0.1060
vn -0.6336 0.7724 0.0440
vn -0.6382 0.7685 0.0459
vn -0.6373 0.7688 0.0521
vn 0.1134 -0.1820 0.9767
vn 0.1173 -0.1837 0.9760
vn 0.1190 -0.1779 0.9768
vn 0.7169 -0.6956 -0.0469
vn 0.7131 -0.6992 -0.0508
vn 0.7174 -0.6951 -0.0473
vn 0.8640 -0.4499 -0.2260
vn 0.6852 0.3176 -0.6555
vn 0.6790 -0.7303 0.0758
vn 0.6750 -0.7340 0.0748
vn 0.6770 -0.7327 0.0694
vn 0.7157 -0.6984 -0.0094
vn 0.7159 -0.6980 -0.0174
vn 0.7189 -0.6950 -0.0155
vn 0.6776 0.3242 -0.6601
vn 0.7550 -0.6439 -0.1243
vn 0.7538 -0.6446 -0.1273
vn -0.6360 0.7589 0.1398
vn -0.6462 0.7501 0.1406
vn -0.6353 0.7593 0.1413
vn 0.5144 -0.2453 0.8217
vn 0.5149 -0.2450 0.8215
vn 0.5145 -0.2450 0.8217
vn 0.4573 -0.2069 0.8649
vn 0.4504 -0.2167 0.8661
vn 0.4549 -0.2125 0.8648
vn 0.9681 -0.1665 -0.1871
vn 0.9667 -0.1726 -0.1890
vn 0.9651 -0.1747 -0.1951
vn -0.6525 0.7556 0.0574
vn -0.6591 0.7499 0.0576
vn -0.6528 0.7552 0.0600
vn -0.6548 0.7539 0.0530
vn -0.6571 0.7513 0.0621
vn -0.6524 0.7554 0.0606
vn 0.8767 0.2421 -0.4157
vn 0.8810 0.2347 -0.4109
vn 0.8808 0.2415 -0.4073
vn 0.8703 -0.3717 0.3230
vn 0.6999 -0.2574 0.6662
vn 0.6975 -0.2597 0.6678
vn 0.7008 -0.2604 0.6642
vn 0.2549 0.9627 -0.0911
vn -0.2974 0.7754 0.5571
vn 0.1646 0.7565 0.6329
vn 0.1678 0.7583 0.6300
vn 0.1649 0.7570 0.6323
vn 0.2439 0.9138 0.3249
vn 0.2448 0.9151 0.3205
vn 0.2481 0.9130 0.3237
usemtl Default_OBJ.001
s off
f 2//1 3//2 1//3
f 1//4 4//5 2//6
f 1//7 5//8 4//9
f 3//10 7//11 1//12
f 8//13 5//14 1//15
f 1//16 7//17 8//18
f 9//19 2//20 4//21
f 7//22 12//23 8//24
f 2//25 6//26 3//27
f 3//28 6//29 10//30
f 8//31 15//32 5//33
f 3//34 11//35 7//36
f 3//37 10//38 11//39
f 7//40 13//41 12//42
f 5//43 15//44 14//45
f 4//46 16//47 9//48
f 5//49 14//50 4//51
f 4//52 14//53 16//54
f 8//55 12//56 15//57
f 2//58 9//59 6//60
f 20//61 13//62 7//63
f 11//64 20//65 7//66
f 9//67 17//68 6//69
f 12//70 13//71 21//72
f 12//73 22//74 15//75
f 16//76 19//77 9//78
f 21//79 18//80 12//81
f 9//82 19//83 17//84
f 16//85 26//86 19//87
f 13//88 20//89 23//90
f 21//91 27//92 18//93
f 12//94 39//95 22//96
f 14//97 25//98 16//99
f 6//100 24//101 10//102
f 10//103 31//103 11//103
f 12//104 18//105 39//106
f 15//107 28//108 14//109
f 22//110 28//111 15//112
f 21//113 13//114 30//115
f 17//116 24//117 6//118
f 23//119 29//120 13//121
f 19//122 32//123 17//124
f 24//125 36//126 10//127
f 31//128 38//129 11//130
f 14//131 42//132 25//133
f 14//134 28//135 42//136
f 38//137 20//138 11//139
f 36//140 31//141 10//142
f 32//143 46//144 17//145
f 19//146 26//147 33//148
f 25//149 34//150 16//149
f 16//151 40//152 26//153
f 33//154 32//155 19//156
f 46//157 24//158 17//159
f 22//160 37//161 28//162
f 29//163 30//164 13//165
f 38//166 23//167 20//168
f 18//169 27//170 39//171
f 30//172 41//173 21//174
f 22//175 39//176 37//177
f 27//178 21//179 45//180
f 21//181 43//182 45//183
f 16//184 34//185 40//186
f 44//187 36//188 24//189
f 27//190 35//191 39//192
f 21//193 41//194 43//195
f 24//196 46//197 44//198
f 25//199 42//200 47//201
f 31//202 36//202 48//202
f 27//203 51//204 35//205
f 34//206 25//207 47//208
f 42//209 28//210 53//211
f 29//212 49//213 30//214
f 37//215 57//216 28//217
f 27//218 45//219 51//220
f 35//221 37//222 39//223
f 28//224 57//225 53//224
f 38//226 70//227 23//228
f 42//229 53//230 47//231
f 23//232 70//233 29//234
f 43//235 54//235 45//235
f 45//236 54//237 55//238
f 33//239 63//240 32//239
f 48//241 38//242 31//243
f 30//244 49//245 41//246
f 33//247 50//248 52//249
f 26//250 56//251 50//252
f 37//253 62//254 57//254
f 26//255 50//256 33//257
f 36//258 59//259 48//260
f 34//261 58//262 40//263
f 59//264 36//265 44//264
f 33//266 52//267 63//268
f 26//269 40//270 61//271
f 38//272 48//273 60//274
f 57//275 64//275 53//275
f 58//276 34//277 76//278
f 43//279 65//280 54//281
f 46//282 63//283 67//284
f 35//285 74//286 37//287
f 45//288 55//289 51//289
f 32//290 63//291 46//292
f 41//293 65//294 43//295
f 26//296 61//296 56//296
f 55//297 75//298 51//299
f 57//300 62//301 64//302
f 40//303 58//303 61//303
f 49//304 66//305 41//306
f 47//307 53//308 76//309
f 60//310 70//311 38//312
f 47//313 76//314 34//315
f 51//316 71//317 35//318
f 48//319 69//320 60//321
f 29//322 68//322 49//322
f 46//323 73//324 44//325
f 66//326 77//327 41//326
f 73//328 72//329 44//330
f 44//331 72//332 59//333
f 37//334 74//335 62//336
f 46//337 67//338 73//339
f 70//340 68//341 29//342
f 51//343 81//344 71//345
f 74//346 35//347 71//348
f 77//349 65//350 41//351
f 53//352 64//353 76//354
f 65//355 97//356 54//357
f 78//358 75//359 55//360
f 76//361 86//362 58//363
f 62//364 74//365 79//366
f 54//367 78//368 55//369
f 59//370 84//371 48//372
f 97//373 78//374 54//375
f 80//376 70//377 60//378
f 51//379 75//379 81//379
f 79//380 82//381 62//382
f 60//383 69//383 80//383
f 52//384 50//385 83//386
f 56//387 85//388 50//389
f 62//390 82//391 64//392
f 49//393 104//393 66//394
f 48//395 84//396 69//397
f 68//398 104//399 49//400
f 67//401 87//402 73//403
f 58//404 94//405 61//406
f 72//407 95//408 59//409
f 64//410 98//411 76//412
f 89//413 98//414 64//415
f 63//416 88//416 96//416
f 75//417 105//418 81//417
f 78//419 97//420 93//421
f 56//422 61//423 90//424
f 64//425 82//426 89//427
f 69//428 92//429 80//430
f 50//431 85//431 91//431
f 71//432 101//432 74//432
f 78//433 100//434 75//435
f 56//436 90//437 85//438
f 61//439 94//440 90//441
f 81//442 101//443 71//444
f 77//445 103//446 65//447
f 66//448 99//449 77//450
f 76//451 98//452 124//453
f 59//454 95//455 84//456
f 73//457 87//458 72//458
f 65//459 103//460 97//461
f 52//462 83//463 88//464
f 52//465 88//466 63//465
f 67//467 63//468 96//469
f 50//470 91//470 83//470
f 76//471 109//471 86//472
f 67//473 102//474 87//475
f 67//476 96//477 102//478
f 66//479 104//480 106//481
f 75//482 100//483 105//484
f 86//485 94//486 58//487
f 78//488 93//489 100//490
f 72//491 87//492 114//493
f 124//494 120//495 76//496
f 81//497 108//497 101//497
f 77//498 112//499 103//500
f 95//501 110//502 84//503
f 79//504 107//505 82//506
f 105//507 108//508 81//509
f 82//510 111//511 89//512
f 110//513 92//514 69//515
f 80//516 92//517 121//518
f 80//519 121//520 70//521
f 99//522 112//523 77//524
f 72//525 114//526 95//527
f 86//528 109//529 94//530
f 97//531 103//531 113//531
f 66//532 106//533 99//534
f 84//535 110//536 69//537
f 82//538 107//539 111//540
f 83//541 122//542 88//543
f 100//544 152//545 105//546
f 95//547 114//547 126//547
f 98//548 89//549 124//550
f 99//551 106//552 125//553
f 95//554 126//555 110//556
f 74//557 115//558 79//559
f 74//560 101//561 167//562
f 97//563 113//564 93//565
f 70//566 131//567 68//568
f 74//569 167//570 115//571
f 76//572 120//573 109//574
f 83//575 91//576 122//575
f 90//577 153//578 85//579
f 102//580 129//581 87//582
f 92//583 128//584 121//585
f 70//586 121//587 131//588
f 103//589 133//589 113//589
f 126//590 114//591 143//592
f 107//593 79//594 130//595
f 113//596 138//597 93//598
f 102//599 96//600 127//601
f 79//602 115//603 130//604
f 102//605 127//606 129//607
f 68//608 134//609 104//610
f 103//611 112//612 133//613
f 114//614 87//615 129//616
f 93//617 162//618 100//619
f 109//620 140//621 94//622
f 112//623 142//624 133//625
f 125//626 112//627 99//628
f 100//629 162//630 152//631
f 134//632 145//633 104//634
f 105//635 141//636 108//637
f 88//638 132//639 96//640
f 110//641 146//642 92//643
f 101//644 147//645 167//646
f 108//647 147//648 101//649
f 68//650 131//651 134//652
f 111//653 107//654 144//655
f 94//656 154//657 90//658
f 91//659 151//660 122//661
f 132//662 88//663 156//664
f 129//665 143//666 114//667
f 126//668 160//669 110//670
f 92//671 146//672 128//673
f 88//674 122//675 156//676
f 108//677 141//678 147//679
f 90//680 154//681 153//682
f 89//683 163//684 124//685
f 94//686 140//687 154//688
f 104//689 145//690 106//691
f 153//692 91//693 85//694
f 96//695 132//696 127//697
f 120//698 140//698 109//698
f 129//699 127//700 166//701
f 89//702 111//703 163//704
f 110//705 160//706 146//707
f 111//708 144//709 163//710
f 91//711 159//712 151//713
f 107//714 130//715 144//716
f 91//717 153//718 159//719
f 133//720 173//721 113//722
f 93//723 169//724 162//725
f 152//726 199//727 105//728
f 93//729 138//730 169//731
f 154//732 183//733 153//734
f 106//735 145//735 177//735
f 133//736 142//737 186//738
f 106//739 177//740 125//741
f 120//742 175//743 140//744
f 112//745 171//746 142//747
f 156//748 122//749 180//750
f 173//751 138//752 113//753
f 126//754 174//755 160//755
f 162//756 182//757 152//758
f 176//759 174//760 126//761
f 105//762 199//763 141//764
f 122//765 151//766 180//767
f 133//768 186//769 173//770
f 173//771 184//772 138//773
f 166//774 191//775 129//776
f 138//777 178//778 169//779
f 125//780 195//781 112//781
f 140//782 181//783 154//784
f 152//785 182//786 199//787
f 191//788 143//789 129//790
f 143//791 176//792 126//793
f 125//794 177//795 221//796
f 120//797 124//798 189//799
f 112//800 195//801 171//802
f 127//803 132//804 185//805
f 159//806 187//807 151//808
f 178//809 190//810 169//811
f 143//812 191//813 176//814
f 120//815 189//816 175//817
f 184//818 178//819 138//820
f 163//821 188//822 124//823
f 171//824 170//824 142//825
f 145//826 134//827 193//828
f 141//829 200//830 147//831
f 154//832 181//833 183//834
f 142//835 170//836 186//837
f 127//838 185//839 166//840
f 134//841 192//842 193//843
f 169//844 190//845 194//846
f 156//847 201//848 132//849
f 173//850 196//851 184//852
f 180//853 201//854 156//855
f 159//856 153//857 241//858
f 140//859 175//860 181//861
f 124//862 188//863 189//864
f 128//865 146//866 224//867
f 167//868 203//869 115//870
f 125//871 202//872 195//873
f 115//874 203//875 130//876
f 178//877 207//878 190//879
f 159//880 241//881 187//882
f 131//883 218//884 134//885
f 147//886 206//887 167//888
f 145//889 193//890 177//891
f 186//892 196//893 173//894
f 128//895 224//895 121//895
f 169//896 212//897 162//898
f 153//899 216//900 241//901
f 121//902 224//903 218//904
f 201//905 213//906 132//907
f 121//908 218//908 131//908
f 221//909 210//910 125//911
f 144//912 130//913 203//914
f 134//915 218//916 192//917
f 171//918 198//919 170//920
f 190//921 209//922 194//921
f 167//923 206//924 203//925
f 151//926 187//927 180//928
f 200//929 206//930 147//931
f 169//932 194//933 212//934
f 141//935 199//935 222//935
f 125//936 210//937 202//938
f 207//939 209//940 190//941
f 171//942 195//943 198//943
f 132//944 213//945 185//946
f 219//947 182//948 162//949
f 203//950 217//951 144//952
f 188//953 163//954 223//955
f 183//956 216//957 153//958
f 212//959 219//959 162//959
f 177//960 193//961 214//962
f 183//963 226//964 216//965
f 174//966 302//967 160//968
f 146//969 208//970 224//971
f 146//972 160//973 208//974
f 222//975 200//975 141//975
f 187//976 225//977 180//978
f 144//979 223//980 163//981
f 144//982 217//983 223//984
f 177//985 214//986 221//987
f 188//988 223//989 306//990
f 236//991 208//992 160//993
f 213//994 263//995 185//996
f 202//997 248//998 195//999
f 209//1000 249//1001 194//1002
f 191//1003 166//1004 231//1005
f 174//1006 176//1007 235//1008
f 189//1009 188//1010 362//1011
f 188//1012 306//1013 362//1014
f 195//1015 248//1016 198//1017
f 191//1018 235//1019 176//1019
f 185//1020 263//1021 166//1021
f 160//1022 302//1023 236//1024
f 248//1025 247//1025 198//1025
f 201//1026 238//1027 213//1028
f 194//1029 249//1030 212//1031
f 248//1032 202//1033 243//1034
f 187//1035 241//1036 225//1037
f 362//1038 175//1039 189//1040
f 210//1041 243//1042 202//1043
f 222//1044 199//1045 261//1046
f 166//1047 228//1048 231//1049
f 249//1050 245//1051 212//1052
f 213//1053 238//1053 263//1053
f 181//1054 175//1055 234//1056
f 231//1057 235//1058 191//1059
f 208//1060 260//1060 224//1061
f 193//1062 258//1063 214//1064
f 181//1065 226//1066 183//1067
f 212//1068 245//1069 219//1070
f 201//1071 244//1072 238//1073
f 217//1074 257//1075 223//1076
f 180//1077 225//1078 201//1079
f 216//1080 239//1081 241//1082
f 166//1083 263//1084 228//1085
f 235//1086 302//1086 174//1086
f 175//1087 232//1088 234//1089
f 206//1090 200//1091 330//1092
f 214//1093 246//1094 221//1095
f 237//1096 232//1097 175//1098
f 199//1099 182//1100 271//1101
f 203//1102 206//1103 266//1104
f 192//1105 367//1106 258//1107
f 200//1108 222//1109 330//1110
f 222//1111 261//1112 330//1113
f 192//1114 258//1115 193//1116
f 258//1117 246//1118 214//1119
f 199//1120 271//1121 261//1122
f 362//1123 237//1124 175//1125
f 330//1126 279//1127 206//1128
f 221//1129 246//1130 210//1131
f 275//1132 276//1133 277//1134
f 275//1135 277//1136 276//1137
f 225//1138 278//1139 201//1140
f 206//1141 279//1142 266//1143
f 271//1144 182//1145 219//1146
f 276//1147 281//1147 277//1147
f 276//1148 280//1149 281//1149
f 277//1150 281//1150 282//1150
f 276//1151 281//1152 280//1153
f 276//1154 282//1154 281//1154
f 277//1155 282//1156 276//1156
f 181//1157 234//1157 226//1157
f 218//1158 307//1159 192//1160
f 192//1161 307//1162 367//1163
f 210//1164 333//1165 243//1166
f 224//1167 307//1168 218//1169
f 241//1170 319//1171 225//1172
f 201//1173 278//1174 244//1175
f 210//1176 246//1177 272//1178
f 203//1179 266//1180 401//1181
f 236//1182 260//1182 208//1182
f 226//1183 239//1184 216//1185
f 203//1186 401//1187 217//1188
f 219//1189 325//1190 271//1191
f 219//1192 245//1193 325//1194
f 223//1195 326//1196 306//1197
f 223//1198 257//1199 326//1200
f 319//1201 278//1202 225//1203
f 302//1204 342//1205 236//1206
f 210//1207 272//1208 333//1209
f 224//1210 260//1211 310//1212
f 226//1213 365//1214 239//1215
f 224//1216 310//1217 307//1218
f 263//1219 354//1220 228//1221
f 271//1222 338//1223 261//1222
f 241//1224 316//1225 319//1226
f 263//1227 238//1228 329//1229
f 244//1230 337//1231 238//1232
f 373//1233 272//1233 246//1233
f 236//1234 342//1235 260//1236
f 257//1237 217//1238 390//1239
f 325//1240 366//1241 271//1242
f 217//1243 401//1244 324//1245
f 241//1246 239//1247 316//1248
f 226//1249 234//1250 347//1251
f 333//1252 272//1253 355//1254
f 234//1255 232//1256 347//1257
f 371//1258 365//1259 226//1260
f 235//1261 387//1261 302//1261
f 333//1262 355//1263 348//1264
f 217//1265 324//1265 390//1265
f 246//1266 258//1267 381//1268
f 238//1269 337//1270 329//1271
f 263//1272 329//1273 354//1274
f 237//1275 362//1276 232//1277
f 330//1278 360//1279 279//1280
f 261//1281 338//1282 359//1283
f 381//1284 373//1285 246//1286
f 271//1287 366//1288 338//1289
f 272//1290 373//1290 355//1290
f 257//1291 390//1292 326//1293
f 261//1294 359//1295 330//1296
f 244//1297 278//1298 337//1299
f 226//1300 347//1301 371//1302
f 362//1303 306//1304 368//1305
f 387//1306 342//1306 302//1306
f 260//1307 342//1307 345//1307
f 355//1308 374//1309 348//1310
f 366//1311 376//1312 338//1313
f 258//1314 367//1315 334//1316
f 258//1317 334//1318 381//1319
f 260//1320 345//1321 310//1322
f 278//1323 319//1324 396//1325
f 360//1326 330//1327 359//1328
f 306//1329 326//1329 399//1330
f 306//1331 399//1331 368//1332
f 338//1333 376//1334 408//1335
f 326//1336 390//1337 399//1338
f 355//1339 411//1340 374//1341
f 231//1342 406//1343 235//1343
f 307//1344 310//1345 416//1346
f 355//1347 373//1348 433//1349
f 239//1350 365//1351 409//1352
f 239//1353 409//1354 316//1355
f 319//1356 316//1357 412//1358
f 337//1359 278//1360 425//1361
f 433//1362 411//1363 355//1364
f 334//1365 459//1366 381//1367
f 329//1368 463//1369 354//1370
f 279//1371 360//1371 438//1371
f 278//1372 396//1373 425//1374
f 444//1375 231//1376 228//1377
f 368//1378 432//1379 362//1380
f 342//1381 430//1382 345//1383
f 337//1384 426//1385 329//1386
f 387//1387 430//1388 342//1387
f 266//1389 431//1390 401//1391
f 472//1392 459//1393 367//1394
f 367//1395 307//1396 472//1397
f 416//1398 472//1399 307//1400
f 279//1401 431//1402 266//1403
f 279//1404 437//1405 431//1406
f 367//1407 459//1408 334//1409
f 408//1410 436//1411 338//1412
f 411//1413 441//1414 427//1415
f 411//1416 435//1417 441//1418
f 441//1419 435//1419 442//1420
f 427//1421 442//1422 435//1422
f 441//1423 442//1424 427//1425
f 368//1426 461//1427 432//1428
f 347//1429 232//1430 450//1431
f 373//1432 381//1433 445//1434
f 427//1435 435//1435 439//1435
f 319//1436 412//1437 396//1438
f 338//1439 436//1440 359//1441
f 371//1442 489//1443 365//1444
f 354//1445 444//1446 228//1447
f 373//1448 479//1449 433//1450
f 411//1451 433//1452 435//1453
f 381//1454 459//1455 464//1456
f 279//1457 438//1458 437//1459
f 359//1460 457//1461 360//1462
f 422//1463 408//1464 376//1465
f 451//1466 387//1467 235//1468
f 433//1469 439//1470 435//1471
f 373//1472 445//1473 479//1474
f 360//1475 457//1476 438//1477
f 399//1478 461//1479 368//1480
f 381//1481 464//1482 445//1483
f 452//1484 456//1485 462//1486
f 316//1487 409//1488 412//1489
f 347//1490 489//1491 371//1491
f 436//1492 457//1493 359//1494
f 329//1495 426//1496 463//1497
f 396//1498 412//1499 466//1500
f 347//1501 476//1502 489//1503
f 439//1504 483//1505 470//1506
f 422//1507 469//1508 473//1509
f 354//1510 463//1511 444//1512
f 362//1513 432//1514 232//1515
f 422//1516 473//1517 408//1518
f 232//1519 432//1520 450//1521
f 469//1522 480//1523 473//1524
f 231//1525 477//1526 406//1527
f 450//1528 476//1529 347//1530
f 439//1531 433//1532 483//1533
f 446//1534 480//1535 469//1536
f 365//1537 481//1538 409//1539
f 444//1540 477//1541 231//1542
f 470//1543 483//1544 484//1545
f 235//1546 406//1547 451//1548
f 446//1549 482//1550 480//1551
f 470//1552 484//1553 452//1554
f 436//1555 486//1555 457//1555
f 452//1556 484//1556 485//1556
f 396//1557 466//1558 425//1559
f 365//1560 489//1561 481//1562
f 337//1563 425//1564 426//1565
f 387//1566 488//1567 430//1568
f 457//1569 487//1570 438//1571
f 457//1572 486//1573 487//1574
f 324//1575 496//1576 390//1577
f 387//1578 451//1579 488//1580
f 399//1581 493//1582 461//1583
f 484//1584 491//1585 485//1586
f 408//1587 492//1588 436//1589
f 399//1590 390//1591 493//1592
f 401//1593 501//1594 324//1595
f 488//1596 490//1596 430//1596
f 473//1597 492//1598 408//1599
f 480//1600 495//1601 473//1602
f 426//1603 512//1604 463//1605
f 430//1606 490//1607 345//1608
f 390//1609 496//1610 493//1611
f 426//1612 425//1613 512//1614
f 324//1615 501//1616 496//1617
f 534//1618 310//1619 345//1620
f 409//1621 481//1622 412//1623
f 431//1624 528//1625 401//1626
f 482//1627 495//1628 480//1629
f 401//1630 528//1631 501//1632
f 310//1633 498//1634 416//1635
f 437//1636 525//1637 431//1638
f 459//1639 510//1640 464//1641
f 444//1642 513//1643 477//1644
f 437//1645 438//1646 525//1647
f 487//1648 509//1648 438//1648
f 482//1649 511//1649 495//1649
f 486//1650 505//1651 487//1652
f 477//1653 531//1654 406//1655
f 432//1656 506//1657 450//1658
f 490//1659 534//1660 345//1661
f 463//1662 523//1663 444//1664
f 485//1665 491//1665 517//1665
f 489//1666 476//1667 524//1668
f 432//1669 461//1670 519//1671
f 310//1672 534//1673 498//1674
f 464//1675 510//1676 445//1677
f 412//1678 529//1679 466//1680
f 445//1681 526//1682 479//1683
f 473//1684 495//1685 492//1686
f 433//1687 479//1688 526//1689
f 433//1690 526//1691 483//1692
f 484//1693 533//1694 491//1695
f 481//1696 529//1697 412//1698
f 459//1699 514//1700 510//1701
f 451//1702 406//1703 540//1704
f 483//1705 533//1706 484//1707
f 472//1708 520//1709 514//1710
f 425//1711 466//1712 522//1713
f 497//1714 541//1714 511//1714
f 472//1715 514//1715 459//1715
f 438//1716 509//1717 525//1718
f 487//1719 505//1720 509//1721
f 445//1722 562//1723 526//1724
f 523//1725 513//1726 444//1727
f 416//1728 520//1728 472//1728
f 517//1729 491//1730 507//1731
f 406//1732 531//1733 540//1734
f 494//1735 538//1736 497//1737
f 436//1738 492//1739 486//1740
f 425//1741 522//1742 512//1743
f 497//1744 538//1745 541//1746
f 477//1747 513//1748 531//1749
f 431//1750 525//1751 528//1752
f 529//1753 522//1754 466//1755
f 540//1756 488//1757 451//1758
f 512//1759 523//1760 463//1761
f 511//1762 541//1762 495//1762
f 519//1763 506//1764 432//1764
f 486//1765 537//1766 505//1767
f 535//1768 494//1769 507//1770
f 476//1771 450//1772 530//1773
f 489//1774 524//1775 481//1776
f 476//1777 530//1778 524//1779
f 416//1780 498//1781 520//1782
f 510//1783 562//1784 445//1785
f 543//1786 490//1787 488//1788
f 507//1789 491//1790 535//1791
f 526//1792 533//1793 483//1794
f 495//1795 541//1796 492//1797
f 450//1798 506//1799 530//1800
f 526//1801 545//1802 533//1803
f 498//1804 551//1805 520//1806
f 496//1807 563//1808 493//1809
f 486//1810 492//1811 537//1812
f 494//1813 535//1813 538//1813
f 529//1814 539//1815 522//1816
f 512//1817 522//1818 544//1819
f 554//1820 524//1821 530//1822
f 528//1823 525//1824 547//1825
f 493//1826 519//1827 461//1828
f 493//1829 577//1830 519//1831
f 540//1832 543//1833 488//1834
f 541//1835 553//1836 492//1837
f 501//1838 556//1839 496//1840
f 514//1841 548//1842 510//1843
f 493//1844 563//1845 577//1846
f 562//1847 510//1848 548//1849
f 531//1850 555//1851 540//1852
f 526//1853 549//1854 545//1855
f 522//1856 539//1856 544//1856
f 524//1857 554//1858 550//1859
f 513//1860 555//1861 531//1862
f 490//1863 567//1864 534//1865
f 543//1866 567//1867 490//1868
f 505//1869 537//1870 509//1871
f 526//1872 562//1873 549//1874
f 481//1875 539//1876 529//1877
f 491//1878 533//1879 535//1880
f 513//1881 523//1882 557//1883
f 534//1884 569//1885 498//1886
f 530//1887 506//1887 554//1887
f 524//1888 582//1888 481//1888
f 544//1889 565//1890 512//1891
f 501//1892 528//1893 556//1894
f 549//1895 561//1895 545//1895
f 481//1896 552//1896 539//1897
f 539//1898 568//1899 544//1900
f 512//1901 565//1902 586//1903
f 509//1904 571//1905 525//1906
f 512//1907 586//1908 523//1909
f 524//1910 550//1911 582//1910
f 496//1912 556//1913 563//1914
f 523//1915 586//1916 557//1917
f 566//1918 506//1918 519//1919
f 535//1920 533//1920 576//1920
f 520//1921 558//1922 514//1923
f 582//1924 552//1925 481//1924
f 569//1926 551//1927 498//1928
f 528//1929 547//1930 574//1931
f 545//1932 584//1933 533//1934
f 514//1935 558//1936 548//1937
f 506//1938 573//1939 554//1940
f 538//1941 590//1942 541//1943
f 509//1944 537//1945 571//1946
f 545//1947 561//1948 584//1949
f 506//1950 566//1950 573//1950
f 492//1951 578//1952 537//1953
f 557//1954 555//1955 513//1956
f 562//1957 583//1958 549//1959
f 520//1960 551//1961 575//1962
f 525//1963 570//1964 547//1965
f 590//1966 553//1967 541//1968
f 535//1969 576//1969 538//1969
f 525//1970 571//1971 570//1972
f 549//1973 583//1973 561//1973
f 577//1974 566//1975 519//1976
f 569//1977 585//1978 551//1979
f 567//1980 569//1981 534//1982
f 574//1983 587//1984 528//1985
f 567//1986 543//1987 589//1988
f 492//1989 553//1990 578//1991
f 561//1992 583//1992 584//1992
f 520//1993 575//1994 558//1995
f 551//1996 585//1997 575//1998
f 539//1999 552//2000 568//2001
f 528//2002 587//2003 556//2002
f 548//2004 583//2005 562//2006
f 554//2007 591//2008 550//2009
f 544//2010 568//2011 565//2012
f 570//2013 574//2014 547//2013
f 533//2015 584//2016 576//2017
f 548//2018 592//2018 583//2018
f 586//2019 593//2020 557//2021
f 577//2022 594//2023 566//2024
f 577//2025 563//2026 594//2027
f 543//2028 588//2029 589//2030
f 538//2031 576//2031 590//2031
f 555//2032 601//2033 540//2034
f 553//2035 595//2036 578//2037
f 550//2038 591//2039 582//2040
f 557//2041 593//2042 555//2043
f 567//2044 596//2045 569//2045
f 565//2046 568//2047 608//2048
f 596//2049 585//2050 569//2051
f 540//2052 601//2053 543//2054
f 556//2055 609//2056 563//2057
f 573//2058 597//2059 554//2060
f 554//2061 597//2062 591//2063
f 537//2064 602//2065 571//2066
f 576//2067 584//2068 600//2069
f 555//2070 593//2071 599//2072
f 609//2073 594//2074 563//2075
f 556//2076 587//2077 609//2078
f 586//2079 598//2080 593//2081
f 590//2082 605//2083 553//2084
f 552//2085 613//2086 568//2087
f 543//2088 601//2089 588//2090
f 578//2091 602//2092 537//2093
f 566//2094 603//2094 573//2094
f 565//2095 608//2096 598//2097
f 558//2098 592//2099 548//2100
f 565//2101 598//2102 586//2103
f 589//2104 596//2105 567//2106
f 552//2107 582//2108 613//2109
f 555//2110 599//2111 601//2110
f 573//2112 603//2113 597//2114
f 591//2115 618//2116 582//2117
f 594//2118 603//2119 566//2120
f 605//2121 595//2122 553//2123
f 587//2124 604//2125 609//2126
f 602//2127 610//2128 571//2129
f 576//2130 605//2131 590//2132
f 601//2133 616//2134 588//2133
f 585//2135 606//2136 575//2137
f 582//2138 618//2139 613//2140
f 591//2141 614//2142 618//2143
f 558//2144 622//2145 592//2146
f 583//2147 607//2148 584//2149
f 583//2150 592//2151 607//2152
f 595//2153 617//2154 578//2155
f 587//2156 574//2157 604//2158
f 600//2159 605//2159 576//2160
f 596//2161 606//2162 585//2163
f 617//2164 602//2165 578//2166
f 568//2167 613//2168 611//2169
f 568//2170 611//2171 608//2172
f 588//2173 616//2174 589//2175
f 571//2176 630//2177 570//2178
f 589//2179 616//2180 596//2181
f 584//2182 607//2183 600//2184
f 598//2185 612//2186 593//2187
f 593//2188 612//2188 599//2188
f 591//2189 597//2190 614//2191
f 605//2192 617//2193 595//2194
f 575//2195 622//2196 558//2197
f 597//2198 603//2199 619//2199
f 596//2200 625//2201 606//2202
f 575//2203 615//2204 622//2205
f 597//2206 619//2206 614//2206
f 594//2207 628//2208 603//2207
f 601//2209 627//2210 616//2211
f 600//2212 620//2213 605//2214
f 592//2215 624//2216 607//2217
f 574//2218 634//2219 604//2220
f 571//2221 610//2222 630//2223
f 620//2224 617//2225 605//2226
f 570//2227 630//2227 574//2227
f 606//2228 623//2228 575//2228
f 601//2229 599//2230 627//2231
f 609//2232 636//2233 594//2234
f 604//2235 636//2236 609//2237
f 575//2238 623//2239 615//2240
f 616//2241 621//2242 596//2243
f 620//2244 600//2245 631//2246
f 607//2247 624//2248 600//2249
f 614//2250 633//2251 618//2252
f 617//2253 626//2254 602//2255
f 618//2256 639//2257 613//2258
f 612//2259 638//2260 599//2261
f 616//2262 627//2263 621//2264
f 602//2265 626//2266 610//2267
f 598//2268 637//2269 612//2270
f 622//2271 624//2272 592//2273
f 596//2274 621//2275 625//2276
f 606//2277 625//2278 623//2279
f 594//2280 636//2281 628//2282
f 629//2283 634//2284 574//2285
f 574//2286 630//2287 629//2288
f 600//2289 624//2290 631//2291
f 603//2292 628//2293 635//2294
f 638//2295 627//2296 599//2297
f 603//2298 635//2299 619//2300
f 608//2301 611//2302 640//2303
f 618//2304 633//2305 639//2306
f 598//2307 608//2308 640//2307
f 598//2309 632//2310 637//2311
f 614//2312 619//2313 633//2313
f 604//2314 634//2315 636//2316
f 637//2317 638//2318 612//2319
f 620//2320 626//2321 617//2322
f 613//2323 639//2323 611//2323
f 641//2324 625//2325 621//2326
f 598//2327 640//2328 632//2329
f 639//2330 640//2331 611//2332
f 622//2333 645//2333 624//2333
f 620//2334 631//2335 626//2336
f 626//2337 648//2338 610//2339
f 619//2340 643//2340 633//2340
f 610//2341 648//2341 630//2342
f 627//2343 644//2344 621//2345
f 638//2346 642//2347 627//2348
f 628//2349 646//2350 635//2351
f 641//2352 647//2353 625//2354
f 621//2355 644//2356 641//2357
f 625//2358 647//2359 623//2360
f 629//2361 650//2362 634//2363
f 628//2364 636//2365 646//2366
f 638//2367 637//2368 642//2369
f 635//2370 643//2371 619//2372
f 631//2373 645//2374 649//2375
f 629//2376 630//2376 650//2376
f 635//2377 646//2378 643//2379
f 624//2380 645//2381 631//2382
f 631//2383 648//2384 626//2385
f 627//2386 642//2387 644//2388
f 615//2389 645//2390 622//2391
f 641//2392 652//2393 647//2394
f 633//2395 643//2396 655//2397
f 615//2398 651//2399 645//2400
f 630//2401 648//2402 650//2403
f 631//2404 649//2405 648//2406
f 633//2407 655//2408 639//2409
f 634//2410 653//2411 636//2412
f 632//2413 642//2414 637//2415
f 650//2416 653//2417 634//2418
f 639//2419 654//2420 640//2421
f 643//2422 656//2423 655//2424
f 642//2425 657//2426 644//2427
f 623//2428 651//2429 615//2430
f 636//2431 658//2432 646//2433
f 646//2434 656//2435 643//2436
f 646//2437 658//2438 656//2439
f 644//2440 657//2441 641//2442
f 653//2443 658//2444 636//2445
f 640//2446 664//2447 632//2448
f 641//2449 657//2450 652//2451
f 639//2452 655//2453 654//2454
f 650//2455 648//2456 660//2457
f 649//2458 663//2459 648//2460
f 659//2461 642//2462 632//2463
f 663//2464 660//2465 648//2466
f 642//2467 659//2468 661//2469
f 645//2470 663//2471 649//2472
f 647//2473 662//2473 623//2473
f 645//2474 651//2475 663//2476
f 642//2477 661//2478 657//2479
f 623//2480 662//2481 651//2482
f 640//2483 654//2483 664//2483
f 632//2484 664//2485 659//2486
f 660//2487 653//2488 650//2489
f 651//2490 662//2491 663//2492
f 655//2493 664//2494 654//2495
f 663//2496 662//2497 660//2498
f 656//2499 664//2500 655//2501
f 652//2502 662//2503 647//2504
f 653//2505 660//2506 667//2507
f 656//2508 669//2509 664//2510
f 659//2511 664//2512 665//2513
f 656//2514 658//2515 669//2516
f 657//2517 668//2518 652//2519
f 652//2520 668//2521 662//2522
f 653//2523 667//2524 658//2525
f 661//2526 666//2527 657//2528
f 666//2529 668//2530 657//2531
f 659//2532 665//2533 661//2534
f 660//2535 662//2536 670//2537
f 665//2538 666//2539 661//2540
f 660//2541 670//2542 667//2543
f 662//2544 668//2545 670//2546
f 658//2547 667//2548 669//2549
f 664//2550 669//2551 665//2550
f 665//2552 669//2553 666//2554
f 669//2555 671//2556 666//2557
f 667//2558 671//2558 669//2558
f 666//2559 671//2560 668//2561
f 670//2562 668//2563 671//2564
f 670//2565 671//2566 667//2567
f 441//2568 442//2569 672//2570
usemtl Материал
f 116//2571 123//2572 119//2573
f 116//2574 119//2575 118//2576
f 123//2577 116//2578 117//2579
f 116//2580 118//2581 135//2582
f 117//2583 137//2583 123//2583
f 116//2584 135//2585 117//2586
f 123//2587 136//2588 119//2589
f 137//2590 136//2591 123//2592
f 119//2593 139//2594 118//2595
f 135//2596 155//2597 117//2598
f 136//2599 149//2599 119//2599
f 117//2600 150//2601 158//2602
f 118//2603 161//2604 135//2605
f 117//2606 158//2607 137//2608
f 117//2609 155//2610 150//2611
f 119//2612 149//2613 139//2614
f 118//2615 148//2615 161//2615
f 139//2616 157//2617 118//2617
f 149//2618 165//2619 139//2620
f 118//2621 157//2622 148//2623
f 139//2624 168//2625 157//2626
f 135//2627 178//2627 155//2627
f 148//2628 178//2629 161//2630
f 135//2631 161//2631 178//2631
f 170//2632 136//2633 137//2634
f 136//2635 164//2635 149//2635
f 172//2636 168//2637 139//2638
f 139//2639 165//2639 172//2639
f 136//2640 170//2641 164//2640
f 148//2642 157//2642 179//2642
f 155//2643 184//2644 150//2645
f 178//2646 148//2647 179//2648
f 158//2649 150//2650 186//2651
f 137//2652 158//2653 186//2654
f 186//2655 170//2656 137//2657
f 178//2658 184//2659 155//2660
f 149//2661 211//2662 165//2663
f 168//2664 197//2665 157//2666
f 196//2667 186//2668 150//2669
f 157//2670 197//2671 179//2672
f 198//2673 164//2673 170//2673
f 168//2674 205//2675 197//2676
f 168//2677 172//2678 205//2678
f 178//2679 179//2680 207//2681
f 165//2682 211//2683 172//2684
f 150//2685 184//2686 196//2687
f 172//2688 204//2689 220//2690
f 149//2691 230//2692 211//2693
f 172//2694 220//2695 205//2696
f 172//2697 211//2698 215//2699
f 172//2700 215//2701 204//2702
f 149//2703 164//2703 230//2703
f 204//2704 227//2704 220//2704
f 179//2705 242//2706 207//2707
f 227//2708 229//2709 220//2710
f 215//2711 227//2712 204//2713
f 198//2714 230//2715 164//2716
f 207//2717 242//2718 209//2719
f 229//2720 205//2721 220//2722
f 205//2723 233//2724 197//2725
f 197//2726 242//2727 179//2728
f 215//2729 293//2730 227//2731
f 229//2732 233//2732 205//2732
f 215//2733 211//2733 293//2733
f 198//2734 247//2735 230//2736
f 230//2737 256//2737 211//2737
f 197//2738 240//2738 242//2738
f 252//2739 251//2740 248//2741
f 249//2742 250//2743 253//2744
f 254//2745 252//2745 248//2745
f 249//2746 253//2747 255//2748
f 251//2749 230//2750 248//2751
f 249//2752 242//2753 250//2754
f 243//2755 254//2756 248//2757
f 250//2758 259//2759 253//2760
f 252//2761 262//2761 251//2761
f 243//2762 264//2762 254//2762
f 251//2763 262//2764 265//2765
f 256//2766 293//2767 211//2768
f 251//2769 265//2769 230//2769
f 209//2770 242//2771 249//2772
f 247//2773 248//2773 230//2773
f 255//2774 269//2775 249//2776
f 252//2777 254//2778 270//2779
f 252//2780 270//2781 262//2782
f 250//2783 242//2783 259//2783
f 253//2784 259//2784 283//2784
f 253//2785 283//2786 268//2787
f 197//2788 273//2789 240//2790
f 242//2791 240//2792 259//2793
f 253//2794 268//2795 255//2796
f 264//2797 274//2798 254//2799
f 267//2800 269//2801 255//2802
f 255//2803 268//2803 267//2804
f 249//2805 269//2806 245//2807
f 262//2808 284//2809 265//2810
f 274//2811 270//2812 254//2813
f 197//2814 233//2815 273//2816
f 265//2817 256//2818 230//2818
f 287//2819 289//2820 286//2821
f 286//2822 292//2822 287//2822
f 243//2823 333//2824 264//2825
f 288//2826 286//2827 289//2828
f 286//2829 288//2830 296//2831
f 296//2832 292//2832 286//2832
f 259//2833 240//2833 285//2834
f 267//2835 268//2836 291//2837
f 265//2838 293//2839 256//2840
f 265//2841 295//2841 294//2841
f 259//2842 300//2843 283//2844
f 288//2845 304//2846 296//2847
f 240//2848 273//2849 285//2850
f 227//2851 299//2852 229//2853
f 269//2854 267//2854 298//2854
f 265//2855 294//2856 293//2857
f 229//2858 297//2859 233//2860
f 268//2861 301//2862 291//2863
f 293//2864 299//2865 227//2866
f 299//2867 297//2868 229//2869
f 297//2870 288//2870 233//2870
f 285//2871 290//2872 259//2873
f 264//2874 314//2875 274//2876
f 262//2877 270//2878 284//2879
f 268//2880 283//2881 301//2882
f 297//2883 304//2884 288//2885
f 296//2886 304//2887 308//2888
f 274//2889 303//2890 270//2891
f 288//2892 289//2893 305//2894
f 299//2895 304//2896 297//2897
f 299//2898 293//2899 313//2900
f 315//2901 308//2902 304//2903
f 289//2904 312//2905 305//2906
f 293//2907 294//2908 323//2909
f 269//2910 298//2911 311//2912
f 267//2913 332//2913 298//2913
f 305//2914 233//2915 288//2916
f 299//2917 315//2917 304//2917
f 314//2918 303//2918 274//2918
f 292//2919 322//2920 287//2921
f 264//2922 317//2922 314//2922
f 290//2923 300//2923 259//2923
f 267//2924 291//2925 332//2926
f 233//2927 305//2928 273//2929
f 265//2930 284//2931 295//2932
f 305//2933 318//2934 273//2935
f 299//2936 313//2936 315//2936
f 301//2937 320//2937 291//2937
f 270//2938 336//2939 284//2940
f 296//2941 308//2941 292//2941
f 289//2942 309//2942 312//2942
f 303//2943 336//2944 270//2945
f 264//2946 333//2947 317//2948
f 287//2949 309//2950 289//2951
f 293//2952 323//2953 313//2954
f 269//2955 311//2956 245//2957
f 308//2958 321//2959 292//2960
f 305//2961 312//2962 318//2963
f 292//2964 321//2965 402//2966
f 287//2967 322//2968 309//2969
f 328//2970 336//2971 303//2972
f 285//2973 327//2973 290//2973
f 318//2974 344//2975 273//2976
f 273//2977 344//2978 285//2979
f 285//2980 344//2981 327//2982
f 323//2983 294//2984 335//2985
f 295//2986 331//2986 294//2986
f 245//2987 311//2988 325//2989
f 320//2990 343//2991 291//2992
f 292//2993 402//2994 322//2995
f 294//2996 331//2997 335//2998
f 323//2999 335//3000 313//3001
f 291//3002 343//3002 332//3002
f 308//3003 315//3004 340//3005
f 298//3006 332//3007 311//3008
f 283//3009 341//3010 301//3011
f 303//3012 339//3012 328//3012
f 308//3013 340//3014 321//3015
f 284//3016 357//3016 295//3016
f 339//3017 303//3017 314//3017
f 295//3018 357//3018 331//3018
f 283//3019 300//3019 341//3019
f 301//3020 378//3020 320//3020
f 309//3021 346//3022 312//3023
f 290//3024 356//3025 300//3026
f 318//3027 312//3028 346//3029
f 344//3030 349//3030 327//3030
f 327//3031 356//3031 290//3031
f 317//3032 358//3033 314//3034
f 315//3035 352//3036 379//3037
f 331//3038 350//3039 335//3040
f 349//3041 351//3042 327//3043
f 333//3044 348//3044 317//3045
f 313//3046 335//3046 352//3046
f 313//3047 352//3048 315//3048
f 314//3049 358//3050 339//3051
f 325//3052 311//3053 366//3054
f 301//3055 341//3056 378//3057
f 327//3058 351//3059 356//3060
f 311//3061 332//3062 361//3063
f 300//3064 356//3064 341//3064
f 284//3065 336//3065 357//3065
f 348//3066 353//3066 317//3066
f 331//3067 357//3067 350//3067
f 318//3068 363//3069 344//3070
f 315//3071 379//3072 340//3073
f 309//3074 364//3075 346//3076
f 344//3077 363//3078 349//3079
f 322//3080 370//3081 309//3082
f 340//3083 398//3084 321//3085
f 375//3086 352//3087 335//3088
f 328//3089 395//3090 336//3091
f 317//3092 353//3092 369//3092
f 320//3093 378//3094 343//3095
f 343//3096 389//3096 332//3096
f 318//3097 346//3097 363//3097
f 309//3098 370//3098 364//3098
f 351//3099 380//3100 356//3101
f 349//3102 380//3102 351//3102
f 366//3103 361//3104 376//3105
f 348//3106 369//3107 353//3108
f 317//3109 369//3110 358//3111
f 350//3112 375//3113 335//3114
f 356//3115 384//3116 341//3117
f 352//3118 382//3118 372//3118
f 343//3119 378//3119 389//3119
f 350//3120 386//3121 375//3122
f 311//3123 361//3124 366//3125
f 336//3126 377//3127 357//3128
f 363//3129 346//3130 391//3131
f 357//3132 394//3133 350//3134
f 356//3135 397//3136 384//3135
f 352//3137 372//3137 379//3137
f 383//3138 340//3139 379//3140
f 375//3141 382//3141 352//3142
f 346//3143 364//3144 391//3145
f 348//3146 374//3147 369//3148
f 377//3149 394//3150 357//3151
f 402//3152 370//3153 322//3154
f 380//3155 397//3155 356//3155
f 332//3156 385//3156 361//3156
f 372//3157 383//3157 379//3157
f 339//3158 395//3159 328//3160
f 321//3161 398//3162 402//3161
f 363//3163 391//3164 349//3165
f 349//3166 393//3167 380//3168
f 349//3169 391//3170 393//3171
f 364//3172 370//3173 392//3174
f 400//3175 382//3176 375//3177
f 350//3178 394//3178 386//3178
f 332//3179 389//3180 385//3179
f 386//3181 400//3182 375//3183
f 369//3184 388//3185 358//3186
f 358//3187 388//3188 339//3189
f 393//3190 397//3190 380//3190
f 386//3191 394//3191 400//3191
f 383//3192 398//3193 340//3194
f 364//3195 392//3195 391//3195
f 382//3196 403//3196 372//3196
f 394//3197 377//3198 423//3199
f 341//3200 407//3201 378//3202
f 391//3203 413//3204 393//3205
f 339//3206 388//3207 395//3208
f 372//3209 405//3209 383//3209
f 384//3210 424//3211 341//3212
f 383//3213 405//3213 398//3213
f 341//3214 424//3214 407//3214
f 374//3215 428//3216 369//3217
f 403//3218 405//3219 372//3220
f 385//3221 422//3222 361//3223
f 336//3224 404//3225 377//3226
f 336//3227 395//3228 404//3229
f 361//3230 422//3231 376//3232
f 382//3233 414//3233 403//3233
f 389//3234 410//3235 385//3236
f 378//3237 410//3237 389//3237
f 392//3238 418//3238 391//3239
f 378//3240 407//3240 410//3240
f 405//3241 419//3242 398//3243
f 400//3244 417//3245 382//3246
f 404//3247 449//3248 377//3249
f 415//3250 414//3251 382//3252
f 369//3253 428//3254 388//3255
f 403//3256 420//3256 405//3256
f 391//3257 418//3258 413//3259
f 418//3260 421//3261 413//3262
f 370//3263 429//3263 392//3263
f 400//3264 423//3264 417//3264
f 394//3265 423//3266 400//3267
f 377//3268 449//3269 423//3270
f 388//3271 428//3272 395//3273
f 411//3274 428//3275 374//3276
f 382//3277 417//3278 415//3279
f 393//3280 460//3281 397//3282
f 384//3283 460//3284 424//3285
f 420//3286 419//3286 405//3286
f 419//3287 402//3287 398//3287
f 393//3288 453//3289 460//3290
f 403//3291 414//3291 420//3291
f 392//3292 429//3293 418//3294
f 411//3295 427//3296 428//3297
f 414//3298 421//3299 420//3300
f 421//3301 418//3302 429//3303
f 397//3304 460//3305 384//3306
f 419//3307 429//3307 402//3307
f 421//3308 434//3309 413//3310
f 420//3311 429//3312 419//3313
f 414//3314 434//3314 421//3314
f 407//3315 385//3316 410//3317
f 421//3318 429//3319 420//3320
f 460//3321 440//3322 424//3323
f 413//3324 434//3324 447//3324
f 428//3325 443//3326 395//3327
f 395//3328 443//3329 404//3330
f 456//3331 415//3332 417//3332
f 385//3333 458//3333 422//3333
f 443//3334 449//3335 404//3336
f 414//3337 448//3337 434//3337
f 407//3338 458//3339 385//3340
f 415//3341 456//3341 454//3341
f 440//3342 407//3343 424//3344
f 452//3345 454//3346 456//3346
f 427//3347 439//3347 428//3347
f 414//3348 415//3348 468//3348
f 393//3349 474//3350 453//3351
f 407//3352 440//3352 458//3353
f 439//3354 443//3354 428//3354
f 417//3355 462//3355 456//3355
f 393//3356 413//3357 474//3358
f 423//3359 462//3359 417//3359
f 434//3360 465//3360 447//3360
f 423//3361 449//3362 462//3363
f 452//3364 462//3365 470//3366
f 446//3367 467//3367 453//3367
f 414//3368 455//3368 448//3368
f 458//3369 440//3369 467//3369
f 446//3370 469//3371 467//3372
f 453//3373 467//3374 460//3373
f 462//3375 449//3375 443//3375
f 422//3376 458//3376 469//3376
f 467//3377 440//3377 460//3377
f 439//3378 470//3379 443//3380
f 469//3381 458//3381 467//3381
f 443//3382 470//3383 462//3384
f 448//3385 455//3385 471//3385
f 468//3386 455//3387 414//3388
f 448//3389 471//3389 434//3389
f 453//3390 500//3391 446//3392
f 454//3393 475//3394 415//3395
f 452//3396 485//3396 454//3396
f 413//3397 478//3397 474//3397
f 415//3398 475//3399 468//3400
f 474//3401 500//3401 453//3401
f 447//3402 478//3403 413//3404
f 446//3405 500//3406 482//3407
f 465//3408 478//3409 447//3410
f 454//3411 485//3411 475//3411
f 434//3412 471//3413 465//3414
f 485//3415 517//3415 475//3415
f 478//3416 502//3417 474//3418
f 474//3419 502//3420 500//3420
f 468//3421 475//3421 516//3421
f 455//3422 499//3423 471//3424
f 465//3425 499//3426 478//3427
f 471//3428 499//3429 465//3430
f 494//3431 521//3432 507//3433
f 455//3434 503//3435 499//3436
f 517//3437 504//3437 475//3437
f 455//3438 468//3438 503//3438
f 499//3439 508//3440 478//3441
f 478//3442 508//3442 502//3442
f 468//3443 516//3443 503//3443
f 482//3444 500//3445 511//3446
f 507//3447 521//3448 527//3449
f 494//3450 515//3451 521//3452
f 497//3453 532//3453 515//3453
f 497//3454 515//3455 494//3456
f 511//3457 532//3458 497//3459
f 507//3460 527//3461 517//3462
f 517//3463 518//3463 504//3463
f 475//3464 504//3465 516//3466
f 500//3467 536//3468 511//3469
f 517//3470 527//3471 518//3472
f 502//3473 508//3474 536//3475
f 511//3476 536//3477 532//3478
f 500//3479 502//3480 536//3481
f 503//3482 542//3482 499//3482
f 499//3483 542//3484 508//3485
f 504//3486 518//3486 516//3486
f 508//3487 542//3488 536//3489
f 503//3490 516//3491 542//3492
f 521//3493 515//3494 527//3495
f 516//3496 560//3497 542//3498
f 518//3499 560//3500 516//3501
f 515//3502 580//3503 527//3504
f 559//3505 580//3505 532//3505
f 532//3506 564//3506 559//3506
f 527//3507 546//3508 518//3509
f 527//3510 580//3511 546//3512
f 536//3513 564//3513 532//3513
f 515//3514 532//3515 580//3515
f 542//3516 564//3517 536//3518
f 518//3519 546//3520 572//3521
f 518//3522 572//3523 560//3524
f 559//3525 581//3526 580//3527
f 542//3528 579//3529 564//3530
f 560//3531 579//3532 542//3533
f 564//3534 581//3535 559//3536
f 546//3537 580//3537 581//3537
f 546//3538 581//3539 572//3540
f 564//3541 579//3541 581//3541
f 560//3542 572//3542 579//3542
f 572//3543 581//3544 579//3545
f 402//3546 429//3547 370//3548
