# Blender v2.91.2 OBJ File: 'Cucumber_lowpoly.blend'
# www.blender.org
mtllib Cucumber_lowpoly.mtl
o Mesh1.0
v 0.311315 0.316373 -0.027873
v 0.304257 0.330376 -0.022325
v 0.308139 0.330715 -0.041236
v 0.294928 0.320002 -0.011252
v 0.300501 0.308476 -0.043794
v 0.301236 0.304247 -0.025281
v 0.293106 0.330169 -0.049380
v 0.290188 0.335903 -0.025074
v 0.260266 0.405340 -0.006343
v 0.305538 0.271365 0.103898
v 0.268225 0.276025 0.241328
v 0.256397 0.387608 0.011444
v 0.265059 0.334378 0.117787
v 0.334581 0.214596 0.047493
v 0.337758 0.193752 0.037504
v 0.337356 0.200046 0.065821
v 0.333238 0.207371 0.034848
v 0.319503 0.218156 0.045989
v 0.259104 0.393401 -0.027837
v 0.244227 0.411539 -0.022717
v 0.315074 0.186152 0.181083
v 0.273215 0.396443 -0.194518
v 0.239128 0.411572 0.000992
v 0.335141 0.184083 0.052969
v 0.319822 0.206554 0.031604
v 0.241006 0.307434 0.249242
v 0.225255 0.361407 0.148892
v 0.282847 0.349519 -0.200069
v 0.241701 0.468889 -0.255266
v 0.232053 0.370161 0.121785
v 0.206621 0.459699 -0.052686
v 0.320069 0.212949 0.064048
v 0.236874 0.448453 -0.314052
v 0.183908 0.551712 -0.253569
v 0.321255 0.196584 0.070578
v 0.306339 0.246185 -0.082141
v 0.280472 0.159626 0.386270
v 0.318562 0.145478 0.143300
v 0.188196 0.545444 -0.343441
v 0.179799 0.516980 -0.111451
v 0.320509 0.180973 0.060807
v 0.303485 0.156985 0.296788
v 0.333637 0.186622 0.011214
v 0.334082 0.170003 0.000700
v 0.316853 0.182316 0.038084
v 0.305060 0.288639 -0.175441
v 0.301753 0.294741 -0.196259
v 0.300315 0.305974 -0.181526
v 0.336057 0.171685 0.029607
v 0.312442 0.146047 0.309016
v 0.332621 0.158029 0.015607
v 0.289256 0.307439 -0.173736
v 0.190020 0.436206 0.030703
v 0.315175 0.187668 0.017942
v 0.288310 0.303677 -0.199299
v 0.299136 0.144917 0.326994
v 0.318863 0.170230 0.036029
v 0.306542 0.127316 0.291560
v 0.304141 0.124309 0.319673
v 0.190783 0.561206 -0.369251
v 0.198406 0.546575 -0.356823
v 0.182097 0.555981 -0.346924
v 0.164575 0.575391 -0.326201
v 0.157391 0.570178 -0.219852
v 0.216433 0.256958 0.391711
v 0.193048 0.447939 0.037487
v 0.155513 0.533427 -0.117073
v 0.315542 0.172888 -0.003453
v 0.293317 0.278795 -0.163636
v 0.190439 0.532803 -0.356345
v 0.193833 0.544122 -0.370727
v 0.182114 0.447289 0.055178
v 0.163094 0.535389 -0.094785
v 0.157856 0.546634 -0.113345
v 0.151865 0.548044 -0.095744
v 0.182761 0.549917 -0.377384
v 0.228584 0.250077 0.382969
v 0.185268 0.427663 0.050391
v 0.172621 0.473153 -0.030457
v 0.179721 0.457192 0.030116
v 0.232567 0.255272 0.401800
v 0.235136 0.232507 0.399916
v 0.177351 0.446819 0.019281
v 0.161985 0.523745 -0.104806
v 0.149533 0.534453 -0.084078
v 0.286662 0.275003 -0.192815
v 0.178812 0.536893 -0.373951
v 0.316545 0.151066 0.024570
v 0.165046 0.456701 0.040131
v 0.142883 0.550740 -0.107062
v 0.213833 0.245259 0.418493
v 0.154659 0.519034 -0.085589
v 0.164722 0.448514 0.056111
v 0.184722 0.333358 0.270612
v 0.297388 0.094962 0.343764
v 0.169451 0.557805 -0.369376
v 0.166136 0.368997 0.186099
v 0.313755 0.152643 0.004718
v 0.302634 0.157609 -0.073417
v 0.249657 0.135388 0.487683
v 0.141725 0.542194 -0.115699
v 0.320145 0.120392 0.133403
v 0.229530 0.445304 -0.342172
v 0.109206 0.623503 -0.300906
v 0.136087 0.524763 -0.083875
v 0.136723 0.542424 -0.092605
v 0.307922 0.076871 0.264027
v 0.107821 0.599624 -0.213365
v 0.269023 0.249228 -0.239373
v 0.161406 0.428404 0.060636
v 0.130200 0.537794 -0.098815
v 0.154684 0.447807 0.028616
v 0.258070 0.085324 0.492991
v 0.180209 0.470975 -0.423464
v 0.128657 0.590410 -0.388943
v 0.149014 0.242239 0.524938
v 0.103705 0.569892 -0.148803
v 0.305201 0.109839 0.004508
v 0.301834 0.037734 0.203837
v 0.315900 0.072923 0.277851
v 0.316386 0.058549 0.264894
v 0.316539 0.047357 0.277360
v 0.316154 0.052541 0.295024
v 0.306324 0.077861 0.287227
v 0.148655 0.439939 0.047488
v 0.161309 0.532186 -0.408990
v 0.306155 0.059411 0.256728
v 0.275580 0.063745 0.436001
v 0.200557 0.426593 -0.406736
v 0.302239 0.059157 0.301108
v 0.157930 0.278302 0.425673
v 0.120999 0.349443 0.268484
v 0.302238 0.043099 0.292274
v 0.314066 0.148675 -0.070950
v 0.308715 0.139164 -0.087630
v 0.306125 0.065781 0.104674
v 0.171964 0.211211 0.556502
v 0.106614 0.606467 -0.201660
v 0.098417 0.626471 -0.216914
v 0.312691 0.132931 -0.061559
v 0.249032 0.069745 0.502362
v 0.095322 0.597083 -0.184039
v 0.091657 0.624353 -0.229916
v 0.294812 0.143038 -0.089288
v 0.300811 0.138782 -0.048032
v 0.302390 0.044921 0.265839
v 0.092263 0.611229 -0.229380
v 0.078932 0.618083 -0.200423
v 0.235334 0.337965 -0.341509
v 0.065932 0.638835 -0.286380
v 0.081257 0.639924 -0.343041
v 0.082389 0.627391 -0.221415
v 0.304390 0.122145 -0.074015
v 0.296405 0.124611 -0.050312
v 0.078155 0.464847 0.020571
v 0.209235 0.424439 -0.424766
v 0.213960 0.404721 -0.410927
v 0.250243 -0.001479 0.481492
v 0.144308 0.288223 0.411869
v 0.205501 0.401140 -0.399539
v 0.157282 0.289468 0.432047
v 0.146145 0.297684 0.423941
v 0.145764 0.287192 0.452226
v 0.074492 0.605039 -0.193021
v 0.075562 0.618494 -0.221458
v 0.193812 0.409689 -0.436561
v 0.149148 0.273172 0.449122
v 0.122236 0.394184 0.144596
v 0.107099 0.403021 0.122908
v 0.203859 0.397790 -0.428983
v 0.146015 0.226913 0.559842
v 0.028847 0.651889 -0.394096
v 0.098710 0.593463 -0.426641
v 0.044094 0.652943 -0.333876
v 0.288305 0.119763 -0.075594
v 0.198366 0.388328 -0.410712
v 0.183851 0.418664 -0.429455
v 0.130517 0.276762 0.457596
v 0.132599 0.296988 0.440286
v 0.183923 0.108167 0.629572
v 0.140190 0.184684 0.630728
v 0.146490 0.247130 0.555705
v 0.035992 0.648407 -0.285324
v 0.131675 0.258260 0.550311
v 0.042223 0.625484 -0.218365
v 0.275130 -0.011384 0.332654
v 0.195271 0.081287 0.607630
v 0.136546 0.203209 0.614399
v 0.124809 0.290156 0.422692
v 0.204991 0.195867 -0.314758
v 0.197356 0.022250 0.607679
v 0.123360 0.480783 -0.485568
v 0.117428 0.366706 0.257224
v 0.111218 0.360751 0.278596
v 0.251316 0.096316 -0.148585
v 0.111518 0.403292 0.150135
v 0.121075 0.239073 0.574621
v 0.112085 0.357449 0.244144
v 0.100484 0.370418 0.251953
v 0.098601 0.343494 0.283915
v 0.114743 0.253192 0.543430
v 0.141622 0.196000 0.637203
v 0.132782 0.208393 0.637267
v 0.017001 0.653218 -0.331179
v 0.095966 0.398668 0.155101
v 0.250618 -0.042380 0.094324
v 0.118264 0.207056 0.622496
v 0.185583 0.391186 -0.426453
v 0.117653 0.191055 0.647323
v 0.089616 0.357559 0.274232
v 0.060728 0.476319 0.004805
v 0.147542 0.068920 0.675452
v 0.102105 0.383564 0.168994
v 0.133568 0.115870 0.678383
v 0.118573 0.284806 0.442969
v 0.065417 0.478273 0.022474
v 0.066889 0.465387 0.038625
v 0.077741 0.390403 0.150584
v 0.087541 0.358023 0.243078
v 0.239639 -0.078424 0.249518
v 0.043699 0.368881 0.190655
v 0.083538 0.345729 0.278793
v 0.028016 0.257788 0.581314
v 0.046322 0.604890 -0.455978
v 0.050366 0.408083 0.107438
v -0.000627 0.552528 -0.108819
v 0.139774 0.083310 0.674680
v 0.061540 0.537782 -0.497658
v 0.064355 0.445663 0.048577
v 0.075273 0.352245 0.260020
v 0.062661 0.205207 0.666852
v -0.000111 0.656810 -0.380518
v 0.045755 0.473794 0.019825
v 0.002854 0.574106 -0.136804
v 0.150274 0.249923 -0.415976
v -0.007755 0.649426 -0.291348
v -0.004133 0.635942 -0.439799
v 0.005344 0.298934 0.447874
v 0.083046 0.175457 0.679554
v 0.077150 0.232991 0.614668
v -0.010843 0.657459 -0.327676
v 0.040384 0.459273 0.037873
v 0.030621 0.463560 0.013488
v 0.227931 0.136364 -0.235383
v -0.008848 0.642252 -0.264887
v 0.116063 0.397819 -0.484147
v -0.019417 0.652138 -0.281989
v 0.081777 0.100595 0.717068
v 0.031204 0.448233 0.037701
v 0.242810 0.008478 -0.042551
v 0.195995 -0.103990 0.436794
v 0.067067 0.520456 -0.507181
v 0.075814 0.484078 -0.517637
v -0.018792 0.652996 -0.366632
v 0.131412 0.026112 0.677164
v -0.031708 0.585328 -0.151067
v 0.059296 0.546691 -0.516997
v 0.068559 0.531353 -0.524016
v -0.021869 0.578359 -0.122839
v 0.108825 0.325959 -0.488834
v -0.031107 0.649959 -0.304127
v 0.216005 0.077265 -0.190023
v 0.106519 0.366104 -0.497033
v 0.054131 0.530406 -0.530592
v -0.053295 0.623714 -0.235956
v 0.051615 0.516475 -0.520657
v 0.025061 0.170101 0.707339
v -0.037468 0.541226 -0.097936
v 0.027190 0.392337 0.131001
v 0.025797 0.380785 0.156418
v -0.013331 0.273522 0.546854
v -0.034912 0.647899 -0.420288
v 0.086362 0.086068 0.709659
v 0.040138 0.533302 -0.514147
v -0.063675 0.556893 -0.527910
v 0.172591 -0.077418 0.537582
v -0.002211 0.391093 0.113463
v -0.054208 0.654323 -0.357668
v 0.011390 0.397132 0.132676
v 0.072003 0.070081 0.723541
v -0.056007 0.643111 -0.396831
v -0.011706 0.326419 0.326425
v -0.003481 0.454852 0.012773
v -0.076619 0.625744 -0.250019
v -0.089899 0.608594 -0.474370
v 0.134006 -0.050041 0.620865
v 0.001766 0.378282 0.160626
v 0.036291 0.446956 -0.523656
v 0.131267 0.218969 -0.409587
v -0.001643 0.215027 0.664134
v 0.139576 0.268277 -0.432452
v -0.000503 0.504233 -0.545199
v 0.205358 -0.005470 -0.085014
v 0.041829 0.086175 0.728174
v -0.016884 0.232615 0.641203
v -0.076370 0.560126 -0.136931
v 0.137900 0.252039 -0.443798
v -0.002665 0.363747 0.162894
v 0.198341 -0.116103 0.283456
v 0.083653 -0.033896 0.674011
v -0.080852 0.586623 -0.490296
v -0.081160 0.629459 -0.437637
v -0.087620 0.630072 -0.232021
v 0.201171 -0.075342 0.058854
v 0.187178 0.120697 -0.272899
v 0.130610 0.225256 -0.433781
v -0.023842 0.324754 0.299456
v -0.035974 0.438617 0.008986
v 0.051993 0.388621 -0.536144
v 0.015434 0.481000 -0.541708
v -0.020301 0.381258 0.133813
v 0.151379 -0.143293 0.363759
v -0.021492 0.263034 0.579001
v 0.119648 0.243234 -0.449715
v -0.019950 0.364235 0.149907
v -0.090422 0.608326 -0.211818
v 0.104838 0.244460 -0.442298
v -0.022320 0.276861 0.572576
v -0.025029 0.282341 0.547355
v 0.171753 0.062197 -0.222601
v -0.032060 0.277496 0.532894
v -0.021844 0.227887 0.666589
v 0.145215 -0.134286 0.465426
v 0.116987 -0.098656 0.580893
v -0.095857 0.616260 -0.234869
v -0.029334 0.332765 0.305909
v -0.025814 0.203925 0.676556
v -0.045523 0.279643 0.554087
v -0.025727 0.371105 0.127344
v -0.035373 0.331539 0.333816
v 0.059737 0.285948 -0.493501
v -0.046191 0.315948 0.294651
v -0.033579 0.311996 0.354569
v -0.067799 0.414205 0.006361
v 0.185221 -0.114000 0.162675
v -0.055492 0.290116 0.413695
v -0.096660 0.637585 -0.393261
v -0.046718 0.261663 0.582318
v -0.008299 0.424940 -0.557903
v 0.101885 0.220622 -0.428648
v 0.074146 -0.081658 0.637050
v 0.023035 -0.001485 0.719041
v -0.162517 0.581840 -0.269823
v -0.054751 0.270616 0.553728
v -0.117459 0.628331 -0.338159
v 0.156477 -0.009134 -0.134162
v -0.014273 0.462631 -0.534321
v 0.172345 -0.052720 -0.041618
v 0.121350 0.096351 -0.301698
v -0.048105 0.332069 0.169895
v -0.019341 0.139867 0.721087
v -0.060384 0.318189 0.309324
v -0.128756 0.600832 -0.450603
v -0.043186 0.213040 0.659274
v -0.066281 0.232319 0.621582
v -0.142497 0.616583 -0.385326
v -0.061831 0.173277 0.693668
v -0.024326 0.036907 0.737113
v -0.060743 0.313462 0.336822
v 0.036460 -0.053985 0.681351
v -0.050574 0.488041 -0.551255
v -0.057085 0.301593 0.347703
v -0.027774 0.090150 0.721269
v -0.110201 0.253064 0.514208
v -0.145226 0.556991 -0.198147
v -0.119494 0.561330 -0.504601
v -0.087772 0.429178 -0.026631
v -0.055293 0.515082 -0.544457
v 0.162141 -0.101575 0.069849
v 0.153245 -0.139672 0.253098
v 0.093646 -0.118445 0.565071
v -0.127011 0.507799 -0.124451
v 0.001853 0.364590 -0.542412
v -0.090115 0.298954 0.151318
v -0.066566 0.301238 0.315344
v -0.159048 0.592703 -0.438003
v -0.087574 0.512368 -0.541301
v -0.098576 0.440203 -0.048182
v -0.115216 0.254144 0.397417
v -0.107942 0.531109 -0.531519
v -0.177025 0.588298 -0.341191
v -0.031140 0.119046 0.722587
v -0.057111 0.133631 0.711432
v -0.050981 0.446305 -0.557036
v -0.099622 0.279100 0.263478
v -0.054828 0.126391 0.728221
v -0.103606 0.427120 -0.026490
v 0.057859 0.006666 -0.222406
v -0.040322 0.089841 0.737785
v -0.132900 0.517446 -0.141520
v 0.068587 -0.066783 -0.096638
v -0.111686 0.409045 -0.034779
v -0.114163 0.429347 -0.054096
v -0.039923 0.065848 0.730234
v -0.141249 0.492310 -0.128567
v -0.117773 0.177524 0.642627
v -0.107918 0.435922 -0.039089
v -0.132137 0.213152 0.570430
v -0.020305 0.245794 -0.488211
v -0.142374 0.510845 -0.129999
v -0.058262 0.415913 -0.556459
v -0.091706 0.464588 -0.536784
v -0.089902 0.492700 -0.551777
v -0.057975 0.066509 0.740270
v -0.135846 0.530411 -0.513240
v -0.084854 0.123372 0.699949
v -0.145915 0.506735 -0.145802
v 0.048048 -0.142789 0.080529
v -0.084081 0.123101 0.711894
v 0.034995 0.169461 -0.418842
v -0.154918 0.553094 -0.497684
v -0.116123 0.422644 -0.038118
v -0.108654 0.092829 0.720763
v -0.121490 0.393831 -0.035195
v -0.186935 0.500042 -0.191572
v -0.099091 0.516596 -0.553029
v -0.112483 0.369483 0.000034
v -0.180688 0.585753 -0.400275
v -0.120319 0.532603 -0.535664
v -0.056145 0.376829 -0.538169
v 0.018218 -0.178592 0.432226
v -0.089541 0.447091 -0.548818
v -0.070904 -0.034169 0.701681
v -0.010513 -0.143347 0.553192
v -0.046017 0.305488 -0.518418
v -0.060874 0.055208 0.726071
v -0.086414 0.059798 0.731095
v -0.206069 0.533293 -0.260681
v 0.020259 -0.183596 0.291268
v -0.129294 0.520486 -0.547159
v -0.019815 -0.105832 0.630570
v -0.114090 0.503286 -0.558970
v -0.148423 0.337186 -0.031028
v -0.044799 -0.071834 0.673736
v -0.109327 0.461325 -0.549192
v -0.120430 0.261624 0.144138
v -0.194951 0.551871 -0.274516
v -0.113769 0.092405 0.704467
v -0.180063 0.456596 -0.144124
v -0.207258 0.546343 -0.295022
v -0.165226 0.503146 -0.592781
v -0.143660 0.528304 -0.526069
v -0.133906 0.241364 0.193518
v -0.145481 0.115636 0.683985
v -0.122131 0.412562 -0.548456
v -0.101908 0.414961 -0.535044
v -0.161007 0.216837 0.438183
v -0.184157 0.522637 -0.570203
v -0.117222 0.444466 -0.553714
v -0.023193 0.152142 -0.403913
v -0.097054 0.057253 0.717044
v -0.194890 0.557484 -0.436842
v -0.172381 0.527801 -0.544234
v -0.182765 0.457203 -0.145171
v -0.148902 0.231218 0.318407
v -0.216100 0.543306 -0.272915
v -0.134685 0.279717 0.067897
v -0.177759 0.515028 -0.498630
v -0.108768 0.364500 -0.537694
v -0.131919 0.245985 0.157251
v -0.170494 0.209002 0.467559
v -0.172776 0.194644 0.529839
v -0.208906 0.556838 -0.372523
v -0.106850 0.029841 0.712437
v -0.173855 0.182221 0.560152
v -0.128999 0.249981 0.173897
v -0.136215 0.066972 0.700048
v -0.076183 0.274135 -0.500645
v -0.166692 0.475799 -0.595837
v -0.017847 0.169478 -0.419940
v -0.203993 0.376702 -0.135137
v -0.151548 0.224201 0.342253
v 0.063647 -0.124477 0.039359
v -0.144330 0.246689 0.174520
v -0.158901 0.229777 0.325424
v -0.172421 0.202719 0.409336
v 0.036390 -0.124933 0.021872
v 0.017319 -0.045287 -0.147593
v -0.008966 0.024163 -0.252483
v -0.172584 0.449228 -0.588449
v -0.201319 0.513794 -0.536514
v -0.154339 0.210096 0.118594
v -0.218210 0.528973 -0.286272
v -0.147809 0.239117 0.155580
v -0.178907 0.128384 0.634908
v -0.030728 0.177516 -0.428747
v -0.101294 -0.093325 0.623048
v -0.036502 0.151624 -0.422518
v -0.144035 0.415431 -0.546900
v 0.046516 -0.141910 0.039521
v -0.145201 0.224092 0.148592
v -0.148133 0.249144 0.060099
v -0.144500 0.223115 0.200391
v -0.139091 0.393937 -0.532478
v -0.188487 0.205001 0.438262
v -0.153638 0.229366 0.088611
v -0.047850 0.165432 -0.433445
v -0.129176 0.329346 -0.512827
v -0.186898 0.500203 -0.595464
v -0.233768 0.483669 -0.259449
v -0.196117 0.176996 0.479486
v -0.191921 0.187408 0.545507
v 0.047932 -0.147319 0.063193
v -0.067713 0.174858 -0.418228
v -0.193425 0.488293 -0.477682
v -0.166317 0.305883 -0.047251
v -0.163098 0.209177 0.321939
v -0.226557 0.514980 -0.397643
v -0.185455 0.184964 0.517153
v 0.027576 -0.140145 0.032296
v -0.053020 0.140930 -0.408033
v -0.207293 0.502850 -0.586535
v -0.057191 0.144893 -0.385806
v -0.154473 0.224671 0.191936
v -0.121211 -0.015863 0.689211
v -0.174153 0.190446 0.328450
v -0.160478 0.217431 0.162532
v -0.193570 0.186407 0.526186
v -0.171923 0.197579 0.314757
v 0.022743 -0.150220 0.062923
v 0.017952 -0.141690 0.074642
v -0.204683 0.345588 -0.123546
v -0.153764 0.204171 0.159786
v -0.153586 0.199376 0.185484
v -0.172011 0.051867 0.672017
v -0.199254 0.169423 0.432667
v -0.162245 0.388733 -0.498109
v -0.191414 0.472113 -0.576730
v -0.019928 -0.172615 0.453498
v -0.220593 0.502718 -0.566799
v -0.254631 0.474867 -0.327798
v -0.194922 0.426044 -0.569486
v -0.111375 -0.065563 0.653827
v -0.202395 0.185763 0.438697
v -0.200053 0.164379 0.528726
v -0.012073 -0.180898 0.360834
v -0.150260 0.323836 -0.490867
v 0.021173 -0.126790 0.031646
v -0.165382 0.395155 -0.517553
v -0.211846 0.462724 -0.475210
v -0.188308 0.154615 0.325534
v -0.222089 0.376903 -0.170496
v -0.001601 -0.099289 -0.036108
v -0.070115 0.164383 -0.423148
v -0.160138 0.208846 0.073870
v -0.168620 0.210631 0.094962
v -0.175907 0.168460 0.263371
v -0.191512 0.160221 0.558714
v -0.107048 0.115483 -0.335191
v -0.175133 0.241495 -0.052886
v -0.239216 0.470145 -0.438085
v -0.071468 0.151212 -0.406836
v -0.075420 0.160296 -0.396949
v -0.229921 0.365416 -0.151416
v -0.022045 -0.139212 0.073770
v -0.001689 -0.173089 0.249595
v -0.168082 0.217323 0.004338
v -0.218986 0.354070 -0.132315
v -0.228654 0.485647 -0.569811
v -0.215539 0.093994 0.584022
v -0.162666 0.194784 0.092999
v -0.168657 0.339847 -0.483664
v -0.224028 0.426325 -0.459860
v -0.189549 0.158533 0.274227
v -0.041026 -0.021718 -0.178526
v -0.022623 -0.179901 0.273164
v -0.218163 0.336770 -0.153381
v -0.040750 -0.182451 0.352262
v -0.085658 -0.146508 0.510229
v -0.191385 0.360963 -0.491803
v -0.039334 -0.083571 -0.057452
v -0.217932 0.413467 -0.504448
v -0.221045 0.433610 -0.481331
v -0.235299 0.477993 -0.550875
v -0.187110 0.143093 0.270320
v -0.193199 0.218658 -0.033416
v -0.174345 0.144040 0.114862
v -0.185721 0.108326 0.195196
v -0.264522 0.455646 -0.360022
v -0.256859 0.473225 -0.352451
v -0.168338 0.223313 -0.413835
v -0.183873 0.206924 -0.003444
v -0.226513 0.355704 -0.174788
v -0.234897 0.454771 -0.556647
v -0.255265 0.407903 -0.247387
v -0.197051 0.055493 0.640366
v -0.075540 -0.167374 0.424942
v -0.191272 0.004718 0.628825
v -0.267793 0.474747 -0.343404
v -0.227939 0.343739 -0.146620
v -0.265913 0.472389 -0.326995
v -0.221973 0.432301 -0.555438
v -0.232806 0.352444 -0.165798
v -0.183818 0.210436 -0.069681
v -0.220184 0.421341 -0.452114
v -0.261971 0.453614 -0.310938
v -0.201162 0.380886 -0.489004
v -0.277821 0.461658 -0.355515
v -0.244447 0.427128 -0.437115
v -0.220517 0.400279 -0.473684
v -0.263202 0.441260 -0.319115
v -0.197641 0.310855 -0.466483
v -0.203332 0.390534 -0.504444
v -0.228481 0.099948 0.429281
v -0.226446 0.109974 0.491798
v -0.186444 0.118899 0.217319
v -0.072285 -0.169376 0.300470
v -0.241084 0.390821 -0.444860
v -0.265386 0.425348 -0.389598
v -0.267616 0.436659 -0.336268
v -0.187258 -0.082285 0.511249
v -0.212138 0.349914 -0.474994
v -0.174772 0.177154 0.001298
v -0.279693 0.440665 -0.330561
v -0.219320 0.032744 0.593366
v -0.254349 0.391981 -0.391193
v -0.283156 0.455252 -0.334063
v -0.196504 0.193063 -0.024459
v -0.259796 0.363980 -0.262751
v -0.280472 0.445678 -0.350890
v -0.183531 0.181807 -0.044082
v -0.180861 0.121493 0.065333
v -0.229217 0.259500 -0.202027
v -0.132060 0.063093 -0.233089
v -0.199893 0.103829 0.210913
v -0.196081 0.097156 0.234553
v -0.227901 0.059716 0.556487
v -0.065547 -0.139848 0.137998
v -0.180810 0.116575 0.034837
v -0.230741 0.102052 0.479848
v -0.229587 0.098823 0.511829
v -0.096526 -0.022527 -0.115215
v -0.215499 0.221915 -0.381136
v -0.194917 0.191243 -0.127113
v -0.193225 0.085001 0.210711
v -0.236706 0.107061 0.496492
v -0.226300 0.294156 -0.430929
v -0.272761 0.407822 -0.322368
v -0.240995 0.092825 0.509262
v -0.111425 -0.007267 -0.125903
v -0.241520 0.098836 0.484366
v -0.098162 -0.091411 0.045492
v -0.187922 0.248741 -0.426876
v -0.185854 0.148739 -0.143125
v -0.249790 0.324928 -0.410172
v -0.197380 -0.046035 0.564176
v -0.100794 -0.031779 -0.089941
v -0.263886 0.356037 -0.385926
v -0.233616 0.072765 0.506280
v -0.180186 0.090858 0.033777
v -0.263772 0.361176 -0.332667
v -0.174199 0.120824 -0.043172
v -0.193830 0.104671 0.047638
v -0.179001 0.136819 -0.103057
v -0.259285 0.339775 -0.283773
v -0.235680 0.081955 0.480589
v -0.176300 0.077089 0.005872
v -0.167278 0.076628 -0.031438
v -0.118223 -0.033644 -0.094918
v -0.228721 0.230801 -0.219399
v -0.118826 -0.026523 -0.115757
v -0.194194 0.135207 -0.125544
v -0.174338 0.066872 0.038620
v -0.180897 0.088823 0.072495
v -0.234032 0.065861 0.408527
v -0.240031 0.052980 0.490961
v -0.244527 0.081041 0.494153
v -0.125697 -0.093973 0.116711
v -0.124012 -0.011338 -0.120934
v -0.148142 -0.115496 0.291261
v -0.176497 0.115947 -0.115052
v -0.190449 0.090368 0.064205
v -0.112738 -0.107844 0.127389
v -0.111050 -0.118095 0.163484
v -0.119725 -0.020496 -0.076612
v -0.189004 -0.093497 0.432756
v -0.240387 0.279580 -0.229754
v -0.138690 0.037589 -0.146571
v -0.123942 -0.001873 -0.105182
v -0.163581 0.077162 -0.078992
v -0.179252 0.121546 -0.142211
v -0.190119 0.120375 -0.115520
v -0.185021 0.058700 -0.004849
v -0.227481 0.218542 -0.286137
v -0.249699 0.243304 -0.225010
v -0.216792 0.044499 0.301610
v -0.162809 0.046813 -0.015513
v -0.190028 0.118493 -0.132321
v -0.235406 0.011446 0.517172
v -0.161994 0.086146 -0.219178
v -0.170260 0.050319 0.018441
v -0.248308 0.268760 -0.255719
v -0.221684 0.049873 0.327351
v -0.183849 0.009453 0.155487
v -0.129189 -0.017671 -0.102356
v -0.171299 -0.017467 0.138256
v -0.200082 -0.065661 0.518681
v -0.266492 0.301330 -0.319378
v -0.256606 0.269481 -0.233421
v -0.242311 0.246401 -0.255772
v -0.134937 -0.107165 0.130568
v -0.263166 0.304008 -0.353646
v -0.136242 -0.104138 0.187871
v -0.185371 -0.005606 0.183406
v -0.256672 0.246092 -0.249721
v -0.227740 0.027189 0.356121
v -0.211699 -0.060906 0.488501
v -0.136873 -0.117780 0.159117
v -0.146289 -0.080052 0.140537
v -0.231985 0.039373 0.316413
v -0.236224 0.002456 0.452234
v -0.223207 0.213861 -0.339818
v -0.196303 -0.080730 0.480948
v -0.237285 0.022039 0.336599
v -0.178474 -0.027832 0.175727
v -0.189013 -0.017525 0.163165
v -0.213869 0.018071 0.300124
v -0.200795 -0.086895 0.502494
v -0.227440 0.019843 0.306777
v -0.150272 -0.097496 0.149179
v -0.210242 -0.077757 0.511799
v -0.215634 -0.003638 0.332013
v -0.223197 0.005296 0.351965
v -0.199869 -0.074679 0.380314
v -0.231717 0.008879 0.330583
v -0.187226 -0.046246 0.263209
v -0.208689 -0.081297 0.488840
vn 0.9048 0.3798 0.1926
vn 0.3492 0.9329 0.0884
vn 0.7189 0.0893 0.6893
vn 0.1210 0.6715 0.7310
vn 0.8542 -0.2404 -0.4610
vn 0.0835 0.9721 -0.2193
vn 0.7377 -0.6513 -0.1780
vn 0.6207 -0.3680 0.6923
vn 0.9841 -0.1722 0.0424
vn 0.9846 -0.1700 0.0399
vn 0.9837 -0.1740 0.0451
vn 0.4772 -0.0631 -0.8766
vn 0.9443 0.3253 0.0508
vn 0.9443 0.3253 0.0504
vn 0.9438 0.3275 0.0453
vn 0.8668 0.4794 0.1375
vn 0.8705 0.4721 0.1393
vn 0.8682 0.4785 0.1310
vn 0.8722 0.4694 0.1375
vn 0.8723 0.4707 0.1324
vn 0.8721 0.4708 0.1336
vn 0.8459 0.5029 0.1777
vn 0.8461 0.4996 0.1857
vn 0.8475 0.4989 0.1812
vn 0.6527 0.6467 -0.3945
vn 0.8413 0.4967 0.2131
vn 0.8458 0.4887 0.2143
vn 0.8434 0.4962 0.2061
vn 0.9534 0.2835 0.1030
vn 0.9519 0.2883 0.1043
vn 0.9526 0.2844 0.1082
vn 0.9713 0.2376 0.0143
vn 0.9704 0.2411 0.0124
vn 0.9700 0.2428 0.0136
vn 0.8798 0.4753 -0.0065
vn 0.8789 0.4770 -0.0025
vn 0.8812 0.4726 -0.0072
vn 0.3025 0.9510 0.0638
vn 0.9867 0.1608 -0.0217
vn 0.4107 0.5957 0.6902
vn 0.4144 0.5979 0.6862
vn 0.4095 0.5975 0.6894
vn 0.9328 0.2612 -0.2483
vn 0.9767 0.2141 0.0139
vn 0.9763 0.2161 0.0141
vn 0.9764 0.2159 0.0106
vn 0.8891 0.4495 0.0862
vn 0.8879 0.4521 0.0853
vn 0.8878 0.4529 0.0821
vn 0.8843 0.4597 0.0814
vn 0.8867 0.4542 0.0860
vn 0.8881 0.4524 0.0815
vn 0.7288 0.6348 0.2568
vn 0.7265 0.6370 0.2577
vn 0.7260 0.6380 0.2566
vn 0.9822 -0.1797 0.0539
vn 0.1963 0.9438 0.2660
vn 0.9459 0.3234 0.0269
vn 0.9452 0.3255 0.0238
vn 0.9433 0.3314 0.0176
vn 0.2459 0.8301 -0.5004
vn 0.1034 0.7753 -0.6230
vn 0.4856 0.7190 0.4972
vn 0.9766 0.2067 -0.0599
vn 0.9759 0.2103 -0.0579
vn 0.9767 0.2071 -0.0559
vn 0.7579 0.5972 0.2627
vn 0.7621 0.5945 0.2565
vn 0.7618 0.5945 0.2573
vn 0.7741 0.6323 0.0322
vn 0.7774 0.6281 0.0338
vn 0.7749 0.6311 0.0357
vn 0.9761 0.2155 0.0289
vn 0.9750 0.2198 0.0337
vn 0.9741 0.2242 0.0296
vn 0.9795 0.1829 0.0847
vn 0.9787 0.1861 0.0869
vn 0.9780 0.1889 0.0884
vn 0.6764 0.6870 0.2655
vn 0.6747 0.6890 0.2647
vn 0.6743 0.6904 0.2620
vn 0.8155 0.5646 0.1272
vn 0.8138 0.5682 0.1223
vn 0.8148 0.5660 0.1255
vn 0.7043 0.6081 0.3663
vn 0.6983 0.6102 0.3742
vn 0.7026 0.6065 0.3721
vn 0.7239 0.6385 0.2613
vn 0.6132 0.7355 0.2881
vn 0.7306 0.6655 0.1531
vn 0.7322 0.6622 0.1594
vn 0.7279 0.6682 0.1537
vn 0.9542 0.2530 0.1593
vn 0.9557 0.2483 0.1580
vn 0.9559 0.2498 0.1545
vn 0.9504 0.2619 -0.1678
vn 0.9476 0.2728 -0.1665
vn 0.9477 0.2737 -0.1644
vn 0.6744 0.6578 0.3355
vn 0.6751 0.6579 0.3338
vn 0.6738 0.6588 0.3346
vn 0.2399 -0.1086 -0.9647
vn 0.2456 -0.1082 -0.9633
vn 0.2443 -0.1120 -0.9632
vn 0.1874 0.3757 0.9076
vn 0.4749 -0.5909 0.6521
vn 0.3429 -0.5104 0.7886
vn 0.3426 -0.5104 0.7887
vn 0.3428 -0.5104 0.7886
vn 0.9898 0.1206 -0.0753
vn 0.9894 0.1250 -0.0745
vn 0.9907 0.1181 -0.0670
vn 0.9874 0.1381 -0.0771
vn 0.9881 0.1367 -0.0701
vn 0.9873 0.1426 -0.0702
vn 0.8981 0.3766 0.2273
vn 0.8962 0.3764 0.2349
vn 0.8963 0.3799 0.2286
vn 0.7721 0.6118 0.1718
vn 0.9859 0.1169 0.1197
vn 0.9851 0.1169 0.1259
vn 0.9856 0.1216 0.1175
vn 0.9875 0.1388 -0.0751
vn 0.9869 0.1414 -0.0772
vn 0.9873 0.1412 -0.0730
vn 0.9980 0.0367 0.0505
vn 0.9978 0.0420 0.0509
vn 0.9978 0.0367 0.0552
vn 0.9064 0.3590 0.2225
vn 0.1213 -0.2702 -0.9551
vn 0.9567 0.2182 -0.1927
vn 0.9559 0.2193 -0.1952
vn 0.8186 0.5744 0.0016
vn 0.8216 0.5700 0.0015
vn 0.8201 0.5723 -0.0008
vn 0.9682 0.2352 -0.0848
vn 0.9948 0.0723 -0.0721
vn 0.4248 -0.7982 -0.4272
vn 0.1637 -0.9829 -0.0844
vn 0.9803 -0.1892 -0.0559
vn 0.5604 0.6841 -0.4669
vn 0.4536 0.8032 0.3862
vn 0.8972 0.3854 -0.2154
vn 0.8950 0.3946 -0.2082
vn 0.8983 0.3893 -0.2037
vn 0.5269 0.7849 0.3260
vn 0.2579 0.7664 0.5884
vn 0.9711 -0.1668 -0.1705
vn 0.9710 -0.1639 -0.1742
vn 0.9710 -0.1651 -0.1726
vn 0.5018 0.3500 0.7910
vn 0.0278 0.9888 -0.1466
vn 0.5616 0.4067 0.7206
vn 0.5635 0.4036 0.7208
vn 0.5627 0.4092 0.7182
vn 0.9890 0.0787 0.1250
vn 0.9895 0.0809 0.1195
vn 0.9898 0.0850 0.1143
vn 0.9414 0.2478 0.2290
vn 0.9397 0.2483 0.2350
vn 0.9400 0.2480 0.2344
vn 0.9988 -0.0493 0.0024
vn 0.8619 0.1728 -0.4768
vn 0.6280 0.6674 0.4002
vn 0.6281 0.6673 0.4002
vn 0.7831 0.6219 -0.0018
vn 0.7835 0.6214 -0.0060
vn 0.1848 0.7257 0.6627
vn 0.1848 0.7266 0.6618
vn 0.1858 0.7260 0.6621
vn 0.9963 0.0098 0.0853
vn 0.9969 0.0093 0.0778
vn 0.9966 0.0133 0.0817
vn 0.8042 -0.0158 0.5942
vn 0.8039 -0.0171 0.5946
vn 0.8050 -0.0162 0.5931
vn 0.8451 -0.1852 -0.5016
vn 0.9213 0.1936 -0.3371
vn -0.1596 0.8152 -0.5567
vn -0.1523 0.8125 -0.5627
vn -0.1592 0.8110 -0.5630
vn 0.9970 0.0129 -0.0758
vn 0.9968 0.0156 -0.0789
vn 0.9878 0.0605 -0.1438
vn 0.9878 0.0541 -0.1459
vn 0.9870 0.0570 -0.1501
vn 0.7505 0.5737 0.3281
vn 0.7527 0.5688 0.3314
vn 0.7539 0.5713 0.3245
vn 0.9403 -0.3374 0.0442
vn 0.9390 -0.3416 0.0405
vn 0.9422 -0.3322 0.0429
vn 0.8327 0.4653 0.3004
vn 0.8340 0.4625 0.3009
vn 0.8348 0.4615 0.3001
vn 0.8470 -0.4962 -0.1909
vn 0.7414 -0.4104 0.5310
vn 0.6417 0.5486 0.5360
vn 0.5244 0.7866 0.3260
vn 0.5122 0.8308 0.2178
vn 0.5128 0.8296 0.2209
vn 0.5150 0.8295 0.2164
vn 0.7264 0.6592 0.1944
vn 0.2630 0.5208 -0.8121
vn 0.6186 -0.7848 -0.0391
vn 0.8970 0.3836 -0.2198
vn 0.5720 0.1714 -0.8022
vn 0.8211 0.5381 0.1903
vn 0.8200 0.5399 0.1903
vn 0.8225 0.5361 0.1899
vn 0.3432 0.8285 0.4424
vn 0.7388 0.1843 -0.6483
vn 0.6541 0.4698 -0.5928
vn 0.4642 0.7308 0.5005
vn 0.4287 0.8535 0.2963
vn 0.8828 -0.4388 -0.1680
vn 0.9878 0.0986 -0.1210
vn 0.9889 0.0936 -0.1152
vn 0.9880 0.0930 -0.1236
vn 0.9605 0.2703 -0.0663
vn 0.9583 0.2709 -0.0908
vn 0.9571 0.2794 -0.0765
vn 0.6264 0.7167 0.3066
vn 0.6245 0.7170 0.3098
vn 0.6267 0.7165 0.3066
vn 0.9484 -0.3015 0.0981
vn 0.9716 0.0943 -0.2171
vn 0.9847 0.1701 -0.0368
vn 0.9958 0.0823 -0.0398
vn 0.9956 0.0849 -0.0391
vn 0.7332 -0.6122 -0.2959
vn 0.0710 -0.2239 -0.9720
vn 0.5553 0.7224 0.4121
vn 0.8505 0.0084 0.5260
vn 0.7385 0.6289 0.2432
vn 0.7413 0.6254 0.2437
vn 0.7405 0.6284 0.2382
vn 0.2034 0.9171 0.3429
vn 0.5150 0.5057 0.6921
vn 0.5149 0.5050 0.6927
vn 0.5123 0.5071 0.6931
vn 0.5638 -0.6561 0.5016
vn 0.9861 0.1530 0.0653
vn 0.9978 0.0665 0.0010
vn 0.9982 0.0604 0.0066
vn 0.9983 0.0579 -0.0002
vn 0.7478 0.5838 0.3162
vn 0.7479 0.5812 0.3207
vn 0.7484 0.5857 0.3112
vn 0.9625 0.1284 -0.2390
vn 0.9610 0.1329 -0.2424
vn 0.9632 0.1320 -0.2343
vn -0.1562 0.9735 0.1671
vn 0.3322 0.8483 0.4123
vn 0.3334 0.8459 0.4162
vn 0.3363 0.8435 0.4189
vn 0.4511 0.8008 0.3940
vn 0.8775 -0.0204 -0.4791
vn 0.2703 0.9627 0.0149
vn 0.9557 0.1330 0.2627
vn 0.9554 0.1383 0.2609
vn 0.9555 0.1385 0.2604
vn 0.2881 0.9059 -0.3103
vn 0.2885 0.9060 -0.3098
vn 0.2890 0.9054 -0.3109
vn 0.6317 0.7715 0.0750
vn 0.6414 0.7628 0.0815
vn 0.6361 0.7672 0.0819
vn 0.5843 0.7077 0.3972
vn 0.5829 0.7083 0.3981
vn 0.5864 0.7062 0.3967
vn 0.9795 -0.1915 0.0623
vn 0.9811 -0.1856 0.0556
vn 0.9804 -0.1868 0.0634
vn 0.8786 0.3917 -0.2733
vn 0.6628 0.0128 0.7487
vn 0.6614 0.0142 0.7499
vn 0.6615 0.0126 0.7499
vn 0.1448 -0.3806 -0.9133
vn 0.1452 -0.3813 -0.9130
vn 0.1455 -0.3823 -0.9125
vn 0.3382 -0.5128 0.7891
vn 0.9940 0.0161 0.1082
vn 0.9938 0.0194 0.1099
vn 0.9934 0.0201 0.1129
vn 0.9166 -0.1392 -0.3748
vn 0.9163 -0.1371 -0.3763
vn 0.9169 -0.1374 -0.3747
vn 0.8377 0.2080 -0.5049
vn -0.0953 0.6257 -0.7742
vn 0.3797 0.8482 0.3692
vn 0.0869 0.8859 0.4556
vn 0.9093 -0.3175 0.2689
vn 0.4962 -0.7000 -0.5136
vn 0.3367 -0.9338 -0.1215
vn 0.9541 0.1342 -0.2679
vn 0.9572 0.1302 -0.2585
vn 0.9551 0.1285 -0.2668
vn 0.8190 0.4463 0.3605
vn 0.8240 0.4413 0.3554
vn 0.8220 0.4460 0.3543
vn 0.2493 0.8252 0.5069
vn 0.2433 0.8271 0.5067
vn 0.2470 0.8240 0.5099
vn 0.0691 0.2596 -0.9632
vn 0.9847 -0.0544 -0.1657
vn 0.9832 -0.0549 -0.1741
vn 0.9844 -0.0536 -0.1674
vn 0.9858 0.1171 0.1199
vn 0.9859 0.1161 0.1207
vn 0.9866 0.1159 0.1147
vn 0.9823 -0.1748 0.0678
vn 0.9834 -0.1700 0.0627
vn 0.9832 -0.1700 0.0667
vn 0.4620 -0.7466 -0.4786
vn 0.3493 -0.3364 -0.8745
vn 0.3494 -0.3363 -0.8746
vn 0.3493 -0.3363 -0.8746
vn -0.1450 0.9118 0.3842
vn 0.4981 0.7939 0.3488
vn 0.4977 0.7935 0.3502
vn 0.6094 0.1259 0.7828
vn 0.6113 0.1275 0.7811
vn 0.6070 0.1253 0.7848
vn 0.0688 -0.0746 0.9948
vn -0.0953 0.7140 -0.6937
vn 0.9950 -0.0859 -0.0518
vn 0.9945 -0.0840 -0.0620
vn 0.9951 -0.0856 -0.0497
vn 0.9702 -0.1241 -0.2079
vn 0.9712 -0.1253 -0.2027
vn 0.9704 -0.1256 -0.2062
vn 0.5460 0.7580 0.3568
vn 0.5538 0.7475 0.3667
vn 0.5502 0.7527 0.3616
vn 0.3850 -0.1598 0.9090
vn 0.3850 -0.1600 0.9090
vn 0.3851 -0.1601 0.9089
vn -0.0889 0.6575 0.7482
vn 0.9958 -0.0575 0.0715
vn 0.9946 -0.0691 0.0772
vn 0.9953 -0.0654 0.0713
vn 0.9533 0.1141 0.2795
vn 0.9552 0.1177 0.2715
vn 0.9537 0.1060 0.2815
vn -0.5398 -0.0592 -0.8397
vn -0.5396 -0.0578 -0.8400
vn -0.5399 -0.0563 -0.8398
vn 0.5662 0.7837 -0.2553
vn -0.2340 0.7273 -0.6451
vn -0.2437 0.8819 0.4035
vn 0.9795 -0.0553 -0.1937
vn 0.9792 -0.0579 -0.1946
vn 0.9793 -0.0609 -0.1932
vn 0.9242 0.1941 0.3288
vn 0.9264 0.1846 0.3283
vn 0.9269 0.1868 0.3256
vn 0.6704 0.7106 -0.2137
vn 0.3092 0.8985 0.3116
vn 0.3166 0.8963 0.3105
vn 0.3075 0.8994 0.3106
vn 0.5129 0.8053 0.2974
vn 0.5161 0.8035 0.2967
vn 0.5156 0.8051 0.2933
vn 0.4336 0.8337 0.3418
vn 0.4310 0.8354 0.3411
vn 0.4342 0.8350 0.3381
vn 0.0670 0.2085 0.9757
vn 0.6716 0.7360 0.0854
vn 0.6747 0.7336 0.0815
vn 0.6758 0.7320 0.0861
vn -0.7691 0.5030 -0.3943
vn -0.7691 0.5030 -0.3942
vn -0.7691 0.5029 -0.3944
vn -0.3009 0.8664 -0.3985
vn 0.9391 -0.0331 -0.3420
vn 0.9385 -0.0320 -0.3439
vn 0.9403 -0.0277 -0.3393
vn 0.9385 0.0505 -0.3414
vn 0.9422 0.0485 -0.3316
vn 0.9408 0.0438 -0.3360
vn 0.8504 0.3300 -0.4098
vn 0.8520 0.3276 -0.4085
vn 0.8516 0.3228 -0.4129
vn 0.5787 0.7252 0.3730
vn 0.5791 0.7249 0.3731
vn 0.5789 0.7253 0.3727
vn 0.4996 0.7843 0.3678
vn 0.4966 0.7873 0.3654
vn 0.5024 0.7829 0.3670
vn 0.3508 0.8530 0.3865
vn 0.3542 0.8503 0.3893
vn 0.3566 0.8503 0.3871
vn 0.2916 0.7798 0.5540
vn 0.2937 0.7772 0.5565
vn 0.2920 0.7822 0.5504
vn -0.2982 0.4316 0.8514
vn 0.9773 -0.1524 -0.1469
vn 0.9773 -0.1450 -0.1544
vn 0.9792 -0.1452 -0.1416
vn 0.9682 -0.1988 -0.1515
vn 0.9688 -0.1945 -0.1538
vn 0.9704 -0.1942 -0.1434
vn 0.9805 -0.1954 0.0210
vn 0.9804 -0.1951 0.0293
vn 0.9800 -0.1966 0.0298
vn 0.9996 0.0260 0.0056
vn 0.9995 0.0264 0.0144
vn 0.9996 0.0248 0.0100
vn 0.9996 0.0247 0.0145
vn 0.2211 0.8701 0.4404
vn 0.2217 0.8717 0.4371
vn 0.2192 0.8707 0.4402
vn -0.6599 0.7376 0.1432
vn 0.7333 0.4434 0.5154
vn 0.9804 -0.0810 0.1794
vn -0.7616 0.3090 0.5696
vn 0.9691 -0.1953 -0.1509
vn 0.9694 -0.1930 -0.1516
vn 0.4530 0.8915 -0.0068
vn -0.5629 0.2687 0.7816
vn 0.5215 0.8214 0.2311
vn 0.5170 0.8220 0.2387
vn 0.5252 0.8180 0.2345
vn 0.8458 0.3727 -0.3817
vn 0.5255 0.4301 0.7341
vn 0.9671 -0.0141 0.2539
vn 0.9670 -0.0192 0.2541
vn 0.5356 0.8407 0.0795
vn 0.5462 0.8338 0.0801
vn 0.5404 0.8377 0.0791
vn 0.9504 -0.1506 -0.2723
vn 0.9468 -0.1571 -0.2810
vn 0.9495 -0.1473 -0.2771
vn -0.6962 0.7139 0.0748
vn -0.5825 0.7282 0.3612
vn 0.3429 0.8447 0.4109
vn 0.6168 0.2496 -0.7465
vn 0.2198 0.9153 0.3376
vn 0.2192 0.9136 0.3424
vn 0.2165 0.9172 0.3346
vn 0.4235 0.7788 0.4627
vn 0.2733 0.8688 0.4130
vn 0.2737 0.8691 0.4120
vn 0.2722 0.8689 0.4135
vn 0.9956 -0.0805 -0.0483
vn 0.9953 -0.0835 -0.0485
vn 0.9959 -0.0783 -0.0449
vn 0.7757 0.4451 -0.4473
vn 0.9759 -0.1996 -0.0881
vn 0.9741 -0.2066 -0.0918
vn 0.9754 -0.2001 -0.0929
vn 0.8629 0.2251 -0.4525
vn 0.8631 0.2199 -0.4546
vn 0.8657 0.2259 -0.4467
vn 0.8156 0.3577 -0.4549
vn 0.8171 0.3581 -0.4517
vn 0.8123 0.3596 -0.4591
vn 0.9436 0.3188 -0.0890
vn 0.1522 -0.4767 0.8658
vn 0.1519 -0.4766 0.8659
vn 0.1521 -0.4767 0.8658
vn 0.9772 -0.1020 0.1862
vn 0.9756 -0.0997 0.1958
vn 0.9743 -0.1022 0.2007
vn 0.7955 0.4691 0.3835
vn 0.7963 0.4668 0.3847
vn 0.7990 0.4647 0.3817
vn 0.6248 0.7608 -0.1755
vn 0.8467 0.2333 -0.4783
vn 0.4339 0.7084 0.5567
vn 0.4338 0.7083 0.5568
vn 0.4339 0.7084 0.5566
vn 0.5595 -0.6133 -0.5575
vn 0.8952 -0.3927 0.2105
vn 0.8513 -0.4096 0.3278
vn 0.8514 -0.4095 0.3278
vn 0.8513 -0.4097 0.3278
vn 0.4311 0.6522 0.6236
vn 0.5890 0.6061 -0.5345
vn 0.2647 0.6418 -0.7197
vn 0.9707 -0.2141 -0.1088
vn 0.9707 -0.2164 -0.1041
vn 0.9696 -0.2200 -0.1070
vn 0.4915 -0.5515 -0.6740
vn 0.7783 0.2701 0.5668
vn 0.7211 -0.5799 -0.3790
vn 0.7124 -0.5880 -0.3831
vn 0.7168 -0.5837 -0.3814
vn 0.9086 0.0417 -0.4155
vn 0.9063 0.0464 -0.4201
vn 0.9067 0.0530 -0.4184
vn 0.6883 0.6292 0.3611
vn 0.6911 0.6246 0.3637
vn 0.6882 0.6287 0.3621
vn 0.6742 0.6536 0.3440
vn 0.6731 0.6538 0.3456
vn 0.6756 0.6522 0.3437
vn 0.2515 0.7097 0.6581
vn -0.0587 0.9161 0.3966
vn 0.9604 -0.1997 -0.1942
vn 0.5086 -0.8231 0.2527
vn 0.9726 -0.1168 0.2010
vn 0.9728 -0.1089 0.2045
vn 0.9726 -0.1151 0.2020
vn 0.8842 0.3373 0.3232
vn 0.8839 0.3370 0.3242
vn 0.8845 0.3367 0.3230
vn 0.2157 0.9084 0.3581
vn 0.2183 0.9055 0.3639
vn 0.2153 0.9095 0.3557
vn 0.6225 0.7747 -0.1110
vn 0.3973 0.8852 0.2419
vn 0.3930 0.8869 0.2427
vn 0.3963 0.8841 0.2474
vn 0.7190 0.0049 -0.6949
vn 0.1170 0.9688 -0.2186
vn 0.8819 -0.4102 -0.2325
vn 0.2201 -0.9736 -0.0605
vn 0.2195 -0.9730 -0.0711
vn 0.2211 -0.9730 -0.0658
vn 0.5422 0.7606 0.3570
vn 0.5480 0.7565 0.3571
vn 0.5420 0.7646 0.3487
vn 0.5851 0.7112 0.3898
vn 0.6427 -0.3124 0.6996
vn 0.9708 -0.2392 0.0170
vn 0.9705 -0.2402 0.0191
vn 0.9708 -0.2382 0.0282
vn 0.7967 0.4070 0.4468
vn 0.7966 0.4121 0.4424
vn 0.7961 0.4066 0.4482
vn 0.1262 0.8222 0.5550
vn 0.1219 0.8223 0.5558
vn 0.1245 0.8216 0.5563
vn 0.9365 -0.1877 -0.2963
vn 0.9390 -0.1820 -0.2920
vn 0.9391 -0.1882 -0.2877
vn 0.8754 0.1941 0.4428
vn 0.8747 0.1950 0.4437
vn 0.8751 0.1919 0.4442
vn 0.4138 0.8793 0.2357
vn 0.4146 0.8793 0.2343
vn 0.4135 0.8798 0.2347
vn 0.9414 -0.2555 -0.2204
vn 0.9406 -0.2588 -0.2198
vn 0.9409 -0.2571 -0.2203
vn 0.9714 -0.2363 -0.0248
vn 0.9701 -0.2412 -0.0256
vn 0.9720 -0.2341 -0.0216
vn 0.5814 -0.7656 0.2755
vn 0.8281 0.4412 0.3459
vn 0.8314 0.4351 0.3456
vn 0.8300 0.4429 0.3391
vn 0.6742 0.5472 -0.4960
vn 0.6755 0.5480 -0.4933
vn 0.6774 0.5456 -0.4933
vn 0.3663 0.9231 0.1168
vn 0.3676 0.9233 0.1110
vn 0.7115 0.3157 0.6278
vn 0.6795 0.5437 -0.4926
vn 0.6808 0.5482 -0.4857
vn 0.6709 0.5526 -0.4944
vn 0.3162 0.8909 0.3260
vn 0.3225 0.8887 0.3259
vn 0.3115 0.8933 0.3240
vn -0.4481 -0.0571 -0.8922
vn -0.5371 0.4156 -0.7340
vn 0.9153 0.0681 -0.3969
vn 0.9135 0.0608 -0.4022
vn 0.9143 0.0646 -0.3998
vn 0.6051 0.0039 -0.7962
vn 0.8597 0.0964 0.5016
vn 0.3977 0.8585 0.3238
vn -0.1587 0.5276 0.8345
vn -0.1587 0.5275 0.8346
vn 0.8838 -0.1105 -0.4547
vn 0.8837 -0.1036 -0.4564
vn 0.8846 -0.1066 -0.4539
vn 0.1215 0.8982 0.4225
vn 0.1222 0.8987 0.4212
vn 0.1176 0.8992 0.4214
vn 0.4253 0.8377 0.3425
vn 0.4238 0.8378 0.3442
vn 0.4272 0.8370 0.3420
vn 0.9375 -0.1298 0.3227
vn 0.1502 0.8920 0.4263
vn 0.1588 0.8923 0.4227
vn 0.1527 0.8961 0.4167
vn 0.0668 0.8407 0.5374
vn 0.0606 0.8399 0.5393
vn 0.0624 0.8375 0.5428
vn 0.5140 0.7683 0.3815
vn 0.7801 0.3437 -0.5228
vn 0.7196 0.4892 -0.4928
vn -0.7877 0.6016 0.1327
vn -0.7878 0.5995 0.1411
vn -0.7862 0.6025 0.1377
vn 0.9967 -0.0805 0.0058
vn 0.9968 -0.0804 0.0001
vn 0.9968 -0.0793 0.0003
vn 0.9213 -0.0948 0.3771
vn 0.7153 0.3622 -0.5976
vn 0.1352 0.9448 0.2984
vn 0.2109 0.8271 0.5211
vn 0.1685 -0.6415 -0.7484
vn -0.0359 -0.4993 -0.8657
vn 0.7781 0.1247 -0.6157
vn 0.7809 0.1234 -0.6124
vn 0.3533 0.9286 0.1134
vn 0.3575 0.9275 0.1090
vn 0.3475 0.9308 0.1131
vn 0.0436 0.7959 0.6038
vn 0.0478 0.7929 0.6074
vn 0.0414 0.8008 0.5975
vn 0.4749 0.8576 0.1974
vn 0.4691 0.8602 0.2000
vn 0.4695 0.8583 0.2069
vn -0.9079 0.3901 0.1532
vn -0.9058 0.3951 0.1528
vn -0.9058 0.3971 0.1479
vn 0.1308 -0.9806 0.1461
vn 0.6913 -0.6536 0.3080
vn -0.1813 0.9609 -0.2092
vn -0.1817 0.9623 -0.2026
vn -0.1750 0.9638 -0.2013
vn 0.3945 -0.1068 0.9127
vn 0.0346 0.8471 0.5303
vn 0.0325 0.8492 0.5270
vn 0.0363 0.8476 0.5295
vn 0.8686 -0.0520 -0.4928
vn 0.8645 -0.0524 -0.4999
vn 0.8660 -0.0482 -0.4977
vn 0.6280 0.4647 -0.6242
vn 0.6270 0.4688 -0.6222
vn 0.6312 0.4650 -0.6208
vn 0.5091 0.7939 -0.3325
vn 0.5032 0.7959 -0.3367
vn 0.5055 0.7941 -0.3375
vn 0.3527 0.8758 0.3296
vn 0.9209 -0.3145 -0.2303
vn 0.9194 -0.3179 -0.2317
vn 0.9197 -0.3182 -0.2301
vn 0.9517 -0.2285 0.2053
vn 0.9539 -0.2201 0.2040
vn 0.9523 -0.2225 0.2089
vn 0.0809 0.8877 0.4532
vn 0.7166 -0.6836 -0.1385
vn 0.0032 0.6226 -0.7825
vn 0.0032 0.6227 -0.7825
vn 0.7641 0.4266 0.4839
vn 0.7679 0.4271 0.4775
vn 0.7637 0.4347 0.4773
vn -0.0001 0.9261 0.3774
vn 0.0009 0.9263 0.3767
vn 0.3031 0.9213 0.2437
vn 0.9272 -0.3301 0.1770
vn -0.0783 0.9396 0.3333
vn -0.0754 0.9377 0.3391
vn -0.0687 0.9401 0.3340
vn 0.0236 0.9208 0.3893
vn 0.9965 -0.0065 0.0828
vn 0.0096 0.7860 0.6182
vn 0.0153 0.7876 0.6160
vn 0.0132 0.7878 0.6158
vn 0.1169 0.8627 0.4920
vn 0.1188 0.8644 0.4886
vn 0.1195 0.8656 0.4862
vn -0.2420 0.7812 -0.5754
vn -0.3148 0.9231 -0.2210
vn -0.3131 0.9239 -0.2201
vn -0.3114 0.9244 -0.2203
vn 0.2206 0.8778 0.4253
vn 0.2261 0.8764 0.4252
vn 0.2234 0.8778 0.4238
vn 0.8588 -0.2199 0.4627
vn 0.8590 -0.2195 0.4625
vn 0.6161 0.7842 -0.0741
vn -0.1850 0.6499 0.7371
vn 0.2816 0.6917 0.6650
vn 0.2710 0.6935 0.6676
vn 0.2770 0.6919 0.6668
vn 0.2223 0.9286 0.2972
vn 0.2265 0.9259 0.3023
vn 0.2217 0.9308 0.2906
vn 0.2678 -0.8861 -0.3783
vn 0.7416 0.1271 -0.6587
vn 0.7433 0.1331 -0.6556
vn 0.8771 -0.0213 0.4797
vn 0.3119 0.9000 0.3045
vn 0.5110 0.7909 -0.3366
vn 0.5122 0.7911 -0.3344
vn 0.5077 0.7937 -0.3351
vn -0.0251 0.8400 -0.5421
vn -0.0280 0.8365 -0.5473
vn -0.0342 0.8380 -0.5447
vn 0.5581 0.1538 0.8154
vn 0.8580 -0.4124 -0.3063
vn 0.8599 -0.4151 -0.2972
vn 0.8566 -0.4205 -0.2990
vn 0.5061 0.7559 0.4153
vn 0.5081 0.7522 0.4195
vn 0.5094 0.7534 0.4158
vn 0.9342 -0.0381 -0.3547
vn 0.8395 0.4067 0.3603
vn 0.8404 0.4071 0.3577
vn 0.8386 0.4084 0.3606
vn 0.0607 -0.4992 -0.8644
vn 0.6111 0.7843 -0.1070
vn 0.6431 0.3507 0.6807
vn 0.6451 0.3443 0.6822
vn 0.6473 0.3490 0.6776
vn 0.4466 0.8273 0.3406
vn 0.4491 0.8274 0.3374
vn 0.4473 0.8278 0.3386
vn -0.4077 0.6176 0.6726
vn -0.4062 0.6175 0.6736
vn -0.4065 0.6171 0.6738
vn 0.8704 -0.4298 -0.2402
vn 0.8741 -0.4243 -0.2364
vn 0.8716 -0.4305 -0.2346
vn 0.6694 0.5610 0.4870
vn -0.6560 0.7548 -0.0026
vn 0.1149 0.9477 0.2978
vn 0.1148 0.9477 0.2978
vn 0.9035 -0.4281 0.0200
vn 0.9015 -0.4322 0.0221
vn 0.9015 -0.4324 0.0169
vn -0.6474 -0.1230 -0.7522
vn 0.8915 0.0319 0.4518
vn 0.8928 0.0353 0.4490
vn 0.9762 0.0014 -0.2171
vn 0.9763 0.0006 -0.2165
vn 0.9762 0.0007 -0.2171
vn -0.0901 0.8426 0.5310
vn -0.0834 0.8434 0.5307
vn -0.0889 0.8428 0.5309
vn 0.0365 0.9624 0.2691
vn 0.9092 -0.1007 0.4040
vn 0.9120 -0.0977 0.3983
vn 0.9082 -0.1022 0.4059
vn 0.8141 0.5807 0.0024
vn 0.5907 -0.1902 0.7841
vn 0.3623 0.8302 0.4236
vn 0.3602 0.8305 0.4249
vn 0.3483 0.6921 -0.6322
vn 0.5960 0.6509 0.4703
vn 0.8917 -0.4441 -0.0880
vn 0.8928 -0.4424 -0.0851
vn 0.8896 -0.4481 -0.0882
vn -0.2745 0.9610 0.0350
vn 0.0299 0.6832 0.7296
vn 0.8795 -0.4337 -0.1958
vn 0.8796 -0.4324 -0.1983
vn 0.8808 -0.4299 -0.1984
vn 0.2544 0.9177 0.3050
vn 0.2649 0.9168 0.2987
vn 0.2616 0.9159 0.3044
vn 0.1154 0.9727 -0.2015
vn 0.0501 0.5474 -0.8353
vn 0.0491 0.5470 -0.8357
vn 0.0485 0.5477 -0.8353
vn 0.3083 0.9466 -0.0946
vn -0.4170 0.7932 0.4438
vn -0.4176 0.7929 0.4437
vn -0.4172 0.7932 0.4436
vn 0.8645 -0.3282 -0.3808
vn 0.6566 -0.0409 -0.7531
vn 0.6587 -0.0373 -0.7515
vn 0.6550 -0.0455 -0.7542
vn 0.8228 -0.3116 -0.4753
vn 0.8233 -0.3178 -0.4703
vn 0.8199 -0.3181 -0.4761
vn 0.3364 0.2353 0.9118
vn -0.2136 0.8876 0.4081
vn -0.2195 0.8864 0.4076
vn -0.2172 0.8890 0.4032
vn 0.4278 0.7721 -0.4699
vn 0.4258 0.7756 -0.4660
vn 0.4297 0.7734 -0.4661
vn 0.2248 0.9237 0.3103
vn 0.2242 0.9224 0.3146
vn 0.2245 0.9229 0.3127
vn 0.2504 0.9198 0.3020
vn 0.2533 0.9217 0.2939
vn 0.2537 0.9211 0.2954
vn 0.3730 0.7611 0.5306
vn 0.3831 0.7564 0.5302
vn 0.3745 0.7615 0.5291
vn 0.8197 -0.2701 -0.5051
vn 0.4229 -0.4898 0.7624
vn -0.5259 0.7208 0.4516
vn 0.3036 0.9525 -0.0258
vn 0.6894 0.5956 0.4124
vn 0.8149 0.0293 0.5788
vn 0.5694 0.4753 -0.6707
vn 0.6748 0.3708 0.6381
vn 0.6755 0.3693 0.6382
vn 0.6783 0.3769 0.6307
vn 0.1270 0.9371 0.3253
vn 0.1350 0.9359 0.3254
vn 0.1356 0.9349 0.3278
vn 0.8403 0.1543 0.5197
vn 0.0642 0.8473 0.5272
vn 0.0634 0.8443 0.5321
vn 0.0700 0.8426 0.5340
vn 0.8499 -0.4390 -0.2914
vn 0.8532 -0.4316 -0.2930
vn 0.8536 -0.4339 -0.2881
vn 0.8662 -0.3199 -0.3838
vn 0.8663 -0.3166 -0.3865
vn 0.8664 -0.3218 -0.3819
vn -0.2406 0.4544 0.8577
vn -0.2406 0.4545 0.8577
vn 0.6827 0.6841 -0.2568
vn 0.6708 0.7112 -0.2104
vn 0.7204 0.6542 -0.2303
vn 0.7526 -0.1956 0.6288
vn 0.7553 -0.1914 0.6268
vn 0.7500 -0.1934 0.6325
vn -0.1094 0.9344 0.3389
vn -0.1091 0.9344 0.3392
vn -0.4170 0.5170 0.7475
vn -0.4215 0.5158 0.7458
vn -0.4193 0.5164 0.7467
vn -0.2308 0.4367 0.8695
vn 0.1376 0.9888 -0.0581
vn 0.1389 0.9891 -0.0484
vn 0.1429 0.9883 -0.0535
vn 0.8808 -0.4734 0.0066
vn 0.8821 -0.4710 0.0033
vn 0.2096 0.9061 0.3676
vn 0.8715 -0.4879 -0.0500
vn 0.8710 -0.4881 -0.0567
vn 0.8736 -0.4844 -0.0465
vn 0.5019 0.5321 -0.6819
vn 0.4984 0.5361 -0.6812
vn 0.6992 0.0457 0.7135
vn 0.7032 0.0506 0.7092
vn 0.6992 0.0522 0.7131
vn 0.0146 0.9815 0.1911
vn -0.6126 0.7694 -0.1812
vn 0.6132 0.4090 0.6758
vn 0.0475 0.9874 0.1510
vn 0.0473 0.9876 0.1499
vn 0.0462 0.9877 0.1496
vn -0.0728 0.8487 0.5238
vn -0.0635 0.8498 0.5233
vn -0.0676 0.8514 0.5202
vn -0.6847 0.5404 0.4890
vn -0.5231 0.8234 0.2201
vn 0.1789 0.9348 0.3067
vn 0.1841 0.9364 0.2987
vn 0.1826 0.9363 0.3000
vn 0.7658 -0.2432 -0.5953
vn 0.7697 -0.2450 -0.5895
vn 0.7707 -0.2493 -0.5864
vn 0.7077 0.4128 0.5733
vn 0.7088 0.4103 0.5738
vn 0.7096 0.4112 0.5721
vn -0.1926 0.7584 0.6227
vn 0.0827 0.8155 0.5728
vn 0.0850 0.8136 0.5751
vn 0.0890 0.8140 0.5740
vn 0.1277 0.8321 0.5398
vn 0.1276 0.8320 0.5399
vn 0.1278 0.8321 0.5397
vn -0.2154 0.9752 -0.0508
vn -0.0228 0.9452 0.3257
vn 0.7771 -0.2738 -0.5668
vn 0.7765 -0.2705 -0.5691
vn 0.7779 -0.2727 -0.5661
vn 0.8731 -0.4386 -0.2128
vn 0.7316 -0.2311 -0.6413
vn 0.7353 -0.2274 -0.6385
vn 0.7347 -0.2349 -0.6365
vn 0.3227 0.7956 -0.5127
vn 0.3286 0.7909 -0.5162
vn 0.3251 0.7951 -0.5120
vn -0.2601 0.7873 0.5591
vn -0.2510 0.7881 0.5621
vn -0.2551 0.7890 0.5589
vn 0.2877 0.7408 0.6070
vn 0.2890 0.7398 0.6076
vn 0.2924 0.7423 0.6029
vn -0.4525 0.6870 0.5686
vn 0.4865 0.5980 0.6370
vn 0.4852 0.6029 0.6334
vn 0.4808 0.6023 0.6372
vn 0.0230 0.9976 0.0658
vn 0.0139 0.9980 0.0614
vn 0.0168 0.9976 0.0668
vn 0.1553 0.9871 0.0393
vn -0.0824 0.9600 0.2677
vn -0.0840 0.9614 0.2619
vn -0.0884 0.9589 0.2698
vn 0.0439 0.9548 0.2939
vn 0.0491 0.9558 0.2898
vn 0.0486 0.9594 0.2779
vn -0.4444 0.8437 -0.3011
vn -0.0131 0.9765 0.2153
vn -0.0071 0.9763 0.2165
vn -0.0009 0.9772 0.2121
vn 0.0755 0.9610 0.2659
vn 0.0773 0.9612 0.2650
vn 0.0754 0.9616 0.2638
vn 0.3852 0.7660 0.5148
vn 0.3893 0.7659 0.5117
vn 0.3822 0.7690 0.5124
vn 0.5160 0.4171 0.7482
vn 0.5117 0.4151 0.7522
vn 0.5074 0.4229 0.7508
vn -0.0687 0.9021 0.4261
vn -0.1310 0.4600 0.8782
vn 0.1270 0.9529 0.2754
vn 0.1378 0.9525 0.2716
vn 0.1296 0.9520 0.2771
vn -0.2877 0.2251 0.9309
vn -0.2877 0.2248 0.9310
vn -0.2876 0.2250 0.9309
vn 0.4082 0.8767 0.2545
vn 0.6360 -0.0638 -0.7691
vn 0.6309 -0.0737 -0.7724
vn 0.6307 -0.0648 -0.7733
vn 0.5942 0.0218 0.8041
vn 0.5945 0.0220 0.8038
vn 0.4692 0.3878 0.7934
vn 0.4733 0.3877 0.7910
vn 0.4773 0.3855 0.7896
vn 0.1319 0.9814 -0.1394
vn 0.1388 0.9802 -0.1411
vn 0.1308 0.9804 -0.1470
vn 0.6941 -0.2385 0.6792
vn 0.7005 -0.2399 0.6721
vn 0.6983 -0.2361 0.6758
vn 0.6009 0.5237 -0.6039
vn 0.6051 0.5197 -0.6031
vn 0.6030 0.5194 -0.6055
vn -0.1554 0.7796 0.6068
vn -0.1177 0.9866 0.1126
vn 0.0444 0.9658 -0.2553
vn 0.0422 0.9671 -0.2510
vn 0.0480 0.9664 -0.2524
vn 0.0428 0.8328 0.5519
vn 0.0451 0.8353 0.5480
vn 0.0412 0.8331 0.5516
vn -0.6236 0.6903 0.3669
vn -0.6217 0.6902 0.3703
vn 0.8392 -0.5142 0.1771
vn 0.8368 -0.5189 0.1745
vn 0.8349 -0.5221 0.1743
vn 0.8729 0.4737 0.1169
vn -0.8889 0.1227 0.4414
vn -0.8895 0.1231 0.4399
vn -0.8913 0.1247 0.4360
vn -0.1014 0.9694 0.2235
vn -0.1002 0.9693 0.2246
vn -0.0999 0.9697 0.2229
vn 0.7667 -0.4830 -0.4230
vn 0.7606 -0.4828 -0.4340
vn 0.7608 -0.4831 -0.4334
vn 0.9591 0.1912 0.2088
vn -0.1011 0.8503 0.5164
vn -0.1034 0.8485 0.5190
vn -0.1039 0.8493 0.5175
vn 0.0072 0.9939 -0.1102
vn 0.0080 0.9933 -0.1154
vn 0.6811 -0.1081 -0.7242
vn 0.6826 -0.1086 -0.7227
vn 0.6777 -0.1131 -0.7265
vn -0.7117 0.5857 0.3879
vn 0.1060 0.9826 -0.1527
vn 0.7232 -0.2268 -0.6523
vn 0.7265 -0.2328 -0.6466
vn 0.7227 -0.2331 -0.6507
vn 0.2084 0.9066 0.3670
vn 0.2148 0.9058 0.3651
vn 0.2121 0.9063 0.3655
vn 0.2490 0.9569 0.1494
vn 0.7691 -0.4820 0.4197
vn 0.7706 -0.4871 0.4111
vn 0.7735 -0.4783 0.4158
vn 0.7698 -0.5512 0.3218
vn 0.7734 -0.5478 0.3191
vn 0.7735 -0.5454 0.3228
vn 0.5542 -0.0602 -0.8302
vn 0.5551 -0.0630 -0.8294
vn 0.5549 -0.0657 -0.8293
vn 0.4453 0.6814 0.5808
vn 0.4450 0.6864 0.5752
vn 0.4402 0.6801 0.5862
vn 0.5627 0.3505 -0.7487
vn 0.5433 0.3465 -0.7647
vn 0.5404 0.3499 -0.7652
vn 0.5368 0.3524 -0.7666
vn -0.1142 0.8917 0.4380
vn -0.1174 0.8937 0.4330
vn -0.1223 0.8900 0.4392
vn 0.1048 0.9130 -0.3942
vn 0.1009 0.9125 -0.3964
vn 0.1092 0.9129 -0.3933
vn -0.0250 0.8587 0.5118
vn -0.0956 0.8983 0.4288
vn -0.0894 0.8988 0.4292
vn -0.0941 0.9011 0.4233
vn 0.3683 -0.5830 -0.7242
vn 0.3174 0.5464 -0.7751
vn 0.3201 0.5506 0.7710
vn 0.3195 0.5488 0.7725
vn 0.3192 0.5509 0.7711
vn 0.7437 -0.5473 -0.3839
vn 0.7430 -0.5443 -0.3895
vn 0.7496 -0.5350 -0.3896
vn 0.8141 -0.5698 0.1119
vn 0.6435 0.1129 -0.7570
vn 0.6381 0.1151 -0.7613
vn 0.6433 0.1132 -0.7572
vn 0.5510 -0.7220 -0.4185
vn -0.2060 0.8951 0.3955
vn -0.2039 0.8956 0.3955
vn 0.0869 0.5294 0.8439
vn -0.1297 0.9150 0.3821
vn -0.1262 0.9147 0.3840
vn -0.1233 0.9160 0.3819
vn -0.0687 0.7975 0.5994
vn -0.0682 0.7984 0.5982
vn -0.0678 0.7985 0.5981
vn 0.1043 0.8656 0.4898
vn 0.1038 0.8650 0.4910
vn -0.1028 0.8973 0.4293
vn -0.0945 0.8957 0.4345
vn -0.1019 0.8980 0.4280
vn 0.3623 0.4127 0.8357
vn -0.1726 0.9726 0.1556
vn -0.1839 0.9706 0.1552
vn -0.1782 0.9715 0.1561
vn -0.4856 0.7704 0.4130
vn -0.4785 0.7782 0.4066
vn -0.4798 0.7744 0.4124
vn 0.5229 -0.2498 0.8150
vn 0.5211 -0.2515 0.8156
vn 0.5192 -0.2528 0.8164
vn -0.2191 0.9753 -0.0268
vn 0.6756 -0.5280 -0.5145
vn 0.6782 -0.5295 -0.5096
vn 0.6760 -0.5334 -0.5085
vn 0.5294 0.3278 0.7825
vn 0.6867 -0.4697 -0.5549
vn 0.6887 -0.4704 -0.5517
vn 0.6856 -0.4751 -0.5515
vn -0.2482 0.8986 0.3617
vn -0.2502 0.9005 0.3556
vn -0.2566 0.8984 0.3565
vn -0.0333 0.9612 -0.2737
vn 0.3044 0.8606 0.4082
vn 0.3043 0.8607 0.4081
vn 0.3043 0.8607 0.4082
vn -0.5284 0.6366 -0.5617
vn 0.4377 0.5439 -0.7159
vn 0.4336 0.5494 -0.7142
vn 0.4386 0.5370 -0.7207
vn -0.2419 0.9701 -0.0195
vn -0.7541 -0.2856 -0.5914
vn 0.1801 0.6686 -0.7215
vn -0.2209 0.8225 0.5241
vn -0.2208 0.8217 0.5254
vn -0.2195 0.8215 0.5263
vn -0.3684 0.9239 0.1036
vn 0.6132 0.1319 -0.7789
vn 0.5183 0.2406 0.8206
vn 0.5267 0.2433 0.8145
vn 0.5241 0.2391 0.8174
vn -0.2712 0.9428 0.1939
vn 0.6383 -0.4427 0.6298
vn 0.6365 -0.4440 0.6307
vn 0.6375 -0.4438 0.6297
vn 0.6856 -0.6040 -0.4063
vn 0.6864 -0.6051 -0.4034
vn 0.6840 -0.6065 -0.4054
vn -0.6092 -0.6969 -0.3784
vn -0.6084 -0.6965 -0.3804
vn -0.6099 -0.6979 -0.3754
vn 0.5296 -0.1606 0.8329
vn 0.5255 -0.1707 0.8335
vn 0.5264 -0.1659 0.8339
vn -0.2048 0.8183 0.5371
vn -0.2125 0.8224 0.5277
vn -0.2010 0.8253 0.5277
vn -0.0535 0.9608 0.2721
vn -0.0558 0.9592 0.2772
vn -0.0605 0.9602 0.2729
vn 0.6187 -0.5073 -0.5999
vn 0.6181 -0.5040 -0.6033
vn 0.6174 -0.5070 -0.6015
vn 0.2200 0.8752 -0.4308
vn -0.0358 0.8246 -0.5646
vn -0.0346 0.8252 -0.5638
vn -0.0363 0.8256 -0.5631
vn 0.0123 0.8271 0.5620
vn -0.3767 0.8603 0.3436
vn 0.6282 -0.4868 -0.6070
vn 0.6938 -0.5240 0.4940
vn 0.6987 -0.5191 0.4923
vn 0.6963 -0.5186 0.4963
vn -0.1740 0.8893 0.4228
vn -0.1761 0.8916 0.4172
vn -0.1759 0.8902 0.4202
vn -0.3712 0.7996 0.4721
vn -0.0786 0.9682 0.2376
vn -0.0811 0.9696 0.2308
vn -0.0857 0.9694 0.2300
vn 0.6661 -0.6860 -0.2927
vn 0.6704 -0.6824 -0.2914
vn 0.6655 -0.6882 -0.2891
vn 0.3793 0.2000 -0.9034
vn 0.3789 0.1988 -0.9038
vn 0.3807 0.1984 -0.9032
vn 0.2692 0.5017 -0.8221
vn 0.2709 0.4989 -0.8232
vn 0.2661 0.5034 -0.8221
vn 0.3617 -0.3305 0.8718
vn -0.2193 0.8229 0.5241
vn -0.2190 0.8243 0.5221
vn -0.2203 0.8244 0.5214
vn 0.1372 0.9529 0.2705
vn 0.1440 0.9523 0.2689
vn 0.0843 0.9408 0.3284
vn 0.7019 -0.7092 0.0668
vn 0.7047 -0.7061 0.0690
vn 0.6993 -0.7121 0.0624
vn 0.3632 0.1101 -0.9252
vn 0.1461 0.8681 0.4744
vn 0.1416 0.8688 0.4744
vn 0.1503 0.8677 0.4738
vn 0.9040 0.1781 -0.3886
vn -0.2014 0.7418 0.6397
vn -0.2040 0.7404 0.6405
vn -0.2026 0.7409 0.6403
vn 0.2052 0.9097 0.3611
vn 0.2067 0.9087 0.3627
vn 0.2096 0.9098 0.3581
vn 0.1610 0.1040 0.9815
vn 0.6270 -0.7070 -0.3273
vn 0.6315 -0.7026 -0.3280
vn 0.6314 -0.7047 -0.3236
vn 0.5702 0.3158 -0.7584
vn 0.5717 0.3111 -0.7592
vn 0.5662 0.3180 -0.7605
vn 0.2395 0.5969 -0.7658
vn 0.2372 0.5996 -0.7644
vn 0.2359 0.6030 -0.7620
vn 0.3502 0.4148 0.8399
vn 0.0967 0.8222 0.5609
vn 0.1016 0.8208 0.5621
vn 0.0983 0.8233 0.5590
vn 0.6722 -0.7303 -0.1220
vn 0.3707 -0.1779 -0.9116
vn 0.3722 -0.1799 -0.9106
vn 0.3694 -0.1817 -0.9113
vn 0.6340 -0.7690 -0.0823
vn 0.6365 -0.7673 -0.0780
vn 0.6344 -0.7690 -0.0785
vn 0.8351 -0.3769 -0.4006
vn 0.8352 -0.3767 -0.4006
vn 0.8352 -0.3768 -0.4006
vn -0.2409 0.9409 0.2379
vn -0.2347 0.9437 0.2333
vn -0.2481 0.9409 0.2307
vn -0.4323 0.7601 0.4851
vn -0.4379 0.7542 0.4893
vn -0.4383 0.7551 0.4875
vn -0.1527 0.9519 -0.2655
vn -0.3843 0.6201 0.6839
vn 0.1657 0.9771 -0.1337
vn -0.4012 0.6582 0.6370
vn -0.4005 0.6558 0.6399
vn -0.4067 0.6570 0.6348
vn 0.0799 0.7193 0.6901
vn 0.0759 0.7128 0.6972
vn 0.0799 0.7152 0.6943
vn 0.8255 -0.5405 -0.1629
vn 0.1667 0.2688 0.9487
vn -0.3945 0.9104 0.1246
vn -0.3994 0.9080 0.1269
vn -0.4000 0.9080 0.1246
vn -0.4464 0.8942 0.0347
vn -0.4463 0.8942 0.0347
vn -0.4096 0.6487 0.6414
vn 0.6327 -0.7520 -0.1848
vn 0.6328 -0.7524 -0.1829
vn 0.6316 -0.7532 -0.1841
vn 0.0749 0.8980 0.4336
vn -0.2677 0.7866 0.5565
vn -0.0112 0.5735 -0.8191
vn 0.5125 -0.4445 -0.7347
vn 0.2467 -0.3317 -0.9106
vn -0.3329 0.9367 -0.1082
vn -0.3309 0.9372 -0.1105
vn -0.3353 0.9357 -0.1099
vn -0.3952 0.8189 0.4162
vn 0.6138 -0.7187 0.3267
vn 0.6157 -0.7159 0.3292
vn 0.6142 -0.7162 0.3314
vn 0.5387 -0.1388 -0.8310
vn -0.2797 0.6858 -0.6719
vn -0.5670 0.2909 0.7706
vn -0.5689 0.2970 0.7669
vn -0.5689 0.2933 0.7683
vn -0.2934 0.9238 0.2459
vn -0.2905 0.9237 0.2499
vn -0.2910 0.9242 0.2475
vn 0.5411 0.8013 0.2550
vn 0.9334 0.1956 0.3008
vn 0.6017 0.7915 0.1075
vn 0.6016 0.7915 0.1077
vn 0.5882 -0.8053 0.0740
vn 0.5892 -0.8049 0.0706
vn 0.5898 -0.8043 0.0726
vn 0.1144 0.6118 -0.7827
vn 0.1189 0.6182 -0.7770
vn 0.1173 0.6095 -0.7841
vn 0.5978 -0.6042 -0.5268
vn 0.5943 -0.6087 -0.5257
vn 0.5957 -0.6139 -0.5180
vn 0.0161 0.9685 0.2484
vn 0.0177 0.9676 0.2518
vn 0.0187 0.9682 0.2496
vn 0.5617 -0.4812 0.6730
vn 0.5657 -0.4812 0.6696
vn 0.5627 -0.4770 0.6752
vn 0.6192 -0.6149 0.4883
vn 0.6190 -0.6161 0.4871
vn 0.6176 -0.6130 0.4927
vn -0.6215 0.5347 0.5725
vn -0.6254 0.5292 0.5734
vn -0.6261 0.5234 0.5780
vn 0.5126 0.7076 -0.4863
vn -0.1773 0.8700 -0.4600
vn -0.1780 0.8732 -0.4537
vn -0.1738 0.8765 -0.4488
vn -0.0570 0.9744 0.2176
vn -0.0570 0.9744 0.2175
vn 0.3896 -0.3577 0.8487
vn 0.3963 -0.3650 0.8425
vn 0.3988 -0.3536 0.8461
vn -0.7178 0.6041 -0.3461
vn 0.6344 0.6996 -0.3287
vn -0.3280 0.6793 0.6565
vn -0.3269 0.6792 0.6572
vn -0.3275 0.6802 0.6559
vn -0.6709 0.5129 -0.5355
vn -0.6730 0.5115 -0.5343
vn -0.6726 0.5099 -0.5363
vn 0.5780 -0.6684 -0.4682
vn 0.5742 -0.6704 -0.4699
vn 0.4563 -0.4180 -0.7855
vn -0.0722 0.7662 -0.6386
vn -0.0705 0.7660 -0.6390
vn -0.0728 0.7652 -0.6396
vn 0.5671 -0.7377 0.3663
vn 0.5666 -0.7382 0.3662
vn 0.5675 -0.7375 0.3661
vn -0.3956 0.8975 0.1949
vn -0.3963 0.8962 0.1993
vn -0.3972 0.8966 0.1956
vn 0.3467 0.6976 0.6270
vn 0.2385 0.9666 0.0941
vn 0.0402 0.7049 0.7082
vn 0.4477 -0.4598 -0.7669
vn 0.4461 -0.4544 -0.7710
vn 0.4524 -0.4558 -0.7665
vn -0.1989 0.9543 -0.2230
vn 0.2085 0.3958 -0.8944
vn -0.9055 0.2816 0.3176
vn -0.2708 0.9294 0.2507
vn -0.2692 0.9311 0.2462
vn -0.2713 0.9329 0.2370
vn -0.3175 0.9317 0.1764
vn -0.3161 0.9308 0.1834
vn -0.3114 0.9325 0.1829
vn 0.1102 -0.9612 -0.2528
vn 0.1102 -0.9612 -0.2527
vn 0.1102 -0.9613 -0.2527
vn 0.4806 0.3053 -0.8221
vn 0.4805 0.3000 -0.8241
vn 0.4788 0.3103 -0.8212
vn -0.3878 0.7854 0.4824
vn -0.3817 0.7903 0.4794
vn -0.3839 0.7904 0.4773
vn 0.3122 0.3202 0.8944
vn 0.3123 0.3201 0.8944
vn -0.8359 0.4275 0.3442
vn 0.5302 -0.7024 -0.4749
vn 0.5352 -0.7022 -0.4696
vn 0.5269 -0.7085 -0.4695
vn 0.5531 -0.8262 0.1067
vn -0.1027 0.5776 0.8098
vn -0.1073 0.5799 0.8076
vn -0.1063 0.5771 0.8098
vn -0.1195 0.9741 0.1921
vn -0.1185 0.9741 0.1924
vn -0.1142 0.9741 0.1951
vn 0.0953 0.4241 0.9006
vn 0.4994 -0.5988 -0.6261
vn 0.4975 -0.5960 -0.6303
vn 0.4965 -0.5957 -0.6314
vn 0.4320 -0.3479 0.8320
vn -0.4737 0.6063 0.6387
vn -0.4659 0.6078 0.6430
vn -0.4729 0.6115 0.6344
vn -0.3279 0.9276 0.1790
vn -0.3232 0.9300 0.1750
vn -0.3291 0.9264 0.1829
vn -0.3035 0.8094 0.5027
vn 0.4979 -0.6478 0.5766
vn 0.4981 -0.6481 0.5761
vn 0.0514 -0.4431 -0.8950
vn 0.1185 0.2615 0.9579
vn 0.1196 0.2608 0.9580
vn -0.4086 0.7123 0.5707
vn -0.5324 0.8207 0.2073
vn 0.5992 -0.7269 -0.3356
vn 0.1370 -0.0547 -0.9891
vn 0.1369 -0.0545 -0.9891
vn 0.1369 -0.0543 -0.9891
vn -0.4105 0.7544 -0.5123
vn -0.6135 0.6453 -0.4551
vn -0.4359 -0.4059 -0.8032
vn 0.4867 -0.5932 0.6413
vn -0.5631 0.6972 0.4436
vn -0.5680 0.6928 0.4443
vn -0.5684 0.6934 0.4429
vn -0.3903 0.6555 0.6465
vn -0.3888 0.6537 0.6492
vn -0.3861 0.6538 0.6508
vn -0.2108 0.9680 0.1360
vn -0.2160 0.9662 0.1408
vn -0.2221 0.9658 0.1338
vn -0.3765 0.9263 0.0134
vn -0.5331 0.3987 0.7462
vn -0.5795 0.8140 0.0406
vn -0.5794 0.8142 0.0387
vn -0.5788 0.8144 0.0405
vn -0.1812 0.8781 0.4428
vn -0.0241 -0.6713 -0.7408
vn 0.3563 -0.3354 -0.8721
vn 0.3554 -0.3353 -0.8725
vn 0.3554 -0.3359 -0.8723
vn -0.0675 0.5943 -0.8014
vn -0.0643 0.5989 -0.7983
vn -0.0646 0.5987 -0.7984
vn 0.4941 -0.6427 -0.5854
vn 0.4924 -0.6414 -0.5884
vn 0.4943 -0.6380 -0.5905
vn 0.1443 -0.0142 0.9894
vn 0.1382 -0.0148 0.9903
vn 0.1450 -0.0089 0.9894
vn -0.5756 0.7339 0.3607
vn -0.5733 0.7314 0.3694
vn -0.5683 0.7329 0.3740
vn -0.4250 0.9038 -0.0499
vn -0.4291 0.9017 -0.0532
vn -0.4341 0.8994 -0.0516
vn 0.0372 0.7915 0.6100
vn 0.0410 0.7904 0.6112
vn 0.0368 0.7939 0.6069
vn -0.5668 0.8120 0.1393
vn -0.5645 0.8147 0.1324
vn -0.5638 0.8165 0.1241
vn -0.2201 0.8034 0.5532
vn -0.2228 0.8058 0.5487
vn -0.6523 0.6515 0.3873
vn -0.6489 0.6520 0.3923
vn -0.6535 0.6477 0.3917
vn 0.4973 -0.7507 -0.4348
vn 0.4966 -0.7493 -0.4381
vn 0.4976 -0.7493 -0.4369
vn 0.2038 -0.1997 0.9584
vn 0.2064 -0.2041 0.9569
vn 0.2052 -0.1944 0.9592
vn -0.5264 0.8496 0.0326
vn -0.5182 0.8543 0.0406
vn -0.5248 0.8506 0.0335
vn -0.5784 0.7197 0.3841
vn -0.5821 0.7189 0.3800
vn -0.5757 0.7196 0.3884
vn -0.5042 0.6800 0.5323
vn 0.1172 0.6438 -0.7561
vn 0.2796 -0.3502 -0.8940
vn 0.2804 -0.3520 -0.8930
vn 0.2775 -0.3494 -0.8950
vn -0.5583 0.8217 0.1146
vn -0.5536 0.8247 0.1158
vn -0.5559 0.8232 0.1155
vn -0.1578 0.8705 -0.4661
vn -0.1593 0.8693 -0.4680
vn -0.4163 0.9092 -0.0028
vn -0.4184 0.9083 -0.0018
vn -0.4172 0.9088 -0.0049
vn 0.3303 0.5377 -0.7757
vn -0.5225 0.6137 0.5919
vn -0.5203 0.6139 0.5936
vn -0.5192 0.6175 0.5908
vn -0.4447 0.5269 0.7243
vn -0.1112 0.5421 0.8329
vn -0.1104 0.5418 0.8332
vn -0.1120 0.5425 0.8326
vn -0.3830 0.9136 0.1366
vn -0.3842 0.9148 0.1247
vn -0.3855 0.9137 0.1288
vn -0.2849 0.6966 0.6585
vn -0.2856 0.6998 0.6548
vn -0.2850 0.7027 0.6519
vn -0.0949 0.0212 0.9953
vn -0.0976 0.0202 0.9950
vn -0.0917 0.0205 0.9956
vn 0.4130 -0.4872 -0.7695
vn 0.4180 -0.4899 -0.7651
vn 0.3697 -0.6136 0.6978
vn 0.3344 -0.4917 0.8040
vn 0.3377 -0.4935 0.8015
vn -0.0674 0.5672 -0.8208
vn -0.4503 0.8082 0.3796
vn -0.5753 0.7199 0.3884
vn -0.5733 0.7182 0.3944
vn -0.5800 0.7187 0.3836
vn 0.4957 -0.8361 -0.2352
vn 0.0761 -0.4755 -0.8764
vn 0.0765 -0.4756 -0.8763
vn 0.0756 -0.4756 -0.8764
vn 0.3438 -0.7590 -0.5530
vn 0.3493 -0.7571 -0.5520
vn 0.3469 -0.7597 -0.5500
vn 0.4513 -0.8174 0.3582
vn 0.4425 -0.8207 0.3615
vn 0.4479 -0.8176 0.3618
vn 0.4650 -0.8257 -0.3193
vn 0.4983 -0.8643 -0.0692
vn 0.4980 -0.8646 -0.0675
vn -0.7191 0.0155 -0.6948
vn -0.7176 0.0144 -0.6963
vn -0.7166 0.0163 -0.6973
vn -0.4437 0.8811 0.1635
vn -0.4437 0.8814 0.1620
vn -0.4333 0.8862 0.1643
vn 0.4775 -0.8784 -0.0215
vn 0.4776 -0.8784 -0.0169
vn 0.4712 -0.8817 -0.0252
vn 0.2188 -0.2079 -0.9534
vn 0.0335 0.2558 -0.9662
vn 0.0424 0.2462 -0.9683
vn 0.0363 0.2496 -0.9677
vn -0.5253 0.6403 0.5605
vn -0.5256 0.6418 0.5584
vn -0.5238 0.6417 0.5602
vn -0.6677 0.6893 0.2812
vn -0.6665 0.6887 0.2854
vn -0.6646 0.6922 0.2814
vn -0.5175 0.6309 0.5781
vn -0.5122 0.6303 0.5835
vn -0.5117 0.6320 0.5820
vn -0.9589 -0.0376 0.2813
vn 0.3111 -0.5582 -0.7692
vn 0.3177 -0.5557 -0.7683
vn 0.3148 -0.5641 -0.7633
vn 0.1701 -0.0195 0.9852
vn 0.1680 -0.0208 0.9856
vn 0.1697 -0.0252 0.9852
vn -0.5792 0.4858 0.6546
vn -0.5814 0.4891 0.6502
vn -0.5802 0.4934 0.6480
vn -0.9305 0.3624 0.0524
vn -0.9326 0.3576 0.0493
vn -0.9313 0.3616 0.0452
vn -0.3908 0.7001 0.5976
vn 0.3889 -0.6397 -0.6629
vn 0.3893 -0.6416 -0.6609
vn 0.3938 -0.6366 -0.6630
vn -0.5943 0.6700 0.4448
vn -0.5883 0.6772 0.4419
vn -0.5921 0.6716 0.4454
vn -0.3988 0.8349 -0.3794
vn -0.5428 0.8243 0.1609
vn -0.5376 0.8285 0.1567
vn -0.5395 0.8274 0.1563
vn 0.2509 0.5408 -0.8029
vn 0.2558 0.5450 -0.7985
vn 0.2548 0.5416 -0.8011
vn -0.3280 0.6644 -0.6716
vn -0.3261 0.6619 -0.6750
vn -0.3303 0.6613 -0.6735
vn 0.2701 0.1195 -0.9554
vn 0.2712 0.1257 -0.9543
vn 0.2734 0.1220 -0.9541
vn -0.0702 0.3760 0.9240
vn -0.4388 0.8622 -0.2530
vn -0.5640 0.8209 0.0891
vn -0.5543 0.8268 0.0954
vn -0.5587 0.8244 0.0912
vn -0.2759 0.2237 0.9348
vn 0.3830 -0.6307 -0.6750
vn 0.3868 -0.6230 -0.6799
vn 0.3939 -0.6248 -0.6742
vn -0.0292 0.2162 0.9759
vn -0.3739 0.8617 -0.3430
vn -0.3709 0.8630 -0.3429
vn -0.3694 0.8621 -0.3469
vn -0.5497 0.8212 0.1532
vn -0.5414 0.8278 0.1471
vn -0.5418 0.8278 0.1459
vn -0.6093 0.5819 0.5386
vn -0.6124 0.5776 0.5398
vn -0.6066 0.5868 0.5363
vn -0.5546 0.8111 0.1861
vn -0.5717 0.8203 0.0168
vn -0.5742 0.8186 0.0165
vn -0.5714 0.8205 0.0157
vn -0.2866 0.3631 0.8866
vn -0.4993 0.7867 0.3631
vn -0.5049 0.7876 0.3533
vn -0.5099 0.7812 0.3601
vn 0.3489 -0.8233 -0.4476
vn 0.3536 -0.8210 -0.4483
vn 0.3469 -0.8249 -0.4463
vn -0.6239 0.4969 0.6032
vn -0.6207 0.4975 0.6060
vn -0.6209 0.5000 0.6037
vn 0.0239 0.8948 0.4458
vn 0.0269 0.8937 0.4479
vn 0.0262 0.8961 0.4430
vn -0.0986 0.7996 0.5924
vn 0.3138 -0.8067 -0.5008
vn 0.3185 -0.8055 -0.4998
vn 0.3175 -0.8080 -0.4964
vn 0.0130 -0.5416 -0.8406
vn 0.0130 -0.5421 -0.8402
vn 0.0122 -0.5411 -0.8409
vn -0.1200 0.3444 -0.9311
vn -0.1214 0.3445 -0.9309
vn -0.6454 0.7562 0.1075
vn -0.6436 0.7576 0.1087
vn -0.6446 0.7570 0.1068
vn -0.6302 0.7734 0.0684
vn -0.6295 0.7738 0.0709
vn -0.6274 0.7759 0.0662
vn -0.4723 0.6667 0.5766
vn -0.4697 0.6705 0.5742
vn -0.4756 0.6711 0.5686
vn 0.1621 -0.4359 -0.8853
vn 0.1616 -0.4333 -0.8866
vn 0.1592 -0.4342 -0.8866
vn 0.0652 -0.4399 0.8957
vn -0.0058 0.8697 0.4935
vn -0.5268 0.8371 -0.1472
vn -0.5268 0.8372 -0.1473
vn 0.0164 -0.2460 -0.9691
vn -0.4604 0.3168 0.8293
vn 0.3380 -0.7978 0.4993
vn 0.3372 -0.8004 0.4956
vn 0.0425 0.2506 -0.9672
vn -0.1205 0.4744 -0.8720
vn -0.1252 0.4779 -0.8694
vn -0.1260 0.4836 -0.8662
vn -0.0280 -0.0134 -0.9995
vn -0.0262 -0.0111 -0.9996
vn -0.0266 -0.0126 -0.9996
vn -0.6861 0.4648 0.5596
vn -0.6503 0.4317 0.6251
vn -0.6516 0.4295 0.6253
vn -0.6515 0.4346 0.6219
vn -0.5239 0.8513 0.0306
vn -0.5202 0.8533 0.0352
vn -0.5203 0.8534 0.0325
vn -0.6319 0.5653 0.5302
vn -0.6406 0.5590 0.5264
vn -0.6343 0.5626 0.5302
vn -0.5584 0.6935 0.4552
vn -0.5555 0.6965 0.4542
vn -0.1266 0.3474 -0.9291
vn -0.6215 0.7808 -0.0638
vn -0.5031 0.7861 0.3590
vn -0.5059 0.7849 0.3577
vn -0.5049 0.7845 0.3600
vn -0.2878 0.6374 -0.7148
vn -0.5891 0.4989 0.6356
vn -0.5875 0.4965 0.6390
vn -0.5883 0.4992 0.6362
vn 0.3068 -0.9514 -0.0260
vn 0.3105 -0.9502 -0.0250
vn 0.3050 -0.9521 -0.0211
vn 0.2503 -0.9259 0.2829
vn 0.2499 -0.9291 0.2725
vn 0.2539 -0.9257 0.2803
vn -0.5950 0.7987 0.0897
vn -0.6043 0.7922 0.0851
vn -0.6004 0.7946 0.0898
vn -0.6534 0.4011 0.6420
vn -0.6549 0.3998 0.6413
vn -0.6510 0.4019 0.6440
vn -0.3299 0.0528 0.9425
vn -0.6617 0.5433 0.5168
vn -0.6589 0.5482 0.5151
vn -0.6631 0.5449 0.5132
vn 0.0396 0.7800 -0.6245
vn -0.2413 0.1001 0.9653
vn -0.2421 0.0990 0.9652
vn -0.2392 0.0941 0.9664
vn -0.6309 0.5534 0.5438
vn 0.3010 -0.9084 -0.2900
vn 0.3016 -0.9096 -0.2859
vn 0.2951 -0.9100 -0.2913
vn -0.6728 -0.0381 0.7388
vn -0.8408 0.5282 0.1185
vn -0.3630 0.8806 -0.3047
vn -0.3655 0.8778 -0.3097
vn -0.3640 0.8790 -0.3081
vn -0.0438 -0.4690 -0.8821
vn -0.0434 -0.4668 -0.8833
vn -0.0437 -0.4680 -0.8827
vn -0.6784 0.6246 0.3868
vn -0.6786 0.6218 0.3911
vn -0.6787 0.6200 0.3937
vn -0.5736 0.7987 -0.1819
vn 0.2327 -0.5610 -0.7944
vn 0.2313 -0.5609 -0.7949
vn 0.2345 -0.5607 -0.7941
vn -0.8975 -0.3566 -0.2596
vn 0.3702 -0.7460 -0.5535
vn 0.3757 -0.7466 -0.5491
vn 0.3698 -0.7500 -0.5484
vn 0.3002 -0.9489 0.0973
vn 0.3054 -0.9471 0.0988
vn 0.3037 -0.9472 0.1023
vn 0.1563 -0.7725 0.6155
vn -0.4212 0.6642 -0.6176
vn -0.4177 0.6654 -0.6187
vn -0.4215 0.6615 -0.6203
vn -0.9726 -0.0414 0.2287
vn -0.6107 0.3699 0.7001
vn -0.1552 -0.4259 -0.8914
vn -0.1640 -0.4223 -0.8915
vn -0.1475 -0.4217 -0.8947
vn -0.0132 -0.4392 0.8983
vn -0.0135 -0.4388 0.8985
vn -0.4407 0.7336 -0.5174
vn -0.4453 0.7317 -0.5160
vn -0.4402 0.7346 -0.5164
vn -0.1634 0.5481 -0.8203
vn -0.1626 0.5425 -0.8242
vn -0.1641 0.5451 -0.8221
vn 0.3142 -0.9283 -0.1988
vn 0.3150 -0.9267 -0.2051
vn 0.3192 -0.9258 -0.2024
vn -0.7080 0.4421 0.5508
vn -0.7069 0.4404 0.5535
vn -0.1290 -0.2816 -0.9508
vn -0.1280 -0.2808 -0.9512
vn -0.1287 -0.2817 -0.9508
vn -0.6875 0.4797 0.5452
vn -0.6832 0.4838 0.5470
vn -0.6869 0.4879 0.5387
vn 0.0767 -0.4238 -0.9025
vn 0.0720 -0.4288 -0.9005
vn 0.0728 -0.4252 -0.9022
vn -0.6487 0.6579 0.3825
vn -0.6501 0.6556 0.3841
vn -0.6453 0.6566 0.3905
vn -0.6294 0.7770 0.0056
vn 0.2417 -0.7331 -0.6357
vn 0.2442 -0.7331 -0.6348
vn 0.2422 -0.7348 -0.6336
vn -0.2028 0.0274 -0.9788
vn -0.2078 0.0312 -0.9777
vn -0.2114 0.0255 -0.9771
vn -0.7889 0.4013 0.4654
vn -0.7881 0.4092 0.4599
vn -0.7904 0.4058 0.4588
vn -0.6693 0.4744 0.5718
vn -0.6677 0.4680 0.5789
vn -0.6663 0.4731 0.5764
vn 0.1034 -0.7532 0.6496
vn 0.1053 -0.7537 0.6487
vn 0.1019 -0.7507 0.6528
vn 0.3031 -0.8825 -0.3596
vn 0.3091 -0.8805 -0.3594
vn 0.3107 -0.8813 -0.3560
vn -0.3755 -0.2045 0.9040
vn 0.2760 -0.9605 0.0350
vn 0.2744 -0.9607 0.0413
vn 0.2711 -0.9618 0.0373
vn -0.2588 0.3867 -0.8851
vn -0.2608 0.3878 -0.8841
vn -0.2607 0.3844 -0.8856
vn -0.6791 0.7007 0.2187
vn 0.3157 -0.8776 -0.3608
vn 0.3179 -0.8784 -0.3568
vn 0.3115 -0.8784 -0.3625
vn 0.2952 -0.9415 -0.1629
vn 0.2971 -0.9411 -0.1614
vn 0.2932 -0.9422 -0.1621
vn 0.1793 -0.8554 0.4859
vn 0.1844 -0.8564 0.4823
vn 0.1850 -0.8520 0.4898
vn -0.6539 0.4436 0.6129
vn -0.6494 0.4467 0.6154
vn -0.6913 0.5535 0.4645
vn -0.6884 0.5565 0.4652
vn -0.6911 0.5574 0.4601
vn -0.6646 0.6578 0.3543
vn -0.6616 0.6604 0.3551
vn 0.0538 -0.5769 0.8151
vn 0.0492 -0.5729 0.8181
vn 0.0545 -0.5761 0.8156
vn -0.7785 0.4054 0.4792
vn -0.6803 0.6836 -0.2643
vn -0.6826 0.6817 -0.2635
vn -0.2732 0.6160 0.7388
vn -0.2777 0.6157 0.7374
vn -0.2734 0.6119 0.7421
vn 0.0488 -0.5742 0.8172
vn 0.0505 -0.5698 0.8202
vn 0.0434 -0.5708 0.8199
vn -0.7789 0.5162 0.3562
vn -0.7751 0.5205 0.3582
vn -0.7737 0.5235 0.3569
vn -0.7784 0.6261 0.0461
vn -0.7779 0.6267 0.0455
vn -0.7792 0.6252 0.0446
vn -0.6749 0.4052 0.6167
vn -0.6780 0.4059 0.6128
vn -0.6731 0.4101 0.6154
vn 0.1856 -0.9316 0.3124
vn 0.1865 -0.9305 0.3154
vn 0.1888 -0.9306 0.3135
vn -0.3952 -0.4068 -0.8236
vn -0.4261 -0.2086 -0.8803
vn -0.4267 -0.2126 -0.8791
vn -0.4273 -0.2167 -0.8778
vn -0.7091 0.7050 0.0136
vn -0.7069 0.7071 0.0167
vn -0.7090 0.7050 0.0161
vn -0.6773 0.7068 0.2041
vn -0.6798 0.7059 0.1990
vn -0.6780 0.7065 0.2027
vn 0.5196 -0.4977 -0.6944
vn -0.7162 0.6972 -0.0318
vn -0.7130 0.7008 -0.0209
vn -0.7116 0.7018 -0.0349
vn 0.1597 -0.8806 0.4461
vn -0.7796 0.6247 0.0436
vn -0.7769 0.6284 0.0385
vn -0.7842 0.6191 0.0431
vn -0.2455 -0.0791 0.9662
vn -0.2428 -0.0712 0.9675
vn -0.2454 -0.0747 0.9665
vn -0.6301 0.6262 -0.4592
vn -0.6280 0.6308 -0.4558
vn -0.6292 0.6305 -0.4546
vn -0.2826 0.3916 0.8756
vn -0.2807 0.3900 0.8770
vn -0.2826 0.3918 0.8755
vn 0.0188 -0.6643 -0.7473
vn 0.0172 -0.6694 -0.7427
vn 0.0165 -0.6679 -0.7441
vn -0.4022 0.2632 -0.8769
vn -0.6841 0.7272 0.0558
vn -0.6162 0.7869 0.0322
vn -0.6099 0.7915 0.0384
vn -0.6134 0.7893 0.0279
vn -0.6380 0.7700 -0.0014
vn -0.6332 0.7739 -0.0030
vn -0.6294 0.7771 -0.0020
vn 0.7101 0.5610 0.4254
vn 0.7113 0.5615 0.4228
vn 0.7108 0.5622 0.4228
vn -0.2140 0.6626 0.7177
vn 0.2712 -0.9505 -0.1516
vn 0.2730 -0.9509 -0.1457
vn 0.2700 -0.9510 -0.1503
vn 0.0894 -0.7617 -0.6417
vn 0.0918 -0.7635 -0.6393
vn 0.0854 -0.7622 -0.6417
vn 0.0571 -0.7579 -0.6498
vn 0.0626 -0.7577 -0.6496
vn 0.0599 -0.7596 -0.6476
vn -0.5847 0.7930 0.1709
vn -0.5815 0.7958 0.1692
vn -0.5835 0.7944 0.1690
vn -0.3814 0.9242 -0.0223
vn -0.3768 0.9260 -0.0235
vn -0.3743 0.9269 -0.0281
vn 0.0521 -0.2596 -0.9643
vn -0.7726 0.5714 0.2767
vn -0.7709 0.5704 0.2834
vn -0.7709 0.5722 0.2799
vn -0.8068 0.5908 -0.0019
vn -0.8078 0.5894 -0.0036
vn -0.8062 0.5917 -0.0007
vn -0.5974 0.6642 0.4495
vn -0.6013 0.6626 0.4466
vn -0.6053 0.6593 0.4460
vn -0.8434 0.4039 0.3545
vn -0.8382 0.4093 0.3605
vn -0.8405 0.4095 0.3546
vn -0.7306 0.4511 -0.5125
vn -0.7321 0.4505 -0.5109
vn -0.7290 0.4525 -0.5136
vn -0.7812 0.6026 -0.1631
vn -0.7826 0.6001 -0.1656
vn -0.7781 0.6070 -0.1614
vn -0.7487 0.6546 0.1046
vn -0.7514 0.6512 0.1061
vn -0.7457 0.6578 0.1057
vn 0.0112 -0.6828 -0.7305
vn 0.0131 -0.6812 -0.7319
vn 0.0199 -0.6830 -0.7302
vn -0.0220 0.0554 -0.9982
vn -0.6028 0.7978 0.0152
vn -0.5998 0.7999 0.0196
vn -0.5939 0.8043 0.0193
vn -0.4153 0.2128 0.8844
vn -0.6153 0.7360 0.2824
vn -0.3599 0.1579 0.9195
vn -0.6504 0.7453 0.1467
vn -0.6570 0.7398 0.1450
vn -0.6554 0.7411 0.1457
vn -0.6170 0.7357 0.2795
vn -0.7536 0.6570 -0.0205
vn -0.7511 0.6599 -0.0192
vn -0.7549 0.6552 -0.0289
vn -0.1571 -0.2496 0.9555
vn -0.1504 -0.2420 0.9585
vn -0.1461 -0.2397 0.9598
vn -0.1001 0.7266 0.6798
vn 0.1447 -0.8457 -0.5137
vn 0.1494 -0.8482 -0.5081
vn 0.1522 -0.8482 -0.5074
vn -0.1026 0.0673 -0.9924
vn -0.1087 0.0634 -0.9921
vn -0.1061 0.0665 -0.9921
vn 0.4079 -0.7794 -0.4756
vn -0.4004 -0.0109 0.9163
vn -0.7897 0.3015 0.5343
vn -0.7949 0.2961 0.5296
vn -0.7920 0.2910 0.5368
vn 0.2474 -0.8940 -0.3735
vn 0.2524 -0.8940 -0.3701
vn 0.2488 -0.8938 -0.3730
vn -0.1823 0.9162 0.3568
vn 0.0644 0.9553 0.2885
vn 0.0643 0.9553 0.2884
vn 0.0643 0.9554 0.2883
vn -0.0412 -0.4588 -0.8876
vn -0.0387 -0.4644 -0.8848
vn -0.0372 -0.4649 -0.8846
vn -0.1052 -0.4094 -0.9063
vn -0.1043 -0.4062 -0.9078
vn -0.1059 -0.4112 -0.9054
vn -0.9064 0.3394 0.2514
vn -0.9062 0.3404 0.2509
vn -0.9101 0.3316 0.2486
vn -0.8208 0.5697 -0.0416
vn -0.8235 0.5653 -0.0472
vn -0.8265 0.5605 -0.0521
vn -0.2135 0.9578 -0.1925
vn -0.5657 0.6181 0.5459
vn -0.8685 0.4003 -0.2924
vn 0.0951 -0.6620 -0.7434
vn -0.8430 -0.2950 0.4497
vn -0.1704 -0.8207 0.5453
vn -0.1774 -0.8167 0.5492
vn -0.1762 -0.8203 0.5441
vn -0.8614 0.4599 0.2156
vn 0.0321 -0.8264 -0.5622
vn 0.0361 -0.8301 -0.5565
vn 0.0258 -0.8297 -0.5577
vn -0.1492 -0.6386 -0.7550
vn -0.1595 -0.6364 -0.7547
vn -0.1539 -0.6355 -0.7566
vn -0.3537 0.8891 -0.2905
vn -0.8202 0.5644 0.0939
vn 0.0062 -0.9604 0.2784
vn 0.0097 -0.9585 0.2848
vn 0.0021 -0.9587 0.2845
vn -0.0810 0.4087 -0.9091
vn -0.8973 0.3161 0.3082
vn -0.8942 0.3210 0.3122
vn -0.9006 0.3116 0.3029
vn 0.6498 -0.6143 -0.4477
vn -0.4925 0.5423 0.6807
vn -0.7828 0.4477 0.4321
vn -0.7818 0.4451 0.4366
vn -0.7823 0.4472 0.4337
vn 0.6981 -0.6878 -0.1989
vn 0.4794 -0.4786 -0.7356
vn 0.4795 -0.4787 -0.7354
vn 0.8715 -0.4759 0.1185
vn -0.5698 0.6550 0.4962
vn -0.8755 0.4716 -0.1055
vn -0.8743 0.4736 -0.1060
vn -0.8767 0.4693 -0.1054
vn -0.3149 0.1987 0.9281
vn -0.3120 0.2006 0.9287
vn -0.3140 0.2022 0.9277
vn 0.4048 -0.2982 -0.8644
vn -0.3140 -0.6964 0.6453
vn -0.3407 -0.3387 0.8771
vn -0.3430 -0.3352 0.8775
vn -0.3419 -0.3379 0.8769
vn -0.8215 0.5679 -0.0525
vn -0.3926 0.9123 0.1165
vn -0.3927 0.9120 0.1188
vn -0.3906 0.9133 0.1153
vn 0.0546 -0.9009 -0.4306
vn 0.0490 -0.8982 -0.4368
vn 0.0511 -0.9043 -0.4238
vn -0.2457 0.8181 0.5200
vn -0.2418 0.8224 0.5150
vn -0.2454 0.8217 0.5144
vn -0.8850 0.3339 0.3245
vn -0.8863 0.3300 0.3250
vn -0.8808 0.3378 0.3316
vn -0.3826 0.8802 -0.2810
vn -0.3794 0.8823 -0.2786
vn -0.3803 0.8812 -0.2808
vn -0.5950 0.6707 0.4428
vn -0.8587 0.5120 0.0227
vn -0.0456 0.9264 0.3737
vn -0.0416 0.9226 0.3834
vn -0.0403 0.9251 0.3775
vn -0.7967 0.4049 0.4487
vn -0.7972 0.4037 0.4489
vn -0.7956 0.4123 0.4439
vn -0.1753 -0.8940 0.4124
vn -0.8969 0.1103 0.4284
vn 0.4446 -0.3020 -0.8433
vn -0.5802 0.2497 -0.7753
vn -0.5800 0.2497 -0.7754
vn -0.5801 0.2497 -0.7754
vn -0.8633 0.4705 -0.1827
vn -0.8617 0.4724 -0.1851
vn -0.8594 0.4778 -0.1819
vn -0.6857 0.7135 0.1439
vn -0.6854 0.7147 0.1397
vn -0.6871 0.7132 0.1387
vn 0.2228 -0.6356 -0.7392
vn 0.3705 -0.8973 -0.2400
vn -0.2718 -0.4426 -0.8546
vn -0.2722 -0.4495 -0.8508
vn -0.2676 -0.4482 -0.8529
vn 0.3157 -0.9221 0.2237
vn 0.3156 -0.9222 0.2234
vn -0.8681 0.4948 -0.0383
vn -0.8876 0.1804 -0.4239
vn -0.8868 0.1837 -0.4240
vn -0.8834 0.1872 -0.4297
vn -0.8674 0.2647 -0.4215
vn -0.8697 0.2569 -0.4213
vn -0.8694 0.2604 -0.4200
vn -0.2524 0.6399 -0.7259
vn -0.8285 0.2068 0.5204
vn -0.8290 0.2010 0.5218
vn -0.8292 0.2044 0.5202
vn -0.8278 0.5473 0.1233
vn -0.8251 0.5513 0.1236
vn -0.8440 0.5290 0.0886
vn -0.8261 0.4688 0.3127
vn -0.8846 0.4609 0.0711
vn -0.8829 0.4645 0.0682
vn -0.8849 0.4608 0.0673
vn -0.7625 0.6424 0.0767
vn -0.7652 0.6384 0.0834
vn -0.7633 0.6410 0.0804
vn -0.3657 0.9306 -0.0170
vn -0.4577 -0.3188 -0.8300
vn -0.4524 -0.3220 -0.8317
vn -0.4557 -0.3224 -0.8297
vn -0.7061 0.1942 -0.6810
vn -0.6757 0.6619 0.3246
vn -0.2789 0.8773 -0.3907
vn 0.1087 -0.9685 -0.2239
vn 0.1124 -0.9657 -0.2342
vn 0.1138 -0.9670 -0.2278
vn -0.8390 0.2827 0.4649
vn -0.8389 0.2826 0.4651
vn -0.8449 0.2774 0.4574
vn 0.1888 -0.9575 0.2180
vn 0.0893 -0.9400 0.3294
vn 0.1084 -0.9620 0.2507
vn -0.8159 0.5739 -0.0699
vn -0.8155 0.5746 -0.0697
vn -0.1711 -0.6382 -0.7506
vn -0.1679 -0.6343 -0.7546
vn -0.1678 -0.6381 -0.7514
vn -0.9004 0.4287 0.0742
vn -0.6513 -0.2093 0.7294
vn -0.6515 -0.2091 0.7293
vn -0.6514 -0.2092 0.7293
vn -0.5608 -0.1734 0.8096
vn -0.5199 0.3669 0.7714
vn -0.1369 -0.8267 0.5457
vn -0.1590 -0.7585 0.6320
vn -0.9671 0.1132 0.2279
vn -0.9683 0.1171 0.2208
vn -0.9681 0.1130 0.2237
vn -0.6266 -0.1593 -0.7628
vn -0.6248 -0.1578 -0.7647
vn -0.6271 -0.1622 -0.7619
vn -0.6818 0.4335 -0.5892
vn -0.6819 0.4340 -0.5888
vn -0.6815 0.4340 -0.5892
vn -0.8288 0.5400 0.1463
vn -0.3891 0.4673 -0.7939
vn -0.3899 0.4632 -0.7959
vn -0.3933 0.4605 -0.7958
vn -0.6400 0.6522 0.4063
vn -0.6431 0.6510 0.4033
vn -0.6463 0.6482 0.4026
vn -0.6480 0.5997 -0.4695
vn -0.6445 0.6044 -0.4683
vn -0.6416 0.6035 -0.4734
vn -0.7385 0.5722 0.3567
vn -0.7389 0.5695 0.3602
vn -0.7403 0.5692 0.3578
vn -0.8483 0.5245 0.0736
vn -0.8540 0.5139 0.0808
vn -0.8489 0.5233 0.0742
vn -0.7300 0.5176 -0.4463
vn -0.5003 -0.2740 -0.8214
vn -0.4922 -0.2730 -0.8266
vn -0.4951 -0.2774 -0.8234
vn -0.1695 -0.6963 -0.6975
vn -0.1670 -0.6926 -0.7018
vn -0.1726 -0.6937 -0.6993
vn -0.9712 -0.0903 0.2206
vn 0.0290 -0.9509 -0.3082
vn -0.1525 -0.9004 -0.4075
vn -0.1473 -0.9002 -0.4099
vn -0.1510 -0.9035 -0.4010
vn 0.0025 -0.9826 -0.1855
vn -0.0031 -0.9804 -0.1968
vn 0.0066 -0.9807 -0.1953
vn 0.0008 -0.9994 0.0358
vn -0.0122 -0.9991 0.0417
vn -0.0073 -0.9993 0.0354
vn -0.8958 -0.4380 -0.0755
vn -0.9016 0.4150 -0.1219
vn -0.8968 0.4263 -0.1181
vn -0.8979 0.4214 -0.1270
vn -0.8235 0.2118 0.5263
vn -0.8235 0.2140 0.5255
vn -0.8242 0.2155 0.5236
vn -0.8382 0.3034 0.4531
vn -0.8391 0.3136 0.4444
vn -0.8424 0.3076 0.4423
vn -0.6453 -0.3113 -0.6977
vn -0.9295 0.3668 -0.0376
vn -0.9267 0.3743 -0.0335
vn -0.9289 0.3678 -0.0423
vn -0.7866 0.6104 0.0935
vn -0.7858 0.6119 0.0899
vn -0.7883 0.6079 0.0956
vn -0.7261 0.1360 -0.6741
vn -0.1111 -0.9907 0.0791
vn -0.1029 -0.9917 0.0770
vn -0.1102 -0.9902 0.0858
vn -0.7958 -0.2103 -0.5679
vn -0.7834 0.5718 0.2435
vn -0.7840 0.5714 0.2424
vn -0.7833 0.5725 0.2424
vn -0.9494 0.1255 0.2878
vn -0.7267 0.1105 -0.6780
vn -0.9551 0.2887 0.0665
vn -0.7175 -0.6370 -0.2820
vn -0.7175 -0.6426 -0.2689
vn -0.7177 -0.6396 -0.2754
vn -0.0468 -0.8382 -0.5434
vn -0.0537 -0.8405 -0.5392
vn -0.0512 -0.8386 -0.5424
vn -0.1591 -0.7788 -0.6068
vn -0.1576 -0.7784 -0.6076
vn -0.1579 -0.7757 -0.6111
vn -0.3891 -0.5841 0.7123
vn -0.3855 -0.5855 0.7132
vn -0.3849 -0.5816 0.7166
vn -0.9274 0.3500 -0.1321
vn -0.9290 0.3480 -0.1263
vn -0.9279 0.3523 -0.1223
vn -0.8213 0.5469 -0.1625
vn -0.8205 0.5497 -0.1567
vn -0.8196 0.5503 -0.1596
vn -0.6437 0.1263 0.7547
vn -0.6438 0.1262 0.7547
vn -0.6437 0.1265 0.7547
vn -0.8614 -0.4264 -0.2762
vn -0.2900 -0.6588 -0.6942
vn -0.7846 0.5060 -0.3583
vn -0.9751 0.2154 -0.0520
vn -0.9769 0.2095 -0.0426
vn -0.9755 0.2148 -0.0473
vn -0.9408 -0.2923 -0.1718
vn -0.9868 0.1565 0.0406
vn -0.9862 0.1610 0.0382
vn -0.9863 0.1625 0.0294
vn -0.5634 -0.2231 0.7955
vn -0.5673 -0.2244 0.7923
vn -0.5690 -0.2293 0.7897
vn -0.8783 0.1781 0.4436
vn -0.8769 0.1750 0.4477
vn -0.8774 0.1771 0.4459
vn -0.8919 0.4397 -0.1060
vn -0.8914 0.4409 -0.1047
vn -0.8919 0.4400 -0.1043
vn -0.6068 0.4812 0.6326
vn -0.6069 0.4812 0.6326
vn -0.4218 -0.6880 -0.5905
vn -0.4807 -0.8747 0.0624
vn -0.4846 -0.8720 0.0682
vn -0.4826 -0.8734 0.0652
vn -0.7155 -0.6330 0.2956
vn -0.7182 -0.6306 0.2941
vn -0.7166 -0.6334 0.2922
vn 0.2597 -0.8858 -0.3846
vn 0.2594 -0.8858 -0.3848
vn 0.2595 -0.8858 -0.3847
vn -0.1112 -0.9765 -0.1846
vn -0.1133 -0.9745 -0.1937
vn -0.1055 -0.9762 -0.1897
vn -0.2804 -0.9554 -0.0932
vn -0.1950 -0.8970 0.3968
vn -0.1868 -0.8968 0.4010
vn -0.1925 -0.8979 0.3958
vn -0.3401 0.3349 0.8787
vn -0.9253 0.3657 -0.1007
vn -0.9227 0.3722 -0.1007
vn -0.9229 0.3717 -0.1006
vn -0.7734 0.2365 0.5882
vn -0.8784 0.4278 0.2130
vn -0.8788 0.4261 0.2147
vn -0.0466 -0.9359 -0.3492
vn -0.0506 -0.9356 -0.3495
vn -0.0501 -0.9355 -0.3497
vn -0.9468 0.2862 -0.1471
vn -0.9518 0.2224 0.2112
vn -0.9511 0.2246 0.2121
vn -0.9515 0.2205 0.2145
vn -0.8454 0.4286 0.3189
vn -0.8019 -0.3603 0.4765
vn -0.5225 0.8081 0.2720
vn -0.7575 0.1984 0.6220
vn -0.7604 0.1995 0.6180
vn -0.9591 -0.1760 -0.2217
vn -0.4944 -0.1860 -0.8491
vn -0.8949 -0.2948 -0.3350
vn -0.9564 0.2865 0.0567
vn -0.9044 -0.0559 0.4230
vn -0.9035 -0.0565 0.4249
vn -0.9025 -0.0560 0.4270
vn -0.2253 -0.7318 -0.6432
vn -0.2234 -0.7310 -0.6448
vn -0.2221 -0.7325 -0.6435
vn 0.2652 -0.9632 -0.0429
vn -0.1802 -0.7596 -0.6250
vn -0.9668 0.2404 0.0871
vn -0.9652 0.2441 0.0936
vn -0.9668 0.2398 0.0888
vn -0.8845 0.0818 0.4592
vn -0.8864 0.0804 0.4560
vn -0.8854 0.0872 0.4565
vn -0.0569 -0.9814 -0.1835
vn -0.0568 -0.9816 -0.1825
vn -0.0573 -0.9817 -0.1815
vn 0.0228 -0.9950 0.0976
vn 0.0266 -0.9955 0.0912
vn 0.0218 -0.9952 0.0949
vn -0.9470 0.3190 0.0385
vn -0.9459 0.3225 0.0364
vn -0.9388 0.3130 -0.1440
vn -0.9373 0.3188 -0.1410
vn -0.9379 0.3157 -0.1435
vn -0.7927 0.6089 0.0311
vn -0.9696 -0.2228 0.1013
vn -0.9694 -0.2237 0.1011
vn -0.8579 0.2473 0.4505
vn -0.8559 0.4216 0.2994
vn -0.8513 0.4254 0.3070
vn -0.8534 0.4250 0.3020
vn -0.1153 -0.8862 -0.4488
vn -0.1158 -0.8858 -0.4494
vn -0.1146 -0.8865 -0.4484
vn 0.0540 -0.9983 -0.0229
vn 0.0631 -0.9978 -0.0181
vn 0.0652 -0.9977 -0.0156
vn -0.3949 -0.5493 -0.7365
vn -0.3995 -0.5382 -0.7422
vn -0.3971 -0.5440 -0.7392
vn -0.1261 -0.9486 0.2904
vn -0.9549 0.1392 0.2622
vn 0.0936 -0.9756 -0.1988
vn -0.6365 -0.3787 0.6719
vn -0.5459 0.8343 0.0769
vn -0.1793 -0.9136 -0.3649
vn -0.1746 -0.9146 -0.3648
vn -0.1731 -0.9167 -0.3601
vn -0.5353 0.7520 0.3847
vn -0.5371 0.7521 0.3820
vn -0.5367 0.7516 0.3836
vn -0.9501 0.2768 0.1439
vn -0.9484 0.2838 0.1418
vn -0.9504 0.2753 0.1449
vn -0.8782 0.4323 -0.2044
vn -0.3270 -0.6193 -0.7138
vn -0.3252 -0.6206 -0.7136
vn -0.3264 -0.6214 -0.7123
vn 0.0710 -0.2912 -0.9540
vn -0.2321 0.0227 -0.9724
vn -0.9601 0.2695 0.0748
vn -0.9600 0.2705 0.0730
vn -0.9579 0.2777 0.0731
vn -0.9631 0.2562 0.0828
vn -0.9628 0.2592 0.0761
vn -0.9643 0.2539 0.0749
vn -0.9179 0.3508 -0.1855
vn -0.9165 0.3582 -0.1780
vn -0.9160 0.3554 -0.1861
vn 0.2312 -0.8399 -0.4910
vn -0.9423 0.3343 0.0173
vn -0.9415 0.3366 0.0137
vn -0.9431 0.3321 0.0126
vn -0.9106 0.3594 0.2042
vn -0.9115 0.3587 0.2014
vn -0.9104 0.3634 0.1976
vn -0.6051 -0.4114 -0.6816
vn -0.6023 -0.4145 -0.6823
vn -0.5989 -0.4177 -0.6833
vn -0.3308 -0.8539 0.4018
vn -0.3284 -0.8542 0.4031
vn -0.3334 -0.8528 0.4019
vn -0.8759 0.4544 -0.1622
vn -0.8728 0.4586 -0.1668
vn -0.8752 0.4538 -0.1676
vn -0.9146 0.4033 0.0301
vn -0.9142 0.4040 0.0313
vn -0.9142 0.4040 0.0304
vn -0.1164 -0.8825 -0.4557
vn -0.1149 -0.8862 -0.4489
vn -0.1245 -0.8838 -0.4510
vn -0.2324 -0.7781 -0.5835
vn -0.2304 -0.7808 -0.5807
vn -0.2342 -0.7752 -0.5867
vn -0.6655 -0.3333 0.6678
vn -0.6715 -0.3280 0.6644
vn -0.6698 -0.3340 0.6632
vn -0.8583 0.0349 0.5120
vn -0.2007 0.9662 0.1618
vn -0.2018 -0.9568 0.2092
vn -0.1950 -0.9582 0.2093
vn -0.1984 -0.9572 0.2107
vn 0.0778 0.9943 -0.0733
vn -0.6351 0.6315 0.4448
vn -0.7443 -0.0322 -0.6671
vn -0.8320 0.2716 -0.4838
vn -0.9157 0.3720 -0.1519
vn -0.8632 0.4622 0.2029
vn -0.8638 0.4605 0.2044
vn -0.0855 0.6372 0.7660
vn -0.0860 0.6401 0.7634
vn -0.0855 0.6342 0.7684
vn -0.9006 0.4243 0.0947
vn -0.9002 0.4249 0.0953
vn -0.8999 0.4253 0.0960
vn -0.6587 0.0865 -0.7474
vn -0.6577 0.0855 -0.7484
vn -0.6586 0.0841 -0.7478
vn -0.1577 -0.9791 0.1286
vn -0.1588 -0.9791 0.1272
vn -0.1578 -0.9792 0.1276
vn -0.4083 -0.8452 -0.3448
vn -0.4117 -0.8456 -0.3398
vn -0.4169 -0.8432 -0.3394
vn -0.3432 0.7660 -0.5436
vn -0.5830 -0.3374 -0.7391
vn -0.3655 -0.7634 -0.5326
vn -0.6487 -0.7425 -0.1669
vn -0.6446 -0.7455 -0.1695
vn -0.6480 -0.7419 -0.1723
vn -0.8981 0.1007 0.4281
vn -0.8995 0.3080 0.3098
vn -0.8976 0.3101 0.3131
vn -0.8990 0.3051 0.3143
vn -0.9097 0.4151 -0.0104
vn -0.9123 0.4094 0.0021
vn -0.9077 0.4196 -0.0097
vn -0.9092 0.3896 -0.1468
vn -0.7997 -0.1519 0.5809
vn -0.4674 -0.0094 0.8840
vn -0.4455 0.0064 0.8953
vn -0.4690 0.0169 0.8830
vn -0.9201 -0.2731 0.2809
vn -0.5130 -0.6247 -0.5887
vn -0.5103 -0.6247 -0.5911
vn -0.5122 -0.6271 -0.5868
vn -0.6389 -0.5223 0.5649
vn -0.6386 -0.5296 0.5583
vn -0.6381 -0.5254 0.5628
vn -0.9872 -0.1591 0.0113
vn -0.9872 -0.1590 0.0113
vn -0.9726 -0.0381 0.2295
vn -0.1081 0.4327 -0.8950
vn -0.2118 -0.5702 -0.7938
vn -0.8564 0.4095 -0.3144
vn -0.9476 -0.1187 0.2966
vn -0.9480 -0.1157 0.2966
vn -0.9481 -0.1156 0.2963
vn -0.7769 -0.2223 0.5891
vn -0.7739 -0.2188 0.5944
vn -0.7810 -0.2178 0.5854
vn -0.7922 0.4427 -0.4200
vn -0.9926 0.0222 0.1196
vn -0.9927 0.0200 0.1191
vn -0.9926 0.0182 0.1199
vn -0.7941 0.0830 -0.6020
vn -0.7934 0.0848 -0.6028
vn -0.6604 0.4032 0.6335
vn -0.7448 -0.2570 -0.6158
vn -0.8938 0.2465 0.3746
vn 0.6973 0.6554 -0.2904
vn -0.9351 -0.0212 0.3537
vn -0.9340 -0.0142 0.3570
vn -0.9369 -0.0118 0.3495
vn -0.9384 -0.0247 0.3448
vn -0.9359 -0.0267 0.3512
vn -0.9353 -0.0221 0.3532
vn -0.3031 -0.9336 -0.1914
vn 0.0329 -0.5337 -0.8450
vn -0.0905 -0.4459 -0.8905
vn -0.0970 -0.4359 -0.8948
vn -0.0944 -0.4419 -0.8921
vn -0.9292 0.2713 -0.2508
vn -0.8905 0.4420 -0.1076
vn -0.8912 0.4394 -0.1127
vn -0.8900 0.4407 -0.1171
vn -0.9434 0.2483 0.2199
vn -0.9207 0.3889 -0.0324
vn -0.9208 0.3887 -0.0328
vn -0.9215 0.3874 -0.0286
vn -0.2506 -0.9642 -0.0868
vn -0.2568 -0.9624 -0.0882
vn -0.2576 -0.9624 -0.0866
vn -0.5620 -0.1640 -0.8107
vn -0.5664 -0.1645 -0.8075
vn -0.5707 -0.1613 -0.8052
vn -0.9117 0.1019 -0.3979
vn -0.7290 0.6606 0.1792
vn -0.7294 0.6604 0.1785
vn -0.7299 0.6599 0.1780
vn -0.9656 0.0345 -0.2576
vn -0.9835 0.1730 0.0524
vn -0.9848 0.1647 0.0554
vn -0.9834 0.1743 0.0508
vn -0.9710 0.2076 0.1183
vn -0.9714 0.2074 0.1160
vn -0.9706 0.2083 0.1205
vn -0.8288 0.5162 -0.2160
vn -0.8250 0.5204 -0.2205
vn -0.8331 0.5100 -0.2142
vn -0.9355 0.3168 -0.1563
vn -0.9349 0.3182 -0.1570
vn -0.9357 0.3149 -0.1589
vn -0.9508 0.2547 0.1764
vn -0.9520 0.2518 0.1740
vn -0.9515 0.2547 0.1727
vn -0.3928 -0.1950 -0.8987
vn -0.1720 -0.9396 0.2958
vn -0.1721 -0.9396 0.2959
vn -0.4952 -0.4412 0.7484
vn -0.5064 -0.4424 0.7402
vn -0.5005 -0.4426 0.7440
vn -0.9181 0.1146 0.3795
vn -0.9944 0.0869 -0.0600
vn -0.9943 0.0880 -0.0596
vn -0.9944 0.0864 -0.0610
vn -0.7882 0.6153 -0.0123
vn -0.7908 0.6119 -0.0162
vn -0.7884 0.6151 -0.0063
vn -0.8621 -0.3426 -0.3734
vn -0.6213 -0.7828 0.0358
vn -0.6189 -0.7843 0.0425
vn -0.6205 -0.7832 0.0392
vn -0.3492 -0.6779 -0.6469
vn -0.3564 -0.6738 -0.6473
vn -0.3529 -0.6739 -0.6491
vn -0.7447 -0.0386 -0.6663
vn -0.7453 -0.0370 -0.6657
vn -0.7451 -0.0352 -0.6661
vn 0.1418 -0.7823 -0.6065
vn 0.1418 -0.7822 -0.6066
vn 0.1418 -0.7823 -0.6066
vn -0.4184 -0.7651 -0.4895
vn -0.4157 -0.7638 -0.4938
vn -0.4116 -0.7655 -0.4945
vn -0.5060 -0.8061 0.3068
vn -0.5016 -0.8075 0.3104
vn -0.5092 -0.8031 0.3095
vn -0.9502 0.3116 -0.0011
vn -0.9514 0.3079 -0.0019
vn -0.9523 0.3051 0.0064
vn -0.7387 -0.0108 0.6739
vn -0.7378 -0.0131 0.6749
vn -0.7361 -0.0139 0.6768
vn -0.2565 -0.9490 -0.1831
vn -0.4701 -0.3505 -0.8101
vn -0.4695 -0.3508 -0.8103
vn -0.6171 0.7019 -0.3556
vn -0.9439 0.2897 -0.1588
vn -0.9425 0.2935 -0.1600
vn -0.9440 0.2888 -0.1595
vn -0.9926 0.0278 0.1184
vn -0.9926 0.0270 0.1183
vn -0.9926 0.0264 0.1184
vn -0.7722 0.5680 0.2849
vn -0.3943 -0.8956 -0.2057
vn -0.8382 0.5427 -0.0543
vn -0.8347 0.5478 -0.0562
vn -0.8395 0.5398 -0.0617
vn -0.9728 -0.1516 0.1751
vn -0.9746 -0.1410 0.1740
vn -0.9728 -0.1519 0.1748
vn -0.9797 0.1834 -0.0805
vn -0.9803 0.1796 -0.0825
vn -0.9796 0.1806 -0.0876
vn -0.4495 -0.7959 -0.4056
vn -0.4489 -0.7979 -0.4023
vn -0.4485 -0.8002 -0.3982
vn -0.3859 -0.9225 0.0004
vn -0.3854 -0.9227 0.0070
vn -0.3935 -0.9193 0.0022
vn -0.9756 -0.1517 -0.1587
vn -0.9763 -0.1463 -0.1598
vn -0.9749 -0.1504 -0.1642
vn -0.9959 0.0888 -0.0172
vn -0.9958 0.0909 -0.0141
vn -0.9954 0.0951 -0.0148
vn -0.9203 -0.2675 0.2855
vn -0.9210 -0.2664 0.2843
vn -0.9208 -0.2680 0.2834
vn -0.9355 0.0185 0.3530
vn -0.9365 0.0246 0.3497
vn -0.9376 0.0211 0.3471
vn -0.0275 0.8752 0.4829
vn -0.4035 -0.6754 -0.6172
vn -0.3989 -0.6827 -0.6122
vn -0.4097 -0.6797 -0.6084
vn -0.9792 -0.0431 0.1982
vn -0.9780 -0.0447 0.2039
vn -0.9787 -0.0396 0.2014
vn -0.9384 -0.1130 0.3266
vn -0.9393 -0.1097 0.3249
vn -0.9395 -0.1146 0.3229
vn -0.5949 -0.6867 0.4178
vn -0.5897 -0.6854 0.4272
vn -0.5978 -0.6799 0.4246
vn -0.8777 -0.2700 -0.3960
vn -0.8770 -0.2711 -0.3966
vn -0.8773 -0.2718 -0.3956
vn -0.8406 -0.2092 0.4996
vn -0.9718 0.0959 -0.2154
vn -0.9722 0.0999 -0.2120
vn -0.9724 0.0947 -0.2131
vn -0.9716 -0.2357 -0.0209
vn -0.9417 -0.0621 0.3307
vn -0.9392 -0.0640 0.3372
vn -0.9398 -0.0616 0.3362
vn -0.9736 0.0210 0.2272
vn -0.6539 -0.5639 0.5045
vn -0.6571 -0.5605 0.5040
vn -0.6506 -0.5672 0.5050
vn -0.9873 0.1422 -0.0702
vn -0.9873 0.1418 -0.0714
vn -0.9875 0.1409 -0.0705
vn -0.4810 -0.7631 -0.4316
vn -0.4778 -0.7667 -0.4287
vn -0.4809 -0.7665 -0.4258
vn -0.9619 0.1865 0.1997
vn -0.4110 0.8209 -0.3965
vn -0.4131 0.8214 -0.3932
vn -0.4780 0.6619 0.5774
vn -0.4829 0.6562 0.5799
vn -0.4231 -0.8531 -0.3054
vn -0.4224 -0.8525 -0.3080
vn -0.4255 -0.8512 -0.3072
vn -0.4248 -0.8555 -0.2961
vn -0.4262 -0.8544 -0.2971
vn -0.4248 -0.8545 -0.2989
vn -0.9737 -0.2219 0.0523
vn -0.9719 -0.2295 0.0529
vn -0.9722 -0.2271 0.0565
vn -0.6245 -0.3804 -0.6821
vn -0.6220 -0.3816 -0.6837
vn -0.6871 -0.2360 -0.6871
vn -0.6876 -0.2424 -0.6845
vn -0.6853 -0.2428 -0.6866
vn -0.5823 -0.7208 0.3761
vn -0.5898 -0.7122 0.3807
vn -0.5815 -0.7184 0.3817
vn -0.9793 -0.0201 -0.2015
vn -0.9791 -0.0091 -0.2031
vn -0.9778 -0.0152 -0.2091
vn -0.8194 -0.1785 -0.5448
vn -0.8193 -0.1779 -0.5451
vn -0.8189 -0.1789 -0.5453
vn -0.9409 -0.3338 0.0575
vn -0.9467 0.2162 -0.2387
vn -0.9105 -0.2869 -0.2976
vn -0.9085 -0.2868 -0.3038
vn -0.9130 -0.2854 -0.2916
vn -0.9832 0.1132 0.1435
vn -0.9822 0.1213 0.1434
vn -0.9825 0.1261 0.1367
vn -0.4777 -0.7951 -0.3736
vn -0.4777 -0.7960 -0.3717
vn -0.4731 -0.7998 -0.3695
vn -0.4930 -0.8003 -0.3414
vn -0.4940 -0.7991 -0.3426
vn -0.4929 -0.7998 -0.3426
vn -0.7275 0.6771 -0.1107
vn -0.9762 -0.1530 -0.1536
vn -0.9767 -0.1556 -0.1477
vn -0.9781 -0.1503 -0.1439
vn -0.9493 0.1034 0.2968
vn -0.9493 0.1034 0.2969
vn -0.1200 -0.1890 0.9746
vn -0.5371 -0.8316 0.1413
vn -0.5334 -0.8341 0.1408
vn -0.5305 -0.8358 0.1416
vn -0.3042 -0.9271 -0.2190
vn -0.3151 -0.9235 -0.2187
vn -0.3093 -0.9246 -0.2222
vn -0.9973 0.0413 -0.0605
vn -0.9971 0.0418 -0.0639
vn -0.9974 0.0353 -0.0633
vn -0.4022 0.0652 -0.9132
vn -0.3992 0.0664 -0.9145
vn -0.9200 0.3760 0.1102
vn -0.9177 0.3808 0.1130
vn -0.9213 0.3746 0.1042
vn -0.4721 -0.7759 -0.4185
vn -0.6307 0.1668 0.7579
vn -0.8795 0.2564 0.4009
vn 0.1178 -0.4409 -0.8898
vn 0.1098 -0.4960 -0.8613
vn 0.0845 -0.5506 -0.8305
vn -0.4986 -0.8489 -0.1752
vn -0.4999 -0.8483 -0.1746
vn -0.4982 -0.8491 -0.1756
vn -0.7066 0.0120 -0.7075
vn -0.8013 -0.2356 -0.5499
vn -0.7958 -0.2339 -0.5586
vn -0.7983 -0.2354 -0.5544
vn -0.9816 0.0910 -0.1676
vn -0.9824 0.0928 -0.1620
vn -0.9815 0.0924 -0.1677
vn -0.9846 -0.1262 0.1213
vn 0.1881 -0.9321 -0.3094
vn -0.9894 -0.1384 0.0436
vn -0.9885 -0.1472 0.0350
vn -0.9887 -0.1440 0.0408
vn -0.9816 -0.1906 0.0066
vn -0.8454 -0.3743 0.3810
vn -0.8478 -0.3777 0.3723
vn -0.8516 -0.3729 0.3685
vn -0.9510 -0.2093 -0.2274
vn -0.9487 -0.2638 -0.1741
vn -0.9461 -0.2713 -0.1770
vn -0.9476 -0.2656 -0.1776
vn -0.9461 -0.1795 0.2696
vn -0.9455 -0.1817 0.2703
vn -0.9457 -0.1786 0.2716
vn -0.9511 0.2549 -0.1746
vn -0.9502 0.2583 -0.1742
vn -0.9506 0.2589 -0.1710
vn -0.9690 0.2354 -0.0747
vn -0.9692 0.2352 -0.0737
vn -0.9689 0.2361 -0.0738
vn -0.8014 -0.3645 0.4742
vn -0.8010 -0.3660 0.4738
vn -0.8021 -0.3653 0.4724
vn 0.1745 -0.9302 -0.3229
vn -0.2292 -0.3833 -0.8947
vn -0.9555 -0.2852 -0.0748
vn -0.9585 -0.2761 -0.0705
vn -0.9572 -0.2787 -0.0775
vn -0.9784 0.1735 0.1128
vn -0.5589 0.7638 0.3228
vn -0.5081 0.5873 0.6300
vn -0.9800 0.1908 -0.0564
vn -0.9806 0.1903 -0.0474
vn -0.9802 0.1911 -0.0517
vn -0.9768 0.2001 0.0767
vn -0.9767 0.2049 0.0632
vn -0.9750 0.2104 0.0710
vn -0.5801 -0.8019 -0.1426
vn -0.5784 -0.8041 -0.1373
vn -0.5801 -0.8032 -0.1353
vn -0.5234 -0.8423 0.1288
vn -0.5255 -0.8399 0.1356
vn -0.5327 -0.8364 0.1291
vn -0.5351 -0.5121 -0.6719
vn -0.5351 -0.5091 -0.6742
vn -0.9690 -0.2449 -0.0331
vn -0.9710 -0.2371 -0.0305
vn -0.9692 -0.2439 -0.0337
vn -0.9557 -0.2547 0.1478
vn -0.9547 -0.2589 0.1467
vn -0.9537 -0.2601 0.1506
vn -0.1134 -0.9921 -0.0542
vn -0.9671 0.2533 -0.0224
vn -0.9701 0.1844 0.1577
vn -0.9685 0.1868 0.1645
vn -0.9685 0.1924 0.1578
vn -0.3462 -0.8914 -0.2926
vn -0.3526 -0.8897 -0.2900
vn -0.3551 -0.8908 -0.2835
vn -0.8215 -0.1619 -0.5468
vn -0.5999 -0.7584 -0.2548
vn -0.5985 -0.7576 -0.2603
vn -0.5960 -0.7594 -0.2611
vn -0.5059 -0.8228 -0.2589
vn -0.4964 -0.8293 -0.2565
vn -0.5030 -0.8247 -0.2588
vn -0.7825 -0.5793 -0.2283
vn -0.7825 -0.5761 -0.2360
vn -0.7790 -0.5811 -0.2356
vn -0.9694 -0.2029 0.1381
vn -0.9719 -0.1899 0.1390
vn -0.9720 -0.1924 0.1349
vn -0.1934 -0.5062 0.8405
vn -0.8248 0.1430 0.5470
vn -0.9845 -0.1748 0.0165
vn -0.9834 0.0050 0.1815
vn -0.9826 0.0031 0.1855
vn -0.9835 0.0046 0.1811
vn -0.7531 -0.5869 -0.2972
vn -0.7451 -0.5968 -0.2978
vn -0.7464 -0.5961 -0.2959
vn -0.0779 -0.8128 0.5774
vn -0.9790 -0.1885 -0.0782
vn -0.9796 -0.1837 -0.0819
vn -0.9778 -0.1921 -0.0831
vn -0.4204 -0.6490 -0.6341
vn -0.4219 -0.6506 -0.6314
vn -0.9742 -0.2254 -0.0119
vn -0.8472 -0.5246 0.0841
vn -0.8433 -0.5301 0.0887
vn -0.8438 -0.5304 0.0817
vn -0.9715 0.1473 -0.1857
vn -0.9696 0.1526 -0.1913
vn -0.9701 0.1466 -0.1937
vn -0.9775 -0.0159 0.2102
vn -0.9774 -0.0178 0.2105
vn -0.9781 -0.0201 0.2070
vn -0.5142 -0.8320 -0.2083
vn -0.5155 -0.8303 -0.2117
vn -0.5135 -0.8308 -0.2147
vn -0.4326 0.7732 -0.4637
vn -0.4325 0.7732 -0.4637
vn -0.4329 0.7731 -0.4637
vn -0.5630 -0.8113 -0.1575
vn -0.5561 -0.8155 -0.1604
vn -0.5574 -0.8172 -0.1469
vn -0.4990 -0.7174 -0.4861
vn -0.4953 -0.7185 -0.4882
vn -0.4984 -0.7172 -0.4870
vn -0.3107 -0.9448 0.1041
vn -0.8315 0.5153 -0.2075
vn -0.8087 -0.5168 -0.2811
vn -0.9940 -0.0541 -0.0951
vn -0.9943 -0.0574 -0.0903
vn -0.9948 -0.0568 -0.0847
vn -0.9085 -0.0943 -0.4071
vn -0.9898 0.0722 0.1224
vn -0.9467 0.3214 -0.0187
vn -0.6373 -0.7116 -0.2958
vn -0.6356 -0.7097 -0.3038
vn -0.6313 -0.7138 -0.3034
vn -0.7993 -0.5511 -0.2397
vn -0.7961 -0.5568 -0.2372
vn -0.7952 -0.5562 -0.2414
vn -0.9322 -0.3327 -0.1426
vn -0.9306 -0.3328 -0.1527
vn -0.9306 -0.3320 -0.1542
vn -0.9388 -0.3430 -0.0326
vn -0.9376 -0.3463 -0.0307
vn -0.9390 -0.3431 -0.0255
vn -0.5709 -0.4517 -0.6856
vn -0.5750 -0.4544 -0.6804
vn -0.5733 -0.4456 -0.6876
vn 0.0842 -0.9742 -0.2094
vn 0.0841 -0.9743 -0.2092
vn 0.0841 -0.9742 -0.2095
vn -0.9592 -0.2272 0.1683
vn -0.7515 0.0112 0.6596
vn -0.7504 0.0160 0.6607
vn -0.7514 0.0140 0.6597
vn -0.9982 0.0595 0.0021
vn -0.9991 0.0388 -0.0160
vn -0.9990 0.0449 -0.0022
vn -0.8482 -0.4607 0.2613
vn -0.9443 0.2834 -0.1675
vn -0.9443 0.2839 -0.1664
vn -0.9444 0.2844 -0.1652
vn -0.8656 0.3513 0.3568
vn -0.8841 -0.4466 -0.1373
vn -0.8875 -0.4428 -0.1280
vn -0.8841 -0.4466 -0.1378
vn -0.6625 -0.7004 -0.2654
vn -0.6619 -0.7037 -0.2582
vn -0.6668 -0.7000 -0.2557
vn -0.8757 -0.4812 -0.0407
vn -0.8774 -0.4778 -0.0435
vn -0.8984 -0.4392 0.0006
vn -0.8992 -0.4376 0.0061
vn -0.8308 0.0721 0.5519
vn -0.8307 0.0722 0.5520
vn -0.6370 -0.1799 -0.7496
vn -0.8910 -0.0387 -0.4524
vn -0.4754 -0.4615 0.7490
vn 0.3008 0.9431 -0.1418
vn 0.2908 0.9454 -0.1471
vn 0.2946 0.9451 -0.1413
vn -0.5485 -0.8361 -0.0047
vn -0.5466 -0.8374 -0.0048
vn -0.5481 -0.8364 0.0041
vn -0.9870 -0.0972 -0.1281
vn -0.9586 0.0200 0.2841
vn -0.9585 0.0220 0.2844
vn -0.9582 0.0214 0.2854
vn -0.9391 -0.2953 -0.1755
vn -0.9372 -0.2998 -0.1785
vn -0.9410 -0.2917 -0.1712
vn -0.4770 -0.8788 -0.0139
vn -0.8964 -0.4433 -0.0029
vn -0.8968 -0.4424 0.0024
vn -0.8979 -0.4401 0.0022
vn -0.9681 -0.2493 0.0232
vn -0.9678 -0.2505 0.0228
vn -0.9730 0.0507 -0.2252
vn -0.9721 0.0529 -0.2284
vn -0.9707 0.0484 -0.2355
vn -0.6721 -0.6645 0.3266
vn -0.6741 -0.6619 0.3278
vn -0.6737 -0.6646 0.3232
vn -0.4827 0.8506 -0.2087
vn -0.4834 0.8508 -0.2058
vn -0.4829 0.8508 -0.2072
vn -0.6639 -0.6929 -0.2813
vn -0.6695 -0.6863 -0.2841
vn -0.6676 -0.6890 -0.2822
vn -0.8967 -0.3890 -0.2110
vn -0.8977 -0.3860 -0.2125
vn -0.8990 -0.3848 -0.2091
vn -0.6701 -0.6618 -0.3362
vn -0.6709 -0.6620 -0.3341
vn -0.6662 -0.6656 -0.3363
vn -0.5553 -0.5267 -0.6437
vn -0.5592 -0.5244 -0.6421
vn -0.5531 -0.5245 -0.6472
vn -0.8322 -0.4110 -0.3720
vn -0.9867 -0.1386 -0.0843
vn -0.9867 -0.1377 -0.0864
vn -0.9867 -0.1375 -0.0870
vn -0.9622 -0.0646 0.2646
vn -0.8900 -0.3545 0.2867
vn -0.8900 -0.3545 0.2868
vn -0.7726 -0.6085 -0.1814
vn -0.7633 -0.6158 -0.1953
vn -0.7669 -0.6138 -0.1875
vn -0.8393 -0.5373 0.0831
vn -0.9569 -0.2565 0.1363
vn -0.9573 -0.2511 0.1432
vn -0.9556 -0.2589 0.1408
vn -0.5327 0.8025 -0.2688
vn -0.0789 -0.9326 -0.3521
vn -0.0734 -0.9317 -0.3558
vn -0.0724 -0.9324 -0.3541
vn 0.0347 -0.9609 -0.2745
vn -0.9308 -0.2923 -0.2194
vn -0.9301 -0.2928 -0.2218
vn -0.9307 -0.2945 -0.2172
vn -0.3845 -0.1009 -0.9176
vn -0.3828 -0.1073 -0.9176
vn -0.3904 -0.0990 -0.9153
vn -0.9353 -0.1987 -0.2928
vn -0.9345 -0.1982 -0.2955
vn -0.9358 -0.1951 -0.2936
vn -0.9854 0.0544 -0.1611
vn -0.9854 0.0619 -0.1587
vn -0.9855 0.0581 -0.1597
vn -0.8909 -0.3871 0.2374
vn -0.8887 -0.3880 0.2444
vn -0.8889 -0.3835 0.2505
vn -0.9952 -0.0946 0.0256
vn -0.9955 -0.0899 0.0299
vn -0.9949 -0.0986 0.0208
vn -0.1247 -0.6758 -0.7265
vn -0.0835 -0.8996 0.4286
vn -0.7302 -0.6302 -0.2638
vn -0.7291 -0.6316 -0.2636
vn -0.7306 -0.6325 -0.2574
vn -0.8914 -0.4524 -0.0281
vn -0.8886 -0.4574 -0.0353
vn -0.8873 -0.4604 -0.0266
vn -0.8438 -0.4060 -0.3509
vn -0.8426 -0.4076 -0.3518
vn -0.8433 -0.4075 -0.3503
vn -0.9633 -0.2129 -0.1634
vn -0.9623 -0.2124 -0.1701
vn -0.9635 -0.2093 -0.1670
vn -0.9917 -0.0747 -0.1042
vn -0.9918 -0.0772 -0.1023
vn -0.9912 -0.0758 -0.1086
vn -0.7504 -0.6098 -0.2548
vn -0.7531 -0.6051 -0.2584
vn -0.8557 -0.3770 -0.3544
vn -0.8571 -0.3692 -0.3592
vn -0.8542 -0.3756 -0.3596
vn -0.1276 -0.9279 -0.3503
vn -0.5214 -0.8518 0.0510
vn -0.9065 0.2431 -0.3452
vn -0.9524 -0.1712 0.2521
vn -0.9531 -0.1713 0.2496
vn -0.9528 -0.1740 0.2486
vn -0.9052 -0.3695 -0.2101
vn -0.9053 -0.3680 -0.2124
vn -0.9043 -0.3699 -0.2129
vn -0.5702 -0.8114 0.1286
vn -0.5719 -0.8105 0.1269
vn -0.5684 -0.8126 0.1290
vn -0.8982 -0.4380 -0.0368
vn -0.5773 -0.8156 -0.0380
vn -0.5720 -0.8191 -0.0434
vn -0.5717 -0.8196 -0.0367
vn -0.8149 -0.0089 -0.5795
vn -0.9775 0.2032 0.0563
vn -0.8788 -0.4621 -0.1188
vn -0.8755 -0.4671 -0.1236
vn -0.8738 -0.4721 -0.1167
vn -0.9702 -0.0952 -0.2226
vn -0.9704 -0.0912 -0.2235
vn -0.9713 -0.0952 -0.2179
vn -0.0733 -0.4507 0.8897
vn -0.0673 -0.4500 0.8905
vn -0.0655 -0.4448 0.8932
vn -0.8483 -0.4701 0.2438
vn -0.8461 -0.4685 0.2541
vn -0.8472 -0.4692 0.2493
vn -0.8079 0.5350 0.2472
vn -0.7810 -0.1004 -0.6164
vn -0.8900 -0.3681 -0.2692
vn -0.8902 -0.3657 -0.2716
vn -0.8886 -0.3709 -0.2700
vn -0.8988 -0.4374 -0.0291
vn -0.8988 -0.4370 -0.0335
vn -0.8982 -0.4382 -0.0336
vn -0.8910 -0.3846 -0.2412
vn -0.8885 -0.3891 -0.2434
vn -0.8920 -0.3850 -0.2369
vn 0.4142 -0.8943 -0.1695
vn -0.1374 -0.7729 0.6195
vn -0.1376 -0.7747 0.6172
vn -0.1346 -0.7738 0.6189
vn -0.7164 0.1675 -0.6773
vn -0.7188 0.1617 -0.6761
vn -0.8058 0.5356 0.2527
vn -0.9975 -0.0190 -0.0685
vn -0.9972 -0.0125 -0.0740
vn -0.9966 -0.0208 -0.0795
vn -0.7959 -0.1168 -0.5940
vn -0.7949 -0.1137 -0.5959
vn -0.7934 -0.1168 -0.5974
vn -0.4427 -0.8388 -0.3168
vn -0.8385 -0.3910 0.3797
vn -0.8375 -0.3942 0.3784
vn -0.8374 -0.3916 0.3813
vn -0.9414 -0.2897 -0.1727
vn -0.9400 -0.2944 -0.1723
vn -0.9418 -0.2883 -0.1728
vn -0.4400 0.0018 -0.8980
vn -0.9577 -0.2439 -0.1525
vn -0.9579 -0.2462 -0.1477
vn -0.9574 -0.2462 -0.1506
vn -0.8032 0.4578 0.3813
vn -0.9944 -0.0319 -0.1009
vn -0.9950 -0.0364 -0.0930
vn -0.9945 -0.0313 -0.1004
vn -0.8600 -0.4534 0.2340
vn -0.8477 0.3780 0.3723
vn -0.7688 -0.6203 -0.1556
vn -0.7656 -0.6246 -0.1539
vn -0.7611 -0.6293 -0.1571
vn -0.7303 -0.6232 -0.2798
vn -0.7300 -0.6226 -0.2820
vn -0.7319 -0.6209 -0.2805
vn -0.7641 -0.6271 -0.1510
vn -0.7659 -0.6250 -0.1507
vn -0.7631 -0.6279 -0.1530
vn -0.7189 -0.6878 -0.1008
vn -0.7163 -0.6907 -0.0995
vn -0.7191 -0.6877 -0.1000
vn -0.8854 -0.4261 -0.1857
vn -0.8857 -0.4306 -0.1737
vn -0.8892 -0.4225 -0.1757
vn -0.9401 -0.2554 -0.2260
vn -0.9378 -0.2563 -0.2342
vn -0.9357 -0.2665 -0.2312
vn -0.5299 -0.7301 -0.4315
vn -0.5319 -0.7279 -0.4328
vn -0.5272 -0.7316 -0.4322
vn -0.3566 -0.7622 -0.5402
vn -0.3666 -0.7628 -0.5326
vn -0.3631 -0.7608 -0.5380
vn -0.8997 -0.3918 -0.1923
vn -0.9015 -0.3866 -0.1945
vn -0.8974 -0.3949 -0.1969
vn -0.8395 -0.2595 0.4774
vn -0.8373 -0.2693 0.4759
vn -0.8370 -0.2646 0.4790
vn -0.1503 -0.9417 -0.3010
vn -0.1502 -0.9416 -0.3015
vn -0.1483 -0.9422 -0.3005
vn -0.6165 -0.7789 0.1151
vn -0.9748 -0.1810 -0.1306
vn -0.9758 -0.1723 -0.1349
vn -0.9746 -0.1764 -0.1383
vn -0.9448 -0.1840 -0.2710
vn -0.9426 -0.1872 -0.2765
vn -0.9428 -0.1910 -0.2731
vn -0.7799 -0.6244 0.0428
vn -0.7776 -0.6270 0.0479
vn -0.7802 -0.6238 0.0471
vn -0.5320 -0.0925 -0.8417
vn -0.9506 -0.0672 -0.3031
vn -0.9484 -0.0674 -0.3097
vn -0.9503 -0.0731 -0.3028
vn -0.8426 -0.4737 0.2564
vn -0.9440 -0.3254 0.0544
vn -0.9401 -0.3367 0.0529
vn -0.9417 -0.3314 0.0577
vn -0.9251 -0.3323 -0.1838
vn -0.9235 -0.3370 -0.1831
vn -0.9250 -0.3340 -0.1810
vn -0.9224 -0.2602 -0.2853
vn -0.9224 -0.2602 -0.2854
vn -0.9225 -0.2602 -0.2853
vn -0.8378 -0.5455 -0.0222
vn -0.8409 -0.5407 -0.0214
vn -0.8352 -0.5493 -0.0268
vn -0.6563 -0.7511 0.0714
vn -0.9399 -0.3153 -0.1312
vn -0.9365 -0.3248 -0.1319
vn -0.9371 -0.3252 -0.1267
vn -0.9231 -0.3815 -0.0486
vn -0.9217 -0.3853 -0.0455
vn -0.9210 -0.3860 -0.0516
vn -0.9882 -0.1466 -0.0442
vn 0.3503 0.8764 0.3303
vn 0.3194 0.3565 0.8780
vn 0.9250 -0.0997 0.3667
vn 0.9251 -0.0999 0.3664
vn 0.9250 -0.0997 0.3665
vn 0.5579 0.0271 0.8295
vn 0.4620 -0.2592 0.8481
vn -0.3254 0.8514 0.4114
vn -0.1306 0.2022 0.9706
vn -0.1239 0.2040 0.9711
vn -0.1307 0.1953 0.9720
vn -0.3627 0.9309 0.0446
vn -0.4492 0.5669 0.6905
vn 0.7344 0.2493 -0.6313
vn 0.5718 0.7697 -0.2840
vn 0.5672 0.7739 -0.2816
vn 0.5675 0.7717 -0.2872
vn 0.2580 0.8468 -0.4652
vn 0.2834 -0.7777 0.5611
vn -0.2620 0.2065 0.9427
vn -0.2588 0.1981 0.9454
vn -0.2578 0.2036 0.9445
vn 0.0705 0.9869 0.1453
vn 0.5741 -0.4137 -0.7066
vn -0.3227 0.0781 0.9433
vn -0.3229 0.0781 0.9432
vn -0.3230 0.0780 0.9432
vn -0.2049 0.5820 -0.7869
vn 0.4100 0.5508 -0.7270
vn 0.3126 0.0706 -0.9473
vn -0.3427 0.7615 -0.5501
vn -0.3592 0.7684 -0.5296
vn -0.3725 0.7522 -0.5436
vn 0.1232 0.6335 -0.7639
vn -0.7223 0.6889 0.0611
vn -0.7249 0.6860 0.0625
vn -0.7247 0.6859 0.0663
vn 0.1973 -0.2012 -0.9595
vn -0.1972 0.9795 -0.0408
vn -0.0171 -0.7808 0.6245
vn -0.0170 -0.7807 0.6247
vn -0.0171 -0.7808 0.6246
vn -0.1200 -0.9570 0.2642
vn 0.3764 0.7260 -0.5755
vn 0.3772 0.7272 -0.5735
vn 0.3758 0.7264 -0.5754
vn 0.1522 0.1850 -0.9709
vn 0.1538 0.1882 -0.9700
vn 0.1568 0.1899 -0.9692
vn 0.6493 -0.1019 -0.7537
vn -0.7276 0.6526 0.2114
vn 0.1449 0.9558 -0.2557
vn -0.7358 -0.3051 0.6046
vn -0.7327 -0.3026 0.6096
vn -0.7363 -0.2974 0.6078
vn 0.2464 0.8258 -0.5073
vn 0.2455 0.8255 -0.5082
vn 0.2455 0.8261 -0.5073
vn 0.1350 0.9613 -0.2401
vn 0.1871 -0.1862 -0.9645
vn 0.1883 -0.1878 -0.9640
vn 0.1868 -0.1892 -0.9640
vn 0.1465 0.9564 -0.2527
vn 0.1451 0.9558 -0.2558
vn 0.1425 0.9555 -0.2584
vn 0.6063 -0.1027 -0.7885
vn -0.2631 0.9366 0.2313
vn -0.9004 -0.3244 0.2901
vn -0.9003 -0.3244 0.2901
vn -0.9003 -0.3239 0.2907
vn 0.5488 0.0694 -0.8331
vn 0.5503 0.0635 -0.8325
vn 0.5556 0.0621 -0.8291
vn -0.3808 0.9011 0.2075
vn -0.0894 -0.1485 -0.9849
vn -0.4320 0.9017 0.0166
vn 0.4093 -0.5494 -0.7285
vn 0.4093 -0.5495 -0.7284
vn 0.4093 -0.5494 -0.7284
vn -0.0193 0.7486 -0.6627
vn -0.0193 0.7485 -0.6628
vn -0.0193 0.7487 -0.6627
vn 0.4790 -0.3359 -0.8110
vn 0.4785 -0.3299 -0.8137
vn 0.4806 -0.3322 -0.8116
vn 0.1082 0.1046 -0.9886
vn -0.1842 0.7447 -0.6414
vn -0.1325 -0.5731 -0.8087
vn -0.6401 0.6699 0.3762
vn 0.1544 -0.7128 -0.6841
vn 0.1520 -0.7079 -0.6898
vn 0.1541 -0.7073 -0.6899
vn -0.2635 -0.2037 -0.9429
vn -0.4256 -0.5697 -0.7031
vn -0.7347 -0.2907 -0.6130
vn -0.2023 -0.9393 -0.2772
vn -0.2012 -0.9393 -0.2778
vn -0.2021 -0.9394 -0.2769
vn 0.0624 -0.8418 -0.5362
vn -0.4774 0.8198 -0.3162
vn -0.4832 0.8752 -0.0214
vn -0.4807 0.8768 -0.0147
vn -0.4745 0.8802 -0.0140
vn -0.4054 -0.4612 -0.7893
vn -0.7458 0.5688 0.3466
vn -0.7455 0.5697 0.3460
vn -0.7451 0.5702 0.3460
vn -0.7450 0.5707 0.3453
vn -0.7503 0.6101 0.2544
vn -0.5952 -0.0799 -0.7996
vn -0.5953 -0.0799 -0.7995
vn -0.3141 -0.4319 -0.8455
vn -0.7475 0.4401 -0.4975
vn -0.7459 0.4404 -0.4997
vn -0.7475 0.4385 -0.4989
vn -0.2280 -0.1343 -0.9644
vn -0.8870 0.4423 -0.1325
vn 0.1124 -0.9380 -0.3279
vn -0.3801 -0.8737 -0.3034
vn -0.9515 0.3062 -0.0281
vn -0.9515 0.3062 -0.0282
vn -0.4631 -0.2667 -0.8452
vn -0.2996 -0.1909 -0.9348
vn -0.2961 -0.1946 -0.9351
vn -0.3029 -0.1940 -0.9331
vn -0.0743 -0.8513 -0.5194
vn -0.0763 -0.8504 -0.5206
vn -0.0777 -0.8493 -0.5221
vn -0.9182 0.2207 0.3289
vn -0.9182 0.2208 0.3289
vn -0.3594 -0.8843 -0.2981
vn -0.4941 -0.3275 -0.8054
vn -0.4945 -0.3271 -0.8053
vn -0.4932 -0.3283 -0.8056
vn -0.9906 0.0034 -0.1364
vn -0.9492 0.0603 -0.3087
vn -0.9846 -0.0580 0.1648
vn -0.9588 -0.2651 0.1019
vn -0.9613 -0.2572 0.0991
vn -0.9580 -0.2703 0.0952
vn -0.8109 -0.5094 -0.2880
vn -0.8085 -0.5138 -0.2869
vn -0.8107 -0.5124 -0.2832
vn -0.9909 -0.0735 -0.1132
vn -0.9908 -0.0728 -0.1145
vn -0.9908 -0.0739 -0.1134
vn -0.7746 -0.5781 -0.2565
vn -0.7770 -0.5750 -0.2563
vn -0.7771 -0.5770 -0.2513
vn -0.8582 -0.4999 -0.1166
usemtl Default_OBJ
s off
f 1//1 3//1 2//1
f 3//2 8//2 2//2
f 2//3 4//3 1//3
f 2//4 8//4 4//4
f 1//5 5//5 3//5
f 3//6 7//6 8//6
f 1//7 6//7 5//7
f 1//8 4//8 6//8
f 9//9 12//10 19//11
f 3//12 5//12 7//12
f 4//13 8//14 10//15
f 8//16 19//17 10//18
f 19//19 12//20 10//21
f 10//22 12//23 13//24
f 9//25 19//25 20//25
f 10//26 13//27 11//28
f 4//29 18//30 6//31
f 4//32 10//33 18//34
f 8//35 7//36 19//37
f 9//38 20//38 23//38
f 14//39 16//39 15//39
f 9//40 23//41 12//42
f 15//43 17//43 14//43
f 5//44 6//45 18//46
f 22//47 19//48 7//49
f 22//50 29//51 19//52
f 12//53 23//54 13//55
f 16//56 24//56 15//56
f 14//57 18//57 32//57
f 22//58 7//59 5//60
f 17//61 18//61 14//61
f 17//62 25//62 18//62
f 14//63 32//63 16//63
f 5//64 28//65 22//66
f 13//67 26//68 11//69
f 19//70 31//71 20//72
f 10//73 32//74 18//75
f 10//76 21//77 32//78
f 13//79 27//80 26//81
f 34//82 19//83 29//84
f 13//85 30//86 27//87
f 13//88 23//88 30//88
f 23//89 31//89 30//89
f 20//90 31//91 23//92
f 10//93 42//94 21//95
f 22//96 33//97 29//98
f 40//99 31//100 19//101
f 15//102 25//103 17//104
f 32//105 35//105 16//105
f 16//106 41//106 24//106
f 16//107 35//108 41//109
f 18//110 25//111 36//112
f 18//113 36//114 5//115
f 11//116 37//117 10//118
f 34//119 40//119 19//119
f 35//120 32//121 38//122
f 5//123 36//124 28//125
f 21//126 38//127 32//128
f 42//129 10//129 37//129
f 15//130 45//130 25//130
f 28//131 33//132 22//132
f 39//133 34//134 29//135
f 47//136 48//136 46//136
f 43//137 49//137 44//137
f 24//138 45//138 15//138
f 24//139 41//139 45//139
f 49//140 51//140 44//140
f 48//141 47//141 55//141
f 50//142 42//142 56//142
f 29//143 33//144 39//145
f 31//146 53//146 30//146
f 43//147 54//147 49//147
f 25//148 45//149 36//150
f 46//151 52//151 69//151
f 48//152 55//152 52//152
f 48//153 52//154 46//155
f 21//156 42//157 58//158
f 37//159 56//160 42//161
f 35//162 38//162 41//162
f 50//163 58//163 42//163
f 61//164 60//164 62//165
f 39//166 63//167 34//167
f 54//168 57//169 49//170
f 58//171 38//172 21//173
f 50//174 56//175 59//176
f 28//177 52//177 33//177
f 61//178 71//178 60//178
f 43//179 68//180 54//181
f 45//182 54//183 36//183
f 36//184 52//185 28//186
f 26//187 65//188 11//189
f 50//190 59//191 58//192
f 37//193 11//194 82//195
f 61//196 70//196 71//196
f 61//197 39//197 70//197
f 62//198 39//198 61//198
f 31//199 79//199 53//199
f 34//200 67//201 40//202
f 74//203 75//203 73//203
f 43//204 44//204 68//204
f 46//205 69//205 86//205
f 39//206 33//206 70//206
f 71//207 76//207 60//207
f 39//208 62//209 63//210
f 53//211 78//211 30//211
f 53//212 83//212 66//212
f 66//213 83//213 80//213
f 40//214 84//214 31//214
f 66//215 80//215 72//215
f 38//216 45//216 41//216
f 69//217 52//218 36//219
f 55//220 33//221 52//222
f 11//223 65//224 77//225
f 66//226 78//226 53//226
f 73//227 84//227 74//227
f 57//228 54//228 45//228
f 36//229 54//229 68//230
f 46//231 86//231 47//231
f 47//232 86//232 55//232
f 84//233 79//233 31//233
f 66//234 72//234 78//234
f 34//235 64//236 67//237
f 72//238 80//238 89//238
f 75//239 85//240 73//241
f 49//242 88//242 51//242
f 57//243 45//243 102//243
f 102//244 45//245 38//246
f 11//247 77//248 82//249
f 81//250 82//251 77//252
f 60//253 96//253 62//253
f 53//254 79//255 83//256
f 40//257 67//257 84//257
f 74//258 84//258 67//258
f 74//259 90//259 75//259
f 56//260 37//261 59//262
f 77//263 65//264 81//265
f 63//266 64//267 34//268
f 84//269 92//270 79//271
f 58//272 95//273 38//274
f 33//275 103//275 87//275
f 81//276 91//277 82//278
f 44//279 98//280 68//281
f 57//282 88//282 49//282
f 38//283 95//284 102//285
f 55//286 86//287 149//288
f 33//289 87//289 70//289
f 60//290 76//290 96//290
f 30//291 110//291 27//291
f 89//292 93//292 72//292
f 84//293 73//293 92//293
f 51//294 98//294 44//294
f 51//295 88//295 98//295
f 55//296 103//297 33//298
f 37//299 82//300 100//301
f 78//302 110//303 30//304
f 67//305 101//305 74//305
f 36//306 68//307 99//308
f 124//309 102//310 95//311
f 59//312 95//313 58//314
f 70//315 87//315 71//315
f 71//316 87//317 76//318
f 81//319 65//319 91//319
f 26//320 27//321 94//320
f 85//322 92//323 73//324
f 85//325 105//325 92//325
f 74//326 101//326 90//326
f 57//327 102//328 88//329
f 36//330 86//331 69//332
f 26//333 116//334 65//335
f 72//336 110//337 78//338
f 85//339 75//339 106//339
f 102//340 124//341 107//342
f 37//343 113//344 59//345
f 76//346 87//347 96//348
f 96//349 63//349 62//349
f 80//350 83//350 112//350
f 90//351 106//351 75//351
f 99//352 86//353 36//354
f 37//355 100//356 113//357
f 96//358 115//358 63//358
f 27//359 97//360 94//361
f 64//362 108//363 67//364
f 26//365 131//366 116//367
f 72//368 93//368 110//368
f 64//369 63//370 104//371
f 90//372 101//373 111//374
f 80//375 112//375 89//375
f 86//376 109//377 149//378
f 55//379 149//380 103//381
f 114//382 87//383 103//384
f 65//385 116//386 91//387
f 26//388 94//389 131//390
f 27//391 110//392 97//393
f 92//394 105//395 79//396
f 106//397 105//397 85//397
f 68//398 98//399 99//400
f 98//401 118//402 99//403
f 107//404 119//405 102//406
f 120//407 122//408 121//409
f 120//410 123//410 122//410
f 79//411 112//412 83//413
f 90//414 111//414 106//414
f 120//415 124//415 123//415
f 95//416 130//416 124//416
f 106//417 111//417 105//417
f 88//418 118//419 98//419
f 107//420 124//420 120//420
f 93//421 125//421 110//421
f 104//422 108//423 64//424
f 121//425 107//425 120//425
f 123//426 124//426 130//426
f 113//427 95//428 59//427
f 67//429 117//430 101//431
f 86//432 99//433 109//434
f 89//435 112//435 125//435
f 89//436 125//436 93//436
f 67//437 108//437 117//437
f 127//438 107//438 121//438
f 97//439 132//440 94//441
f 79//442 105//442 112//442
f 101//443 117//444 111//445
f 107//446 127//447 119//448
f 126//449 96//449 87//449
f 88//450 102//451 136//452
f 129//453 114//454 103//455
f 87//456 114//457 126//458
f 108//459 139//459 138//459
f 123//460 130//461 133//462
f 128//463 133//464 95//465
f 100//466 82//467 137//468
f 63//469 115//469 151//469
f 108//470 143//470 139//470
f 134//471 99//472 145//473
f 122//474 146//474 121//474
f 95//475 113//475 141//475
f 138//476 142//477 108//478
f 138//479 139//479 142//479
f 135//480 99//480 134//480
f 135//481 144//481 99//481
f 88//482 136//483 118//484
f 121//485 146//485 127//485
f 140//486 134//486 145//486
f 99//487 118//488 145//489
f 103//490 149//491 129//492
f 91//493 137//494 82//495
f 108//496 142//497 117//498
f 139//499 148//499 142//499
f 139//500 152//500 148//500
f 140//501 135//501 134//501
f 123//502 133//502 122//502
f 95//503 133//504 130//505
f 128//506 95//507 141//508
f 94//509 132//510 131//511
f 63//512 151//512 104//512
f 104//513 150//514 108//515
f 108//516 147//516 143//516
f 143//517 152//517 139//517
f 135//518 140//518 153//518
f 122//519 133//520 146//521
f 91//522 116//523 137//524
f 105//525 111//525 112//525
f 145//526 154//526 140//526
f 127//527 146//528 119//529
f 137//530 180//531 100//532
f 111//533 155//534 112//535
f 99//536 144//537 109//538
f 180//539 113//540 100//541
f 108//542 150//543 147//544
f 118//545 154//546 145//547
f 102//548 119//549 136//550
f 140//551 154//551 153//551
f 156//552 129//553 157//554
f 126//555 173//556 96//557
f 151//558 150//558 104//559
f 157//560 129//560 160//560
f 96//561 173//562 115//563
f 131//564 132//565 159//566
f 147//567 165//567 143//567
f 143//568 165//568 152//568
f 129//569 149//570 160//571
f 156//572 170//572 166//572
f 161//573 163//573 167//573
f 161//574 162//574 163//574
f 142//575 148//576 164//576
f 157//577 170//578 156//579
f 97//580 110//581 168//582
f 131//583 167//584 116//585
f 161//586 167//586 131//586
f 112//587 155//588 125//589
f 211//590 155//591 111//592
f 116//593 171//593 137//593
f 131//594 159//594 161//594
f 161//595 159//595 162//595
f 152//596 165//597 148//598
f 146//599 133//600 119//601
f 128//602 141//602 158//602
f 114//603 192//603 126//603
f 97//604 213//604 132//604
f 125//605 169//605 110//605
f 153//606 175//606 135//606
f 175//607 144//607 135//607
f 129//608 177//609 114//608
f 151//610 174//611 150//612
f 142//613 164//614 117//615
f 150//616 165//617 147//618
f 165//619 164//620 148//621
f 154//622 175//622 153//622
f 157//623 160//623 176//623
f 156//624 177//625 129//626
f 163//627 178//627 167//627
f 111//628 117//629 211//630
f 149//631 176//632 160//633
f 192//634 173//635 126//636
f 115//637 173//638 151//639
f 162//640 179//640 163//640
f 154//641 118//642 175//643
f 128//644 158//645 133//646
f 168//647 213//647 97//647
f 157//648 176//648 170//648
f 166//649 177//650 156//649
f 137//651 181//652 180//653
f 110//654 169//655 168//654
f 150//656 183//656 165//656
f 133//657 158//657 186//657
f 213//658 198//659 132//660
f 132//661 200//661 159//661
f 182//662 171//662 116//662
f 164//663 185//664 117//665
f 125//666 155//667 169//668
f 162//669 159//669 189//669
f 162//670 189//671 179//672
f 164//673 165//674 185//675
f 113//676 187//676 141//677
f 116//678 184//678 182//678
f 163//679 179//679 178//679
f 184//680 197//681 182//682
f 183//683 185//684 165//685
f 170//686 176//686 208//686
f 177//687 192//688 114//687
f 113//689 180//689 187//689
f 167//690 178//690 201//690
f 151//691 173//692 172//693
f 116//694 201//695 184//696
f 182//697 197//697 171//697
f 175//698 195//699 144//700
f 137//701 171//702 188//703
f 193//704 132//704 198//704
f 193//705 194//706 132//707
f 208//708 166//708 170//708
f 168//709 169//709 196//709
f 168//710 196//711 213//712
f 167//713 201//714 116//715
f 179//716 215//717 178//718
f 118//719 250//720 175//721
f 188//722 181//722 137//722
f 179//723 189//723 215//723
f 193//724 199//725 194//724
f 133//726 186//727 119//728
f 166//729 208//729 177//729
f 141//730 187//730 191//731
f 202//732 181//733 188//734
f 155//735 229//736 169//737
f 174//738 204//738 150//738
f 191//739 158//740 141//741
f 188//742 203//742 202//742
f 194//743 200//743 132//743
f 171//744 207//744 188//745
f 199//746 193//746 198//746
f 197//747 207//747 171//747
f 119//748 206//749 136//750
f 196//751 169//751 205//751
f 196//752 205//752 213//752
f 118//753 136//754 206//755
f 159//756 200//757 189//758
f 188//759 207//759 203//759
f 199//760 198//761 219//762
f 151//763 172//763 174//763
f 197//764 184//765 201//766
f 109//767 144//767 244//767
f 208//768 192//769 177//770
f 244//771 190//772 109//773
f 203//774 209//774 202//774
f 194//775 199//776 210//777
f 173//778 224//779 172//780
f 189//781 200//782 215//783
f 178//784 215//785 201//786
f 197//787 240//788 207//789
f 109//790 190//790 149//790
f 202//791 209//791 181//791
f 203//792 207//792 209//792
f 150//793 204//793 183//793
f 155//794 216//794 217//794
f 187//795 212//795 191//795
f 192//796 228//796 173//796
f 180//797 181//798 214//799
f 215//800 200//801 238//802
f 155//803 217//803 229//803
f 211//804 117//805 226//806
f 175//807 250//808 195//809
f 144//810 195//811 244//812
f 194//813 210//813 222//814
f 155//815 211//816 216//817
f 227//818 187//819 180//820
f 213//821 221//822 198//822
f 218//823 213//824 205//825
f 194//826 222//826 200//826
f 172//827 232//828 174//829
f 119//830 186//831 220//831
f 197//832 201//832 240//832
f 119//833 220//834 206//835
f 173//836 228//837 224//837
f 180//838 214//839 227//840
f 198//841 221//841 219//841
f 219//842 230//842 199//842
f 181//843 209//843 214//843
f 169//844 225//845 205//846
f 169//847 229//848 225//849
f 210//850 230//850 222//850
f 199//851 230//851 210//851
f 215//852 223//853 201//854
f 149//855 235//856 176//857
f 187//858 227//859 212//860
f 216//861 242//861 217//861
f 117//862 185//863 226//864
f 209//865 207//866 239//867
f 216//868 211//868 233//868
f 183//869 236//869 185//869
f 149//870 190//871 235//872
f 118//873 206//873 250//873
f 176//874 235//875 208//876
f 224//877 237//878 172//879
f 233//880 242//881 216//882
f 185//883 234//884 226//885
f 205//886 225//886 218//886
f 231//887 239//888 207//889
f 232//890 204//891 174//892
f 204//893 241//893 183//893
f 221//894 230//895 219//896
f 200//897 222//898 238//899
f 211//900 243//900 233//900
f 183//901 241//902 236//903
f 236//904 245//905 185//906
f 207//907 240//908 231//909
f 209//910 239//911 214//912
f 213//913 218//913 221//913
f 217//914 242//914 229//914
f 215//915 238//916 223//917
f 242//918 249//919 229//920
f 236//921 247//921 245//921
f 208//922 246//923 192//924
f 227//925 214//925 248//926
f 214//927 239//928 248//929
f 204//930 254//931 241//932
f 212//933 255//934 191//935
f 192//936 252//937 228//938
f 211//939 226//939 243//939
f 232//940 254//940 204//940
f 172//941 272//942 232//943
f 185//944 256//945 234//946
f 233//947 243//948 242//948
f 158//949 251//950 186//951
f 258//952 257//952 228//952
f 230//953 221//954 222//955
f 241//956 261//957 236//958
f 195//959 262//960 244//961
f 258//962 228//962 252//962
f 229//963 249//964 225//965
f 254//966 278//967 241//967
f 260//968 263//969 208//970
f 243//971 249//971 242//971
f 236//972 261//972 247//972
f 235//973 260//974 208//975
f 201//976 223//977 240//978
f 256//979 259//979 234//979
f 158//980 191//981 276//982
f 158//983 276//984 251//985
f 246//986 253//987 192//988
f 234//989 259//990 226//991
f 266//992 252//992 253//992
f 253//993 252//994 192//995
f 225//996 270//997 218//998
f 172//999 237//1000 272//1001
f 245//1002 247//1002 265//1002
f 245//1003 265//1004 185//1005
f 258//1006 266//1006 264//1006
f 258//1007 264//1007 257//1007
f 239//1008 231//1009 267//1010
f 195//1011 250//1012 262//1013
f 251//1014 220//1014 186//1014
f 246//1015 208//1016 263//1017
f 252//1018 266//1018 258//1018
f 270//1019 225//1019 269//1020
f 259//1021 268//1021 226//1021
f 218//1022 270//1023 221//1024
f 226//1025 268//1026 243//1027
f 240//1028 223//1029 231//1028
f 185//1030 265//1031 256//1032
f 239//1033 267//1033 248//1033
f 278//1034 261//1035 241//1036
f 257//1037 274//1038 228//1039
f 248//1040 273//1041 227//1042
f 232//1043 272//1043 254//1043
f 262//1044 305//1045 244//1046
f 227//1047 273//1047 212//1047
f 305//1048 190//1049 244//1050
f 225//1051 277//1052 269//1053
f 254//1054 281//1054 278//1054
f 269//1055 279//1056 270//1057
f 264//1058 274//1058 257//1058
f 228//1059 274//1060 224//1061
f 272//1062 281//1062 254//1062
f 266//1063 274//1063 264//1063
f 224//1064 275//1064 237//1064
f 249//1065 243//1066 283//1067
f 261//1068 284//1068 247//1068
f 246//1069 263//1069 309//1069
f 212//1070 273//1071 280//1072
f 261//1073 278//1073 284//1073
f 255//1074 286//1075 191//1076
f 250//1077 293//1078 262//1079
f 291//1080 260//1081 235//1082
f 212//1083 280//1084 255//1085
f 249//1086 277//1087 225//1088
f 221//1089 282//1090 222//1091
f 235//1092 190//1093 289//1094
f 269//1095 277//1095 279//1095
f 237//1096 285//1097 272//1098
f 279//1099 287//1099 270//1099
f 259//1100 256//1100 296//1100
f 305//1101 289//1101 190//1101
f 191//1102 286//1103 276//1104
f 247//1105 284//1106 265//1107
f 270//1108 298//1108 221//1108
f 222//1109 282//1110 238//1111
f 206//1112 304//1113 250//1114
f 253//1115 292//1116 266//1117
f 266//1118 292//1119 274//1120
f 248//1121 294//1121 273//1121
f 283//1122 277//1123 249//1124
f 223//1125 238//1125 271//1126
f 271//1127 313//1127 223//1127
f 251//1128 299//1129 220//1130
f 253//1131 310//1131 292//1131
f 231//1132 223//1133 295//1134
f 235//1135 297//1135 291//1135
f 243//1136 268//1137 283//1138
f 265//1139 303//1140 256//1141
f 270//1142 287//1142 298//1142
f 250//1143 304//1144 293//1145
f 309//1146 288//1147 246//1148
f 224//1149 274//1150 275//1151
f 273//1152 294//1152 280//1152
f 231//1153 295//1154 290//1155
f 220//1156 335//1156 206//1156
f 246//1157 310//1158 253//1159
f 299//1160 335//1161 220//1162
f 235//1163 306//1164 297//1165
f 298//1166 307//1167 221//1168
f 308//1169 277//1170 283//1171
f 281//1172 337//1172 278//1172
f 296//1173 268//1173 259//1173
f 265//1174 284//1174 303//1174
f 268//1175 308//1176 283//1177
f 231//1178 290//1179 267//1180
f 235//1181 289//1181 306//1181
f 248//1182 267//1182 294//1182
f 282//1183 221//1184 307//1185
f 277//1186 311//1187 279//1186
f 256//1188 303//1188 316//1188
f 206//1189 335//1190 304//1191
f 223//1192 313//1192 295//1192
f 316//1193 296//1193 256//1193
f 297//1194 314//1194 291//1194
f 291//1195 317//1195 260//1195
f 246//1196 288//1196 310//1196
f 272//1197 302//1198 281//1199
f 279//1200 311//1200 287//1200
f 276//1201 323//1202 251//1203
f 260//1204 309//1204 263//1204
f 314//1205 317//1205 291//1205
f 287//1206 315//1207 298//1208
f 282//1209 333//1210 238//1211
f 290//1212 295//1212 322//1212
f 271//1213 318//1213 313//1213
f 318//1214 271//1214 319//1215
f 251//1216 312//1217 299//1218
f 237//1219 301//1220 285//1221
f 262//1222 320//1223 305//1224
f 238//1225 321//1226 271//1227
f 255//1228 300//1229 286//1230
f 286//1231 324//1232 276//1233
f 311//1234 315//1235 287//1236
f 271//1237 321//1237 319//1237
f 272//1238 285//1239 302//1240
f 319//1241 328//1241 318//1242
f 255//1243 280//1244 300//1245
f 277//1246 329//1246 311//1246
f 282//1247 307//1247 326//1247
f 296//1248 308//1249 268//1250
f 303//1251 284//1252 325//1253
f 262//1254 293//1255 320//1255
f 306//1256 314//1256 297//1256
f 237//1257 275//1258 301//1259
f 276//1260 324//1261 323//1262
f 307//1263 298//1264 332//1265
f 282//1266 330//1266 333//1266
f 282//1267 326//1267 330//1267
f 290//1268 327//1268 267//1268
f 317//1269 331//1270 260//1271
f 319//1272 321//1272 328//1272
f 368//1273 275//1273 274//1273
f 311//1274 329//1274 315//1274
f 333//1275 336//1276 238//1277
f 278//1278 325//1279 284//1280
f 289//1281 340//1282 306//1283
f 309//1284 339//1285 288//1286
f 308//1287 329//1288 277//1289
f 322//1290 327//1290 290//1291
f 316//1292 303//1292 325//1292
f 320//1293 293//1294 346//1295
f 251//1296 323//1296 312//1296
f 327//1297 357//1298 267//1299
f 238//1300 344//1301 321//1302
f 318//1303 338//1303 313//1303
f 305//1304 349//1305 289//1306
f 280//1307 342//1307 300//1307
f 296//1308 372//1309 308//1310
f 278//1311 345//1312 325//1313
f 328//1314 338//1314 318//1314
f 286//1315 341//1316 324//1316
f 288//1317 347//1317 310//1317
f 267//1318 351//1319 294//1318
f 298//1320 315//1320 350//1320
f 325//1321 345//1321 343//1321
f 293//1322 304//1322 348//1322
f 310//1323 361//1324 292//1325
f 326//1326 332//1326 352//1326
f 321//1327 344//1327 328//1327
f 314//1328 340//1328 317//1328
f 286//1329 300//1329 341//1329
f 308//1330 334//1331 329//1332
f 359//1333 333//1334 330//1335
f 238//1336 336//1337 344//1338
f 278//1339 337//1339 345//1339
f 322//1340 354//1340 327//1340
f 295//1341 354//1342 322//1343
f 313//1344 355//1344 295//1344
f 306//1345 340//1345 314//1345
f 260//1346 331//1347 309//1348
f 307//1349 332//1350 326//1351
f 320//1352 349//1353 305//1354
f 294//1355 358//1356 280//1357
f 315//1358 329//1359 350//1360
f 326//1361 352//1362 330//1363
f 338//1364 355//1365 313//1366
f 330//1367 352//1368 359//1369
f 295//1370 355//1371 354//1371
f 338//1372 328//1373 344//1374
f 348//1375 346//1376 293//1377
f 280//1378 358//1379 342//1380
f 302//1381 353//1382 281//1383
f 316//1384 325//1385 365//1386
f 316//1387 365//1387 296//1387
f 274//1388 292//1388 368//1388
f 331//1389 373//1390 309//1391
f 350//1392 332//1393 298//1394
f 353//1395 337//1396 281//1396
f 356//1397 345//1398 337//1399
f 288//1400 339//1400 347//1400
f 308//1401 367//1402 334//1403
f 333//1404 359//1404 362//1404
f 357//1405 351//1406 267//1407
f 336//1408 364//1409 344//1410
f 354//1411 357//1412 327//1413
f 351//1414 363//1415 294//1416
f 317//1417 340//1418 331//1418
f 360//1419 341//1419 300//1419
f 300//1420 342//1420 360//1421
f 301//1422 366//1422 285//1422
f 344//1423 355//1423 338//1423
f 325//1424 343//1425 365//1426
f 335//1427 369//1427 304//1427
f 347//1428 361//1429 310//1430
f 320//1431 346//1432 349//1433
f 324//1434 371//1435 323//1436
f 304//1437 369//1437 348//1437
f 299//1438 370//1438 335//1439
f 332//1440 375//1441 352//1442
f 333//1443 362//1444 336//1445
f 299//1446 312//1447 370//1448
f 309//1449 373//1449 339//1449
f 292//1450 361//1451 368//1452
f 296//1453 365//1454 372//1455
f 329//1456 374//1457 350//1458
f 308//1459 378//1460 367//1461
f 362//1462 359//1462 375//1462
f 340//1463 410//1464 331//1465
f 351//1466 382//1467 363//1468
f 372//1469 378//1470 308//1471
f 352//1472 375//1473 359//1474
f 354//1475 355//1475 357//1475
f 289//1476 410//1477 340//1478
f 334//1479 374//1480 329//1481
f 285//1482 353//1482 302//1482
f 362//1483 379//1484 336//1485
f 339//1486 384//1487 347//1488
f 275//1489 380//1490 301//1491
f 301//1492 405//1493 366//1494
f 363//1495 394//1495 294//1495
f 337//1496 376//1496 356//1496
f 356//1497 381//1498 345//1499
f 351//1500 383//1500 382//1500
f 289//1501 349//1502 410//1503
f 294//1504 394//1504 358//1504
f 337//1505 353//1506 376//1507
f 362//1508 375//1509 379//1510
f 372//1511 365//1512 390//1513
f 381//1514 343//1514 345//1514
f 332//1515 385//1516 375//1517
f 351//1518 357//1518 383//1518
f 344//1519 398//1520 355//1521
f 348//1522 391//1523 346//1524
f 367//1525 392//1526 334//1527
f 378//1528 397//1529 367//1530
f 367//1531 397//1531 387//1531
f 346//1532 391//1533 388//1534
f 361//1535 347//1536 402//1537
f 368//1538 377//1538 275//1539
f 350//1540 374//1541 332//1542
f 375//1543 385//1544 379//1545
f 355//1546 396//1547 357//1548
f 399//1549 373//1550 331//1551
f 367//1552 387//1552 392//1552
f 390//1553 400//1553 372//1553
f 378//1554 393//1555 397//1555
f 373//1556 401//1556 339//1556
f 383//1557 357//1557 406//1557
f 341//1558 371//1558 324//1559
f 361//1560 403//1560 368//1560
f 403//1561 377//1562 368//1563
f 339//1564 401//1565 384//1566
f 387//1567 397//1567 412//1567
f 372//1568 395//1569 378//1570
f 336//1571 379//1572 364//1573
f 390//1574 365//1575 407//1576
f 355//1577 398//1578 396//1578
f 377//1579 380//1579 275//1579
f 390//1580 407//1580 400//1580
f 364//1581 398//1582 344//1583
f 366//1584 411//1584 285//1584
f 378//1585 395//1586 393//1587
f 312//1588 429//1589 370//1590
f 323//1591 371//1592 421//1593
f 374//1594 385//1595 332//1596
f 392//1597 414//1598 334//1599
f 372//1600 400//1600 395//1600
f 365//1601 415//1602 407//1603
f 347//1604 384//1604 402//1604
f 358//1605 394//1606 426//1607
f 334//1608 414//1608 417//1608
f 408//1609 473//1610 369//1611
f 387//1612 412//1612 392//1612
f 393//1613 412//1613 397//1613
f 353//1614 285//1615 376//1616
f 361//1617 402//1618 403//1619
f 374//1620 334//1621 417//1622
f 356//1623 376//1623 418//1623
f 331//1624 410//1625 399//1626
f 412//1627 393//1627 392//1627
f 346//1628 388//1629 349//1630
f 323//1631 421//1632 312//1633
f 360//1634 431//1634 341//1634
f 301//1635 380//1636 405//1637
f 395//1638 400//1638 407//1638
f 396//1639 406//1639 357//1639
f 373//1640 420//1641 401//1642
f 358//1643 423//1644 342//1643
f 285//1645 411//1646 376//1647
f 384//1648 422//1649 402//1650
f 369//1651 335//1652 408//1653
f 392//1654 393//1655 414//1655
f 425//1656 420//1657 373//1658
f 407//1659 415//1660 439//1661
f 399//1662 425//1663 373//1664
f 365//1665 343//1666 428//1667
f 356//1668 418//1668 381//1668
f 349//1669 388//1670 410//1671
f 384//1672 401//1673 422//1674
f 393//1675 433//1676 414//1677
f 395//1678 407//1679 439//1680
f 360//1681 434//1682 431//1683
f 348//1684 369//1685 391//1686
f 358//1687 426//1687 423//1687
f 421//1688 429//1689 312//1690
f 405//1691 411//1692 366//1693
f 343//1694 440//1694 437//1694
f 473//1695 391//1696 369//1697
f 370//1698 408//1699 335//1700
f 341//1701 431//1702 371//1703
f 395//1704 439//1705 393//1704
f 415//1706 365//1707 428//1708
f 437//1709 428//1710 343//1710
f 360//1711 423//1712 434//1713
f 414//1714 433//1714 417//1714
f 376//1715 452//1715 418//1716
f 406//1717 396//1718 444//1719
f 342//1720 423//1721 360//1722
f 417//1723 433//1724 374//1725
f 374//1726 443//1727 385//1728
f 393//1729 439//1730 433//1731
f 371//1732 424//1733 421//1734
f 420//1735 446//1735 401//1735
f 401//1736 446//1737 422//1738
f 381//1739 418//1740 463//1741
f 381//1742 440//1743 343//1744
f 422//1745 446//1745 445//1745
f 385//1746 443//1747 455//1748
f 424//1749 371//1749 431//1749
f 436//1750 443//1751 374//1752
f 426//1753 451//1754 464//1755
f 376//1756 411//1757 452//1758
f 406//1759 444//1760 438//1761
f 399//1762 410//1763 470//1764
f 405//1765 458//1765 411//1765
f 379//1766 385//1766 472//1766
f 379//1767 447//1768 364//1769
f 379//1770 472//1771 447//1772
f 436//1773 466//1774 443//1775
f 437//1776 456//1776 428//1776
f 429//1777 408//1778 370//1779
f 388//1780 479//1781 410//1782
f 410//1783 479//1784 450//1785
f 385//1786 455//1787 472//1788
f 440//1789 456//1790 437//1791
f 425//1792 459//1792 420//1792
f 374//1793 457//1794 436//1795
f 436//1796 460//1797 466//1798
f 398//1799 465//1800 396//1801
f 433//1802 457//1803 374//1804
f 411//1805 458//1806 452//1807
f 452//1808 463//1809 418//1810
f 381//1811 463//1812 440//1813
f 410//1814 450//1815 470//1816
f 446//1817 420//1817 459//1817
f 364//1818 447//1819 461//1820
f 438//1821 444//1821 467//1821
f 364//1822 465//1822 398//1822
f 451//1823 438//1823 467//1823
f 461//1824 462//1825 364//1826
f 364//1827 462//1827 465//1827
f 472//1828 476//1829 447//1830
f 464//1831 423//1832 426//1833
f 439//1834 415//1834 454//1834
f 391//1835 478//1836 388//1837
f 459//1838 494//1839 446//1840
f 446//1841 494//1841 445//1841
f 451//1842 467//1842 464//1842
f 433//1843 439//1844 471//1845
f 391//1846 473//1847 477//1848
f 466//1849 474//1849 443//1849
f 455//1850 475//1851 472//1852
f 399//1853 468//1854 425//1855
f 425//1856 468//1857 459//1858
f 457//1859 492//1860 436//1861
f 482//1862 460//1863 436//1864
f 466//1865 460//1865 474//1865
f 444//1866 396//1866 485//1866
f 440//1867 483//1867 456//1867
f 399//1868 470//1868 486//1868
f 456//1869 483//1869 428//1869
f 434//1870 487//1871 431//1872
f 492//1873 482//1873 436//1873
f 478//1874 479//1875 388//1876
f 399//1877 486//1878 468//1879
f 460//1880 484//1880 474//1880
f 440//1881 463//1881 483//1881
f 424//1882 529//1883 421//1884
f 460//1885 491//1885 484//1885
f 457//1886 433//1887 492//1888
f 470//1889 450//1889 488//1889
f 443//1890 514//1890 493//1890
f 415//1891 428//1892 500//1893
f 473//1894 503//1894 490//1894
f 473//1895 490//1896 477//1896
f 408//1897 503//1897 473//1897
f 443//1898 474//1898 514//1898
f 443//1899 493//1900 519//1901
f 439//1902 454//1903 471//1904
f 470//1905 488//1905 486//1905
f 434//1906 423//1906 487//1906
f 423//1907 464//1908 515//1909
f 443//1910 519//1910 455//1910
f 447//1911 495//1912 461//1913
f 391//1914 477//1915 478//1916
f 492//1917 496//1918 482//1919
f 433//1920 506//1921 492//1922
f 476//1923 495//1924 447//1925
f 396//1926 465//1926 485//1926
f 460//1927 482//1927 491//1927
f 462//1928 502//1929 465//1930
f 415//1931 500//1932 454//1933
f 431//1934 487//1934 424//1934
f 475//1935 507//1935 472//1935
f 488//1936 497//1936 486//1936
f 455//1937 507//1938 475//1939
f 452//1940 508//1941 463//1942
f 461//1943 509//1944 462//1945
f 477//1946 490//1946 510//1946
f 450//1947 511//1947 488//1947
f 468//1948 498//1949 459//1950
f 450//1951 513//1952 511//1951
f 484//1953 517//1953 474//1953
f 458//1954 505//1955 508//1956
f 458//1957 508//1958 452//1959
f 486//1960 497//1960 504//1960
f 433//1961 471//1962 506//1963
f 455//1964 519//1965 507//1965
f 472//1966 507//1966 516//1966
f 483//1967 500//1967 428//1967
f 517//1968 514//1969 474//1970
f 461//1971 501//1972 509//1973
f 462//1974 518//1974 502//1974
f 459//1975 498//1976 494//1977
f 491//1978 517//1978 484//1978
f 461//1979 495//1979 501//1979
f 509//1980 518//1980 462//1980
f 503//1981 520//1982 490//1983
f 471//1984 454//1985 585//1986
f 408//1987 520//1988 503//1989
f 472//1990 516//1991 476//1991
f 486//1992 504//1993 468//1994
f 523//1995 491//1995 482//1995
f 493//1996 514//1997 524//1998
f 467//1999 525//1999 464//1999
f 465//2000 502//2000 548//2000
f 408//2001 521//2001 520//2001
f 423//2002 533//2002 487//2002
f 506//2003 550//2004 492//2005
f 491//2006 523//2007 517//2008
f 505//2009 540//2010 551//2011
f 507//2012 519//2012 516//2012
f 497//2013 544//2014 504//2015
f 496//2016 546//2017 482//2018
f 505//2019 551//2020 508//2021
f 548//2022 485//2023 465//2024
f 531//2025 483//2026 463//2027
f 476//2028 534//2028 495//2028
f 477//2029 510//2030 538//2031
f 488//2032 511//2033 497//2034
f 524//2035 514//2035 517//2035
f 490//2036 520//2036 510//2036
f 477//2037 538//2038 478//2039
f 429//2040 521//2041 408//2042
f 421//2043 536//2044 429//2045
f 524//2046 517//2046 523//2046
f 493//2047 524//2048 519//2049
f 471//2050 522//2051 506//2052
f 500//2053 585//2054 454//2055
f 494//2056 498//2056 537//2056
f 516//2057 541//2058 476//2059
f 501//2060 535//2061 509//2062
f 535//2063 518//2063 509//2063
f 529//2064 536//2065 421//2066
f 494//2067 537//2067 527//2067
f 501//2068 495//2069 534//2070
f 548//2071 502//2071 535//2071
f 526//2072 534//2072 476//2072
f 518//2073 535//2073 502//2073
f 521//2074 478//2075 538//2076
f 479//2077 478//2078 565//2079
f 450//2080 549//2081 513//2082
f 515//2083 533//2084 423//2085
f 519//2086 524//2087 547//2088
f 476//2089 541//2090 526//2091
f 467//2092 444//2093 525//2094
f 510//2095 520//2095 538//2095
f 511//2096 544//2096 497//2096
f 546//2097 496//2097 545//2097
f 519//2098 547//2099 516//2100
f 520//2101 521//2101 538//2101
f 523//2102 482//2103 524//2104
f 525//2105 515//2106 464//2107
f 471//2108 585//2109 542//2110
f 508//2111 531//2112 463//2113
f 471//2114 554//2114 558//2115
f 511//2116 552//2116 544//2116
f 513//2117 552//2118 511//2119
f 553//2120 552//2121 513//2122
f 478//2123 521//2124 543//2125
f 521//2126 429//2127 556//2128
f 429//2129 536//2129 556//2129
f 487//2130 569//2131 424//2132
f 471//2133 558//2133 522//2133
f 547//2134 541//2135 516//2136
f 444//2137 485//2137 586//2137
f 483//2138 531//2139 500//2138
f 521//2140 555//2141 543//2142
f 544//2143 553//2143 504//2143
f 492//2144 550//2145 557//2146
f 548//2147 560//2147 485//2147
f 546//2148 561//2148 482//2148
f 542//2149 554//2149 471//2149
f 525//2150 444//2151 586//2150
f 552//2152 553//2152 544//2152
f 527//2153 537//2153 562//2153
f 561//2154 546//2154 545//2154
f 524//2155 482//2155 577//2155
f 506//2156 522//2157 567//2158
f 513//2159 549//2160 553//2161
f 556//2162 536//2162 566//2162
f 479//2163 549//2163 450//2163
f 496//2164 613//2165 545//2166
f 506//2167 567//2168 550//2169
f 556//2170 555//2171 521//2172
f 536//2173 529//2174 568//2175
f 492//2176 613//2176 496//2177
f 524//2178 578//2179 547//2180
f 580//2181 531//2181 508//2181
f 501//2182 534//2183 526//2183
f 485//2184 560//2184 586//2184
f 535//2185 560//2186 548//2187
f 543//2188 571//2189 478//2190
f 536//2191 568//2192 566//2193
f 468//2194 581//2195 498//2196
f 424//2197 569//2197 529//2197
f 557//2198 613//2198 492//2198
f 566//2199 555//2199 556//2199
f 522//2200 558//2200 590//2200
f 547//2201 564//2201 541//2201
f 543//2202 555//2203 571//2204
f 550//2205 576//2206 557//2207
f 561//2208 577//2209 482//2210
f 551//2211 579//2211 508//2211
f 504//2212 581//2213 468//2214
f 562//2215 570//2215 527//2215
f 570//2216 597//2216 527//2216
f 561//2217 545//2218 613//2219
f 613//2220 577//2221 561//2222
f 547//2223 578//2224 575//2225
f 549//2226 504//2226 553//2226
f 577//2227 578//2228 524//2229
f 535//2230 631//2231 560//2232
f 581//2233 537//2234 498//2235
f 590//2236 567//2237 522//2238
f 579//2239 580//2240 508//2241
f 501//2242 631//2243 535//2244
f 478//2245 571//2246 565//2247
f 565//2248 549//2249 479//2250
f 525//2251 588//2252 515//2253
f 558//2254 554//2254 590//2254
f 589//2255 591//2255 531//2255
f 529//2256 569//2257 587//2258
f 580//2259 589//2259 531//2259
f 557//2260 576//2260 582//2260
f 563//2261 599//2261 540//2261
f 542//2262 583//2262 593//2262
f 593//2263 554//2263 542//2263
f 500//2264 531//2265 596//2265
f 591//2266 596//2267 531//2268
f 501//2269 605//2270 631//2271
f 547//2272 575//2273 564//2274
f 587//2275 568//2276 529//2277
f 595//2278 599//2279 563//2280
f 580//2281 598//2281 589//2281
f 537//2282 643//2282 562//2282
f 567//2283 593//2283 583//2283
f 567//2284 590//2285 593//2286
f 542//2287 585//2287 583//2287
f 500//2288 596//2289 585//2290
f 501//2291 526//2292 605//2293
f 541//2294 604//2294 526//2294
f 613//2295 582//2295 618//2295
f 557//2296 582//2297 613//2298
f 595//2299 563//2299 600//2299
f 595//2300 616//2301 599//2302
f 515//2303 588//2304 533//2305
f 564//2306 575//2307 541//2307
f 590//2308 554//2308 593//2308
f 579//2309 598//2309 580//2309
f 581//2310 643//2310 537//2310
f 594//2311 576//2311 550//2311
f 567//2312 655//2313 550//2314
f 525//2315 586//2316 588//2317
f 600//2318 608//2318 595//2318
f 585//2319 596//2320 601//2321
f 540//2322 599//2322 551//2323
f 591//2324 617//2324 596//2324
f 597//2325 608//2325 600//2325
f 582//2326 576//2326 618//2326
f 578//2327 606//2327 575//2327
f 583//2328 619//2329 567//2330
f 583//2331 585//2332 619//2333
f 566//2334 607//2334 555//2334
f 562//2335 643//2335 602//2335
f 562//2336 602//2337 570//2338
f 551//2339 609//2339 579//2339
f 575//2340 604//2341 541//2342
f 601//2343 638//2343 585//2343
f 604//2344 605//2345 526//2346
f 566//2347 568//2348 607//2349
f 597//2350 570//2351 612//2352
f 599//2353 609//2353 551//2353
f 617//2354 591//2355 589//2356
f 594//2357 618//2357 576//2357
f 577//2358 613//2359 622//2360
f 594//2361 550//2362 634//2363
f 608//2364 616//2365 595//2366
f 606//2367 604//2368 575//2369
f 601//2370 610//2371 638//2372
f 598//2373 579//2373 620//2373
f 601//2374 614//2374 610//2375
f 601//2376 596//2377 614//2378
f 586//2379 560//2379 615//2379
f 609//2380 610//2381 579//2382
f 598//2383 617//2384 589//2385
f 621//2386 618//2386 594//2386
f 613//2387 618//2388 621//2389
f 504//2390 549//2391 581//2392
f 597//2393 612//2394 608//2395
f 610//2396 620//2397 579//2398
f 565//2399 624//2400 549//2401
f 487//2402 611//2403 569//2404
f 635//2405 578//2406 577//2407
f 596//2408 617//2409 614//2410
f 628//2411 555//2411 607//2411
f 602//2412 612//2413 570//2413
f 578//2414 625//2414 606//2414
f 606//2415 626//2416 604//2417
f 622//2418 664//2419 577//2420
f 606//2421 625//2421 626//2421
f 610//2422 614//2422 620//2422
f 604//2423 630//2424 605//2425
f 621//2426 652//2427 613//2428
f 577//2429 664//2430 635//2431
f 571//2432 632//2433 565//2434
f 568//2435 587//2436 607//2437
f 594//2438 652//2439 621//2440
f 613//2441 629//2442 622//2443
f 655//2444 567//2445 619//2446
f 655//2447 677//2448 550//2449
f 605//2450 636//2450 631//2450
f 549//2451 633//2452 581//2453
f 594//2454 634//2455 652//2456
f 623//2457 634//2458 550//2459
f 533//2460 646//2461 487//2462
f 616//2463 609//2464 599//2465
f 586//2466 615//2466 588//2466
f 598//2467 620//2468 617//2469
f 614//2470 617//2470 620//2470
f 550//2471 677//2472 623//2473
f 585//2474 638//2474 619//2474
f 533//2475 588//2476 646//2477
f 609//2478 638//2479 610//2480
f 632//2481 640//2482 565//2483
f 560//2484 631//2484 627//2484
f 630//2485 641//2485 605//2485
f 641//2486 636//2486 605//2486
f 636//2487 639//2487 631//2488
f 571//2489 555//2490 642//2491
f 555//2492 628//2493 642//2494
f 652//2495 634//2496 644//2497
f 602//2498 637//2498 612//2499
f 635//2500 625//2501 578//2502
f 487//2503 646//2504 611//2505
f 613//2506 650//2507 629//2508
f 612//2509 645//2510 608//2511
f 626//2512 625//2512 635//2512
f 608//2513 648//2513 616//2513
f 616//2514 651//2515 609//2516
f 631//2517 649//2518 627//2519
f 571//2520 647//2521 632//2522
f 571//2523 642//2524 647//2525
f 629//2526 653//2526 622//2526
f 651//2527 638//2528 609//2529
f 560//2530 627//2531 615//2530
f 631//2532 639//2532 649//2532
f 587//2533 569//2534 676//2535
f 654//2536 652//2537 644//2538
f 652//2539 650//2540 613//2541
f 630//2542 656//2543 641//2542
f 636//2544 641//2545 639//2546
f 640//2547 624//2547 565//2547
f 622//2548 672//2548 664//2548
f 622//2549 653//2549 672//2549
f 632//2550 661//2551 640//2552
f 607//2553 674//2554 628//2555
f 650//2556 653//2556 629//2556
f 637//2557 645//2558 612//2559
f 626//2560 635//2561 604//2562
f 638//2563 655//2563 619//2563
f 647//2564 659//2564 632//2564
f 654//2565 658//2566 652//2567
f 651//2568 655//2568 638//2568
f 588//2569 615//2570 646//2571
f 658//2572 657//2572 652//2572
f 652//2573 663//2574 650//2575
f 634//2576 623//2577 660//2578
f 604//2579 635//2580 665//2581
f 630//2582 665//2583 656//2584
f 649//2585 639//2586 667//2587
f 659//2588 661//2588 632//2588
f 640//2589 661//2589 669//2589
f 654//2590 680//2591 658//2592
f 657//2593 663//2593 652//2593
f 644//2594 662//2594 654//2594
f 677//2595 699//2595 623//2595
f 604//2596 665//2597 630//2598
f 641//2599 667//2600 639//2601
f 607//2602 703//2603 674//2604
f 611//2605 676//2606 569//2607
f 643//2608 637//2609 602//2608
f 650//2610 663//2611 664//2612
f 644//2613 634//2614 684//2615
f 650//2616 664//2616 672//2616
f 616//2617 648//2617 651//2617
f 627//2618 649//2619 666//2620
f 649//2621 667//2622 656//2623
f 656//2624 667//2624 641//2624
f 642//2625 673//2626 668//2627
f 628//2628 673//2629 642//2630
f 624//2631 640//2632 678//2633
f 654//2634 671//2635 680//2636
f 654//2637 682//2637 671//2637
f 654//2638 662//2638 682//2638
f 656//2639 665//2639 649//2639
f 666//2640 689//2641 627//2642
f 640//2643 679//2644 678//2645
f 675//2646 659//2646 647//2646
f 680//2647 687//2648 658//2649
f 581//2650 633//2650 643//2651
f 657//2652 691//2652 663//2652
f 634//2653 660//2654 684//2655
f 635//2656 686//2657 665//2658
f 689//2659 615//2660 627//2661
f 628//2662 674//2663 673//2664
f 669//2665 679//2666 640//2667
f 607//2668 670//2669 703//2670
f 624//2671 633//2672 549//2673
f 671//2674 682//2674 688//2674
f 683//2675 657//2675 658//2675
f 672//2676 653//2676 650//2676
f 664//2677 694//2678 635//2679
f 608//2680 645//2680 648//2680
f 651//2681 698//2681 655//2681
f 649//2682 665//2682 666//2682
f 647//2683 642//2684 675//2685
f 675//2686 678//2687 679//2688
f 678//2689 687//2690 680//2691
f 680//2692 671//2693 690//2694
f 658//2695 687//2696 683//2697
f 671//2698 688//2699 681//2700
f 644//2701 684//2701 681//2701
f 623//2702 699//2703 685//2704
f 648//2705 698//2706 651//2707
f 675//2708 695//2708 659//2708
f 679//2709 669//2710 695//2711
f 679//2712 695//2712 675//2712
f 675//2713 687//2714 678//2715
f 678//2716 690//2717 624//2718
f 680//2719 690//2719 678//2720
f 671//2721 681//2721 690//2722
f 657//2723 683//2724 691//2724
f 681//2725 688//2725 644//2725
f 644//2726 688//2726 662//2726
f 623//2727 685//2727 660//2727
f 686//2728 693//2729 665//2730
f 587//2731 676//2732 607//2733
f 663//2734 694//2734 664//2734
f 692//2735 677//2736 698//2737
f 696//2738 691//2739 687//2740
f 687//2741 691//2741 683//2741
f 681//2742 684//2743 690//2744
f 688//2745 682//2746 662//2746
f 694//2747 686//2748 635//2749
f 646//2750 697//2751 611//2752
f 677//2753 692//2754 699//2755
f 668//2756 675//2757 642//2758
f 687//2759 675//2760 696//2761
f 690//2762 633//2763 624//2764
f 643//2765 633//2766 637//2767
f 661//2768 695//2768 669//2768
f 691//2769 696//2770 663//2771
f 655//2772 698//2772 677//2772
f 615//2773 689//2773 646//2774
f 661//2775 659//2776 695//2777
f 660//2778 700//2778 684//2778
f 700//2779 692//2780 698//2781
f 686//2782 710//2782 693//2782
f 673//2783 708//2784 701//2785
f 674//2786 708//2786 673//2786
f 696//2787 694//2788 663//2789
f 700//2790 705//2791 692//2792
f 645//2793 702//2794 648//2795
f 693//2796 706//2797 665//2798
f 689//2799 707//2800 646//2801
f 666//2802 711//2803 689//2804
f 673//2805 701//2805 668//2805
f 703//2806 708//2806 674//2806
f 668//2807 709//2808 675//2809
f 690//2810 684//2811 712//2812
f 637//2813 702//2814 645//2815
f 704//2816 686//2817 694//2818
f 698//2819 648//2820 702//2821
f 633//2822 690//2823 712//2823
f 633//2824 702//2825 637//2826
f 660//2827 705//2827 700//2827
f 660//2828 685//2828 705//2828
f 692//2829 705//2829 699//2829
f 699//2830 705//2831 685//2832
f 675//2833 709//2834 696//2835
f 611//2836 713//2837 676//2838
f 700//2839 698//2839 684//2839
f 607//2840 676//2841 670//2842
f 696//2843 716//2843 694//2843
f 694//2844 716//2844 704//2844
f 633//2845 698//2846 702//2847
f 704//2848 717//2849 686//2850
f 697//2851 721//2852 611//2853
f 646//2854 707//2855 697//2856
f 710//2857 714//2857 693//2857
f 668//2858 701//2858 709//2858
f 709//2859 715//2860 696//2861
f 712//2862 684//2863 698//2864
f 712//2865 698//2866 633//2867
f 713//2868 611//2868 718//2868
f 611//2869 721//2870 718//2871
f 686//2872 719//2872 710//2873
f 714//2874 706//2874 693//2874
f 665//2875 711//2876 666//2877
f 709//2878 701//2879 720//2880
f 715//2881 716//2881 696//2881
f 704//2882 716//2883 715//2884
f 717//2885 704//2886 726//2887
f 717//2888 719//2888 686//2888
f 726//2889 704//2890 715//2891
f 697//2892 707//2892 721//2892
f 706//2893 711//2894 665//2895
f 703//2896 720//2896 708//2896
f 709//2897 720//2897 703//2897
f 670//2898 724//2899 703//2900
f 701//2901 708//2902 720//2903
f 703//2904 724//2905 709//2906
f 670//2907 676//2908 724//2909
f 726//2910 715//2911 709//2912
f 726//2913 722//2914 717//2915
f 722//2916 725//2917 719//2918
f 722//2919 719//2920 717//2921
f 724//2922 726//2923 709//2924
f 706//2925 714//2926 723//2927
f 713//2928 718//2929 727//2930
f 722//2931 723//2931 725//2931
f 706//2932 723//2933 711//2934
f 726//2935 723//2936 722//2937
f 713//2938 707//2939 676//2940
f 713//2941 727//2941 707//2941
f 719//2942 714//2943 710//2944
f 723//2945 714//2945 725//2945
f 689//2946 711//2947 707//2948
f 724//2949 723//2950 726//2951
f 725//2952 714//2953 719//2954
f 707//2955 724//2956 676//2957
f 718//2958 721//2958 727//2958
f 724//2959 711//2960 723//2961
f 707//2962 711//2963 724//2964
f 707//2965 727//2965 721//2965
usemtl Материал.003
f 382//2966 383//2966 386//2966
f 382//2967 386//2967 389//2967
f 389//2968 394//2969 382//2970
f 382//2971 394//2971 363//2971
f 389//2972 404//2972 394//2972
f 383//2973 409//2973 386//2973
f 386//2974 404//2975 389//2976
f 383//2977 406//2977 409//2977
f 386//2978 409//2978 413//2978
f 377//2979 403//2979 416//2979
f 416//2980 380//2981 377//2982
f 416//2983 419//2983 380//2983
f 394//2984 404//2984 426//2984
f 386//2985 413//2986 404//2987
f 380//2988 419//2988 405//2988
f 402//2989 435//2989 403//2989
f 404//2990 413//2991 427//2992
f 416//2993 432//2993 419//2993
f 422//2994 435//2994 402//2994
f 403//2995 432//2995 416//2995
f 419//2996 430//2997 442//2998
f 419//2999 432//2999 430//2999
f 409//3000 406//3001 438//3002
f 403//3003 435//3003 432//3003
f 419//3004 442//3004 405//3004
f 404//3005 427//3006 426//3007
f 427//3008 451//3008 426//3008
f 432//3009 441//3010 430//3011
f 422//3012 449//3013 435//3014
f 432//3015 435//3015 449//3015
f 409//3016 438//3016 413//3016
f 430//3017 448//3017 442//3017
f 427//3018 413//3019 451//3020
f 441//3021 448//3022 430//3023
f 442//3024 453//3024 405//3024
f 445//3025 449//3026 422//3027
f 448//3028 453//3029 442//3030
f 432//3031 449//3031 469//3031
f 405//3032 453//3032 458//3032
f 413//3033 438//3034 451//3035
f 432//3036 469//3037 441//3038
f 453//3039 481//3039 458//3039
f 449//3040 445//3040 489//3040
f 448//3041 481//3041 453//3041
f 489//3042 480//3043 449//3044
f 441//3045 499//3046 448//3047
f 449//3048 480//3049 469//3050
f 441//3051 469//3051 499//3051
f 499//3052 512//3052 448//3052
f 445//3053 494//3053 489//3053
f 458//3054 481//3054 505//3054
f 489//3055 532//3056 480//3057
f 499//3058 469//3058 480//3058
f 494//3059 539//3059 489//3059
f 499//3060 480//3060 528//3060
f 494//3061 527//3062 539//3063
f 489//3064 539//3064 532//3064
f 512//3065 530//3065 448//3065
f 448//3066 530//3067 481//3068
f 499//3069 528//3069 512//3069
f 481//3070 574//3070 505//3070
f 505//3071 574//3072 540//3073
f 481//3074 530//3074 574//3074
f 480//3075 532//3076 528//3075
f 528//3077 559//3077 512//3077
f 512//3078 559//3079 530//3080
f 532//3081 559//3081 528//3081
f 530//3082 559//3082 574//3082
f 527//3083 597//3083 539//3083
f 539//3084 572//3084 532//3084
f 540//3085 573//3085 563//3086
f 532//3087 584//3087 559//3087
f 539//3088 603//3089 572//3090
f 597//3091 603//3092 539//3093
f 574//3094 573//3094 540//3095
f 532//3096 572//3096 592//3096
f 532//3097 592//3098 584//3099
f 573//3100 572//3100 563//3100
f 584//3101 574//3101 559//3101
f 574//3102 584//3102 573//3102
f 573//3103 584//3104 572//3105
f 603//3106 600//3107 572//3108
f 572//3109 600//3110 563//3111
f 597//3112 600//3113 603//3114
f 592//3115 572//3115 584//3115
