# Blender v2.91.2 OBJ File: 'BellPepperYellow_lowpoly.blend'
# www.blender.org
mtllib BellPepperYellow_lowpoly.mtl
o Mesh1.001
v -0.297282 0.136686 0.230248
v -0.347809 0.195708 0.190712
v -0.336002 0.114482 0.143107
v -0.369942 0.181820 0.113927
v -0.236575 0.137733 0.269271
v -0.378329 0.246972 0.124700
v -0.345117 0.124832 0.079619
v -0.279297 0.207599 0.273401
v -0.292664 0.264468 0.266126
v -0.349117 0.301750 0.188311
v -0.226708 -0.030710 0.126344
v -0.371772 0.293734 0.111067
v -0.282925 0.315955 0.257090
v -0.368667 0.261475 0.062171
v -0.205694 0.169199 0.285122
v -0.356533 0.168273 0.054253
v -0.252891 -0.017438 0.073410
v -0.340787 0.348069 0.106370
v -0.181147 -0.010523 0.198685
v -0.173594 -0.152925 0.077455
v -0.168337 0.182977 0.342550
v -0.386849 0.141870 -0.030460
v -0.180061 0.246690 0.351615
v -0.409650 0.240424 -0.017114
v -0.134409 0.006914 0.216177
v -0.226710 0.257152 0.291799
v -0.119170 0.103274 0.334442
v -0.132648 0.198842 0.375984
v -0.298482 0.372310 0.173024
v -0.113993 -0.153604 0.145939
v -0.034290 -0.134743 0.215103
v -0.116577 -0.186567 0.108697
v -0.265497 -0.036440 -0.029717
v -0.401298 0.183824 -0.069899
v -0.133040 0.288634 0.386699
v -0.251179 -0.001000 0.030995
v -0.351912 0.321165 0.058441
v -0.223405 0.323868 0.274328
v -0.405258 0.299593 -0.015949
v -0.363683 0.100756 -0.082792
v -0.408529 0.256075 -0.108381
v -0.186146 0.318606 0.341110
v -0.247777 0.364457 0.231537
v -0.066617 0.109422 0.356100
v -0.107374 -0.217729 0.036675
v -0.068142 -0.137706 0.168016
v -0.168162 -0.149659 0.004646
v -0.364576 0.359849 -0.005357
v -0.047871 -0.222219 0.094953
v -0.195205 -0.165257 -0.078721
v -0.180316 0.372437 0.293947
v -0.200144 0.366151 0.244768
v -0.029286 -0.013960 0.292981
v -0.403036 0.312039 -0.092097
v -0.138915 0.365552 0.351410
v -0.312471 0.362808 0.044904
v -0.380882 0.359697 -0.076296
v -0.262844 -0.049182 -0.096073
v 0.008839 -0.133664 0.240618
v -0.007092 0.143852 0.378711
v -0.033561 0.224856 0.399079
v -0.043660 0.304704 0.401531
v 0.031272 -0.191290 0.195905
v 0.018060 -0.209897 0.150274
v -0.244747 0.388354 0.146062
v -0.129512 -0.219503 -0.097706
v 0.001572 -0.210516 0.101864
v -0.358932 0.136392 -0.163327
v -0.176108 0.378485 0.219460
v -0.121298 -0.216277 -0.059273
v -0.083261 -0.214520 -0.022633
v -0.372970 0.334620 -0.162057
v -0.003921 -0.246129 0.008286
v -0.072590 0.390880 0.359702
v -0.374785 0.278752 -0.182547
v -0.076767 0.345641 0.386943
v 0.034880 0.257358 0.394260
v -0.083701 0.428518 0.266745
v 0.095745 -0.094410 0.267029
v -0.100043 0.411530 0.320176
v -0.271228 0.370464 0.027548
v 0.019569 -0.236534 0.035740
v -0.062430 -0.241001 -0.090872
v 0.071030 -0.229749 0.097531
v 0.078208 -0.221049 0.144800
v -0.351846 0.219763 -0.209948
v -0.160640 -0.154862 -0.194078
v -0.294613 0.123614 -0.231223
v -0.000666 0.350785 0.387728
v -0.020875 -0.221509 -0.042091
v -0.215617 0.375066 0.066389
v -0.150278 0.375106 0.150386
v 0.073153 0.145168 0.356297
v -0.152051 -0.107883 -0.232752
v -0.023341 -0.231527 -0.071758
v -0.314235 0.412782 -0.100339
v 0.119176 -0.147994 0.231234
v -0.344884 0.324931 -0.205290
v -0.094215 -0.208285 -0.176737
v -0.200341 0.369473 0.009707
v 0.002687 0.391835 0.361406
v 0.129215 -0.193414 0.176610
v -0.200054 0.380757 0.113784
v 0.071209 0.290727 0.376514
v -0.313584 0.237608 -0.250479
v -0.329422 0.392903 -0.149504
v -0.044501 0.433572 0.312475
v -0.186098 0.376076 0.058439
v -0.146194 0.385666 0.159936
v 0.049421 -0.213683 0.051944
v -0.227858 0.395726 -0.010432
v -0.238567 0.414996 -0.085253
v -0.107818 0.406962 0.183169
v -0.093126 -0.179028 -0.203206
v -0.166566 0.373683 0.086892
v -0.137921 0.379852 0.131512
v 0.045271 -0.218380 -0.014480
v -0.029395 -0.219186 -0.167971
v 0.181420 -0.058738 0.244200
v -0.185141 0.377067 0.035387
v 0.192685 -0.158808 0.163257
v -0.151936 0.359754 0.104314
v -0.182210 0.359181 0.036209
v 0.175358 -0.192324 0.112976
v 0.034938 -0.188483 -0.053692
v -0.139874 0.345711 0.075208
v 0.052128 0.390862 0.340499
v 0.193982 -0.109739 0.207612
v -0.103023 0.364030 0.116019
v -0.111933 0.390958 0.141963
v -0.138414 0.393149 0.118899
v -0.181038 0.402094 0.062421
v -0.156740 0.397284 0.104029
v 0.039044 -0.203969 -0.137219
v -0.083880 0.385136 0.156765
v -0.147588 0.389555 0.075196
v -0.133007 0.431904 0.079372
v -0.302750 0.368579 -0.213808
v -0.117211 0.396659 0.113154
v -0.102612 -0.130084 -0.250958
v -0.140482 -0.065239 -0.260166
v -0.157366 0.362252 0.015314
v -0.073652 0.406494 0.194850
v -0.187598 0.390383 -0.013834
v 0.012202 0.440123 0.299693
v -0.192505 0.385299 0.018919
v 0.081275 -0.179442 0.004956
v -0.094747 0.367145 0.108496
v -0.021184 0.421485 0.176676
v 0.155145 -0.193845 0.045633
v -0.063229 -0.170063 -0.233335
v -0.166284 0.392105 0.028466
v -0.167467 0.408244 0.045865
v -0.113197 0.410783 0.135478
v -0.278942 0.414274 -0.170660
v -0.185090 0.411506 0.005787
v -0.096760 0.414866 0.140782
v -0.257266 0.425998 -0.137202
v -0.097058 0.365113 0.109049
v -0.168579 0.362328 0.018276
v -0.168624 0.362164 0.018515
v -0.168287 0.362605 0.018395
v -0.202047 0.036422 -0.254079
v -0.095794 0.364969 0.105620
v -0.124372 0.360264 0.040027
v -0.095830 0.366149 0.098174
v -0.153716 0.426457 0.055636
v -0.096538 0.365071 0.090266
v -0.012054 0.446778 0.260565
v -0.094349 0.364877 0.099616
v -0.188705 0.398874 -0.069460
v -0.157442 0.361075 0.013839
v -0.161552 0.415884 0.028903
v -0.141852 0.685519 0.270439
v -0.097547 0.363305 0.086619
v -0.095384 0.364556 0.091991
v -0.090921 0.368050 0.109113
v -0.125789 0.654976 0.253194
v 0.101148 0.204405 0.354262
v -0.094571 0.367372 0.110168
v -0.156397 0.363427 0.008079
v -0.146541 0.656708 0.214980
v -0.152836 0.714866 0.256162
v -0.091808 0.365931 0.102471
v -0.092608 0.367542 0.103695
v -0.093958 0.368221 0.110152
v -0.148062 0.362561 -0.025867
v -0.155275 0.362465 0.010085
v -0.084705 0.369120 0.116470
v -0.094211 0.366024 0.108634
v -0.091975 0.366871 0.109890
v -0.158782 0.364178 -0.008360
v -0.109961 0.692292 0.273141
v -0.103270 0.362920 0.072937
v -0.090094 0.368761 0.115966
v -0.089924 0.368880 0.115850
v -0.090274 0.369013 0.115565
v -0.080830 0.399591 0.148208
v -0.177347 0.394711 -0.037420
v -0.090137 0.429580 0.112642
v -0.101559 0.363198 0.069860
v -0.088224 0.367643 0.108909
v -0.090958 0.368567 0.111558
v -0.157526 0.364518 0.003079
v -0.156996 0.432324 0.012791
v -0.089230 0.367683 0.110732
v -0.091052 0.368808 0.111590
v -0.055656 0.371058 0.123220
v -0.059856 0.404689 0.150416
v -0.154381 0.714136 0.170329
v -0.089815 0.366468 0.102710
v -0.090526 0.367668 0.104188
v -0.086345 0.366864 0.099029
v -0.137408 0.362974 0.011100
v -0.134810 0.363897 0.002715
v -0.102306 0.362041 0.076563
v -0.093253 0.364714 0.090783
v -0.084645 0.367539 0.105323
v -0.103368 0.436087 0.100057
v -0.101376 0.362495 0.072749
v -0.101232 0.362785 0.071531
v -0.092439 0.365138 0.090235
v -0.093065 0.365615 0.089413
v -0.074462 0.408422 0.123316
v -0.092588 0.364831 0.090900
v -0.083706 0.369226 0.102077
v -0.138763 0.617937 0.154670
v -0.085550 0.369366 0.100645
v -0.164525 0.396636 -0.016197
v -0.001902 -0.198396 -0.194802
v 0.081691 -0.175379 -0.034961
v -0.101119 0.362710 0.072086
v -0.084877 0.368358 0.100297
v -0.085200 0.367399 0.098444
v -0.050535 0.394871 0.157910
v -0.135089 0.362279 0.016346
v -0.083432 0.367754 0.100091
v -0.158342 0.523094 0.074246
v -0.134596 0.362838 0.015878
v -0.134812 0.362692 0.015174
v -0.082051 0.367902 0.100668
v -0.134191 0.363453 0.015149
v -0.134321 0.363327 0.014889
v -0.099260 0.650010 0.234420
v -0.134589 0.363375 0.013389
v -0.134087 0.363866 0.014035
v -0.134294 0.363733 0.013209
v -0.110498 0.490322 0.093997
v -0.134566 0.363779 0.011454
v -0.133826 0.364359 0.011736
v -0.134260 0.364152 0.010726
v -0.134451 0.363925 0.011725
v -0.132824 0.364792 0.012889
v -0.133326 0.364690 0.012623
v -0.132863 0.364851 0.012320
v -0.134010 0.364398 0.011719
v -0.133224 0.365072 0.010034
v -0.133189 0.365328 0.008603
v -0.125093 0.747044 0.237935
v -0.061066 0.425705 0.141013
v -0.082208 0.670830 0.262728
v -0.172075 0.655748 0.152505
v -0.169589 0.415673 -0.032603
v -0.170175 0.583354 0.075843
v -0.132746 0.364926 0.006196
v -0.212489 0.292525 -0.269336
v -0.069585 0.372362 0.097013
v 0.043475 0.442018 0.229274
v -0.036942 0.395095 0.141206
v -0.230953 0.311879 -0.256413
v -0.037947 0.393497 0.143723
v -0.144339 0.439728 -0.007050
v -0.065516 0.443349 0.108755
v -0.132638 0.551593 0.108151
v -0.160986 0.648031 0.097209
v 0.071226 -0.165252 -0.098376
v 0.096815 -0.180299 -0.047175
v -0.035130 0.394364 0.139597
v -0.039206 0.384858 0.098590
v -0.079913 0.454662 0.095533
v -0.029733 0.393356 0.130033
v 0.100306 0.389555 0.284144
v -0.166931 0.398876 -0.082083
v -0.110635 0.063396 -0.262734
v -0.224707 0.364456 -0.237064
v -0.131547 0.382417 -0.055733
v -0.181789 0.397839 -0.072560
v -0.181299 0.398375 -0.072681
v -0.017766 0.418308 0.123820
v 0.010675 0.422725 0.167567
v -0.199731 0.420142 -0.158710
v -0.180786 0.398909 -0.072772
v -0.034307 0.396187 0.141254
v 0.214478 -0.023604 0.177440
v -0.191255 0.229546 -0.276327
v -0.031301 0.394511 0.134818
v -0.216887 0.414190 -0.188599
v 0.072589 -0.166022 -0.069206
v 0.059815 0.437731 0.249341
v -0.065182 -0.038240 -0.264014
v 0.144023 0.307406 0.292069
v -0.034294 0.395056 0.137964
v -0.160394 0.386439 -0.058498
v -0.160302 0.386564 -0.058236
v -0.160201 0.386682 -0.058297
v -0.033192 0.395137 0.139788
v -0.033825 0.395558 0.139238
v -0.033594 0.396692 0.140701
v -0.162125 0.414299 -0.098591
v -0.139589 0.437960 -0.020203
v -0.047749 0.464766 0.080328
v -0.103427 0.381858 -0.039630
v -0.109441 0.401852 -0.081712
v -0.032704 0.395553 0.139287
v -0.135432 0.408513 -0.064920
v -0.039473 0.430374 0.133053
v -0.126566 0.740239 0.188966
v -0.032887 0.385749 0.096692
v -0.011698 0.396993 0.103661
v -0.106076 0.557591 0.111649
v 0.099408 -0.158898 -0.067527
v -0.013012 -0.124635 -0.241003
v -0.150941 0.581071 0.041481
v -0.104745 0.609643 0.134795
v 0.132098 -0.159102 -0.002091
v -0.027301 0.397064 0.136742
v -0.114294 0.646696 0.187780
v -0.030779 0.396771 0.135814
v -0.061428 0.718916 0.241859
v 0.114108 -0.160902 -0.030271
v -0.030589 0.394619 0.133024
v -0.020568 0.410101 0.158641
v -0.020221 0.410214 0.158599
v -0.020484 0.410362 0.158241
v -0.154020 0.420450 -0.051000
v -0.093957 0.664682 0.182876
v -0.111414 0.458559 -0.025365
v 0.202884 -0.147412 0.076474
v -0.067429 0.670595 0.227053
v -0.116016 0.401682 -0.081569
v 0.022711 0.436238 0.143562
v 0.025544 -0.162959 -0.202385
v -0.007813 0.396659 0.123598
v 0.138887 -0.164079 -0.034831
v -0.143340 0.672777 0.102432
v 0.104594 -0.166907 -0.089483
v 0.161698 -0.146406 -0.018267
v -0.035344 0.385918 0.093633
v 0.096818 -0.151523 -0.118625
v -0.030718 0.423329 0.105039
v -0.124002 0.415046 -0.045533
v -0.032974 0.385703 0.094111
v -0.032173 0.385818 0.094671
v -0.103276 0.383218 -0.040813
v 0.219795 -0.104965 0.130760
v -0.031614 0.386167 0.093986
v -0.031056 0.386462 0.093663
v -0.031686 0.386173 0.093914
v -0.030169 0.386764 0.093110
v -0.161616 0.411609 -0.115480
v -0.054893 0.707692 0.207570
v -0.097493 0.746236 0.201180
v 0.115793 -0.148287 -0.062227
v -0.104297 0.381349 -0.038430
v -0.103661 0.381697 -0.038913
v -0.104397 0.381300 -0.038616
v -0.103742 0.381632 -0.039069
v -0.098095 0.667139 0.136534
v -0.102906 0.382153 -0.039197
v -0.107897 0.727716 0.165627
v 0.188104 -0.153775 0.048337
v -0.003047 0.399921 0.098449
v 0.047570 -0.166795 -0.174859
v -0.077023 0.545588 0.089415
v -0.069054 0.735422 0.211924
v 0.005751 0.409556 0.106000
v -0.110491 0.402882 -0.081985
v -0.080059 0.705276 0.183930
v 0.004845 0.410547 0.109188
v 0.013439 0.434565 0.113618
v -0.093482 0.620488 0.114618
v -0.099868 0.391811 -0.066564
v 0.121967 -0.143614 -0.101866
v 0.146310 -0.158166 -0.080454
v -0.059605 0.398114 -0.048244
v 0.096381 -0.178746 -0.183809
v 0.145450 -0.146596 -0.050143
v -0.124247 0.643850 0.078256
v 0.216188 -0.167377 0.010418
v -0.120423 0.437906 -0.068245
v -0.114945 0.401632 -0.082801
v -0.033410 0.465433 0.074926
v -0.096790 0.507399 -0.003154
v 0.014766 -0.129930 -0.276419
v 0.006208 0.410031 0.111865
v -0.009134 0.451046 0.107694
v 0.262664 -0.085175 0.139531
v -0.063788 0.529794 0.057055
v -0.051266 0.708077 0.225735
v 0.007787 0.411717 0.105794
v 0.006549 0.410268 0.107169
v 0.011258 0.412945 0.106597
v -0.110295 0.403427 -0.082296
v -0.113495 0.403688 -0.083508
v -0.113935 0.403417 -0.083768
v -0.019749 -0.045552 -0.327148
v 0.153643 0.438073 0.272395
v 0.007465 0.411088 0.106066
v -0.113158 0.403492 -0.084209
v 0.094164 0.478940 0.236459
v 0.263938 0.268147 0.248786
v -0.105649 0.406075 -0.087105
v -0.105868 0.405097 -0.086465
v 0.020501 0.430770 0.136615
v 0.020574 0.430723 0.136744
v 0.020788 0.430720 0.136619
v -0.101911 0.427604 -0.089573
v -0.177160 0.462909 -0.201734
v 0.294815 -0.025184 0.166078
v 0.062598 0.482071 0.073736
v -0.072506 0.394910 -0.071686
v -0.098948 0.444782 -0.075016
v 0.070382 0.487230 0.178736
v -0.017347 0.469127 0.057770
v -0.093146 0.409007 -0.103877
v 0.236652 0.360736 0.270158
v 0.018563 0.415475 0.045571
v -0.080850 0.464610 -0.035447
v 0.281444 -0.118045 0.107864
v -0.153139 0.337735 -0.350647
v 0.006395 0.453491 0.092089
v 0.064389 -0.160397 -0.255602
v -0.071271 0.481505 -0.012153
v -0.081224 0.549765 0.044798
v -0.081109 0.431510 -0.078375
v 0.245255 -0.154628 0.060405
v 0.154864 -0.143535 -0.087323
v -0.116209 0.421152 -0.106130
v -0.115709 0.421149 -0.106498
v -0.115748 0.421112 -0.106596
v 0.004024 0.443473 0.074622
v 0.033366 -0.117734 -0.305857
v 0.287379 0.101763 0.195966
v -0.143634 0.464420 -0.165898
v -0.184301 0.452498 -0.251300
v -0.053888 0.398778 -0.045869
v 0.015588 0.412699 0.040366
v -0.100346 0.436422 -0.119055
v 0.162139 -0.131816 -0.137345
v -0.117200 0.428138 -0.112431
v -0.020661 0.472277 0.031318
v 0.022918 0.407727 0.075504
v -0.053660 0.400878 -0.045956
v 0.023572 0.443249 0.081139
v 0.199154 -0.128440 -0.068848
v -0.054527 0.398249 -0.044219
v -0.053153 0.398221 -0.042731
v -0.052747 0.398365 -0.043138
v -0.131696 0.266064 -0.360006
v -0.052375 0.398472 -0.042592
v -0.055501 0.465193 -0.029563
v 0.143313 -0.147817 -0.261441
v -0.051934 0.398624 -0.043105
v -0.050558 0.401893 -0.048688
v -0.188511 0.406837 -0.294695
v -0.049550 0.401916 -0.044177
v -0.048933 0.401490 -0.045652
v 0.175989 -0.134801 -0.099612
v -0.048900 0.402149 -0.043719
v -0.047984 0.402257 -0.043720
v -0.047241 0.402038 -0.044472
v -0.048136 0.401562 -0.045485
v 0.015588 0.414144 0.038882
v -0.064889 0.442641 -0.086779
v -0.039335 0.472314 0.001614
v -0.046716 0.402532 -0.043489
v -0.047201 0.402089 -0.044383
v -0.046226 0.411628 -0.064597
v -0.045760 0.402408 -0.044016
v -0.046258 0.401971 -0.044734
v -0.038515 0.405633 -0.044417
v 0.158359 0.497621 0.224730
v 0.289076 -0.142170 0.041524
v 0.018838 0.415187 0.044099
v 0.021045 0.416561 0.046135
v 0.019351 0.414964 0.041576
v -0.036856 0.405379 -0.040845
v -0.035898 0.406364 -0.046323
v 0.057972 0.459512 0.094024
v 0.017899 0.471357 0.052756
v 0.016199 0.415053 0.040378
v -0.060777 0.464742 -0.068951
v 0.011880 0.412472 0.029302
v 0.038182 0.431594 0.074850
v 0.260629 -0.121934 -0.084598
v -0.031642 0.405962 -0.040690
v 0.010603 0.410310 0.031403
v 0.010146 0.410353 0.030991
v 0.010629 0.410497 0.030613
v 0.018962 0.415663 0.044855
v 0.004261 0.436691 -0.055283
v 0.012341 0.411642 0.027803
v 0.016621 0.413475 0.037806
v 0.019340 0.416543 0.043645
v 0.016395 0.415613 0.039471
v 0.016557 0.414777 0.035172
v 0.016743 0.414914 0.036926
v 0.018271 0.415364 0.038818
v 0.019013 0.416652 0.042444
v 0.126204 0.520234 0.168237
v 0.314909 -0.047585 0.131691
v 0.012146 0.412831 -0.026833
v 0.019208 0.416162 0.034453
v 0.016925 0.416236 0.036056
v 0.011035 0.451535 0.031094
v 0.303053 -0.133088 -0.018740
v 0.225069 0.419665 0.259371
v -0.037184 0.445855 -0.059250
v 0.025081 0.431252 -0.007644
v -0.115022 0.494103 -0.204891
v 0.019786 0.418138 0.037114
v 0.020117 0.418124 0.036945
v 0.020331 0.417895 0.037360
v -0.058324 0.470396 -0.118767
v 0.068995 -0.108736 -0.306994
v 0.199795 -0.147407 -0.113654
v -0.039910 0.452337 -0.080440
v 0.013508 0.473145 -0.005145
v 0.195693 -0.128084 -0.179291
v 0.018626 0.471712 0.016558
v 0.039553 0.458317 0.042517
v -0.114647 0.497990 -0.249094
v 0.178985 -0.143717 -0.219884
v -0.006592 0.449862 -0.015832
v 0.211971 0.478006 0.227462
v -0.022733 0.468652 -0.052411
v 0.055392 0.453909 0.037800
v -0.009029 0.471832 -0.041009
v 0.037006 0.456053 0.019776
v 0.102441 -0.116627 -0.308644
v 0.020242 -0.030405 -0.343862
v -0.035475 0.442537 -0.097268
v 0.022405 0.457622 -0.019466
v -0.138142 0.468689 -0.285607
v 0.011036 0.455373 -0.038449
v 0.335010 -0.093060 0.056589
v -0.012845 0.452209 -0.067222
v 0.115602 0.504568 0.035273
v 0.287054 0.301894 0.233863
v -0.138310 0.424239 -0.334122
v -0.002976 0.473750 -0.086177
v -0.007817 0.481166 -0.131244
v 0.353159 -0.015019 0.093898
v 0.251057 -0.137172 -0.147693
v -0.097108 0.284698 -0.377427
v 0.077106 -0.045924 -0.349178
v 0.275735 0.388767 0.228702
v 0.335513 -0.096347 -0.037870
v 0.009402 0.472870 -0.081402
v 0.056749 0.478129 0.000313
v 0.038305 0.488969 -0.043034
v -0.081220 0.396846 -0.367807
v -0.020740 0.516503 -0.224411
v 0.338355 0.281020 0.153961
v 0.065656 0.522654 -0.060380
v 0.195297 0.531520 0.125239
v 0.203817 -0.105338 -0.252294
v 0.266810 0.453062 0.201573
v 0.309099 -0.070737 -0.096007
v 0.181703 0.533768 0.064607
v -0.085173 0.462490 -0.328956
v 0.235999 0.514826 0.143509
v 0.271065 -0.071880 -0.207689
v 0.275376 -0.117698 -0.146145
v 0.226390 -0.087424 -0.217208
v 0.015257 0.506991 -0.167697
v 0.190442 -0.074770 -0.297994
v -0.050472 0.504139 -0.282440
v 0.149831 0.521884 0.018440
v 0.010496 0.221242 -0.383667
v 0.374278 0.021031 -0.018325
v 0.116483 0.136308 -0.347622
v 0.317444 0.371540 0.172450
v 0.359164 0.160958 0.047306
v -0.022553 0.323100 -0.386204
v 0.326614 -0.033953 -0.159098
v -0.009262 0.482082 -0.319429
v 0.360659 -0.048196 -0.030306
v 0.235286 -0.024403 -0.245226
v 0.049848 0.511034 -0.197362
v 0.336158 0.034605 -0.095061
v 0.290681 0.465447 0.141791
v 0.109470 0.553374 -0.089365
v 0.182603 0.007650 -0.324917
v 0.026379 0.512096 -0.254712
v 0.293127 -0.012238 -0.222264
v -0.003248 0.433825 -0.353914
v 0.231093 0.526083 0.068179
v 0.184243 0.520176 0.006599
v 0.084502 0.535725 -0.170497
v 0.095527 0.279295 -0.359337
v 0.354326 0.305509 0.051780
v 0.333116 0.394652 0.097769
v 0.179417 0.543606 -0.055148
v 0.068119 0.380168 -0.357210
v 0.167054 0.157035 -0.312538
v 0.351032 0.169283 -0.020020
v 0.231452 0.497433 -0.013311
v 0.231053 0.053745 -0.258447
v 0.284796 0.490133 0.069003
v 0.336572 0.060048 -0.153703
v 0.232575 0.520005 -0.067342
v 0.193864 0.200624 -0.258415
v 0.311566 0.204008 -0.072005
v 0.096232 0.481051 -0.237993
v 0.272848 0.102130 -0.238158
v 0.047713 0.472876 -0.311190
v 0.309659 0.060816 -0.208877
v 0.137617 0.506807 -0.220716
v 0.130767 0.290461 -0.330488
v 0.143433 0.395546 -0.271281
v 0.161188 0.544379 -0.140742
v 0.300740 0.356256 -0.043414
v 0.103074 0.404819 -0.318264
v 0.237891 0.200331 -0.245050
v 0.331578 0.364574 0.014095
v 0.325626 0.423367 0.052872
v 0.205380 0.527429 -0.133715
v 0.279868 0.187397 -0.206946
v 0.317982 0.206928 -0.128227
v 0.193702 0.357538 -0.263384
v 0.279588 0.431752 -0.032252
v 0.274213 0.462376 -0.063996
v 0.190476 0.428641 -0.249099
v 0.234923 0.371008 -0.236835
v 0.305422 0.392193 -0.089629
v 0.181299 0.502147 -0.199295
v 0.297092 0.380615 -0.140304
v 0.274281 0.334293 -0.196923
v 0.273286 0.460744 -0.115146
v 0.247986 0.438363 -0.193207
v -0.134445 0.363563 0.013300
v -0.052881 0.398273 -0.042234
v -0.104350 0.381331 -0.038521
v -0.134258 0.363397 0.015020
v -0.134510 0.363856 0.011590
vn -0.8012 -0.3835 0.4594
vn -0.8067 -0.3801 0.4525
vn -0.8038 -0.3834 0.4549
vn -0.7394 -0.2031 0.6419
vn -0.7424 -0.2004 0.6393
vn -0.7366 -0.2030 0.6452
vn -0.8954 -0.3148 0.3150
vn -0.7595 -0.0904 0.6442
vn -0.7563 -0.0936 0.6475
vn -0.7584 -0.1000 0.6441
vn -0.5035 -0.3497 0.7901
vn -0.5015 -0.3534 0.7897
vn -0.4980 -0.3535 0.7919
vn -0.9058 -0.0007 0.4238
vn -0.9089 -0.0083 0.4169
vn -0.9057 0.0010 0.4239
vn -0.9380 -0.1739 0.2999
vn -0.9390 -0.1717 0.2979
vn -0.9382 -0.1706 0.3013
vn -0.8087 0.0033 0.5883
vn -0.8092 0.0001 0.5875
vn -0.8084 -0.0023 0.5886
vn -0.9010 -0.4294 0.0614
vn -0.8980 -0.4355 0.0623
vn -0.9030 -0.4250 0.0625
vn -0.6847 -0.5691 0.4552
vn -0.6901 -0.5646 0.4527
vn -0.6881 -0.5707 0.4482
vn -0.6004 -0.5893 0.5406
vn -0.5978 -0.5869 0.5461
vn -0.6035 -0.5854 0.5414
vn -0.4582 -0.5128 0.7260
vn -0.4543 -0.5173 0.7253
vn -0.4545 -0.5169 0.7254
vn -0.7229 0.2498 0.6442
vn -0.8407 -0.5404 0.0354
vn -0.8389 -0.5433 0.0328
vn -0.8381 -0.5446 0.0315
vn -0.9357 -0.3255 -0.1364
vn -0.9340 -0.3293 -0.1387
vn -0.9371 -0.3219 -0.1353
vn -0.1808 -0.1636 0.9698
vn -0.1829 -0.1667 0.9689
vn -0.1808 -0.1679 0.9691
vn -0.7689 -0.5980 0.2261
vn -0.7619 -0.6074 0.2249
vn -0.7657 -0.6019 0.2267
vn -0.3271 -0.1490 0.9332
vn -0.9742 -0.0956 -0.2045
vn -0.9764 -0.0958 -0.1937
vn -0.9763 -0.0869 -0.1981
vn -0.9444 0.2069 0.2555
vn -0.9451 0.2005 0.2580
vn -0.3571 0.0404 0.9332
vn -0.3626 0.0327 0.9314
vn -0.3626 0.0325 0.9314
vn -0.9778 -0.1122 -0.1771
vn -0.9783 -0.1107 -0.1751
vn -0.9785 -0.1078 -0.1756
vn -0.8417 0.5016 0.1997
vn -0.8428 0.5003 0.1985
vn -0.8445 0.4985 0.1959
vn -0.9857 0.1026 -0.1339
vn -0.9864 0.1027 -0.1287
vn -0.9873 0.0989 -0.1245
vn -0.6577 -0.5082 0.5560
vn -0.6601 -0.5110 0.5505
vn -0.6548 -0.5128 0.5552
vn -0.7926 -0.2267 0.5661
vn -0.7917 -0.2304 0.5658
vn -0.7908 -0.2264 0.5687
vn -0.8832 -0.2516 0.3959
vn -0.8815 -0.2575 0.3957
vn -0.8788 -0.2613 0.3993
vn -0.6493 -0.5157 0.5590
vn -0.6557 -0.5099 0.5569
vn -0.6503 -0.5134 0.5599
vn -0.0496 -0.4163 0.9079
vn -0.0535 -0.4112 0.9100
vn -0.0544 -0.4042 0.9131
vn -0.7864 -0.2314 0.5728
vn -0.7831 -0.2343 0.5760
vn -0.7829 -0.2332 0.5768
vn -0.8320 -0.4761 0.2846
vn -0.8295 -0.4768 0.2908
vn -0.8298 -0.4772 0.2894
vn -0.8606 -0.1533 0.4856
vn -0.1504 -0.4716 0.8689
vn -0.1543 -0.4706 0.8688
vn -0.1550 -0.4679 0.8701
vn -0.6803 -0.4724 0.5603
vn -0.6760 -0.4791 0.5599
vn -0.6810 -0.4728 0.5592
vn -0.3319 0.2236 0.9164
vn -0.6495 0.5726 0.5002
vn -0.6496 0.5724 0.5003
vn -0.6464 0.5730 0.5038
vn -0.6178 -0.2169 0.7559
vn -0.6139 -0.2270 0.7561
vn -0.6128 -0.2207 0.7588
vn -0.8017 -0.4437 -0.4005
vn -0.8018 -0.4441 -0.3997
vn -0.7996 -0.4472 -0.4007
vn -0.3001 0.2555 0.9190
vn -0.8182 -0.5248 -0.2350
vn -0.8208 -0.5219 -0.2321
vn -0.8203 -0.5195 -0.2392
vn -0.7493 -0.5107 0.4217
vn -0.7498 -0.5087 0.4230
vn -0.7464 -0.5092 0.4285
vn -0.5281 -0.4046 0.7466
vn -0.5209 -0.3987 0.7548
vn -0.5253 -0.4004 0.7508
vn -0.6271 -0.5612 0.5402
vn -0.6847 -0.5068 0.5238
vn -0.5345 -0.1024 0.8389
vn -0.5319 -0.1067 0.8401
vn -0.5350 -0.0973 0.8392
vn -0.7206 -0.5096 0.4701
vn -0.7237 -0.5065 0.4687
vn -0.7167 -0.5174 0.4675
vn -0.9661 -0.2373 0.1015
vn -0.7863 0.0236 0.6174
vn -0.7200 -0.5181 0.4616
vn -0.7206 -0.5130 0.4664
vn -0.7193 -0.5168 0.4643
vn -0.8930 0.0575 0.4463
vn -0.7534 0.6017 0.2652
vn -0.7570 0.6022 0.2536
vn -0.7598 0.5946 0.2630
vn -0.8187 0.2617 0.5112
vn -0.8202 0.2550 0.5121
vn -0.8170 0.2670 0.5111
vn -0.9431 0.2438 -0.2261
vn -0.9422 0.2483 -0.2251
vn -0.9408 0.2576 -0.2203
vn -0.6254 0.0590 0.7781
vn -0.6324 0.0532 0.7728
vn -0.6306 0.0597 0.7738
vn -0.8514 0.1718 0.4956
vn -0.8539 0.1772 0.4892
vn -0.8537 0.1672 0.4931
vn -0.9118 -0.4005 -0.0906
vn -0.9124 -0.3991 -0.0903
vn -0.9131 -0.3987 -0.0860
vn -0.5216 0.6613 0.5391
vn -0.5205 0.6616 0.5398
vn -0.5178 0.6629 0.5408
vn -0.2586 -0.4390 0.8605
vn -0.2614 -0.4395 0.8594
vn -0.2620 -0.4444 0.8567
vn -0.9927 -0.1165 -0.0322
vn -0.8691 -0.4483 -0.2088
vn -0.3046 -0.4155 0.8571
vn -0.2989 -0.4159 0.8589
vn -0.8589 -0.5042 -0.0898
vn -0.8612 -0.5014 -0.0836
vn -0.8591 -0.5033 -0.0928
vn -0.1896 -0.3913 0.9005
vn -0.1966 -0.3885 0.9002
vn -0.1910 -0.3931 0.8995
vn -0.5913 -0.7649 0.2554
vn -0.8245 -0.5608 0.0747
vn -0.8266 -0.5585 0.0698
vn -0.2916 -0.5098 0.8094
vn -0.2909 -0.5099 0.8096
vn -0.2893 -0.5052 0.8130
vn -0.8253 -0.5596 0.0759
vn -0.8242 -0.5621 0.0694
vn -0.8217 -0.5652 0.0734
vn -0.8674 0.4931 -0.0669
vn -0.8705 0.4874 -0.0685
vn -0.8710 0.4851 -0.0776
vn -0.9973 0.0740 0.0004
vn -0.6889 -0.4972 0.5276
vn -0.6927 -0.4875 0.5315
vn -0.6956 -0.4902 0.5252
vn -0.7361 -0.4965 0.4601
vn -0.7342 -0.4937 0.4661
vn -0.7363 -0.4931 0.4633
vn -0.3005 0.6037 0.7384
vn -0.2921 0.6064 0.7395
vn -0.2935 0.6008 0.7436
vn -0.2421 -0.7181 0.6524
vn -0.7568 -0.5531 0.3483
vn -0.7590 -0.5461 0.3547
vn -0.7631 -0.5454 0.3468
vn -0.7834 0.4529 0.4257
vn -0.7830 0.4501 0.4293
vn -0.7799 0.4537 0.4312
vn -0.3834 -0.8646 0.3247
vn -0.7492 0.4805 0.4558
vn -0.2739 -0.5057 0.8181
vn -0.2746 -0.5057 0.8178
vn -0.2799 -0.5074 0.8150
vn -0.2298 0.6425 0.7310
vn -0.2321 0.6464 0.7268
vn -0.2357 0.6340 0.7365
vn -0.5014 0.3289 0.8003
vn -0.7236 -0.6852 -0.0834
vn -0.7268 -0.6820 -0.0817
vn -0.7262 -0.6824 -0.0834
vn -0.8663 -0.4958 0.0606
vn -0.8634 -0.5006 0.0626
vn -0.8659 -0.4966 0.0605
vn -0.9231 -0.2469 -0.2947
vn -0.9234 -0.2483 -0.2927
vn -0.9237 -0.2461 -0.2937
vn -0.7429 0.6424 -0.1882
vn -0.7464 0.6384 -0.1881
vn -0.7432 0.6437 -0.1828
vn -0.9948 0.1013 -0.0125
vn -0.9950 0.0978 -0.0186
vn -0.9953 0.0962 -0.0077
vn -0.7723 0.5898 0.2360
vn -0.1611 -0.3324 0.9293
vn -0.1661 -0.3317 0.9286
vn -0.1598 -0.3332 0.9292
vn -0.1954 -0.1113 0.9744
vn -0.2005 -0.1152 0.9729
vn -0.1962 -0.1170 0.9736
vn -0.6513 0.5421 0.5310
vn -0.6517 0.5385 0.5341
vn -0.6499 0.5399 0.5348
vn -0.4396 -0.4738 0.7631
vn -0.4355 -0.4716 0.7668
vn -0.4428 -0.4693 0.7640
vn -0.8987 -0.3782 -0.2222
vn -0.9023 -0.3739 -0.2144
vn -0.9019 -0.3702 -0.2226
vn -0.3710 0.3630 0.8547
vn -0.3719 0.3635 0.8542
vn -0.3718 0.3624 0.8546
vn -0.1411 -0.2849 0.9481
vn -0.1499 -0.2801 0.9482
vn -0.1509 -0.2892 0.9453
vn -0.8315 0.5204 0.1945
vn -0.8246 0.5331 0.1894
vn -0.8289 0.5263 0.1894
vn -0.6362 -0.7121 -0.2969
vn -0.6423 -0.7070 -0.2960
vn -0.6342 -0.7136 -0.2977
vn -0.1178 -0.6629 0.7394
vn -0.1295 -0.6617 0.7385
vn -0.1235 -0.6658 0.7359
vn -0.5335 0.6722 0.5135
vn -0.4825 0.8758 -0.0123
vn -0.4774 0.8785 -0.0152
vn -0.4878 0.8729 -0.0133
vn -0.9111 0.4101 0.0405
vn 0.0467 -0.6468 0.7612
vn 0.0472 -0.6465 0.7615
vn 0.0475 -0.6478 0.7604
vn -0.5275 -0.7388 0.4194
vn -0.5279 -0.7349 0.4257
vn -0.5311 -0.7308 0.4289
vn -0.5892 -0.7358 0.3336
vn -0.5967 -0.7315 0.3300
vn -0.5888 -0.7349 0.3366
vn -0.3715 -0.6572 0.6558
vn -0.3725 -0.6551 0.6574
vn -0.3757 -0.6533 0.6573
vn -0.1548 -0.0499 0.9867
vn -0.5976 -0.7722 0.2157
vn -0.6008 -0.7701 0.2145
vn -0.1445 0.9565 0.2536
vn -0.8063 -0.5207 -0.2808
vn -0.8076 -0.5217 -0.2751
vn -0.8096 -0.5172 -0.2776
vn -0.4320 -0.7656 0.4766
vn -0.4347 -0.7621 0.4798
vn -0.4289 -0.7641 0.4819
vn -0.5002 -0.7407 0.4485
vn -0.5066 -0.7405 0.4416
vn -0.5055 -0.7379 0.4472
vn -0.3067 0.9510 -0.0391
vn -0.3031 0.9522 -0.0375
vn -0.2995 0.9533 -0.0394
vn -0.1430 0.9526 0.2685
vn -0.1476 0.9529 0.2650
vn -0.1538 0.9514 0.2669
vn -0.5905 -0.7823 0.1982
vn -0.5913 -0.7833 0.1921
vn -0.5927 -0.7836 0.1862
vn -0.1308 -0.4826 0.8660
vn -0.1317 -0.4817 0.8664
vn -0.1297 -0.4855 0.8646
vn -0.1895 0.1909 0.9631
vn -0.1948 0.1862 0.9630
vn -0.1934 0.1868 0.9632
vn -0.1270 0.9358 0.3288
vn -0.1257 0.9328 0.3377
vn -0.1200 0.9333 0.3385
vn -0.8068 -0.5186 -0.2830
vn -0.8048 -0.5230 -0.2806
vn -0.8086 -0.5173 -0.2802
vn -0.0781 -0.4495 0.8899
vn -0.0774 -0.4527 0.8883
vn -0.0749 -0.4506 0.8896
vn -0.2965 0.5126 0.8058
vn -0.2201 -0.9635 0.1526
vn -0.2224 -0.9629 0.1529
vn -0.2257 -0.9621 0.1530
vn -0.5025 0.7362 0.4534
vn -0.5056 0.7347 0.4523
vn -0.5066 0.7323 0.4550
vn -0.9229 0.1883 -0.3359
vn -0.9237 0.1857 -0.3351
vn -0.9222 0.1874 -0.3384
vn -0.0803 -0.4200 0.9040
vn -0.0829 -0.4193 0.9040
vn -0.0808 -0.4247 0.9017
vn 0.1557 -0.1921 0.9689
vn 0.1591 -0.1915 0.9685
vn 0.1608 -0.1944 0.9676
vn -0.8866 -0.1657 -0.4318
vn -0.8847 -0.1684 -0.4346
vn -0.8855 -0.1669 -0.4336
vn -0.8079 -0.5139 -0.2884
vn -0.8069 -0.5177 -0.2843
vn -0.8054 -0.5146 -0.2941
vn -0.8850 -0.1376 -0.4447
vn -0.0183 -0.6173 0.7865
vn -0.0196 -0.6159 0.7875
vn -0.0082 -0.6201 0.7845
vn -0.3481 0.8850 0.3092
vn -0.3408 0.8868 0.3122
vn -0.3498 0.8868 0.3020
vn -0.3477 0.7100 0.6124
vn -0.3432 0.7123 0.6122
vn -0.3489 0.7128 0.6084
vn 0.0858 -0.0223 0.9961
vn 0.0799 -0.0205 0.9966
vn 0.0863 -0.0195 0.9961
vn -0.3043 -0.9364 -0.1746
vn -0.3049 -0.9364 -0.1738
vn -0.3049 -0.9362 -0.1746
vn -0.9164 0.1699 -0.3625
vn -0.9158 0.1642 -0.3665
vn -0.9185 0.1626 -0.3604
vn -0.8560 0.4696 -0.2163
vn -0.8576 0.4664 -0.2166
vn -0.8542 0.4733 -0.2152
vn -0.2341 -0.9279 0.2902
vn -0.2407 -0.9274 0.2864
vn -0.2350 -0.9282 0.2885
vn -0.4730 0.8713 0.1306
vn -0.4739 0.8698 0.1373
vn -0.4703 0.8718 0.1372
vn -0.3154 -0.9377 0.1461
vn -0.3202 -0.9357 0.1480
vn -0.3207 -0.9363 0.1435
vn 0.0516 -0.9557 0.2898
vn -0.2597 -0.9604 0.1007
vn -0.2600 -0.9603 0.1010
vn -0.2605 -0.9602 0.1009
vn -0.1372 -0.9045 0.4037
vn -0.1308 -0.9016 0.4124
vn -0.1231 -0.9062 0.4045
vn -0.2245 0.9696 -0.0974
vn -0.2159 0.9718 -0.0947
vn -0.2231 0.9694 -0.1025
vn 0.0052 -0.5566 0.8308
vn -0.0037 -0.5595 0.8288
vn -0.0046 -0.5574 0.8302
vn -0.6584 -0.7060 -0.2609
vn -0.6595 -0.7071 -0.2552
vn -0.6612 -0.7024 -0.2635
vn 0.1582 -0.9025 0.4007
vn 0.1625 -0.9035 0.3967
vn 0.1538 -0.9058 0.3948
vn -0.1607 -0.9661 0.2022
vn 0.0093 -0.9313 0.3642
vn 0.2681 -0.2254 0.9366
vn 0.2641 -0.2226 0.9385
vn 0.2655 -0.2265 0.9371
vn -0.7211 -0.2886 -0.6298
vn -0.7215 -0.2938 -0.6270
vn -0.7238 -0.2896 -0.6263
vn -0.0244 0.3129 0.9495
vn -0.0310 0.3132 0.9492
vn -0.0329 0.3072 0.9511
vn 0.0267 0.9867 -0.1602
vn 0.0287 0.9877 -0.1538
vn 0.0287 0.9883 -0.1497
vn 0.1707 0.1332 0.9763
vn -0.0439 0.5183 0.8541
vn 0.1340 0.9910 0.0073
vn 0.1367 0.9906 0.0041
vn 0.1425 0.9898 0.0054
vn -0.5842 0.8003 0.1348
vn -0.5834 0.8017 0.1299
vn -0.5876 0.7981 0.1334
vn -0.2163 -0.9039 -0.3690
vn -0.6692 -0.3981 -0.6275
vn -0.6745 -0.3951 -0.6237
vn -0.6737 -0.3846 -0.6310
vn 0.3918 -0.8135 0.4298
vn 0.3933 -0.8152 0.4253
vn 0.3915 -0.8158 0.4257
vn 0.2597 -0.3114 0.9141
vn 0.2601 -0.3189 0.9114
vn 0.2614 -0.3182 0.9113
vn -0.4830 0.8714 0.0859
vn -0.4829 0.8718 0.0827
vn -0.4852 0.8705 0.0821
vn -0.6974 -0.4245 -0.5774
vn -0.6989 -0.4202 -0.5788
vn -0.6958 -0.4247 -0.5792
vn 0.0762 -0.9466 0.3133
vn 0.0737 -0.9478 0.3103
vn -0.2729 -0.9405 -0.2025
vn -0.2736 -0.9408 -0.2002
vn -0.2732 -0.9401 -0.2040
vn -0.0259 0.5411 0.8406
vn -0.7906 0.2332 -0.5662
vn -0.7906 0.2333 -0.5662
vn 0.0614 0.9886 -0.1377
vn 0.0656 0.9891 -0.1316
vn 0.0683 0.9870 -0.1453
vn 0.0917 -0.8206 0.5641
vn 0.0994 -0.8194 0.5646
vn 0.0949 -0.8171 0.5686
vn -0.6572 -0.2227 -0.7200
vn -0.6552 -0.2271 -0.7205
vn -0.6569 -0.2286 -0.7185
vn -0.0070 0.9953 -0.0970
vn -0.0113 0.9948 -0.1014
vn -0.0141 0.9941 -0.1076
vn 0.1398 0.9897 -0.0302
vn 0.1390 0.9895 -0.0395
vn 0.1468 0.9883 -0.0416
vn -0.3393 0.9214 0.1894
vn -0.3392 0.9214 0.1894
vn -0.3392 0.9215 0.1893
vn 0.1143 -0.7526 0.6485
vn 0.1056 -0.7528 0.6497
vn 0.1084 -0.7543 0.6476
vn -0.5325 -0.7723 -0.3464
vn -0.5321 -0.7729 -0.3458
vn -0.5311 -0.7730 -0.3469
vn -0.7338 0.0279 -0.6788
vn -0.7334 0.0302 -0.6791
vn -0.7366 0.0310 -0.6756
vn -0.2727 -0.9271 -0.2571
vn -0.2701 -0.9285 -0.2549
vn -0.2748 -0.9275 -0.2535
vn -0.7495 0.6136 -0.2486
vn -0.6438 0.7568 -0.1129
vn -0.6463 0.7556 -0.1063
vn -0.6429 0.7583 -0.1080
vn -0.0149 0.9335 0.3583
vn -0.0257 0.9324 0.3606
vn -0.0207 0.9320 0.3619
vn -0.2271 0.7874 0.5731
vn -0.2361 0.7882 0.5684
vn -0.2327 0.7863 0.5724
vn 0.2910 0.1795 0.9397
vn 0.2959 0.1757 0.9389
vn 0.2951 0.1779 0.9387
vn -0.4663 0.8844 -0.0193
vn -0.4697 0.8827 -0.0160
vn -0.4711 0.8819 -0.0179
vn -0.0923 0.9412 0.3250
vn -0.7042 0.1105 -0.7014
vn -0.0292 0.7479 0.6632
vn -0.0208 0.7509 0.6601
vn -0.0245 0.7488 0.6623
vn 0.4811 -0.0586 0.8747
vn 0.4059 -0.1664 0.8986
vn 0.4130 -0.1691 0.8949
vn 0.4139 -0.1583 0.8964
vn 0.4597 -0.8841 -0.0843
vn 0.4597 -0.8837 -0.0878
vn 0.4622 -0.8825 -0.0867
vn -0.6447 0.5871 -0.4895
vn -0.3174 -0.6290 -0.7097
vn -0.3205 -0.6317 -0.7059
vn -0.3209 -0.6288 -0.7083
vn 0.2440 -0.8333 -0.4961
vn 0.2445 -0.8362 -0.4909
vn 0.2454 -0.8393 -0.4852
vn -0.3112 -0.5703 -0.7603
vn -0.3082 -0.5719 -0.7602
vn -0.3108 -0.5681 -0.7620
vn -0.4786 -0.2820 -0.8315
vn -0.4714 -0.2872 -0.8339
vn -0.4773 -0.2945 -0.8279
vn 0.3582 -0.2917 0.8869
vn 0.3607 -0.2905 0.8863
vn 0.3548 -0.2987 0.8859
vn -0.6546 0.5259 -0.5431
vn -0.6596 0.5217 -0.5411
vn -0.6522 0.5313 -0.5407
vn -0.1156 -0.9417 -0.3160
vn -0.1130 -0.9437 -0.3109
vn -0.1187 -0.9432 -0.3104
vn 0.3876 -0.3855 0.8374
vn 0.3806 -0.3928 0.8372
vn 0.3892 -0.3893 0.8349
vn 0.4725 -0.6379 0.6081
vn 0.4776 -0.6279 0.6145
vn 0.4778 -0.6282 0.6141
vn 0.4717 0.8547 -0.2169
vn 0.4731 0.8548 -0.2134
vn 0.4720 0.8554 -0.2134
vn 0.1116 0.9129 0.3927
vn 0.3456 -0.9085 0.2350
vn 0.6010 -0.7990 0.0193
vn 0.5316 -0.8160 0.2270
vn 0.5282 -0.8164 0.2334
vn 0.5323 -0.8140 0.2327
vn -0.4268 -0.2171 -0.8779
vn -0.4228 -0.2154 -0.8803
vn -0.4233 -0.2190 -0.8791
vn 0.4713 -0.4315 0.7692
vn 0.4655 -0.4363 0.7701
vn 0.4637 -0.4438 0.7668
vn 0.3186 -0.9397 0.1246
vn 0.3486 0.4856 0.8017
vn 0.3447 0.4879 0.8020
vn 0.3450 0.4842 0.8041
vn 0.0231 0.9041 -0.4267
vn -0.1362 0.9855 -0.1013
vn -0.1423 0.9847 -0.1003
vn -0.1392 0.9852 -0.1002
vn 0.4420 0.3770 0.8140
vn 0.4443 0.3796 0.8115
vn 0.4386 0.3760 0.8163
vn 0.2905 -0.9489 -0.1230
vn 0.2904 -0.9490 -0.1228
vn 0.2905 -0.9490 -0.1229
vn -0.0125 -0.6706 -0.7417
vn -0.4569 0.2721 -0.8469
vn -0.4581 0.2760 -0.8450
vn -0.4558 0.2748 -0.8466
vn 0.5031 -0.5906 0.6309
vn 0.5036 -0.5859 0.6349
vn 0.4987 -0.5859 0.6387
vn 0.2736 -0.9497 -0.1523
vn 0.2781 -0.9489 -0.1493
vn 0.2787 -0.9495 -0.1440
vn -0.5020 -0.6518 -0.5684
vn -0.4983 -0.6545 -0.5687
vn -0.5005 -0.6552 -0.5658
vn -0.3277 0.8599 -0.3914
vn -0.3332 0.8564 -0.3945
vn -0.3262 0.8580 -0.3968
vn 0.2959 -0.7204 -0.6272
vn 0.0494 0.7829 0.6202
vn 0.7337 -0.6795 0.0022
vn 0.4903 -0.2055 0.8470
vn 0.4959 -0.2077 0.8432
vn 0.4919 -0.2022 0.8468
vn 0.1425 -0.9593 -0.2440
vn 0.1417 -0.9600 -0.2416
vn 0.1394 -0.9600 -0.2429
vn -0.3197 0.8925 -0.3181
vn -0.3213 0.8922 -0.3175
vn -0.3194 0.8945 -0.3127
vn -0.5935 -0.3151 -0.7406
vn -0.3566 0.8782 -0.3188
vn -0.3648 0.8757 -0.3163
vn -0.3587 0.8784 -0.3157
vn -0.4544 0.8658 -0.2097
vn 0.1473 -0.9089 -0.3901
vn 0.1508 -0.9080 -0.3910
vn 0.1497 -0.9087 -0.3897
vn -0.4128 -0.6758 -0.6107
vn -0.3048 0.9431 -0.1330
vn -0.3050 0.9433 -0.1309
vn -0.3035 0.9437 -0.1316
vn -0.4638 -0.3907 -0.7952
vn -0.4663 -0.3854 -0.7963
vn -0.4636 -0.3814 -0.7997
vn -0.3222 0.9377 -0.1300
vn -0.3229 0.9372 -0.1316
vn -0.3231 0.9376 -0.1287
vn -0.5050 0.7169 -0.4806
vn -0.5061 0.7162 -0.4805
vn -0.5051 0.7162 -0.4816
vn -0.0747 0.9698 0.2323
vn -0.0694 0.9704 0.2314
vn -0.0764 0.9699 0.2314
vn 0.7408 -0.4252 -0.5200
vn 0.7408 -0.4256 -0.5197
vn 0.5076 -0.7856 0.3538
vn 0.5041 -0.7867 0.3564
vn 0.5041 -0.7885 0.3523
vn 0.1225 0.9702 0.2093
vn 0.1138 0.9712 0.2095
vn 0.1095 0.9710 0.2123
vn 0.0256 -0.9997 0.0014
vn 0.0145 -0.9999 -0.0056
vn 0.0187 -0.9998 0.0001
vn -0.6490 0.7376 0.1865
vn -0.6016 0.7893 0.1233
vn -0.7547 0.6217 0.2095
vn 0.3477 -0.9337 -0.0857
vn 0.3484 -0.9342 -0.0771
vn 0.3424 -0.9357 -0.0845
vn -0.3110 0.9385 -0.1500
vn -0.3033 0.9415 -0.1469
vn -0.3056 0.9399 -0.1522
vn 0.6688 -0.7095 -0.2222
vn 0.6975 -0.6984 -0.1606
vn 0.7594 -0.6238 -0.1850
vn 0.2760 0.7359 0.6183
vn 0.1318 -0.9828 0.1297
vn 0.1187 -0.9861 0.1165
vn 0.1257 -0.9844 0.1229
vn -0.2576 0.9321 -0.2546
vn -0.2616 0.9313 -0.2535
vn -0.2594 0.9321 -0.2528
vn -0.3417 0.9348 -0.0966
vn 0.1048 -0.9938 0.0370
vn 0.1023 -0.9938 0.0433
vn 0.0024 -0.9900 -0.1408
vn 0.0140 -0.9902 -0.1390
vn 0.0068 -0.9905 -0.1375
vn -0.2323 0.9671 0.1037
vn -0.2369 0.9672 0.0923
vn -0.2439 0.9647 0.0996
vn 0.1291 -0.9772 0.1683
vn 0.1300 -0.9767 0.1706
vn 0.1291 -0.9765 0.1726
vn 0.1397 -0.9899 -0.0241
vn 0.1324 -0.9910 -0.0212
vn 0.1322 -0.9909 -0.0266
vn -0.4219 0.8859 -0.1928
vn -0.0639 0.9755 0.2104
vn -0.0661 0.9761 0.2070
vn 0.1298 -0.8430 -0.5220
vn 0.1228 -0.8378 -0.5319
vn 0.1255 -0.8427 -0.5236
vn -0.3672 0.9276 -0.0682
vn -0.3662 0.9278 -0.0712
vn -0.3702 0.9264 -0.0684
vn -0.0562 0.9646 0.2576
vn 0.5497 -0.8161 0.1784
vn 0.5466 -0.8165 0.1859
vn 0.5450 -0.8202 0.1738
vn -0.2508 -0.8322 -0.4945
vn -0.2501 -0.8318 -0.4956
vn -0.2494 -0.8314 -0.4965
vn 0.0258 -0.9935 -0.1111
vn 0.0255 -0.9942 -0.1046
vn 0.0204 -0.9947 -0.1008
vn -0.5418 0.7666 -0.3445
vn -0.5420 0.7667 -0.3442
vn -0.5419 0.7666 -0.3444
vn -0.9769 0.1886 -0.1001
vn -0.9769 0.1886 -0.1003
vn -0.9769 0.1887 -0.1000
vn 0.3009 0.8625 0.4068
vn 0.3011 0.8626 0.4065
vn 0.3010 0.8626 0.4067
vn -0.3285 0.9151 0.2338
vn 0.0985 -0.8105 0.5774
vn -0.6960 0.6713 -0.2546
vn -0.2675 0.9509 0.1559
vn -0.2676 0.9509 0.1558
vn 0.1859 -0.9463 -0.2644
vn 0.1859 -0.9462 -0.2647
vn 0.1881 -0.9522 -0.2409
vn 0.5395 -0.8000 0.2625
vn 0.5396 -0.7999 0.2625
vn -0.0981 0.9934 0.0593
vn -0.0980 0.9934 0.0596
vn -0.0980 0.9934 0.0599
vn 0.0558 -0.9946 -0.0871
vn 0.0523 -0.9951 -0.0841
vn 0.0543 -0.9946 -0.0879
vn 0.0791 0.9215 0.3802
vn 0.0679 0.9222 0.3807
vn 0.0736 0.9206 0.3834
vn 0.8354 -0.4499 0.3157
vn -0.1165 0.8766 -0.4668
vn -0.1075 0.8820 -0.4589
vn -0.1118 0.8792 -0.4631
vn 0.0126 -0.7930 -0.6091
vn 0.0074 -0.7982 -0.6023
vn 0.0120 -0.7964 -0.6047
vn -0.3957 0.9183 0.0139
vn -0.3934 0.9193 0.0149
vn -0.3948 0.9187 0.0149
vn -0.2977 0.9508 -0.0863
vn -0.0826 0.9930 0.0838
vn 0.1120 0.3019 0.9467
vn -0.4908 0.0919 0.8664
vn 0.3124 -0.6662 0.6772
vn -0.4343 0.7707 0.4662
vn 0.0539 0.6837 -0.7278
vn -0.6927 0.5103 0.5097
vn -0.6925 0.5106 0.5096
vn -0.6926 0.5104 0.5097
vn -0.0904 -0.1638 -0.9823
vn -0.0903 -0.1637 -0.9824
vn -0.0903 -0.1636 -0.9824
vn -0.6724 0.7248 -0.1500
vn -0.6725 0.7247 -0.1501
vn -0.1665 -0.9685 0.1849
vn -0.1669 -0.9695 0.1794
vn -0.1684 -0.9691 0.1801
vn 0.2119 -0.9712 0.1094
vn 0.3072 -0.2036 0.9296
vn 0.3072 -0.2030 0.9297
vn 0.3071 -0.2029 0.9298
vn 0.8986 0.4120 -0.1511
vn 0.8986 0.4119 -0.1512
vn 0.0298 -0.9992 -0.0283
vn 0.0297 -0.9992 -0.0284
vn 0.0299 -0.9992 -0.0283
vn -0.3879 0.6779 0.6245
vn -0.3654 0.6567 0.6597
vn -0.4139 0.7457 0.5221
vn 0.3855 -0.8056 -0.4499
vn -0.3237 -0.3015 -0.8968
vn 0.3691 -0.6596 -0.6548
vn 0.2651 -0.6198 -0.7386
vn 0.3402 -0.6442 -0.6850
vn 0.1181 0.9928 -0.0194
vn -0.3828 0.9010 0.2041
vn -0.3877 0.8980 0.2081
vn -0.3875 0.8978 0.2092
vn -0.3995 0.9098 0.1125
vn -0.3996 0.9136 0.0747
vn -0.3995 0.9137 0.0745
vn -0.3998 0.9136 0.0747
vn -0.5017 0.7666 -0.4007
vn 0.0309 -0.2766 0.9605
vn 0.0307 -0.2766 0.9605
vn 0.0308 -0.2766 0.9605
vn -0.6153 -0.3334 0.7143
vn -0.6153 -0.3335 0.7143
vn -0.6153 -0.3335 0.7142
vn -0.2755 -0.5568 0.7836
vn 0.9082 -0.4094 -0.0875
vn 0.9084 -0.4090 -0.0871
vn 0.9083 -0.4092 -0.0872
vn 0.1789 -0.6906 0.7008
vn 0.1809 -0.6905 0.7003
vn 0.1743 -0.6887 0.7038
vn -0.2373 0.9595 -0.1518
vn -0.2472 0.9482 -0.1992
vn 0.4557 0.0608 0.8881
vn 0.4557 0.0608 0.8880
vn 0.3883 -0.7236 -0.5707
vn 0.3883 -0.7236 -0.5706
vn 0.3882 -0.7238 -0.5705
vn -0.1504 -0.9726 -0.1775
vn -0.1507 -0.9725 -0.1776
vn -0.1502 -0.9726 -0.1775
vn -0.7266 -0.6691 0.1563
vn 0.4456 -0.8202 -0.3589
vn 0.7216 0.6885 -0.0731
vn 0.7219 0.6881 -0.0729
vn 0.7217 0.6884 -0.0729
vn -0.1689 -0.9450 0.2802
vn -0.4030 0.8930 0.2003
vn -0.4032 0.8929 0.2004
vn -0.4031 0.8929 0.2003
vn -0.5655 -0.6587 0.4962
vn -0.5656 -0.6588 0.4961
vn -0.5655 -0.6587 0.4963
vn 0.2491 0.8748 -0.4156
vn 0.4234 0.8724 -0.2441
vn 0.2510 -0.9013 0.3531
vn 0.2481 -0.9008 0.3565
vn 0.2526 -0.8993 0.3570
vn -0.2420 0.9602 -0.1393
vn 0.0939 0.7947 -0.5997
vn -0.1395 -0.6421 0.7538
vn -0.1677 0.9793 -0.1136
vn -0.1678 0.9793 -0.1134
vn -0.1678 0.9793 -0.1135
vn 0.1566 0.7660 -0.6235
vn -0.3762 0.4683 0.7995
vn 0.2820 -0.9083 -0.3090
vn 0.2820 -0.9082 -0.3091
vn 0.2819 -0.9083 -0.3090
vn 0.0241 0.9289 -0.3694
vn 0.0239 0.9289 -0.3697
vn 0.0217 0.9306 -0.3653
vn -0.3758 0.7883 -0.4871
vn -0.3784 0.7903 -0.4819
vn -0.3780 0.7892 -0.4840
vn -0.8220 0.4635 0.3308
vn -0.1183 -0.8734 0.4724
vn -0.1185 -0.8721 0.4747
vn -0.1185 -0.8719 0.4751
vn -0.8845 -0.2742 0.3775
vn -0.8845 -0.2743 0.3773
vn -0.8845 -0.2741 0.3776
vn -0.4208 0.8490 0.3196
vn 0.1377 0.9813 -0.1345
vn 0.2244 0.9733 0.0474
vn 0.2246 0.9733 0.0473
vn 0.2243 0.9734 0.0475
vn -0.6174 -0.7860 -0.0319
vn 0.6635 0.7072 0.2442
vn 0.6698 0.7021 0.2417
vn 0.6670 0.7030 0.2467
vn 0.2322 0.9538 0.1905
vn -0.0983 0.9687 -0.2280
vn -0.0834 0.9742 -0.2095
vn -0.0756 0.9783 -0.1930
vn 0.0154 0.8743 0.4852
vn -0.0100 0.8614 0.5079
vn -0.0236 0.8653 0.5007
vn -0.2492 0.9684 -0.0066
vn -0.2414 0.9704 -0.0081
vn -0.2358 0.9717 -0.0125
vn 0.1305 0.7999 -0.5858
vn 0.1305 0.7999 -0.5857
vn 0.0231 0.9997 -0.0061
vn 0.3278 0.8953 0.3015
vn 0.3230 0.8973 0.3007
vn 0.3265 0.8945 0.3055
vn -0.3922 0.7783 -0.4903
vn -0.3919 0.7783 -0.4905
vn -0.3902 0.7802 -0.4889
vn -0.3205 0.8781 0.3552
vn -0.3202 0.8809 0.3484
vn -0.3205 0.8770 0.3579
vn -0.0014 0.7373 0.6755
vn -0.0336 0.7390 0.6729
vn 0.0218 0.7403 0.6719
vn 0.2429 -0.8754 -0.4180
vn 0.2415 -0.8755 -0.4186
vn 0.2379 -0.8758 -0.4200
vn 0.1386 -0.8333 -0.5352
vn 0.1384 -0.8353 -0.5320
vn 0.1386 -0.8341 -0.5339
vn -0.2560 -0.7911 -0.5555
vn 0.0678 -0.9426 -0.3269
vn 0.0676 -0.9426 -0.3271
vn 0.0677 -0.9426 -0.3270
vn 0.2350 -0.9691 -0.0752
vn -0.0235 0.9832 -0.1811
vn 0.2230 -0.2788 0.9341
vn 0.2230 -0.2787 0.9341
vn 0.2230 -0.2785 0.9342
vn 0.1914 -0.9810 0.0323
vn 0.1681 -0.9858 0.0017
vn 0.1594 -0.9872 0.0018
vn 0.1650 -0.9863 0.0039
vn 0.1416 -0.9899 -0.0109
vn -0.2026 -0.9487 -0.2427
vn -0.1856 -0.9544 -0.2337
vn -0.1988 -0.9499 -0.2411
vn -0.5287 0.6506 0.5451
vn -0.5308 0.6480 0.5462
vn -0.5282 0.6495 0.5470
vn -0.0637 0.9938 -0.0917
vn -0.0629 0.9937 -0.0928
vn -0.0636 0.9937 -0.0924
vn -0.0046 0.7920 -0.6105
vn -0.0049 0.7921 -0.6104
vn -0.0047 0.7920 -0.6105
vn 0.3167 -0.8135 -0.4877
vn 0.3616 -0.8319 -0.4209
vn 0.0423 -0.9548 -0.2942
vn 0.0452 -0.9546 -0.2946
vn 0.0439 -0.9549 -0.2938
vn -0.0960 -0.9704 -0.2215
vn -0.0961 -0.9704 -0.2215
vn -0.0961 -0.9704 -0.2216
vn -0.1993 -0.9408 -0.2743
vn -0.1944 -0.9498 -0.2450
vn -0.1939 -0.9491 -0.2483
vn -0.1518 -0.9679 -0.2002
vn -0.1800 -0.9714 -0.1549
vn -0.1582 -0.9717 -0.1757
vn -0.3288 0.9375 0.1139
vn -0.3281 0.9378 0.1133
vn -0.3286 0.9376 0.1135
vn -0.0359 -0.5344 0.8444
vn -0.0362 -0.5343 0.8445
vn 0.5688 -0.5662 0.5966
vn 0.5688 -0.5661 0.5967
vn 0.5688 -0.5663 0.5965
vn -0.1869 -0.2055 0.9606
vn -0.7012 -0.2236 0.6770
vn 0.2302 -0.9526 -0.1990
vn -0.0764 0.9969 -0.0164
vn -0.0773 0.9970 -0.0087
vn -0.0742 0.9972 -0.0122
vn -0.6763 -0.5993 0.4283
vn -0.2739 -0.8877 -0.3699
vn -0.2753 -0.8887 -0.3666
vn -0.2724 -0.8873 -0.3723
vn 0.6693 -0.7240 0.1671
vn 0.1218 0.5701 -0.8125
vn 0.1224 0.5701 -0.8124
vn 0.1221 0.5701 -0.8124
vn 0.1275 0.8440 -0.5210
vn 0.1272 0.8439 -0.5211
vn -0.1252 0.9921 0.0077
vn 0.7595 0.4608 0.4592
vn -0.5308 -0.5705 0.6267
vn -0.5308 -0.5703 0.6269
vn -0.5308 -0.5704 0.6268
vn -0.7866 0.5688 0.2401
vn -0.7028 0.7073 0.0762
vn -0.7037 0.7055 0.0835
vn -0.7072 0.7012 0.0901
vn 0.1533 0.8041 -0.5744
vn 0.1533 0.8040 -0.5745
vn -0.5660 0.4281 0.7046
vn -0.5659 0.4282 0.7046
vn -0.5661 0.4281 0.7045
vn 0.7159 -0.6941 -0.0752
vn -0.2803 -0.8322 0.4785
vn -0.2804 -0.8321 0.4785
vn -0.2804 -0.8321 0.4786
vn -0.7673 0.6296 0.1217
vn -0.7711 0.6315 0.0814
vn 0.7790 -0.6204 -0.0909
vn 0.7649 -0.6360 -0.1024
vn 0.3702 -0.7211 0.5856
vn 0.0733 0.7962 0.6006
vn 0.0617 0.8001 0.5967
vn 0.0664 0.7970 0.6003
vn -0.7487 0.6578 0.0817
vn -0.7485 0.6580 0.0823
vn -0.2823 0.9410 0.1865
vn -0.2823 0.9410 0.1864
vn 0.7488 -0.6577 -0.0821
vn 0.7486 -0.6579 -0.0816
vn 0.7489 -0.6575 -0.0827
vn 0.2915 -0.9503 -0.1094
vn 0.2905 -0.9504 -0.1114
vn 0.2935 -0.9495 -0.1108
vn -0.6404 0.7587 0.1194
vn -0.5575 0.8065 -0.1970
vn 0.7786 -0.6275 0.0051
vn -0.3533 0.9230 0.1523
vn -0.3565 0.9234 0.1422
vn -0.3504 0.9230 0.1593
vn -0.4489 0.8935 -0.0114
vn 0.2449 0.8738 -0.4202
vn 0.2456 0.8734 -0.4206
vn 0.2455 0.8734 -0.4206
vn -0.5254 0.8349 0.1640
vn -0.6197 0.7776 0.1066
vn 0.0742 -0.0794 -0.9941
vn 0.0744 -0.0794 -0.9941
vn -0.1883 0.7166 0.6716
vn 0.3320 -0.9243 -0.1881
vn 0.3268 -0.9251 -0.1935
vn 0.3189 -0.9263 -0.2007
vn 0.3443 -0.9234 -0.1694
vn 0.3509 -0.9250 -0.1457
vn 0.3501 -0.9247 -0.1495
vn 0.5226 -0.8366 -0.1642
vn 0.5370 -0.8293 -0.1546
vn 0.5465 -0.8250 -0.1438
vn 0.7329 -0.6802 -0.0152
vn 0.7328 -0.6802 -0.0154
vn 0.7329 -0.6802 -0.0151
vn 0.8896 -0.3945 0.2301
vn 0.8895 -0.3947 0.2303
vn 0.8896 -0.3945 0.2302
vn 0.7276 -0.6859 -0.0133
vn 0.7274 -0.6860 -0.0131
vn 0.7278 -0.6857 -0.0134
vn 0.3455 -0.9373 -0.0448
vn 0.3426 -0.8781 -0.3340
vn 0.3463 -0.8799 -0.3254
vn 0.3435 -0.8795 -0.3294
vn 0.2077 -0.7404 -0.6393
vn 0.2061 -0.7398 -0.6405
vn -0.4123 0.8985 0.1506
vn -0.5156 0.8543 -0.0656
vn 0.5923 -0.7976 -0.1144
vn 0.5800 -0.8121 -0.0641
vn 0.5881 -0.8038 -0.0895
vn -0.1606 0.9684 -0.1907
vn -0.1604 0.9685 -0.1907
vn -0.1607 0.9684 -0.1908
vn 0.2161 -0.9764 0.0037
vn 0.2195 -0.9756 0.0081
vn 0.2239 -0.9746 0.0049
vn -0.8265 0.4286 0.3651
vn -0.8279 0.4282 0.3622
vn -0.8267 0.4296 0.3633
vn 0.0591 -0.9457 -0.3196
vn 0.0573 -0.9438 -0.3256
vn 0.0542 -0.9456 -0.3207
vn 0.0129 -0.9995 0.0283
vn 0.0103 -0.9994 0.0324
vn 0.0148 -0.9994 0.0319
vn 0.7476 0.0876 0.6584
vn 0.7432 0.0874 0.6633
vn 0.7490 0.0882 0.6566
vn -0.3245 0.2956 -0.8985
vn -0.3228 0.2911 -0.9006
vn -0.3278 0.2853 -0.9006
vn -0.2796 0.9400 0.1955
vn -0.2797 0.9400 0.1954
vn -0.0717 0.9566 -0.2825
vn -0.0759 0.9569 -0.2803
vn -0.0690 0.9561 -0.2849
vn -0.3204 0.2818 -0.9044
vn -0.3148 0.2830 -0.9060
vn -0.3192 0.2777 -0.9061
vn 0.3455 -0.8978 0.2730
vn 0.3426 -0.9010 0.2662
vn 0.3490 -0.8960 0.2747
vn 0.7748 0.0868 0.6262
vn 0.7693 0.0805 0.6338
vn 0.7757 0.0881 0.6250
vn -0.2120 -0.1001 -0.9721
vn -0.2171 -0.1006 -0.9710
vn -0.2121 -0.0987 -0.9723
vn -0.4344 0.7699 -0.4675
vn -0.4386 0.7698 -0.4637
vn -0.4340 0.7712 -0.4657
vn -0.6213 0.7359 -0.2691
vn -0.6213 0.7358 -0.2692
vn -0.6213 0.7359 -0.2690
vn -0.1528 -0.8896 -0.4304
vn -0.1512 -0.8866 -0.4372
vn -0.5418 0.7474 -0.3846
vn 0.3063 -0.8817 0.3589
vn 0.2966 -0.8813 0.3680
vn 0.2999 -0.8827 0.3618
vn 0.0898 0.8057 0.5855
vn 0.0911 0.8056 0.5854
vn 0.0926 0.8051 0.5859
vn 0.7158 0.3566 0.6004
vn 0.7128 0.3504 0.6076
vn 0.7180 0.3521 0.6004
vn 0.1959 0.9215 0.3355
vn 0.1938 0.9241 0.3294
vn 0.1929 0.9229 0.3333
vn 0.3690 -0.9195 0.1359
vn 0.3717 -0.9186 0.1344
vn 0.3709 -0.9188 0.1352
vn -0.6866 -0.4577 -0.5648
vn -0.6860 0.3391 -0.6438
vn -0.6856 0.3399 -0.6437
vn -0.6869 0.3383 -0.6432
vn -0.0769 0.9565 -0.2813
vn -0.0847 0.9552 -0.2837
vn -0.0805 0.9558 -0.2828
vn -0.2435 0.3569 -0.9019
vn -0.2525 0.3565 -0.8995
vn -0.2490 0.3655 -0.8969
vn -0.4671 0.8123 -0.3492
vn 0.3632 -0.8876 0.2834
vn 0.3800 -0.8827 0.2763
vn 0.3540 -0.8942 0.2740
vn -0.1072 0.9637 -0.2445
vn -0.1109 0.9620 -0.2495
vn -0.1102 0.9620 -0.2500
vn 0.1590 0.9759 0.1496
vn 0.1522 0.9760 0.1556
vn 0.1570 0.9770 0.1446
vn -0.0014 -0.1366 -0.9906
vn -0.0034 -0.1442 -0.9895
vn 0.0012 -0.1401 -0.9901
vn -0.6712 -0.4936 -0.5530
vn -0.3583 0.8465 0.3939
vn -0.3585 0.8463 0.3941
vn -0.3584 0.8464 0.3939
vn 0.4958 0.7539 0.4311
vn 0.4931 0.7561 0.4303
vn 0.4902 0.7560 0.4338
vn -0.1883 0.7244 -0.6631
vn -0.1952 0.7224 -0.6634
vn -0.1943 0.7244 -0.6615
vn 0.0220 0.9780 -0.2074
vn 0.0234 0.9786 -0.2043
vn -0.0955 0.0033 -0.9954
vn -0.0941 0.0009 -0.9956
vn -0.0961 0.0004 -0.9954
vn -0.3628 0.9255 0.1087
vn -0.3688 0.9237 0.1035
vn -0.3666 0.9242 0.1069
vn 0.9489 0.0080 0.3156
vn 0.9462 0.0052 0.3236
vn 0.9492 0.0006 0.3147
vn 0.8325 -0.0108 0.5539
vn 0.8337 -0.0137 0.5520
vn 0.8346 -0.0145 0.5507
vn 0.6501 0.4078 0.6411
vn 0.6493 0.4043 0.6442
vn 0.6538 0.4062 0.6384
vn -0.7686 0.6387 -0.0353
vn -0.7686 0.6388 -0.0350
vn -0.7686 0.6388 -0.0348
vn 0.7230 -0.6886 0.0560
vn 0.7379 -0.6687 0.0915
vn 0.7559 -0.6462 0.1049
vn -0.2403 0.7529 -0.6127
vn -0.2406 0.7531 -0.6123
vn -0.2404 0.7529 -0.6126
vn -0.2902 0.6306 0.7198
vn -0.3086 0.6270 0.7153
vn -0.2963 0.6298 0.7180
vn 0.2938 -0.9229 0.2490
vn 0.3014 -0.9189 0.2547
vn 0.2963 -0.9209 0.2531
vn -0.1708 0.7037 -0.6897
vn -0.1682 0.6984 -0.6957
vn -0.1704 0.6980 -0.6956
vn 0.2086 0.9617 0.1776
vn 0.2052 0.9632 0.1737
vn 0.2039 0.9621 0.1813
vn 0.8787 0.0705 0.4722
vn 0.8778 0.0718 0.4736
vn 0.8789 0.0698 0.4718
vn -0.0607 -0.1156 -0.9914
vn -0.0659 -0.1101 -0.9917
vn -0.0566 -0.1083 -0.9925
vn -0.0184 0.8433 0.5372
vn -0.0183 0.8433 0.5372
vn -0.0140 0.8432 0.5375
vn -0.6593 0.7517 0.0161
vn -0.6390 0.7691 -0.0118
vn -0.6461 0.7632 0.0023
vn 0.0878 -0.7976 -0.5967
vn 0.0859 -0.7999 -0.5939
vn 0.0867 -0.7989 -0.5951
vn -0.1235 -0.8702 -0.4770
vn -0.0551 -0.8786 -0.4743
vn -0.1118 -0.8851 -0.4518
vn 0.1444 0.9852 0.0925
vn 0.1460 0.9845 0.0972
vn 0.1461 0.9850 0.0914
vn 0.1181 -0.1864 -0.9754
vn 0.1219 -0.1923 -0.9737
vn 0.1207 -0.1833 -0.9756
vn -0.0485 -0.0133 -0.9987
vn -0.0479 -0.0088 -0.9988
vn -0.0435 -0.0070 -0.9990
vn 0.3694 -0.9201 0.1301
vn 0.3686 -0.9203 0.1313
vn 0.3747 -0.9180 0.1297
vn -0.8572 0.3604 -0.3680
vn -0.1988 0.0396 -0.9792
vn -0.2083 0.0384 -0.9773
vn -0.1979 0.0401 -0.9794
vn 0.1711 -0.9540 -0.2461
vn 0.1648 -0.9560 -0.2428
vn 0.1655 -0.9548 -0.2469
vn 0.6042 -0.6329 0.4842
vn 0.6043 -0.6327 0.4842
vn 0.6045 -0.6326 0.4841
vn 0.1343 0.9878 0.0784
vn 0.1329 0.9874 0.0856
vn -0.3326 0.9166 0.2218
vn -0.3269 0.9182 0.2235
vn -0.3324 0.9167 0.2219
vn -0.2369 0.8643 0.4437
vn 0.1846 -0.8933 -0.4098
vn 0.1847 -0.8933 -0.4097
vn 0.1229 -0.2960 -0.9472
vn 0.1230 -0.2959 -0.9473
vn 0.7371 -0.5236 0.4272
vn 0.7367 -0.5207 0.4315
vn 0.7358 -0.5222 0.4312
vn 0.8785 -0.3474 0.3280
vn 0.8785 -0.3473 0.3279
vn 0.5175 0.7427 0.4250
vn 0.5177 0.7424 0.4253
vn 0.2714 -0.7724 -0.5743
vn 0.1924 -0.7818 -0.5931
vn 0.3579 -0.7660 -0.5339
vn 0.3678 -0.4538 -0.8116
vn 0.3631 -0.4587 -0.8110
vn 0.3642 -0.4505 -0.8151
vn 0.3017 -0.4766 -0.8257
vn 0.3052 -0.4741 -0.8259
vn 0.3016 -0.4731 -0.8278
vn 0.9147 -0.2790 0.2924
vn 0.9137 -0.2855 0.2892
vn 0.9160 -0.2803 0.2870
vn -0.6283 0.7686 -0.1202
vn -0.6301 0.7679 -0.1156
vn -0.6275 0.7704 -0.1126
vn 0.7454 -0.6315 -0.2134
vn 0.7481 -0.6294 -0.2103
vn 0.7456 -0.6326 -0.2095
vn -0.2226 -0.6256 -0.7477
vn -0.2246 -0.6292 -0.7441
vn -0.2197 -0.6250 -0.7490
vn 0.3727 -0.9158 0.1498
vn 0.3752 -0.9145 0.1517
vn 0.3786 -0.9133 0.1503
vn 0.8538 -0.4539 -0.2549
vn 0.8630 -0.5040 0.0343
vn 0.8649 -0.5009 0.0312
vn 0.8655 -0.4995 0.0374
vn 0.2763 -0.8173 0.5057
vn 0.2713 -0.8166 0.5094
vn 0.2641 -0.8178 0.5114
vn 0.7570 -0.6001 -0.2585
vn 0.7547 -0.6025 -0.2595
vn 0.7543 -0.6029 -0.2599
vn 0.6021 -0.6334 -0.4862
vn 0.5989 -0.6334 -0.4901
vn 0.6010 -0.6325 -0.4886
vn 0.6166 -0.4643 -0.6358
vn 0.5943 -0.5770 -0.5603
vn 0.5948 -0.5798 -0.5568
vn 0.5935 -0.5837 -0.5542
vn 0.9039 -0.4247 0.0505
vn 0.3745 -0.9224 0.0945
vn 0.3696 -0.9244 0.0938
vn 0.0682 -0.9027 -0.4248
vn 0.0633 -0.9049 -0.4210
vn 0.0637 -0.9045 -0.4217
vn -0.2583 0.8610 -0.4381
vn -0.2607 0.8588 -0.4411
vn -0.2582 0.8613 -0.4375
vn 0.7448 -0.5029 0.4385
vn 0.7401 -0.5104 0.4378
vn 0.7493 -0.4985 0.4360
vn -0.2370 0.8946 -0.3789
vn 0.0507 -0.8148 -0.5775
vn 0.0508 -0.8146 -0.5778
vn 0.0504 -0.8147 -0.5777
vn -0.1744 0.8517 -0.4941
vn -0.1784 0.8533 -0.4900
vn -0.1687 0.8535 -0.4931
vn 0.9153 -0.1538 0.3723
vn -0.3235 0.8943 0.3091
vn -0.0397 -0.9704 -0.2383
vn -0.0396 -0.9704 -0.2383
vn 0.1435 -0.9896 0.0129
vn 0.7757 -0.5912 0.2209
vn 0.7794 -0.5852 0.2240
vn 0.7799 -0.5882 0.2138
vn 0.0724 -0.9969 0.0320
vn 0.0772 -0.9962 0.0401
vn 0.0776 -0.9963 0.0359
vn 0.1658 0.8921 -0.4203
vn -0.2583 0.8748 -0.4100
vn 0.0178 0.9990 0.0404
vn 0.0178 0.9990 0.0403
vn 0.0084 -0.8032 -0.5956
vn 0.0087 -0.8034 -0.5954
vn 0.0079 -0.8039 -0.5947
vn -0.2953 0.9268 0.2318
vn -0.2953 0.9269 0.2318
vn -0.4027 0.9055 0.1336
vn -0.4031 0.9047 0.1381
vn -0.4035 0.9050 0.1350
vn -0.2740 0.8950 0.3520
vn -0.2739 0.8950 0.3520
vn 0.3427 -0.9394 0.0087
vn 0.3467 -0.9380 0.0074
vn 0.3458 -0.9383 0.0083
vn 0.0449 -0.9903 -0.1315
vn 0.0453 -0.9902 -0.1322
vn 0.0462 -0.9900 -0.1331
vn -0.7047 0.6322 -0.3221
vn -0.7653 0.5952 -0.2450
vn -0.7427 0.6037 -0.2895
vn -0.2030 0.9586 -0.1995
vn 0.4034 -0.9088 -0.1064
vn -0.2713 0.8962 0.3510
vn -0.2714 0.8962 0.3510
vn 0.2846 -0.9345 -0.2137
vn 0.2825 -0.9342 -0.2179
vn 0.2830 -0.9346 -0.2156
vn 0.4986 -0.8338 0.2370
vn -0.1700 0.9284 0.3305
vn -0.1643 0.9301 0.3285
vn -0.1656 0.9317 0.3234
vn -0.2510 0.3604 -0.8984
vn 0.1484 0.9160 0.3728
vn 0.1496 0.9147 0.3755
vn 0.1495 0.9169 0.3700
vn -0.4675 0.8837 0.0219
vn 0.4174 -0.9030 -0.1018
vn 0.4175 -0.9030 -0.1019
vn 0.4174 -0.9030 -0.1019
vn -0.5019 0.8595 -0.0965
vn 0.4549 -0.8904 -0.0137
vn 0.4550 -0.8904 -0.0135
vn -0.4738 0.8729 -0.1167
vn -0.4504 0.8876 0.0963
vn -0.4447 0.8919 0.0817
vn -0.4418 0.8945 0.0689
vn 0.3530 -0.7553 -0.5521
vn 0.3523 -0.7552 -0.5527
vn 0.3509 -0.7549 -0.5540
vn 0.6874 0.3552 0.6335
vn 0.6759 0.3688 0.6381
vn 0.6931 0.3496 0.6304
vn -0.4940 0.8624 0.1107
vn -0.3978 0.9168 -0.0353
vn -0.4976 0.8550 -0.1460
vn -0.3732 0.9272 -0.0337
vn 0.1771 -0.8031 -0.5690
vn 0.1813 -0.8018 -0.5695
vn 0.1747 -0.8048 -0.5673
vn -0.2812 0.9570 0.0708
vn -0.1661 0.9319 0.3224
vn -0.0140 -0.2692 -0.9630
vn 0.6513 -0.6126 -0.4478
vn 0.6508 -0.6137 -0.4471
vn 0.6512 -0.6115 -0.4495
vn -0.7073 0.7057 -0.0415
vn -0.7113 0.7018 -0.0401
vn -0.7088 0.7043 -0.0385
vn -0.0943 0.8736 0.4774
vn -0.0966 0.8743 0.4758
vn 0.5043 -0.7726 0.3857
vn 0.5037 -0.7728 0.3861
vn 0.5037 -0.7751 0.3816
vn -0.7280 0.6788 -0.0963
vn -0.2088 -0.9674 -0.1433
vn -0.2099 -0.9678 -0.1389
vn -0.2058 -0.9679 -0.1441
vn -0.1003 -0.9578 0.2693
vn -0.3643 0.6076 0.7058
vn -0.1532 -0.9115 0.3817
vn -0.2292 -0.9722 0.0480
vn 0.2204 -0.8764 -0.4282
vn 0.2196 -0.8734 -0.4346
vn 0.2245 -0.8736 -0.4319
vn -0.0562 -0.9590 0.2779
vn -0.0578 -0.9588 0.2782
vn -0.0570 -0.9592 0.2769
vn 0.0557 -0.7949 0.6042
vn -0.7397 0.6729 0.0032
vn -0.1547 0.7754 0.6122
vn -0.1520 0.7749 0.6136
vn -0.1520 0.7769 0.6110
vn -0.3043 0.6983 0.6479
vn -0.3061 0.6993 0.6459
vn -0.3075 0.6948 0.6502
vn -0.8006 0.5948 -0.0725
vn -0.8040 0.5911 -0.0648
vn -0.8036 0.5910 -0.0702
vn 0.0760 -0.8210 0.5658
vn 0.0773 -0.8173 0.5710
vn 0.0732 -0.8151 0.5747
vn -0.3811 -0.9232 0.0489
vn 0.1404 -0.6440 0.7520
vn 0.1435 -0.6453 0.7503
vn 0.1437 -0.6436 0.7517
vn -0.5170 -0.8072 -0.2848
vn -0.3839 0.9151 -0.1231
vn -0.6574 0.7535 -0.0101
vn -0.3289 0.7882 0.5201
vn -0.3351 0.7824 0.5249
vn -0.3281 0.7847 0.5259
vn 0.2278 -0.9278 -0.2954
vn 0.0451 -0.5068 -0.8609
vn 0.0452 -0.5068 -0.8609
vn 0.0450 -0.5069 -0.8608
vn 0.3132 -0.8980 0.3091
vn 0.3177 -0.8961 0.3099
vn 0.3085 -0.8994 0.3096
vn 0.2559 -0.8384 -0.4812
vn 0.2574 -0.8403 -0.4771
vn 0.2536 -0.8426 -0.4751
vn -0.4934 0.8698 0.0067
vn -0.4943 0.8693 0.0070
vn -0.4927 0.8702 0.0067
vn -0.4536 0.8533 0.2572
vn -0.4539 0.8532 0.2571
vn -0.4538 0.8532 0.2571
vn 0.7655 0.0102 0.6433
vn 0.7653 0.0100 0.6436
vn 0.7657 0.0108 0.6431
vn 0.2751 -0.8932 0.3557
vn 0.7710 -0.1214 0.6251
vn 0.7719 -0.1223 0.6239
vn 0.7715 -0.1217 0.6245
vn 0.3398 -0.9400 -0.0297
vn 0.3398 -0.9400 -0.0298
vn -0.3043 0.8693 -0.3895
vn -0.3042 0.8693 -0.3895
vn -0.3040 0.8693 -0.3897
vn 0.3021 -0.8700 0.3897
vn 0.3021 -0.8702 0.3891
vn 0.3022 -0.8698 0.3899
vn -0.0421 0.9389 0.3417
vn -0.0422 0.9388 0.3418
vn -0.0421 0.9388 0.3417
vn 0.5150 -0.5479 -0.6592
vn 0.5151 -0.5479 -0.6592
vn -0.1960 0.0592 0.9788
vn -0.3058 0.9097 0.2810
vn -0.3052 0.9099 0.2808
vn -0.3046 0.9102 0.2805
vn 0.3744 -0.9152 -0.1492
vn 0.3702 -0.9172 -0.1474
vn 0.3656 -0.9189 -0.1481
vn -0.5309 0.6241 0.5732
vn -0.5304 0.6285 0.5689
vn -0.5353 0.6241 0.5692
vn 0.1116 -0.4873 0.8661
vn 0.1060 -0.4904 0.8651
vn 0.1145 -0.4879 0.8654
vn -0.3373 0.9396 0.0572
vn -0.0118 0.8300 0.5576
vn 0.2470 -0.2359 -0.9399
vn -0.6302 -0.2010 -0.7499
vn -0.6302 -0.2011 -0.7499
vn -0.6303 -0.2011 -0.7498
vn 0.4734 0.5201 0.7109
vn 0.5511 0.3666 0.7496
vn 0.5509 0.3665 0.7497
vn 0.5506 0.3666 0.7499
vn -0.7775 0.6286 -0.0200
vn 0.5802 -0.8132 0.0447
vn 0.5774 -0.8151 0.0484
vn 0.5806 -0.8130 0.0432
vn -0.4271 0.7634 -0.4846
vn -0.4179 0.7653 -0.4896
vn -0.4146 0.7661 -0.4911
vn -0.4563 -0.5160 -0.7249
vn 0.1628 0.9531 0.2550
vn 0.1628 0.9531 0.2549
vn -0.1620 -0.9536 -0.2540
vn -0.1623 -0.9536 -0.2535
vn -0.1621 -0.9536 -0.2538
vn -0.2164 0.4479 0.8675
vn -0.7073 0.6508 0.2761
vn -0.7072 0.6509 0.2760
vn -0.0021 -0.3981 0.9173
vn 0.0041 -0.4003 0.9164
vn 0.0001 -0.4025 0.9154
vn -0.6878 -0.5585 -0.4637
vn -0.6911 -0.5598 -0.4572
vn -0.6937 -0.5536 -0.4608
vn -0.7084 -0.5467 -0.4465
vn -0.7094 -0.5445 -0.4476
vn -0.8964 0.3739 -0.2380
vn -0.8994 0.3695 -0.2335
vn -0.8951 0.3730 -0.2444
vn -0.4215 0.7440 0.5185
vn -0.7383 0.6479 0.1872
vn -0.7362 0.6495 0.1902
vn -0.7340 0.6516 0.1915
vn -0.7795 -0.3411 -0.5254
vn -0.7809 -0.3427 -0.5223
vn -0.7821 -0.3424 -0.5207
vn 0.2351 -0.2701 0.9337
vn 0.2339 -0.2699 0.9341
vn 0.2344 -0.2778 0.9316
vn -0.2130 0.4517 0.8664
vn -0.2114 0.4487 0.8683
vn -0.2112 0.4470 0.8693
vn -0.0203 0.9105 0.4129
vn -0.0330 0.9105 0.4122
vn -0.0319 0.9086 0.4163
vn -0.8867 0.3634 -0.2857
vn -0.8862 0.3595 -0.2923
vn -0.8868 0.3537 -0.2975
vn -0.7599 -0.1871 -0.6225
vn -0.7615 -0.1863 -0.6209
vn -0.7618 -0.1854 -0.6207
vn 0.0900 0.1409 0.9859
vn 0.0865 0.1495 0.9850
vn 0.0834 0.1399 0.9866
vn -0.5264 0.7840 -0.3290
vn -0.5274 0.7833 -0.3290
vn 0.3535 0.8237 0.4433
vn -0.7313 0.6820 0.0108
vn -0.7349 0.6780 0.0132
vn -0.7333 0.6798 0.0153
vn 0.1327 -0.2170 0.9671
vn 0.1324 -0.2198 0.9665
vn -0.6739 0.4124 0.6130
vn -0.5840 0.7342 0.3463
vn -0.6664 -0.3780 -0.6427
vn -0.6691 -0.3794 -0.6391
vn -0.6693 -0.3743 -0.6418
vn -0.3911 -0.8603 -0.3269
vn -0.3881 -0.8618 -0.3267
vn 0.1554 0.1422 0.9776
vn 0.1539 0.1370 0.9785
vn 0.1538 0.1349 0.9789
vn -0.1910 0.9438 -0.2696
vn -0.1939 0.9432 -0.2699
vn -0.1936 0.9434 -0.2694
vn 0.1939 -0.9436 0.2683
vn 0.1948 -0.9430 0.2698
vn 0.1954 -0.9425 0.2711
vn -0.2819 -0.8103 -0.5138
vn -0.8667 0.0705 -0.4938
vn -0.8658 0.0722 -0.4951
vn -0.8697 0.0698 -0.4887
vn 0.7110 -0.6426 0.2856
vn 0.7114 -0.6419 0.2860
vn 0.7106 -0.6433 0.2849
vn -0.1617 0.9719 0.1712
vn -0.1617 0.9718 0.1714
vn -0.1617 0.9718 0.1715
vn -0.5283 0.7826 -0.3294
vn -0.5283 0.7800 -0.3354
vn -0.1474 0.7830 0.6042
vn -0.0764 0.9927 -0.0936
vn -0.0785 0.9923 -0.0958
vn -0.0787 0.9927 -0.0917
vn 0.4350 0.7581 0.4859
vn 0.4337 0.7612 0.4822
vn 0.4316 0.7600 0.4860
vn -0.1712 -0.9702 -0.1717
vn 0.5937 -0.8036 0.0414
vn 0.5917 -0.8048 0.0466
vn 0.5866 -0.8085 0.0472
vn -0.8181 0.0375 -0.5738
vn -0.8214 0.0429 -0.5688
vn -0.8159 0.0488 -0.5761
vn 0.6117 -0.7885 0.0640
vn 0.6139 -0.7862 0.0710
vn 0.6172 -0.7841 0.0653
vn 0.3669 -0.9033 -0.2224
vn 0.3731 -0.9034 -0.2114
vn 0.3698 -0.9034 -0.2170
vn 0.4632 -0.5511 -0.6941
vn 0.4595 -0.5514 -0.6963
vn 0.4585 -0.5559 -0.6934
vn 0.5139 -0.5844 -0.6280
vn 0.5139 -0.5843 -0.6280
vn 0.5139 -0.5843 -0.6281
vn 0.3621 -0.8610 0.3572
vn 0.3563 -0.8618 0.3610
vn 0.3570 -0.8643 0.3542
vn -0.1279 -0.9012 -0.4142
vn -0.1270 -0.9037 -0.4089
vn -0.1305 -0.8979 -0.4204
vn -0.7608 -0.1415 -0.6334
vn -0.7586 -0.1475 -0.6346
vn -0.7593 -0.1443 -0.6345
vn 0.1467 -0.9768 -0.1562
vn 0.1479 -0.9760 -0.1596
vn 0.1479 -0.9769 -0.1542
vn -0.2061 0.9512 0.2296
vn -0.2061 0.9512 0.2297
vn 0.7123 -0.6725 0.2009
vn 0.7092 -0.6745 0.2053
vn 0.7125 -0.6721 0.2016
vn -0.3109 0.9500 0.0278
vn -0.1678 0.9697 0.1776
vn -0.1679 0.9697 0.1776
vn 0.1835 -0.9598 -0.2123
vn 0.1844 -0.9623 -0.2000
vn 0.1845 -0.9614 -0.2039
vn 0.2183 -0.9508 -0.2197
vn 0.2183 -0.9509 -0.2195
vn 0.2183 -0.9508 -0.2199
vn -0.9382 0.0883 -0.3347
vn -0.3041 0.9524 0.0225
vn -0.3040 0.9524 0.0224
vn 0.2766 -0.9598 -0.0467
vn 0.2781 -0.9593 -0.0484
vn 0.2750 -0.9604 -0.0446
vn 0.4912 -0.8249 -0.2798
vn 0.4918 -0.8257 -0.2762
vn 0.4948 -0.8229 -0.2795
vn 0.3604 -0.5322 0.7661
vn -0.7794 -0.3346 -0.5298
vn -0.7772 -0.3412 -0.5288
vn -0.7812 -0.3299 -0.5300
vn -0.0700 0.9403 -0.3330
vn -0.0859 0.9340 -0.3468
vn -0.0752 0.9376 -0.3396
vn 0.0962 -0.0481 -0.9942
vn 0.0962 -0.0480 -0.9942
vn 0.0962 -0.0484 -0.9942
vn 0.1337 -0.9452 -0.2978
vn 0.1264 -0.9472 -0.2946
vn 0.1286 -0.9456 -0.2990
vn -0.1126 0.9414 -0.3179
vn -0.1127 0.9414 -0.3179
vn -0.1126 0.9414 -0.3178
vn -0.1012 0.9304 -0.3524
vn -0.1022 0.9302 -0.3527
vn -0.1019 0.9302 -0.3526
vn -0.0855 0.9288 -0.3605
vn -0.0628 0.9376 -0.3420
vn -0.0699 0.9406 -0.3323
vn -0.4363 0.7774 0.4532
vn -0.4522 0.7686 0.4525
vn -0.4042 0.7989 0.4454
vn -0.0916 0.9376 -0.3355
vn -0.1002 0.9336 -0.3439
vn -0.0854 0.9400 -0.3303
vn 0.1840 -0.8948 0.4068
vn 0.1993 -0.9031 0.3804
vn 0.1931 -0.8988 0.3936
vn 0.0391 -0.9462 0.3213
vn -0.3961 -0.9025 0.1689
vn -0.3745 -0.9126 0.1641
vn -0.3683 -0.9157 0.1610
vn 0.8838 -0.3350 -0.3265
vn -0.8173 0.0996 0.5676
vn 0.0928 0.5013 0.8603
vn 0.0921 0.5007 0.8607
vn 0.2997 -0.9516 0.0684
vn 0.2996 -0.9516 0.0683
vn 0.2996 -0.9516 0.0684
vn -0.5553 -0.5834 -0.5926
vn -0.1225 0.9132 -0.3887
vn -0.0986 0.9270 -0.3618
vn -0.1202 0.9146 -0.3861
vn 0.1288 -0.9141 0.3845
vn 0.1289 -0.9141 0.3844
vn 0.0631 -0.9175 0.3927
vn 0.0648 -0.9167 0.3943
vn 0.0596 -0.9193 0.3891
vn 0.0185 -0.9465 0.3222
vn -0.5360 0.8015 0.2653
vn -0.5313 0.8055 0.2625
vn -0.5279 0.8088 0.2593
vn -0.2237 -0.8032 -0.5520
vn -0.2287 -0.8019 -0.5520
vn -0.2290 -0.8009 -0.5532
vn 0.2600 -0.8380 -0.4798
vn 0.2478 -0.6720 -0.6979
vn 0.2477 -0.6720 -0.6979
vn 0.2478 -0.6720 -0.6978
vn 0.3037 -0.1285 0.9441
vn 0.3008 -0.1270 0.9452
vn 0.2973 -0.1296 0.9460
vn -0.0943 0.7496 -0.6552
vn -0.0761 0.7489 -0.6583
vn -0.0890 0.7491 -0.6565
vn -0.1624 0.8978 -0.4093
vn -0.1280 0.8968 -0.4235
vn -0.1521 0.8976 -0.4138
vn -0.1252 0.9293 -0.3475
vn -0.1821 -0.8175 0.5464
vn -0.0693 0.8728 -0.4831
vn 0.0655 -0.8799 0.4707
vn 0.1337 -0.8824 0.4511
vn 0.1311 -0.8847 0.4473
vn 0.0454 -0.9043 0.4245
vn 0.3291 -0.9025 0.2780
vn 0.3366 -0.8999 0.2772
vn 0.3327 -0.9024 0.2739
vn -0.3255 0.7812 0.5327
vn -0.3218 0.7849 0.5295
vn -0.2880 0.7968 0.5312
vn 0.3832 -0.8915 -0.2417
vn 0.3833 -0.8915 -0.2417
vn 0.3831 -0.8916 -0.2415
vn -0.2944 0.9556 -0.0133
vn -0.2893 0.9572 -0.0090
vn -0.2896 0.9571 -0.0142
vn -0.0399 0.6298 0.7757
vn -0.0441 0.6271 0.7777
vn -0.0400 0.6263 0.7785
vn -0.5562 0.6603 0.5046
vn -0.5540 0.6597 0.5078
vn -0.5524 0.6623 0.5062
vn 0.3978 -0.8268 -0.3977
vn 0.3937 -0.8484 0.3538
vn 0.3975 -0.8478 0.3511
vn -0.7529 0.6138 0.2376
vn -0.7504 0.6145 0.2435
vn -0.7462 0.6179 0.2478
vn -0.6695 0.6986 0.2523
vn -0.6673 0.7002 0.2539
vn -0.6685 0.6994 0.2530
vn -0.4668 0.8675 -0.1718
vn 0.2553 -0.2632 0.9303
vn 0.2502 -0.2577 0.9333
vn 0.2534 -0.2627 0.9310
vn 0.9049 0.0803 -0.4180
vn 0.9049 0.0805 -0.4180
vn -0.1738 -0.9721 0.1578
vn -0.1737 -0.9721 0.1573
vn -0.1741 -0.9720 0.1581
vn 0.0853 -0.5081 -0.8570
vn 0.0771 -0.5014 -0.8618
vn 0.0820 -0.5041 -0.8598
vn -0.1940 0.9689 0.1535
vn -0.1902 0.9703 0.1495
vn -0.1948 0.9686 0.1544
vn -0.2099 0.9678 0.1392
vn -0.2170 0.9659 0.1410
vn -0.1966 0.9714 0.1332
vn -0.2875 0.9574 -0.0276
vn 0.1114 -0.9678 -0.2256
vn 0.1114 -0.9678 -0.2257
vn 0.1114 -0.9678 -0.2255
vn -0.5764 -0.1662 -0.8001
vn -0.5763 -0.1661 -0.8001
vn 0.5735 -0.7201 -0.3907
vn 0.6058 -0.6952 -0.3869
vn 0.5341 -0.7655 -0.3590
vn 0.9051 -0.3048 -0.2965
vn 0.9051 -0.3046 -0.2965
vn 0.0406 -0.8482 0.5281
vn 0.0408 -0.8483 0.5280
vn 0.0407 -0.8482 0.5280
vn -0.8207 0.5307 0.2119
vn -0.8214 0.5276 0.2167
vn -0.8189 0.5312 0.2174
vn 0.2975 -0.7405 -0.6027
vn 0.2989 -0.7409 -0.6014
vn 0.3003 -0.7403 -0.6015
vn 0.2312 0.2233 0.9469
vn 0.2271 0.2225 0.9481
vn 0.2293 0.2187 0.9485
vn -0.1429 0.9737 0.1773
vn -0.3744 0.8990 0.2272
vn -0.3811 0.8967 0.2249
vn -0.3782 0.8977 0.2260
vn -0.8674 0.2716 -0.4170
vn -0.8674 0.2715 -0.4171
vn -0.3988 0.9097 0.1156
vn -0.3986 0.9098 0.1156
vn -0.3991 0.9096 0.1154
vn -0.0095 -0.8529 0.5220
vn 0.7514 -0.6070 0.2587
vn 0.6675 -0.5915 -0.4523
vn 0.6675 -0.5915 -0.4524
vn -0.9232 0.2412 -0.2993
vn -0.1626 0.8553 0.4919
vn -0.3517 0.0864 0.9321
vn 0.4699 -0.8823 -0.0273
vn 0.4701 -0.8822 -0.0274
vn -0.5510 0.7473 0.3715
vn -0.5509 0.7474 0.3714
vn -0.5510 0.7472 0.3716
vn 0.7543 0.3959 0.5237
vn 0.8683 -0.4136 -0.2739
vn -0.3091 0.6447 -0.6991
vn -0.3091 0.6451 -0.6988
vn -0.3091 0.6448 -0.6991
vn -0.9370 0.2751 -0.2154
vn -0.9369 0.2752 -0.2154
vn 0.1586 0.9841 0.0806
vn -0.2336 0.4699 -0.8512
vn 0.5607 -0.8280 0.0052
vn -0.5516 0.8039 0.2226
vn -0.5515 0.8040 0.2226
vn -0.5514 0.8040 0.2226
vn 0.3283 -0.9093 0.2556
vn 0.3283 -0.9093 0.2557
vn 0.0140 -0.9841 -0.1771
vn -0.7315 -0.4987 -0.4649
vn -0.4755 -0.8050 -0.3549
vn 0.4361 -0.8611 -0.2614
vn -0.3013 0.6223 0.7224
vn -0.3031 0.6222 0.7218
vn -0.3015 0.6273 0.7180
vn -0.4070 0.8457 0.3451
vn -0.9854 0.1413 0.0947
vn -0.9855 0.1408 0.0948
vn -0.9856 0.1404 0.0947
vn -0.5553 0.8034 0.2150
vn -0.5553 0.8034 0.2151
vn 0.3258 -0.8444 -0.4253
vn 0.9886 -0.0406 0.1451
vn 0.9885 -0.0409 0.1454
vn 0.9886 -0.0401 0.1449
vn -0.7486 0.4327 0.5023
vn -0.7485 0.4329 0.5024
vn 0.7993 -0.5431 0.2572
vn 0.7994 -0.5430 0.2572
vn -0.8775 -0.3835 0.2880
vn -0.6889 -0.6267 0.3642
vn -0.6892 -0.6266 0.3637
vn -0.6892 -0.6266 0.3639
vn 0.9746 -0.1916 0.1160
vn 0.9745 -0.1916 0.1164
vn 0.9746 -0.1911 0.1171
vn -0.8386 0.5386 0.0814
vn -0.8405 0.5358 0.0811
vn -0.8368 0.5414 0.0815
vn -0.7521 0.6054 -0.2603
vn -0.7558 0.6030 -0.2553
vn -0.7546 0.6065 -0.2506
vn 0.1820 0.9596 0.2147
vn 0.1821 0.9596 0.2146
vn 0.1819 0.9596 0.2149
vn 0.9542 -0.2884 0.0790
vn 0.4335 0.8487 -0.3030
vn 0.4340 0.8485 -0.3028
vn 0.4336 0.8487 -0.3029
vn 0.1556 -0.7036 -0.6933
vn 0.4697 -0.7812 -0.4113
vn 0.4655 -0.7865 -0.4058
vn 0.4651 -0.7842 -0.4107
vn 0.6059 -0.7753 -0.1781
vn 0.6060 -0.7753 -0.1779
vn 0.6060 -0.7753 -0.1778
vn 0.5719 -0.4933 0.6555
vn 0.5105 -0.8063 -0.2988
vn 0.5157 -0.8044 -0.2949
vn 0.5105 -0.8101 -0.2883
vn -0.4714 0.5410 -0.6964
vn -0.2294 -0.8977 -0.3761
vn -0.2295 -0.8977 -0.3761
vn -0.2288 -0.8974 -0.3772
vn -0.5612 0.6855 0.4638
vn -0.1617 0.9866 0.0220
vn -0.1601 0.9869 0.0197
vn -0.1607 0.9868 0.0205
vn -0.8797 -0.4754 -0.0072
vn 0.2293 0.8978 0.3761
vn 0.2294 0.8978 0.3760
vn 0.2290 0.8978 0.3761
vn -0.4420 0.8441 0.3034
vn -0.2266 0.9440 0.2399
vn -0.2230 0.9459 0.2358
vn -0.2263 0.9442 0.2394
vn -0.2887 0.8671 0.4060
vn -0.2815 0.8698 0.4052
vn -0.2830 0.8672 0.4098
vn -0.4517 0.8921 0.0036
vn -0.4514 0.8923 0.0089
vn -0.4503 0.8928 0.0079
vn 0.5122 -0.8242 -0.2416
vn 0.5121 -0.8263 -0.2343
vn 0.5086 -0.8273 -0.2385
vn 0.4300 -0.8627 0.2662
vn 0.4237 -0.8654 0.2676
vn 0.4249 -0.8663 0.2628
vn -0.2519 -0.8925 0.3742
vn -0.2535 -0.8924 0.3734
vn -0.2523 -0.8931 0.3725
vn -0.0179 -0.8990 -0.4375
vn -0.0171 -0.8989 -0.4379
vn -0.0157 -0.8991 -0.4375
vn -0.4265 -0.9005 0.0853
vn -0.5421 0.8347 -0.0967
vn -0.5421 0.8348 -0.0967
vn -0.8490 0.5239 0.0694
vn 0.4366 -0.8860 0.1562
vn 0.4395 -0.8850 0.1537
vn 0.4430 -0.8826 0.1575
vn 0.1941 -0.9024 0.3848
vn 0.1951 -0.9018 0.3857
vn 0.1929 -0.9022 0.3859
vn -0.2081 -0.4152 -0.8856
vn -0.2117 -0.4166 -0.8841
vn -0.2102 -0.4202 -0.8828
vn 0.5323 -0.7811 -0.3262
vn 0.5338 -0.7795 -0.3279
vn 0.5357 -0.7801 -0.3231
vn -0.6723 0.7276 -0.1364
vn -0.6744 0.7249 -0.1402
vn -0.6767 0.7241 -0.1334
vn -0.4488 0.8905 0.0749
vn -0.4444 0.8927 0.0747
vn -0.4441 0.8929 0.0747
vn 0.3494 -0.9347 -0.0655
vn 0.3541 -0.9333 -0.0603
vn 0.3446 -0.9369 -0.0590
vn 0.1821 0.6056 0.7746
vn 0.1835 0.6003 0.7784
vn 0.1877 0.6075 0.7718
vn -0.4316 0.6289 0.6466
vn -0.4315 0.6288 0.6469
vn -0.8118 0.5832 -0.0277
vn -0.8086 0.5879 -0.0215
vn -0.8108 0.5847 -0.0278
vn 0.3165 -0.9314 -0.1798
vn 0.2538 -0.9134 -0.3182
vn -0.1927 -0.6813 -0.7062
vn -0.1996 -0.6845 -0.7011
vn -0.1958 -0.6828 -0.7039
vn -0.1730 0.8765 0.4493
vn -0.1707 0.8778 0.4475
vn -0.1766 0.8751 0.4506
vn -0.2231 -0.9388 -0.2625
vn -0.2231 -0.9388 -0.2624
vn -0.2231 -0.9388 -0.2623
vn -0.3078 -0.2112 -0.9277
vn -0.3047 -0.2120 -0.9286
vn -0.3130 -0.2116 -0.9259
vn 0.0690 -0.3894 -0.9185
vn 0.0705 -0.3920 -0.9172
vn 0.0660 -0.3905 -0.9182
vn -0.6874 0.7141 -0.1328
vn -0.6899 0.7111 -0.1356
vn -0.6929 0.7098 -0.1271
vn -0.6461 0.7618 -0.0472
vn -0.6441 0.7635 -0.0468
vn -0.6419 0.7657 -0.0413
vn -0.6238 0.5651 -0.5399
vn -0.6174 0.5698 -0.5423
vn -0.6207 0.5694 -0.5390
vn 0.7040 -0.5084 0.4960
vn 0.7074 -0.5057 0.4938
vn 0.7121 -0.5036 0.4892
vn 0.6381 -0.6971 0.3269
vn 0.0842 -0.7964 -0.5989
vn 0.0821 -0.7954 -0.6005
vn 0.0831 -0.7940 -0.6022
vn -0.6501 0.2486 -0.7180
vn -0.2767 0.7430 0.6094
vn -0.2733 0.7355 0.6199
vn -0.2701 0.7404 0.6155
vn -0.6089 0.5878 -0.5326
vn -0.6051 0.5880 -0.5367
vn -0.6024 0.5866 -0.5413
vn 0.5663 -0.0238 0.8239
vn 0.5664 -0.0236 0.8238
vn 0.5663 -0.0238 0.8238
vn 0.7763 -0.2217 0.5901
vn 0.7707 -0.2212 0.5975
vn 0.7750 -0.2128 0.5951
vn 0.2795 0.5083 0.8146
vn -0.3632 0.8531 0.3745
vn 0.6706 -0.1370 0.7290
vn 0.6698 -0.1374 0.7297
vn 0.6692 -0.1343 0.7308
vn 0.3055 -0.9352 0.1793
vn 0.3078 -0.9344 0.1794
vn 0.3068 -0.9345 0.1803
vn -0.0012 -0.9597 -0.2809
vn 0.0017 -0.9605 -0.2784
vn 0.0049 -0.9579 -0.2872
vn -0.8918 0.1962 0.4076
vn -0.8910 0.1924 0.4113
vn -0.8900 0.1964 0.4114
vn -0.4431 -0.0155 -0.8963
vn 0.7193 -0.6919 0.0625
vn 0.7203 -0.6906 0.0650
vn 0.7173 -0.6940 0.0614
vn -0.1670 -0.5347 -0.8283
vn -0.1653 -0.5348 -0.8287
vn -0.1686 -0.5349 -0.8279
vn -0.3393 -0.2239 -0.9137
vn -0.3358 -0.2240 -0.9149
vn -0.3432 -0.2149 -0.9144
vn 0.7810 -0.1025 0.6160
vn 0.7811 -0.0960 0.6170
vn 0.7779 -0.0981 0.6207
vn -0.5109 0.8028 -0.3073
vn -0.5126 0.7999 -0.3121
vn -0.5165 0.7990 -0.3079
vn 0.7588 -0.6508 0.0257
vn 0.7560 -0.6540 0.0268
vn 0.7551 -0.6552 0.0232
vn 0.3685 -0.5969 -0.7127
vn 0.3697 -0.5935 -0.7149
vn 0.3705 -0.5939 -0.7142
vn -0.2200 -0.5241 -0.8227
vn -0.2182 -0.5252 -0.8225
vn -0.2219 -0.5238 -0.8225
vn 0.7954 -0.4060 0.4501
vn 0.7903 -0.4041 0.4605
vn 0.7934 -0.4002 0.4586
vn -0.1920 0.7556 0.6263
vn -0.1957 0.7489 0.6332
vn -0.1934 0.7517 0.6305
vn 0.6778 0.1335 0.7231
vn 0.6765 0.1252 0.7257
vn 0.6750 0.1275 0.7267
vn 0.6054 0.2586 0.7527
vn 0.6103 0.2571 0.7492
vn -0.4222 0.6691 -0.6116
vn -0.4016 0.2437 -0.8828
vn -0.4058 0.2384 -0.8823
vn -0.4056 0.2362 -0.8830
vn -0.3262 0.1323 -0.9360
vn -0.3230 0.1237 -0.9383
vn -0.3275 0.1267 -0.9363
vn -0.2225 0.8484 0.4803
vn -0.2265 0.8469 0.4812
vn -0.2216 0.8449 0.4869
vn 0.0622 0.9356 0.3475
vn 0.0594 0.9380 0.3416
vn 0.0552 0.9391 0.3392
vn 0.2930 -0.3944 -0.8710
vn -0.5838 0.6912 0.4259
vn -0.5797 0.6958 0.4240
vn -0.5878 0.6934 0.4167
vn -0.5153 0.8551 -0.0562
vn -0.5171 0.8538 -0.0608
vn -0.5192 0.8528 -0.0570
vn 0.8244 -0.0982 0.5575
vn 0.8250 -0.1096 0.5545
vn 0.8267 -0.1075 0.5522
vn 0.7635 -0.6425 -0.0658
vn 0.7615 -0.6449 -0.0648
vn 0.7634 -0.6424 -0.0678
vn -0.2760 -0.0922 0.9567
vn -0.2716 -0.0893 0.9583
vn -0.2744 -0.0911 0.9573
vn -0.6929 0.6823 0.2334
vn -0.6881 0.6870 0.2333
vn -0.6968 0.6779 0.2345
vn -0.2128 0.9732 0.0872
vn -0.2153 0.9735 0.0777
vn -0.2139 0.9733 0.0838
vn -0.5702 0.6993 0.4311
vn -0.5690 0.7006 0.4306
vn -0.5714 0.6991 0.4298
vn -0.2907 0.8284 -0.4788
vn -0.2957 0.8273 -0.4776
vn -0.2930 0.8289 -0.4766
vn 0.6394 0.3731 0.6722
vn 0.6363 0.3732 0.6752
vn 0.6379 0.3688 0.6761
vn 0.5642 -0.7145 -0.4138
vn 0.5642 -0.7155 -0.4119
vn 0.5660 -0.7135 -0.4130
vn 0.5341 -0.7107 -0.4578
vn 0.5313 -0.7088 -0.4640
vn 0.5311 -0.7100 -0.4624
vn -0.1472 -0.1575 -0.9765
vn -0.1527 -0.1619 -0.9749
vn -0.1512 -0.1570 -0.9759
vn -0.6564 0.7054 0.2676
vn 0.7582 -0.6306 -0.1658
vn 0.7625 -0.6249 -0.1673
vn 0.7582 -0.6325 -0.1583
vn 0.7916 -0.0832 0.6054
vn 0.7906 -0.0794 0.6071
vn 0.7915 -0.0860 0.6051
vn 0.5446 0.4933 0.6783
vn 0.6150 -0.7822 0.0997
vn 0.6186 -0.7800 0.0945
vn 0.6232 -0.7768 0.0908
vn 0.2307 -0.7547 -0.6142
vn 0.2302 -0.7507 -0.6192
vn 0.2347 -0.7475 -0.6214
vn 0.5518 -0.6412 -0.5332
vn 0.2885 0.8416 0.4567
vn 0.2894 0.8457 0.4483
vn 0.2860 0.8447 0.4523
vn -0.1219 0.9905 0.0641
vn -0.1175 0.9911 0.0625
vn -0.1184 0.9909 0.0641
vn -0.5657 0.7033 0.4306
vn -0.5684 0.6985 0.4348
vn -0.5671 0.7058 0.4246
vn 0.5269 -0.6273 -0.5735
vn 0.5267 -0.6273 -0.5736
vn 0.5269 -0.6273 -0.5734
vn 0.3727 -0.6919 -0.6183
vn 0.3761 -0.6860 -0.6228
vn 0.3760 -0.6848 -0.6242
vn -0.4710 0.8795 -0.0675
vn -0.4715 0.8796 -0.0625
vn -0.4763 0.8767 -0.0670
vn -0.2638 0.4795 -0.8370
vn -0.3286 0.8119 -0.4825
vn -0.1597 0.9790 -0.1268
vn 0.7313 -0.6703 0.1261
vn 0.7384 -0.6622 0.1273
vn 0.7343 -0.6662 0.1301
vn 0.8849 -0.4654 0.0209
vn 0.3415 -0.2622 -0.9026
vn 0.3409 -0.2625 -0.9027
vn 0.3365 -0.2628 -0.9043
vn 0.1990 0.9027 0.3815
vn -0.1726 0.9485 0.2656
vn -0.1697 0.9479 0.2696
vn -0.1677 0.9491 0.2667
vn -0.0842 -0.0552 -0.9949
vn -0.0897 -0.0601 -0.9942
vn -0.0926 -0.0499 -0.9945
vn -0.1311 -0.1561 -0.9790
vn -0.1348 -0.1640 -0.9772
vn -0.1375 -0.1566 -0.9780
vn -0.2980 0.9540 -0.0329
vn -0.3003 0.9529 -0.0414
vn -0.3046 0.9515 -0.0422
vn 0.5531 -0.6492 -0.5221
vn 0.9494 -0.2845 0.1333
vn 0.9487 -0.2867 0.1330
vn -0.1710 0.1082 -0.9793
vn -0.1753 0.1089 -0.9785
vn -0.1716 0.1083 -0.9792
vn -0.6050 0.7769 0.1743
vn -0.6007 0.7810 0.1708
vn -0.6074 0.7764 0.1679
vn 0.8050 0.3220 0.4983
vn 0.8008 0.3245 0.5034
vn 0.8075 0.3178 0.4968
vn 0.8514 0.0903 0.5167
vn 0.8473 0.0939 0.5228
vn 0.8460 0.0914 0.5253
vn 0.8165 0.1451 0.5589
vn 0.8163 0.1368 0.5611
vn 0.8156 0.1404 0.5613
vn 0.5387 0.7039 0.4629
vn 0.8461 -0.5278 -0.0739
vn 0.8456 -0.5287 -0.0735
vn 0.8450 -0.5297 -0.0738
vn 0.2450 -0.0486 -0.9683
vn 0.2417 -0.0464 -0.9692
vn 0.2463 -0.0418 -0.9683
vn 0.9816 0.0172 0.1900
vn 0.9816 0.0144 0.1904
vn 0.9822 0.0185 0.1872
vn 0.2829 -0.0505 -0.9578
vn 0.2844 -0.0575 -0.9570
vn 0.2785 -0.0525 -0.9590
vn -0.1266 0.7849 -0.6065
vn -0.1260 0.7839 -0.6079
vn -0.1263 0.7828 -0.6093
vn 0.7937 -0.3347 -0.5080
vn 0.7929 -0.3369 -0.5078
vn 0.7919 -0.3356 -0.5102
vn 0.9710 -0.2072 0.1196
vn 0.9694 -0.2171 0.1146
vn 0.9712 -0.2115 0.1094
vn 0.6240 0.6774 0.3895
vn 0.8682 -0.2586 -0.4236
vn 0.8677 -0.2596 -0.4239
vn 0.8671 -0.2578 -0.4262
vn 0.0173 0.9878 0.1547
vn 0.8498 -0.3096 -0.4266
vn 0.7344 -0.5183 -0.4382
vn 0.7396 -0.5154 -0.4329
vn 0.7363 -0.5151 -0.4388
vn 0.8029 -0.2012 -0.5611
vn 0.8060 -0.2006 -0.5569
vn 0.8008 -0.2055 -0.5626
vn -0.3693 0.8581 0.3568
vn -0.3644 0.8613 0.3542
vn -0.3685 0.8605 0.3519
vn 0.3270 -0.4221 -0.8455
vn 0.3262 -0.4236 -0.8451
vn 0.3274 -0.4206 -0.8461
vn -0.0321 0.9808 -0.1925
vn 0.2964 -0.0335 -0.9545
vn 0.2977 -0.0342 -0.9541
vn 0.2949 -0.0325 -0.9550
vn -0.2721 0.8915 0.3622
vn -0.2702 0.8931 0.3597
vn -0.2769 0.8899 0.3625
vn 0.9872 0.0197 0.1581
vn 0.9870 0.0159 0.1601
vn 0.9876 0.0167 0.1560
vn 0.4097 -0.3611 -0.8377
vn 0.4085 -0.3565 -0.8403
vn 0.4064 -0.3533 -0.8426
vn 0.9746 0.0289 0.2221
vn 0.9739 0.0255 0.2256
vn 0.9746 0.0219 0.2227
vn -0.5162 0.8482 0.1186
vn -0.5154 0.8495 0.1132
vn -0.5195 0.8457 0.1219
vn 0.3339 0.9355 0.1158
vn 0.3253 0.9380 0.1195
vn 0.3309 0.9362 0.1184
vn 0.0832 0.9964 -0.0156
vn 0.0809 0.9966 -0.0165
vn -0.0857 0.5036 -0.8597
vn -0.0856 0.5089 -0.8565
vn -0.0813 0.5006 -0.8619
vn 0.0418 0.2730 -0.9611
vn 0.0440 0.2717 -0.9614
vn 0.0392 0.2734 -0.9611
vn -0.0431 0.5753 -0.8168
vn -0.0497 0.5746 -0.8169
vn -0.0466 0.5769 -0.8155
vn 0.8341 0.3731 0.4064
vn 0.8306 0.3746 0.4120
vn 0.8333 0.3712 0.4096
vn 0.0706 0.8918 -0.4469
vn 0.0708 0.8895 -0.4515
vn 0.0656 0.8899 -0.4514
vn 0.1536 0.9881 0.0022
vn -0.3775 0.8685 -0.3212
vn -0.3763 0.8709 -0.3161
vn -0.3752 0.8730 -0.3116
vn -0.0288 0.9735 -0.2270
vn -0.0306 0.9729 -0.2293
vn -0.0333 0.9730 -0.2283
vn 0.2427 0.0520 -0.9687
vn 0.2405 0.0539 -0.9691
vn 0.2402 0.0561 -0.9691
vn 0.8841 -0.0898 -0.4586
vn 0.8855 -0.0920 -0.4554
vn 0.8839 -0.0982 -0.4573
vn 0.9738 0.1383 0.1803
vn 0.9740 0.1334 0.1831
vn 0.9738 0.1304 0.1865
vn 0.9627 -0.2412 0.1223
vn 0.9610 -0.2480 0.1222
vn 0.9612 -0.2501 0.1163
vn 0.8075 -0.1123 -0.5790
vn 0.8047 -0.1166 -0.5821
vn 0.8035 -0.1114 -0.5847
vn 0.8903 0.3506 0.2906
vn 0.8887 0.3479 0.2985
vn 0.8909 0.3462 0.2942
vn 0.8247 -0.0513 -0.5632
vn 0.8236 -0.0510 -0.5649
vn 0.8232 -0.0491 -0.5656
vn 0.1626 0.9267 0.3389
vn 0.1606 0.9285 0.3348
vn -0.3868 0.9183 -0.0848
vn -0.3849 0.9194 -0.0813
vn -0.3852 0.9191 -0.0823
vn 0.6610 0.7253 0.1925
vn 0.6638 0.7217 0.1963
vn 0.6601 0.7273 0.1879
vn 0.7428 -0.4050 -0.5331
vn 0.7426 -0.4049 -0.5335
vn 0.9513 0.1737 0.2546
vn 0.9529 0.1640 0.2553
vn 0.9540 0.1661 0.2494
vn 0.2578 0.0883 -0.9622
vn 0.2507 0.0841 -0.9644
vn 0.2474 0.0908 -0.9646
vn 0.1654 0.9618 -0.2181
vn 0.1689 0.9597 -0.2246
vn 0.1584 0.9633 -0.2168
vn 0.1464 0.2476 -0.9577
vn 0.1435 0.2482 -0.9580
vn 0.1433 0.2541 -0.9565
vn 0.9832 0.1541 -0.0981
vn 0.9837 0.1498 -0.0991
vn 0.9831 0.1554 -0.0970
vn 0.5287 0.1220 -0.8400
vn 0.5321 0.1246 -0.8375
vn 0.5336 0.1241 -0.8366
vn 0.5532 0.8284 0.0878
vn 0.4270 0.8897 -0.1616
vn 0.4327 0.8871 -0.1606
vn 0.4328 0.8861 -0.1659
vn 0.2083 0.8385 -0.5036
vn 0.2058 0.8414 -0.4997
vn 0.3897 -0.1331 -0.9113
vn 0.3908 -0.1309 -0.9111
vn 0.3905 -0.1380 -0.9102
vn 0.3007 0.9001 -0.3151
vn -0.0048 0.9596 0.2812
vn -0.0038 0.9595 0.2817
vn -0.0047 0.9593 0.2822
vn 0.9942 -0.0994 -0.0420
vn 0.9933 -0.1080 -0.0405
vn 0.9940 -0.1031 -0.0377
vn 0.8946 0.1427 -0.4234
vn 0.8969 0.1316 -0.4222
vn 0.8948 0.1380 -0.4246
vn 0.5705 0.0174 -0.8211
vn 0.5657 0.0154 -0.8245
vn 0.5689 0.0171 -0.8222
vn 0.7572 0.1303 -0.6400
vn 0.7553 0.1318 -0.6420
vn 0.7573 0.1290 -0.6402
vn 0.8594 0.5013 0.1005
vn 0.4459 0.8492 0.2829
vn 0.4453 0.8474 0.2892
vn 0.4444 0.8496 0.2841
vn 0.8006 0.2062 -0.5626
vn 0.8053 0.2001 -0.5581
vn 0.8018 0.1999 -0.5632
vn 0.8393 0.1956 -0.5073
vn 0.8369 0.1915 -0.5127
vn 0.8414 0.1912 -0.5054
vn 0.9930 0.0374 -0.1118
vn 0.9927 0.0338 -0.1161
vn 0.9922 0.0401 -0.1181
vn 0.8849 0.4451 0.1374
vn 0.8848 0.4452 0.1374
vn 0.4736 -0.0346 -0.8800
vn 0.4784 -0.0349 -0.8774
vn 0.4699 -0.0455 -0.8816
vn 0.2094 0.5874 -0.7817
vn 0.2079 0.5857 -0.7834
vn -0.1173 0.8019 -0.5858
vn -0.1122 0.8018 -0.5870
vn -0.1205 0.7993 -0.5887
vn 0.5204 0.7840 0.3384
vn 0.9909 0.1187 0.0630
vn 0.9916 0.1138 0.0621
vn 0.9922 0.1106 0.0568
vn 0.9840 0.1323 0.1197
vn 0.9843 0.1263 0.1236
vn 0.9864 0.1181 0.1147
vn 0.5411 0.7958 -0.2720
vn 0.5426 0.7941 -0.2738
vn 0.5374 0.7964 -0.2776
vn -0.0327 0.9785 -0.2038
vn -0.0327 0.9794 -0.1992
vn -0.0292 0.9781 -0.2061
vn 0.8675 -0.1028 -0.4867
vn 0.8625 -0.1053 -0.4951
vn 0.8621 -0.0996 -0.4968
vn 0.2901 0.0737 -0.9541
vn 0.2883 0.0686 -0.9551
vn 0.3739 0.0713 -0.9247
vn 0.3729 0.0622 -0.9258
vn 0.3663 0.0718 -0.9277
vn 0.6179 0.0632 -0.7837
vn 0.6234 0.0669 -0.7790
vn 0.6177 0.0684 -0.7834
vn 0.3233 0.4830 -0.8138
vn 0.3207 0.4768 -0.8184
vn 0.4499 0.8058 -0.3850
vn 0.4533 0.8019 -0.3893
vn 0.4506 0.8034 -0.3891
vn -0.1502 0.7058 -0.6923
vn -0.1574 0.7044 -0.6921
vn -0.1465 0.7094 -0.6894
vn 0.1492 0.9885 -0.0228
vn 0.1460 0.9891 -0.0181
vn 0.1541 0.9879 -0.0190
vn 0.8972 -0.0678 -0.4363
vn 0.8962 -0.0698 -0.4381
vn 0.8949 -0.0695 -0.4408
vn 0.6201 0.0014 -0.7845
vn 0.6239 0.0020 -0.7815
vn 0.6261 -0.0015 -0.7797
vn 0.8303 0.1540 -0.5357
vn 0.8303 0.1541 -0.5356
vn 0.9304 0.1515 -0.3337
vn 0.9328 0.1509 -0.3273
vn 0.9350 0.1461 -0.3232
vn 0.9715 0.2367 -0.0107
vn 0.8405 0.1875 -0.5083
vn 0.8423 0.1856 -0.5061
vn 0.8424 0.1827 -0.5069
vn 0.8355 0.1635 -0.5247
vn 0.8355 0.1540 -0.5275
vn 0.8347 0.1521 -0.5293
vn 0.5894 0.1768 -0.7883
vn 0.1318 -0.0287 -0.9909
vn 0.1356 -0.0358 -0.9901
vn 0.1311 -0.0325 -0.9908
vn 0.8571 0.1717 -0.4858
vn 0.8580 0.1701 -0.4847
vn 0.8612 0.1678 -0.4797
vn 0.2866 -0.0343 -0.9574
vn 0.2901 -0.0240 -0.9567
vn 0.2892 -0.0280 -0.9569
vn 0.4863 0.4720 -0.7353
vn 0.4852 0.4681 -0.7386
vn 0.4840 0.4739 -0.7357
vn 0.6856 0.6149 -0.3898
vn 0.6517 0.5757 -0.4939
vn 0.6469 0.5823 -0.4925
vn 0.6520 0.5777 -0.4912
vn 0.0702 0.8947 -0.4410
vn 0.6453 0.2340 -0.7272
vn 0.6475 0.2333 -0.7255
vn 0.6422 0.2351 -0.7296
vn 0.9499 0.2332 -0.2079
vn 0.9498 0.2338 -0.2077
vn 0.9924 0.0432 0.1155
vn 0.9926 0.0402 0.1150
vn 0.8813 0.1863 -0.4344
vn 0.8847 0.1903 -0.4256
vn 0.8846 0.1892 -0.4263
vn 0.7568 0.5487 -0.3553
vn 0.7580 0.5450 -0.3584
vn 0.7543 0.5484 -0.3608
vn 0.6803 0.5568 -0.4766
vn 0.6843 0.5543 -0.4738
vn 0.6755 0.5622 -0.4770
vn 0.9895 0.0512 0.1349
vn 0.9893 0.0406 0.1402
vn 0.9904 0.0445 0.1311
vn 0.7253 0.1843 -0.6632
vn 0.7318 0.1838 -0.6563
vn 0.7264 0.1794 -0.6635
vn 0.6885 0.1948 -0.6986
vn 0.6940 0.2015 -0.6912
vn 0.6953 0.1957 -0.6916
vn 0.7554 0.2519 -0.6049
vn 0.7596 0.2507 -0.6002
vn 0.7603 0.2435 -0.6022
vn 0.3655 0.9283 -0.0684
vn 0.3631 0.9288 -0.0738
vn 0.3701 0.9266 -0.0659
vn 0.8570 0.2110 -0.4701
vn 0.8614 0.2069 -0.4639
vn 0.8584 0.2043 -0.4705
vn 0.8214 0.3017 -0.4841
vn 0.8225 0.3027 -0.4816
vn 0.8216 0.2989 -0.4854
vn 0.8343 0.3576 -0.4197
vn 0.8381 0.3565 -0.4129
vn 0.8340 0.3623 -0.4161
vn 0.3889 0.9196 -0.0556
vn 0.3968 0.9164 -0.0529
vn 0.3938 0.9173 -0.0587
vn 0.8038 0.4898 0.3376
vn 0.7999 0.4943 0.3405
vn 0.8030 0.4911 0.3378
vn 0.1206 0.4195 -0.8997
vn 0.1176 0.4160 -0.9017
vn 0.5292 0.0500 -0.8470
vn 0.7763 0.5758 0.2567
vn 0.7744 0.5757 0.2624
vn 0.1318 0.4158 -0.8998
vn 0.9372 0.2229 0.2683
vn 0.2985 0.2010 -0.9330
vn 0.3015 0.1987 -0.9325
vn 0.2968 0.1961 -0.9346
vn 0.9217 0.3452 0.1770
vn 0.3219 0.8169 -0.4786
vn 0.9766 0.1109 -0.1841
vn 0.9772 0.1095 -0.1820
vn 0.9777 0.0992 -0.1852
vn 0.3803 0.8042 -0.4568
vn 0.3870 0.8058 -0.4482
vn 0.3813 0.8070 -0.4511
vn 0.6785 0.0473 -0.7331
vn 0.6800 0.0399 -0.7322
vn 0.6826 0.0526 -0.7289
vn 0.8111 0.5840 -0.0337
vn 0.8110 0.5841 -0.0337
vn 0.8109 0.5842 -0.0336
vn 0.8918 0.0645 -0.4478
vn 0.8902 0.0676 -0.4506
vn 0.8906 0.0594 -0.4510
vn 0.8981 0.0795 -0.4326
vn 0.9034 0.0803 -0.4212
vn 0.9018 0.0824 -0.4241
vn 0.7434 0.0737 -0.6648
vn 0.9093 0.4152 -0.0297
vn 0.4869 0.1916 -0.8522
vn 0.4824 0.1908 -0.8549
vn 0.4914 0.1963 -0.8485
vn 0.4153 0.5452 -0.7282
vn 0.4186 0.5427 -0.7282
vn 0.6302 0.6197 -0.4678
vn 0.6331 0.6119 -0.4741
vn 0.6278 0.6209 -0.4694
vn 0.7135 0.6644 -0.2224
vn 0.7135 0.6659 -0.2179
vn 0.7149 0.6632 -0.2215
vn 0.5496 0.5168 -0.6564
vn 0.5516 0.5140 -0.6570
vn 0.5510 0.5170 -0.6551
vn 0.6960 0.5982 -0.3971
vn 0.6975 0.5972 -0.3960
vn 0.6952 0.5978 -0.3991
vn 0.6322 0.3288 -0.7016
vn 0.6273 0.3340 -0.7035
vn 0.6323 0.3337 -0.6992
vn 0.9115 0.3424 -0.2280
vn 0.9137 0.3375 -0.2264
vn 0.7918 0.2242 -0.5682
vn 0.7899 0.2191 -0.5727
vn 0.7859 0.2172 -0.5789
vn 0.8248 0.2269 -0.5179
vn 0.8272 0.2272 -0.5140
vn 0.8254 0.2224 -0.5190
vn 0.8468 0.3712 -0.3809
vn 0.8465 0.3718 -0.3810
vn 0.0769 0.7580 -0.6478
vn -0.3180 0.8362 -0.4468
vn -0.3179 0.8362 -0.4468
vn -0.4846 0.8634 -0.1405
vn -0.4846 0.8635 -0.1400
vn -0.4846 0.8634 -0.1402
vn -0.1020 0.8266 0.5535
vn -0.2545 0.7787 0.5734
vn -0.2145 0.8373 0.5029
vn -0.7606 0.3845 0.5231
vn 0.4891 0.0359 0.8715
vn 0.3179 -0.9452 -0.0746
vn 0.7850 0.3489 -0.5120
vn 0.7849 0.3489 -0.5120
vn 0.3213 -0.9470 0.0049
vn 0.2942 -0.9555 0.0226
vn 0.3092 -0.9509 0.0148
vn -0.7571 -0.3488 0.5524
vn -0.7571 -0.3487 0.5524
vn 0.7749 0.3583 -0.5208
vn 0.7748 0.3584 -0.5208
vn 0.0162 0.9921 -0.1245
vn 0.0201 0.9922 -0.1231
vn -0.0537 0.9959 -0.0730
vn -0.0538 0.9964 -0.0648
vn -0.0508 0.9958 -0.0759
vn -0.5703 -0.4182 0.7070
vn -0.5685 -0.4199 0.7075
vn -0.5704 -0.4205 0.7056
vn -0.6476 -0.7554 -0.1000
vn 0.4945 0.8247 -0.2746
vn 0.5051 0.8196 -0.2704
vn 0.5002 0.8213 -0.2743
vn -0.0236 0.9989 0.0400
vn -0.0243 0.9988 0.0434
vn -0.0229 0.9989 0.0420
vn 0.0697 0.9811 -0.1804
vn 0.0705 0.9815 -0.1778
vn 0.0701 0.9806 -0.1831
vn 0.0325 -0.6729 0.7390
vn 0.0278 -0.6798 0.7329
vn 0.0324 -0.6762 0.7360
vn 0.2752 0.9036 0.3284
vn 0.2749 0.9037 0.3282
vn 0.2750 0.9035 0.3287
vn -0.3295 0.9008 -0.2829
vn -0.3302 0.9012 -0.2808
vn -0.3283 0.9036 -0.2753
vn -0.7950 0.4019 0.4544
vn -0.7949 0.4020 0.4544
vn -0.8192 0.0725 0.5689
vn -0.8178 0.0747 0.5706
vn -0.8209 0.0740 0.5662
vn 0.0809 0.9639 0.2535
vn 0.0854 0.9667 0.2412
vn 0.0827 0.9659 0.2454
vn -0.6433 -0.2561 0.7215
vn -0.2520 0.9116 -0.3248
vn -0.2566 0.9093 -0.3277
vn -0.2569 0.9093 -0.3275
vn 0.0260 -0.7577 0.6521
vn 0.0244 -0.7572 0.6527
vn 0.0267 -0.7585 0.6512
vn -0.9802 0.1956 -0.0323
vn -0.7200 0.5783 -0.3836
vn -0.0562 0.6350 0.7705
vn -0.4644 0.8487 0.2530
vn 0.0817 0.6875 0.7216
vn -0.8684 0.3350 -0.3655
vn 0.1439 0.9744 0.1728
vn -0.1729 0.4367 0.8828
vn -0.1702 0.4400 0.8817
vn -0.1723 0.4388 0.8819
vn -0.3910 0.7411 0.5458
vn -0.3911 0.7410 0.5458
vn -0.6750 0.6725 -0.3035
vn 0.0722 0.7082 0.7023
vn 0.0735 0.7071 0.7033
vn 0.0756 0.7061 0.7041
vn -0.3547 0.6914 0.6294
vn -0.9838 -0.0040 0.1794
vn -0.7344 0.5500 -0.3977
vn -0.1877 0.9218 -0.3393
vn -0.9695 0.2185 -0.1113
vn -0.3558 0.2700 0.8947
vn -0.6352 0.5443 -0.5480
vn -0.9464 0.3213 -0.0331
vn -0.6592 0.4776 0.5808
vn -0.6594 0.4759 0.5819
vn -0.6586 0.4795 0.5800
vn -0.4881 -0.7924 -0.3660
vn -0.4866 -0.7937 -0.3650
vn -0.4878 -0.7934 -0.3640
vn -0.2467 0.2034 0.9475
vn -0.3538 0.0533 0.9338
vn -0.3587 0.0484 0.9322
vn -0.9502 0.1936 -0.2442
vn -0.1882 0.9215 -0.3396
vn -0.1946 0.9202 -0.3398
vn -0.1937 0.9217 -0.3361
vn -0.7242 -0.5861 0.3633
vn -0.7226 -0.5866 0.3658
vn -0.7208 -0.5875 0.3677
vn 0.1675 -0.6799 0.7139
vn -0.7994 0.6008 -0.0029
vn -0.7967 0.6044 -0.0053
vn -0.7960 0.6052 -0.0109
vn -0.0097 -0.4955 0.8685
vn -0.7934 -0.5101 0.3321
vn -0.7924 -0.5100 0.3346
vn -0.7920 -0.5110 0.3342
vn 0.1495 0.9602 0.2360
vn 0.1476 0.9594 0.2402
vn 0.1510 0.9583 0.2427
vn -0.3533 0.8050 0.4766
vn -0.3533 0.8049 0.4767
vn -0.5940 0.6407 0.4866
vn -0.5959 0.6414 0.4832
vn -0.5955 0.6404 0.4851
vn 0.0097 -0.4260 0.9047
vn 0.0130 -0.4228 0.9061
vn 0.0151 -0.4268 0.9042
vn -0.0043 0.8866 0.4625
vn -0.7595 0.2089 0.6160
vn -0.7606 0.2035 0.6166
vn -0.7572 0.1985 0.6223
vn -0.9320 -0.2063 0.2980
vn -0.9324 -0.2059 0.2971
vn -0.9358 -0.2040 0.2876
vn -0.2537 0.6743 -0.6935
vn -0.2966 0.6390 -0.7097
vn -0.3013 0.6392 -0.7076
vn -0.2961 0.6431 -0.7063
vn -0.2543 0.9648 0.0662
vn -0.2544 0.9648 0.0661
vn -0.1750 0.9273 -0.3309
vn -0.1800 0.9274 -0.3280
vn -0.1749 0.9293 -0.3254
vn -0.2318 -0.9693 0.0820
vn 0.5699 0.6654 0.4821
vn 0.5302 0.7472 0.4007
vn 0.5301 0.7472 0.4008
vn -0.5565 0.4313 0.7102
vn -0.9194 0.3740 0.1216
vn -0.7232 -0.6197 0.3051
vn -0.1141 -0.9882 0.1025
vn -0.1042 -0.9887 0.1077
vn -0.1101 -0.9879 0.1092
vn -0.1585 0.3833 0.9099
vn -0.1642 0.3857 0.9079
vn -0.1540 0.3872 0.9090
vn -0.9580 0.2862 0.0151
vn -0.9589 0.2831 0.0157
vn -0.9573 0.2887 0.0163
vn -0.2543 0.9316 0.2596
vn -0.2592 0.9291 0.2639
vn -0.2540 0.9302 0.2650
vn -0.7583 0.1351 0.6377
vn -0.7618 0.1349 0.6336
vn -0.7607 0.1304 0.6359
vn -0.9957 -0.0653 0.0660
vn -0.9957 -0.0585 0.0723
vn -0.9962 -0.0594 0.0636
vn 0.1969 -0.8427 0.5012
vn -0.7551 0.6556 0.0080
vn -0.4821 -0.1876 0.8558
vn -0.4820 -0.1879 0.8558
vn 0.2134 -0.8092 0.5474
vn 0.2106 -0.8097 0.5477
vn 0.2108 -0.8099 0.5473
vn -0.8580 0.1678 0.4855
vn -0.9675 -0.1986 0.1564
vn -0.9672 -0.1959 0.1615
vn -0.9679 -0.1943 0.1595
vn -0.8788 0.3571 0.3165
vn -0.8466 0.1999 0.4933
vn -0.5738 0.0161 0.8189
vn -0.5782 0.0176 0.8157
vn -0.5754 0.0116 0.8178
vn -0.9461 -0.1867 0.2648
vn -0.9445 -0.1907 0.2673
vn -0.9452 -0.1955 0.2615
vn -0.7976 0.2578 0.5454
vn -0.0799 0.4010 0.9126
vn -0.0799 0.4012 0.9125
vn -0.9531 0.2077 -0.2201
vn -0.9532 0.2121 -0.2157
vn -0.9514 0.2136 -0.2219
vn -0.5989 -0.4998 0.6258
vn -0.6044 -0.4893 0.6287
vn -0.6052 -0.4917 0.6261
vn -0.4411 -0.4888 0.7527
vn -0.4547 -0.4878 0.7452
vn -0.4454 -0.4929 0.7474
vn -0.8153 0.4602 -0.3514
vn -0.8173 0.4573 -0.3507
vn -0.8163 0.4550 -0.3558
vn -0.5601 -0.3708 0.7408
vn -0.5613 -0.3769 0.7368
vn -0.5582 -0.3717 0.7418
vn -0.3567 0.6220 0.6970
vn -0.3572 0.6206 0.6980
vn -0.3576 0.6213 0.6972
vn -0.2206 0.6094 0.7616
vn 0.3966 0.3938 0.8292
vn 0.0934 0.1227 0.9880
vn 0.0214 -0.5727 0.8195
vn -0.0569 0.5288 0.8468
vn 0.1978 0.9168 0.3468
vn 0.2022 0.9170 0.3439
vn 0.2041 0.9183 0.3393
vn 0.5657 -0.7890 0.2395
vn -0.7701 0.4019 -0.4953
vn -0.7720 0.4043 -0.4904
vn -0.7692 0.4097 -0.4904
vn -0.7485 0.3988 -0.5298
vn -0.4917 0.8218 -0.2877
vn -0.4917 0.8218 -0.2878
vn -0.9092 0.3462 -0.2312
vn -0.9101 0.3454 -0.2289
vn -0.9089 0.3477 -0.2304
vn -0.5598 0.0774 -0.8250
vn -0.5690 0.0772 -0.8187
vn -0.5648 0.0784 -0.8215
vn 0.1414 -0.1740 0.9745
vn -0.3974 -0.6100 -0.6856
vn -0.8320 0.2727 -0.4832
vn -0.8303 0.2776 -0.4832
vn -0.8309 0.2771 -0.4825
vn -0.6500 0.7551 -0.0853
vn -0.6537 0.7524 -0.0808
vn -0.6509 0.7544 -0.0852
vn 0.3581 -0.0685 0.9312
vn -0.5193 0.8244 -0.2254
vn -0.5195 0.8243 -0.2251
vn -0.5202 0.8244 -0.2228
vn -0.8582 0.1357 -0.4951
vn -0.8614 0.1299 -0.4911
vn -0.8581 0.1317 -0.4963
vn 0.1470 -0.7980 0.5845
vn 0.4628 0.1770 0.8686
vn 0.4668 0.1726 0.8673
vn 0.4609 0.1837 0.8682
vn -0.8572 0.1309 -0.4980
vn -0.8605 0.1312 -0.4922
vn -0.0456 -0.3450 0.9375
vn -0.0128 0.8766 0.4811
vn -0.0128 0.8766 0.4810
vn -0.0128 0.8765 0.4813
vn -0.5973 0.7375 -0.3152
vn -0.5972 0.7375 -0.3153
vn -0.5973 0.7375 -0.3153
vn -0.3516 0.9328 -0.0788
vn 0.6343 -0.7583 -0.1506
vn 0.5022 -0.8440 -0.1886
vn -0.6745 0.5794 -0.4576
vn -0.6687 0.5808 -0.4643
vn -0.6722 0.5752 -0.4661
vn -0.3713 0.7625 -0.5298
vn -0.3667 0.7669 -0.5268
vn -0.3608 0.7690 -0.5277
vn 0.0474 -0.7367 -0.6745
vn 0.0462 -0.7353 -0.6761
vn 0.0488 -0.7356 -0.6757
vn 0.5394 -0.7514 0.3800
vn 0.5370 -0.7549 0.3765
vn 0.5387 -0.7556 0.3726
vn 0.3271 0.3132 0.8916
vn 0.3217 0.3198 0.8912
vn 0.3230 0.3150 0.8924
vn 0.4731 0.8802 -0.0371
vn 0.4731 0.8802 -0.0372
vn 0.4732 0.8802 -0.0370
vn 0.3956 -0.3815 0.8355
vn 0.3956 -0.3816 0.8354
vn 0.3955 -0.3818 0.8353
vn -0.1357 0.9529 0.2713
vn -0.4982 0.5099 -0.7013
vn -0.5036 0.5068 -0.6997
vn -0.5083 0.5065 -0.6965
vn 0.4876 0.8668 -0.1045
vn 0.2446 0.7889 -0.5637
vn 0.2354 0.8705 -0.4322
vn -0.5726 0.2362 -0.7851
vn -0.5777 0.2429 -0.7793
vn -0.5721 0.2414 -0.7838
vn 0.4634 -0.3699 0.8052
vn -0.1468 0.9803 -0.1318
vn 0.2027 0.5680 0.7976
vn 0.2021 0.5686 0.7974
vn 0.2018 0.5691 0.7971
vn -0.1993 0.7912 -0.5781
vn -0.1887 0.7944 -0.5774
vn -0.1936 0.7916 -0.5796
vn -0.4845 0.4793 -0.7318
vn -0.4881 0.4787 -0.7298
vn -0.4841 0.4831 -0.7296
vn 0.0467 0.7838 0.6193
vn 0.0465 0.7838 0.6193
vn 0.0466 0.7838 0.6193
vn 0.7805 -0.4764 -0.4049
vn 0.8970 -0.2711 0.3492
vn 0.8949 -0.2735 0.3526
vn 0.8930 -0.2766 0.3550
vn 0.4115 0.5856 0.6984
vn 0.6572 -0.6306 0.4128
vn 0.8597 -0.3616 0.3607
vn 0.8615 -0.3589 0.3592
vn 0.8633 -0.3569 0.3569
vn -0.3706 0.9248 -0.0860
vn -0.3733 0.9247 -0.0744
vn -0.3710 0.9252 -0.0796
vn 0.6421 0.1410 0.7535
vn 0.6386 0.1464 0.7555
vn 0.6359 0.1521 0.7566
vn -0.1302 0.4448 -0.8861
vn -0.1296 0.4424 -0.8874
vn -0.1319 0.4405 -0.8880
vn 0.8103 -0.0995 0.5775
vn 0.0130 0.8839 -0.4674
vn 0.0127 0.8853 -0.4649
vn 0.0155 0.8857 -0.4641
vn 0.5497 -0.7615 0.3435
vn 0.5506 -0.7628 0.3392
vn 0.3539 0.8542 0.3808
vn 0.3486 0.8557 0.3825
vn 0.3540 0.8519 0.3860
vn -0.0165 0.5114 -0.8592
vn -0.0161 0.5070 -0.8618
vn -0.0149 0.5101 -0.8600
vn 0.1684 0.6952 -0.6988
vn 0.1629 0.6945 -0.7008
vn 0.1658 0.6991 -0.6955
vn -0.9670 0.2389 0.0881
vn 0.9029 -0.3950 -0.1696
vn 0.9024 -0.3952 -0.1718
vn 0.9031 -0.3931 -0.1729
vn 0.9874 0.1357 -0.0810
vn 0.2843 0.9392 0.1928
vn 0.8770 -0.0176 0.4801
vn -0.1868 0.5545 -0.8110
vn -0.1892 0.5554 -0.8098
vn 0.0236 -0.7442 -0.6675
vn -0.8232 0.0002 0.5677
vn -0.8263 0.4567 0.3296
vn -0.8245 0.4585 0.3316
vn -0.8233 0.4615 0.3305
vn 0.9420 -0.3199 -0.1011
vn 0.3495 0.0280 0.9365
vn 0.3516 0.0221 0.9359
vn 0.3498 0.0192 0.9366
vn 0.6796 -0.2145 -0.7015
vn 0.0735 0.4250 0.9022
vn 0.9359 0.2111 0.2821
vn 0.9382 0.1985 0.2835
vn 0.9369 0.2048 0.2832
vn -0.3829 0.4875 0.7847
vn 0.7128 0.4343 -0.5507
vn 0.7164 0.4353 -0.5453
vn 0.7128 0.4345 -0.5505
vn 0.8808 0.1465 -0.4503
vn 0.8799 0.1444 -0.4528
vn 0.8789 0.1480 -0.4535
vn 0.8046 0.5828 0.1138
vn 0.8041 0.5827 0.1179
vn 0.8048 0.5821 0.1159
vn 0.4675 0.7205 -0.5121
vn -0.4393 0.8945 0.0827
vn -0.4371 0.8948 0.0913
vn -0.4359 0.8954 0.0905
vn 0.6555 0.2253 -0.7208
vn 0.6559 0.4315 -0.6194
vn 0.6548 0.4308 -0.6210
vn 0.6544 0.4317 -0.6209
vn 0.8813 0.4527 0.1353
vn 0.8802 0.4539 0.1385
vn 0.8800 0.4532 0.1419
vn -0.6637 0.2596 -0.7015
vn 0.9885 0.0313 0.1482
vn 0.9900 0.0261 0.1389
vn 0.9890 0.0331 0.1440
vn 0.6894 0.5109 -0.5135
vn 0.8637 0.4697 -0.1824
vn -0.2540 0.9019 0.3493
vn -0.2509 0.8988 0.3595
vn -0.2521 0.9004 0.3546
vn 0.7981 0.4911 -0.3491
vn 0.8045 0.4810 -0.3484
vn 0.8015 0.4847 -0.3503
vn -0.2573 0.7131 0.6522
vn -0.2586 0.7031 0.6624
vn -0.2551 0.7086 0.6578
vn 0.0869 0.9343 0.3458
vn 0.9930 0.1095 0.0450
vn 0.9928 0.1131 0.0394
vn 0.9937 0.1067 0.0344
vn -0.3625 0.4712 -0.8041
vn -0.3572 0.4768 -0.8032
vn -0.3591 0.4733 -0.8044
vn 0.1532 0.9416 0.2999
vn 0.4251 0.7170 0.5524
vn 0.4085 0.7476 0.5236
vn -0.4097 0.6298 -0.6599
vn -0.4077 0.6272 -0.6636
vn -0.4124 0.6322 -0.6560
vn 0.2562 0.5328 -0.8066
vn -0.3815 0.8616 -0.3348
vn 0.5858 0.8068 -0.0768
vn -0.3356 0.7445 -0.5771
vn -0.3370 0.7466 -0.5736
vn -0.3329 0.7488 -0.5732
vn 0.5899 0.4655 0.6598
vn 0.5950 0.4632 0.6568
vn 0.5997 0.4629 0.6527
vn -0.3810 0.4063 -0.8305
vn 0.4182 0.6406 -0.6440
vn 0.4284 0.6444 -0.6334
vn 0.4248 0.6408 -0.6395
vn 0.6400 0.6687 0.3785
vn 0.4377 0.7530 -0.4913
vn 0.7939 0.6074 -0.0271
vn 0.2952 0.5875 -0.7534
vn 0.1714 0.8432 -0.5096
vn 0.1789 0.8428 -0.5077
vn 0.1724 0.8448 -0.5065
vn 0.7944 0.5631 -0.2278
vn 0.7966 0.5618 -0.2232
vn 0.7983 0.5580 -0.2264
vn 0.1250 0.7780 -0.6157
vn 0.4553 0.6086 -0.6499
vn 0.6343 0.6595 -0.4034
vn 0.6375 0.6611 -0.3955
vn 0.6381 0.6576 -0.4004
vn -0.6520 0.6024 -0.4605
vn -0.2974 0.3426 0.8912
vn -0.2954 0.3381 0.8935
vn -0.2937 0.3418 0.8927
vn 0.4083 0.8209 -0.3993
vn 0.0539 0.7149 0.6972
vn -0.4099 0.7594 0.5052
vn -0.4127 0.7644 0.4954
vn -0.4164 0.7579 0.5023
vn -0.6217 0.7689 0.1495
vn -0.6225 0.7683 0.1490
vn -0.6210 0.7692 0.1504
vn -0.7452 0.4972 -0.4445
vn -0.0515 0.9912 0.1216
vn -0.0429 0.9906 0.1300
vn -0.0451 0.9913 0.1237
vn 0.8788 -0.4201 0.2263
vn -0.0207 0.9998 -0.0085
vn -0.0206 0.9997 -0.0086
vn -0.0206 0.9997 -0.0087
vn 0.6098 0.6216 0.4916
vn 0.6079 0.6216 0.4940
vn 0.6053 0.6238 0.4945
vn 0.2401 -0.4623 -0.8536
vn 0.2401 -0.4622 -0.8536
vn -0.0494 0.6326 -0.7729
vn 0.3938 0.6107 -0.6870
vn 0.3941 0.6104 -0.6871
vn 0.3955 0.6118 -0.6851
vn -0.1723 0.9759 -0.1336
vn 0.1059 0.7168 -0.6891
vn 0.1058 0.7169 -0.6891
vn 0.1059 0.7169 -0.6891
vn 0.6442 0.7587 -0.0970
vn 0.6462 0.7575 -0.0924
vn 0.6457 0.7577 -0.0951
vn 0.5723 0.8023 0.1694
vn 0.5716 0.8023 0.1719
vn 0.5737 0.8007 0.1726
vn 0.6557 0.5992 0.4594
vn 0.6548 0.6034 0.4551
vn 0.6528 0.5983 0.4647
vn -0.1178 0.4964 -0.8600
vn -0.7677 0.6370 -0.0694
vn -0.7678 0.6369 -0.0696
vn -0.7679 0.6368 -0.0697
vn -0.2012 0.7599 0.6181
vn -0.2053 0.7579 0.6192
vn -0.2032 0.7551 0.6233
vn -0.7061 0.7079 -0.0168
vn -0.6997 0.7141 -0.0191
vn -0.7065 0.7074 -0.0213
vn -0.5186 0.5312 -0.6700
vn -0.5229 0.5277 -0.6694
vn -0.5217 0.5310 -0.6678
vn 0.0059 1.0000 -0.0080
vn 0.0092 0.9999 -0.0107
vn 0.0178 0.9998 -0.0021
vn 0.2937 0.4399 0.8487
vn 0.2936 0.4399 0.8487
vn 0.3063 0.5230 0.7953
vn -0.1606 0.9837 -0.0814
vn 0.0001 0.9977 0.0680
vn -0.0047 0.9980 0.0629
vn -0.0070 0.9977 0.0675
vn -0.1968 0.9777 -0.0739
vn -0.2028 0.9764 -0.0743
vn -0.2028 0.9765 -0.0729
vn 0.8925 -0.4233 0.1556
vn 0.8887 -0.4321 0.1535
vn 0.8892 -0.4301 0.1558
vn -0.2540 0.9665 0.0376
vn 0.4884 0.6804 0.5464
vn -0.4200 0.7264 0.5440
vn -0.4203 0.7289 0.5404
vn -0.4166 0.7273 0.5454
vn -0.3837 0.4799 -0.7890
vn -0.1452 0.9407 0.3065
vn -0.2514 0.5745 -0.7789
vn -0.2512 0.5734 -0.7798
vn -0.2502 0.5756 -0.7785
vn 0.4861 0.7279 -0.4835
vn -0.3606 0.7650 0.5337
vn 0.4901 0.4849 -0.7243
vn -0.3093 0.7001 0.6435
vn -0.3123 0.7004 0.6418
vn -0.3047 0.7081 0.6370
vn 0.6591 0.7197 -0.2184
vn 0.6501 0.7290 -0.2145
vn 0.6549 0.7246 -0.2147
vn 0.7930 0.5910 -0.1480
vn 0.7929 0.5910 -0.1485
vn 0.7938 0.5901 -0.1471
vn 0.9842 -0.1626 -0.0696
vn 0.9852 -0.1573 -0.0685
vn 0.9841 -0.1624 -0.0712
vn -0.7384 0.6742 0.0156
vn -0.7332 0.6795 0.0285
vn -0.7317 0.6813 0.0217
vn -0.7361 0.6765 0.0206
vn -0.6111 0.6607 0.4360
vn -0.6109 0.6620 0.4342
vn -0.6141 0.6570 0.4372
vn -0.5982 0.7609 0.2513
vn -0.5990 0.7584 0.2571
vn -0.5987 0.7608 0.2503
vn -0.7014 0.6239 0.3445
vn -0.7072 0.6133 0.3519
vn -0.7022 0.6219 0.3465
vn 0.4736 -0.2607 -0.8412
vn 0.4735 -0.2666 -0.8395
vn 0.4684 -0.2616 -0.8439
vn 0.2603 0.8096 -0.5261
vn 0.2605 0.8096 -0.5260
vn 0.2604 0.8096 -0.5261
vn -0.6324 0.6442 0.4302
vn -0.6287 0.6481 0.4298
vn -0.6364 0.6427 0.4265
vn -0.6715 0.6037 0.4296
vn 0.2635 0.8025 -0.5353
vn 0.2979 -0.9501 -0.0923
vn 0.3032 -0.9483 -0.0934
vn 0.3055 -0.9479 -0.0898
vn 0.3802 -0.8630 -0.3328
vn 0.3766 -0.8633 -0.3360
vn 0.3818 -0.8610 -0.3361
vn 0.4141 -0.9062 -0.0856
vn 0.4167 -0.9048 -0.0878
vn 0.4200 -0.9033 -0.0876
vn 0.4977 -0.8661 -0.0461
vn -0.4057 -0.9033 -0.1394
vn -0.4058 -0.9033 -0.1394
vn -0.4059 -0.9032 -0.1394
vn 0.2459 -0.7570 0.6053
vn 0.2541 -0.7513 0.6091
vn 0.2474 -0.7528 0.6100
vn 0.3471 -0.9236 -0.1626
vn 0.3476 -0.9227 -0.1668
vn 0.2254 -0.6856 -0.6922
vn 0.2208 -0.6875 -0.6918
vn 0.2284 -0.6828 -0.6940
vn 0.2587 -0.9652 -0.0376
vn -0.1298 -0.9411 0.3121
vn -0.1303 -0.9410 0.3122
vn -0.1029 -0.9863 0.1291
vn -0.1066 -0.9866 0.1235
vn -0.0959 -0.9869 0.1298
vn 0.8299 -0.4342 -0.3504
vn 0.8369 -0.4366 -0.3303
vn 0.8171 -0.4493 -0.3613
vn 0.5835 -0.7654 -0.2714
vn 0.5832 -0.7649 -0.2735
vn 0.5822 -0.7658 -0.2730
vn 0.0855 -0.8715 -0.4829
vn -0.1845 -0.9107 -0.3695
vn -0.1844 -0.9108 -0.3694
vn -0.1844 -0.9108 -0.3695
vn 0.4050 -0.8239 0.3964
vn 0.4050 -0.8239 0.3963
vn 0.4051 -0.8239 0.3964
vn 0.4868 -0.8430 0.2291
vn 0.3069 -0.6896 -0.6559
vn 0.3069 -0.6895 -0.6560
vn 0.3069 -0.6895 -0.6561
vn 0.8176 -0.5752 0.0269
vn 0.8237 -0.5606 0.0849
vn 0.8150 -0.5765 0.0590
vn -0.0907 -0.9313 0.3529
vn -0.0915 -0.9318 0.3512
vn -0.0885 -0.9316 0.3527
vn 0.7211 -0.5895 -0.3640
vn 0.5389 -0.6772 -0.5011
vn 0.5451 -0.6726 -0.5005
vn 0.5484 -0.6744 -0.4945
vn -0.3940 -0.9027 -0.1730
vn -0.3929 -0.9041 -0.1678
vn -0.3919 -0.9036 -0.1730
vn 0.2922 -0.9563 0.0128
vn 0.8838 -0.4282 0.1885
vn 0.3372 -0.5548 -0.7606
vn 0.3372 -0.5547 -0.7607
vn 0.3372 -0.5547 -0.7606
vn 0.3213 -0.9470 0.0034
vn 0.1647 -0.9153 -0.3675
vn 0.2750 -0.9520 -0.1345
vn 0.1651 -0.9766 -0.1378
vn 0.1641 -0.9767 -0.1385
vn 0.1633 -0.9762 -0.1430
vn 0.3445 -0.9359 -0.0731
vn 0.3405 -0.9378 -0.0677
vn 0.3472 -0.9356 -0.0646
usemtl Default_OBJ.001
s off
f 2//1 3//2 1//3
f 1//4 8//5 2//6
f 3//7 2//7 4//7
f 8//8 9//9 2//10
f 1//11 5//12 8//13
f 2//14 10//15 6//16
f 2//17 6//18 4//19
f 2//20 9//21 10//22
f 4//23 7//24 3//25
f 3//26 11//27 1//28
f 1//29 11//30 19//31
f 1//32 19//33 5//34
f 9//35 13//35 10//35
f 3//36 7//37 17//38
f 7//39 4//40 16//41
f 5//42 26//43 8//44
f 3//45 17//46 11//47
f 5//48 15//48 26//48
f 6//49 16//50 4//51
f 10//52 12//53 6//52
f 8//54 26//55 9//56
f 6//57 14//58 16//59
f 10//60 18//61 12//62
f 12//63 14//64 6//65
f 19//66 11//67 20//68
f 21//69 23//70 15//71
f 22//72 16//73 24//74
f 20//75 30//76 19//77
f 15//78 5//79 25//80
f 15//81 23//82 26//83
f 11//84 17//85 20//86
f 24//87 16//87 14//87
f 19//88 25//89 5//90
f 21//91 15//92 27//93
f 9//94 26//94 13//94
f 13//95 29//96 10//97
f 21//98 28//99 23//100
f 16//101 36//102 7//103
f 26//104 38//104 13//104
f 7//105 36//106 17//107
f 16//108 22//109 33//110
f 21//111 27//112 28//113
f 30//114 20//114 32//114
f 31//115 27//115 15//115
f 28//116 35//117 23//118
f 33//119 36//120 16//121
f 22//122 24//122 34//122
f 23//123 42//123 26//123
f 15//124 25//125 31//126
f 14//127 39//127 24//127
f 10//128 29//129 18//130
f 14//131 37//132 39//133
f 12//134 37//135 14//136
f 23//137 35//138 42//139
f 26//140 42//141 38//142
f 22//143 34//144 40//145
f 13//146 43//147 29//148
f 30//149 46//150 19//151
f 24//152 41//152 34//152
f 17//153 36//153 47//153
f 27//154 44//155 28//154
f 17//156 47//157 20//158
f 19//159 46//160 25//161
f 20//162 45//162 32//162
f 22//163 58//164 33//163
f 31//165 53//166 27//167
f 22//168 40//169 58//170
f 18//171 37//172 12//173
f 24//174 39//174 41//174
f 25//175 46//176 31//177
f 36//178 33//179 47//180
f 13//181 38//182 43//183
f 32//184 49//184 30//184
f 33//185 50//186 47//187
f 37//188 48//189 39//190
f 32//191 45//191 49//191
f 38//192 42//192 51//192
f 27//193 53//194 44//195
f 38//196 52//197 43//198
f 35//199 55//199 42//199
f 20//200 47//201 45//202
f 33//203 58//204 50//205
f 41//206 68//207 34//208
f 18//209 56//210 37//211
f 39//212 54//213 41//214
f 38//215 51//215 52//215
f 44//216 60//217 28//218
f 28//219 61//220 35//221
f 42//222 55//223 51//224
f 31//225 59//226 53//227
f 34//228 68//229 40//230
f 35//231 76//232 55//233
f 28//234 60//235 61//236
f 48//237 57//238 39//239
f 47//240 71//241 45//242
f 49//243 46//244 30//245
f 37//246 56//246 48//246
f 18//247 29//248 56//249
f 39//250 57//250 54//250
f 49//251 67//252 46//253
f 31//254 46//255 64//256
f 50//257 70//258 47//259
f 31//260 63//261 59//262
f 61//263 62//263 35//263
f 46//264 67//265 64//265
f 43//266 69//266 29//266
f 40//267 68//268 58//269
f 47//270 70//271 71//272
f 64//273 63//274 31//275
f 29//276 65//277 56//278
f 69//279 65//280 29//281
f 50//282 66//283 70//284
f 53//285 79//286 44//287
f 62//288 76//289 35//290
f 52//291 69//292 43//293
f 58//294 68//295 87//296
f 79//297 60//298 44//299
f 76//300 74//300 55//300
f 45//301 73//302 49//303
f 55//304 80//305 51//306
f 54//307 72//308 41//309
f 59//310 79//311 53//312
f 60//313 77//314 61//315
f 68//316 41//317 86//318
f 50//319 58//320 87//321
f 41//322 75//322 86//322
f 63//323 97//324 59//325
f 48//326 56//327 96//328
f 74//329 80//330 55//331
f 61//332 77//333 62//334
f 45//335 71//336 73//337
f 41//338 72//339 75//340
f 57//341 72//342 54//343
f 70//344 83//345 71//346
f 51//347 80//348 78//349
f 66//350 83//351 70//352
f 49//353 73//353 82//353
f 67//354 84//355 64//356
f 63//357 64//358 85//359
f 56//360 65//361 81//362
f 59//363 97//364 79//365
f 50//366 87//367 66//368
f 49//369 82//370 67//371
f 84//372 85//372 64//372
f 83//373 90//373 71//373
f 60//374 93//375 77//376
f 68//377 86//378 88//379
f 62//380 89//381 76//382
f 65//383 91//384 81//385
f 77//386 89//386 62//386
f 76//387 89//387 74//387
f 69//388 92//389 65//390
f 48//391 96//392 57//393
f 71//394 90//394 73//394
f 68//395 94//396 87//397
f 67//398 82//399 110//400
f 79//401 93//402 60//403
f 51//404 78//405 52//406
f 88//407 94//408 68//409
f 83//410 95//411 90//410
f 67//412 110//413 84//414
f 89//415 101//415 74//415
f 75//416 72//417 98//416
f 103//418 91//419 65//420
f 85//421 102//422 63//423
f 88//424 86//425 105//426
f 81//427 91//428 100//429
f 92//430 103//431 65//432
f 80//433 107//434 78//435
f 63//436 102//437 97//438
f 66//439 87//440 99//441
f 75//442 105//443 86//444
f 66//445 99//446 83//447
f 57//448 106//448 72//448
f 57//449 96//450 106//451
f 56//452 81//453 112//454
f 74//455 107//456 80//457
f 77//458 104//459 89//460
f 52//461 78//462 69//463
f 112//464 96//464 56//464
f 75//465 98//465 105//465
f 101//466 107//467 74//468
f 77//469 179//469 104//469
f 93//470 179//471 77//472
f 82//473 73//474 117//475
f 72//476 106//476 138//476
f 87//477 114//478 99//479
f 73//480 90//481 117//482
f 94//483 114//484 87//485
f 88//486 163//487 94//488
f 93//489 79//490 119//491
f 138//492 98//493 72//494
f 99//495 118//496 83//497
f 97//498 119//499 79//500
f 102//501 121//502 97//503
f 122//504 126//505 123//506
f 81//507 100//507 112//507
f 85//508 124//508 102//508
f 82//509 117//509 110//509
f 95//510 125//511 90//512
f 88//513 105//514 163//515
f 97//516 128//517 119//518
f 85//519 84//519 124//519
f 89//520 127//521 101//522
f 122//523 129//523 126//523
f 69//524 135//525 92//526
f 127//527 89//528 104//529
f 83//530 134//531 95//532
f 99//533 114//533 118//533
f 98//534 138//535 105//536
f 97//537 121//538 128//539
f 83//540 118//541 134//542
f 94//543 140//544 114//545
f 69//546 143//547 135//548
f 90//549 125//549 117//549
f 101//550 145//550 107//550
f 117//551 147//551 110//551
f 93//552 119//553 179//554
f 122//555 148//556 129//557
f 78//558 143//559 69//560
f 94//561 163//561 141//561
f 78//562 149//563 143//564
f 96//565 155//565 106//565
f 110//566 150//567 84//568
f 114//569 140//569 151//569
f 96//570 158//571 155//572
f 94//573 141//574 140//575
f 126//576 129//577 159//578
f 106//579 155//580 138//581
f 96//582 112//583 158//584
f 117//585 125//586 147//586
f 102//587 124//588 121//589
f 126//590 172//591 123//592
f 123//593 165//594 122//595
f 160//596 161//597 162//598
f 150//599 124//600 84//601
f 159//602 164//603 126//604
f 162//605 161//606 160//607
f 101//608 127//608 145//608
f 122//609 168//610 166//611
f 169//612 149//613 78//614
f 164//615 170//615 126//615
f 122//616 165//617 168//616
f 123//618 142//619 214//620
f 169//621 78//622 107//623
f 122//624 166//625 185//626
f 122//627 185//628 148//629
f 159//630 177//630 164//630
f 107//631 145//632 169//632
f 110//633 147//634 150//635
f 126//636 176//637 175//638
f 126//639 214//639 172//639
f 95//640 134//641 125//642
f 114//643 151//644 118//645
f 123//646 214//647 165//648
f 129//649 180//650 159//651
f 172//652 142//653 181//654
f 172//655 181//656 123//657
f 126//658 165//658 214//658
f 177//659 148//659 164//659
f 164//660 148//660 185//660
f 129//661 189//662 180//662
f 129//663 186//664 189//665
f 148//666 186//667 129//667
f 123//668 181//669 192//670
f 123//671 192//672 142//673
f 172//674 215//675 188//676
f 142//677 172//677 188//677
f 143//678 208//679 135//680
f 151//681 230//682 118//683
f 170//684 176//685 126//686
f 164//687 184//687 170//687
f 214//688 215//688 172//688
f 159//689 190//690 177//691
f 180//692 189//692 203//692
f 180//693 203//693 191//693
f 186//694 159//695 180//696
f 148//697 190//698 159//699
f 148//700 159//700 186//701
f 165//702 194//703 168//704
f 180//705 148//705 177//705
f 180//706 177//707 186//708
f 190//709 148//710 180//710
f 142//711 188//712 214//713
f 195//714 196//715 197//716
f 189//717 186//717 207//717
f 186//718 177//718 191//718
f 195//719 197//720 196//721
f 192//722 187//722 100//722
f 126//723 201//724 165//725
f 126//726 216//726 201//726
f 175//727 216//728 126//729
f 164//730 212//730 184//730
f 190//731 202//732 177//733
f 203//734 207//735 191//736
f 191//737 207//737 186//737
f 192//738 204//739 142//740
f 135//741 235//742 149//743
f 191//744 206//744 202//744
f 191//745 202//745 190//745
f 203//746 206//747 207//746
f 191//748 177//749 206//750
f 142//751 204//752 181//753
f 166//754 168//754 170//754
f 164//755 185//755 202//755
f 188//756 192//757 181//758
f 207//759 177//759 189//759
f 164//760 202//761 212//762
f 184//763 185//764 166//765
f 206//766 203//766 189//766
f 207//767 206//767 177//767
f 189//768 235//769 135//770
f 184//771 211//771 170//771
f 212//772 211//772 185//772
f 185//773 184//773 212//773
f 189//774 202//775 206//776
f 211//777 218//777 170//777
f 170//778 226//778 166//778
f 184//779 166//780 211//781
f 135//782 208//783 189//784
f 235//785 208//786 143//787
f 216//788 175//788 194//788
f 175//789 217//790 168//791
f 168//792 194//793 175//794
f 218//795 226//795 170//795
f 202//796 185//796 177//796
f 192//797 188//798 187//799
f 181//800 204//800 188//800
f 216//801 220//802 221//803
f 216//804 221//804 201//804
f 176//805 217//806 175//807
f 168//808 222//809 223//810
f 170//811 213//812 176//813
f 211//814 212//815 218//815
f 202//816 218//816 212//816
f 100//817 187//818 112//819
f 143//820 149//821 235//822
f 217//823 225//824 222//825
f 217//826 222//827 168//828
f 217//829 222//830 225//831
f 217//832 223//833 222//834
f 176//835 223//835 217//835
f 176//836 168//837 223//838
f 170//839 168//839 213//839
f 189//840 208//840 202//840
f 211//841 226//842 185//843
f 177//844 185//844 226//844
f 226//845 189//846 177//847
f 165//848 201//848 194//848
f 216//849 194//850 220//851
f 176//852 234//853 168//854
f 202//855 208//856 218//857
f 166//858 226//859 213//860
f 211//861 228//861 226//861
f 166//862 228//862 211//862
f 188//863 204//864 214//865
f 220//866 221//867 232//868
f 194//869 221//870 220//871
f 194//872 201//873 221//874
f 213//875 237//876 176//877
f 213//878 228//879 166//878
f 213//880 234//881 228//882
f 168//883 234//884 213//885
f 188//886 215//887 187//888
f 228//889 234//889 233//889
f 100//890 171//891 192//892
f 125//893 134//893 276//893
f 237//894 213//895 233//896
f 237//897 241//897 176//898
f 208//899 241//899 218//899
f 218//900 241//900 226//900
f 233//901 226//902 228//903
f 233//904 213//904 226//904
f 236//905 239//906 240//907
f 241//908 237//909 226//909
f 241//910 234//911 176//912
f 236//913 240//913 239//913
f 237//914 233//915 234//916
f 239//917 242//917 240//917
f 240//918 242//918 243//918
f 239//919 243//919 242//919
f 240//920 243//920 239//920
f 237//921 267//921 226//921
f 112//922 187//923 171//924
f 245//925 246//925 247//926
f 234//927 241//928 267//928
f 245//929 247//930 246//931
f 234//932 267//933 237//934
f 249//935 250//935 251//935
f 249//936 252//936 250//936
f 249//937 251//937 252//937
f 254//938 253//939 255//940
f 254//941 255//941 250//941
f 250//942 256//943 254//944
f 250//945 255//945 257//945
f 250//946 257//946 251//946
f 250//947 252//948 256//947
f 251//949 257//949 214//949
f 254//950 255//951 253//952
f 254//953 257//954 255//955
f 256//956 257//957 254//958
f 256//959 252//960 251//961
f 251//962 265//963 258//964
f 251//965 258//966 256//967
f 214//968 265//968 251//968
f 118//969 230//970 134//971
f 150//972 147//972 325//973
f 214//974 257//974 258//974
f 214//975 258//975 215//975
f 256//976 258//977 257//978
f 258//979 265//980 215//981
f 267//982 189//983 226//984
f 215//985 265//986 187//987
f 214//988 204//989 265//990
f 204//991 192//992 265//993
f 179//994 301//995 104//996
f 105//997 270//998 266//999
f 208//1000 267//1000 241//1001
f 149//1002 169//1003 268//1004
f 105//1005 138//1006 270//1007
f 189//1008 302//1009 235//1010
f 235//1011 302//1012 269//1013
f 105//1014 295//1015 163//1016
f 235//1017 271//1018 208//1019
f 271//1020 278//1021 208//1022
f 286//1023 192//1024 171//1023
f 208//1025 278//1025 281//1025
f 189//1026 281//1027 302//1028
f 187//1029 286//1030 171//1031
f 104//1032 282//1033 127//1034
f 171//1035 283//1036 112//1037
f 189//1038 267//1039 279//1040
f 271//1041 269//1041 278//1041
f 271//1042 235//1043 293//1044
f 158//1045 297//1046 155//1047
f 138//1048 285//1049 270//1050
f 278//1051 296//1051 281//1051
f 235//1052 269//1053 293//1054
f 149//1055 268//1056 290//1057
f 112//1058 291//1059 158//1060
f 141//1061 300//1062 140//1063
f 278//1064 302//1064 296//1064
f 271//1065 293//1066 269//1067
f 145//1068 127//1069 299//1070
f 155//1071 297//1072 138//1073
f 158//1074 291//1074 297//1075
f 141//1076 163//1077 284//1078
f 265//1079 312//1080 187//1081
f 128//1082 355//1083 119//1084
f 294//1085 301//1086 179//1087
f 104//1088 301//1089 282//1090
f 304//1091 305//1092 303//1093
f 305//1094 304//1095 303//1096
f 269//1097 306//1098 278//1099
f 278//1100 306//1101 307//1102
f 269//1103 302//1104 307//1105
f 138//1106 297//1107 285//1108
f 112//1109 283//1110 291//1111
f 119//1112 294//1113 179//1114
f 295//1115 284//1116 163//1117
f 306//1118 314//1119 307//1120
f 302//1121 278//1122 307//1123
f 307//1124 314//1125 306//1126
f 307//1127 306//1128 269//1129
f 299//1130 268//1131 145//1132
f 140//1133 300//1134 322//1135
f 284//1136 300//1137 141//1138
f 281//1139 189//1140 319//1141
f 281//1142 296//1142 328//1142
f 105//1143 266//1144 295//1145
f 192//1146 312//1147 265//1148
f 281//1149 328//1150 302//1151
f 145//1152 268//1153 169//1153
f 208//1154 318//1155 267//1156
f 187//1157 312//1157 286//1157
f 302//1158 328//1158 326//1159
f 140//1160 322//1161 151//1160
f 281//1162 319//1163 331//1164
f 328//1165 296//1165 331//1166
f 282//1167 299//1168 127//1168
f 332//1169 334//1170 333//1171
f 230//1172 322//1173 342//1174
f 151//1175 322//1176 230//1177
f 121//1178 355//1179 128//1180
f 208//1181 281//1182 318//1183
f 124//1184 150//1185 338//1186
f 192//1187 354//1188 312//1189
f 279//1190 319//1191 189//1192
f 134//1193 373//1193 276//1193
f 124//1194 338//1195 121//1196
f 279//1197 318//1198 319//1199
f 150//1200 371//1201 338//1202
f 230//1203 373//1204 134//1205
f 150//1206 325//1206 371//1206
f 230//1207 342//1208 373//1209
f 338//1210 355//1210 121//1210
f 267//1211 348//1211 279//1212
f 192//1213 313//1214 354//1215
f 331//1216 343//1217 281//1218
f 331//1219 319//1220 328//1221
f 326//1222 343//1222 331//1222
f 283//1223 340//1224 286//1225
f 149//1226 290//1227 326//1228
f 355//1229 294//1229 119//1229
f 267//1230 318//1230 348//1230
f 279//1231 348//1231 352//1232
f 279//1233 352//1233 318//1233
f 286//1234 313//1235 192//1236
f 328//1237 319//1238 326//1239
f 348//1240 353//1240 352//1240
f 326//1241 290//1241 343//1241
f 318//1242 353//1242 348//1243
f 286//1244 340//1245 313//1246
f 353//1247 356//1248 352//1248
f 353//1249 357//1250 356//1251
f 352//1252 356//1252 358//1253
f 352//1254 358//1255 318//1256
f 318//1257 358//1258 356//1259
f 318//1260 356//1261 353//1262
f 281//1263 343//1263 318//1263
f 276//1264 373//1264 349//1264
f 356//1265 357//1266 358//1266
f 325//1267 347//1268 371//1269
f 319//1270 395//1270 326//1270
f 283//1271 360//1272 291//1273
f 270//1274 285//1274 266//1274
f 286//1275 360//1276 283//1277
f 364//1278 365//1278 366//1278
f 364//1279 367//1280 365//1281
f 366//1282 365//1282 367//1282
f 366//1283 367//1284 364//1284
f 365//1285 369//1285 367//1285
f 367//1286 369//1287 312//1288
f 367//1289 354//1290 369//1291
f 367//1292 312//1293 354//1294
f 318//1295 343//1295 319//1295
f 369//1296 385//1297 312//1298
f 369//1299 354//1300 385//1301
f 343//1302 372//1302 319//1302
f 312//1303 382//1303 286//1303
f 340//1304 377//1304 313//1304
f 319//1305 379//1306 395//1307
f 343//1308 395//1309 372//1310
f 286//1311 382//1312 360//1312
f 319//1313 376//1314 379//1315
f 290//1316 395//1316 343//1316
f 309//1317 391//1318 340//1319
f 371//1320 389//1320 338//1320
f 382//1321 391//1321 360//1321
f 386//1322 349//1322 373//1322
f 373//1323 342//1323 386//1323
f 313//1324 385//1325 354//1326
f 389//1327 436//1328 338//1329
f 338//1330 429//1330 355//1330
f 395//1331 376//1331 372//1331
f 382//1332 313//1333 391//1334
f 391//1335 450//1336 360//1337
f 290//1338 341//1339 395//1340
f 338//1341 436//1342 429//1343
f 347//1344 389//1344 371//1344
f 429//1345 397//1346 355//1347
f 322//1348 394//1348 342//1348
f 319//1349 372//1349 452//1349
f 376//1350 395//1350 401//1350
f 360//1351 450//1352 418//1353
f 379//1354 402//1354 395//1354
f 340//1355 403//1356 377//1357
f 340//1358 391//1359 403//1360
f 313//1361 412//1362 385//1363
f 402//1364 401//1365 395//1366
f 401//1367 402//1368 408//1369
f 401//1370 408//1371 379//1372
f 401//1373 379//1373 376//1373
f 379//1374 408//1375 400//1376
f 379//1377 400//1378 402//1378
f 409//1379 405//1380 404//1381
f 405//1382 409//1383 404//1384
f 312//1385 421//1386 382//1387
f 376//1388 400//1389 408//1389
f 377//1390 391//1390 313//1390
f 391//1391 377//1392 412//1393
f 391//1394 412//1395 403//1396
f 299//1397 410//1398 268//1399
f 355//1400 419//1401 294//1402
f 385//1403 421//1403 312//1403
f 413//1404 313//1404 382//1404
f 376//1405 408//1405 402//1405
f 403//1406 413//1407 377//1408
f 403//1409 313//1409 413//1409
f 377//1410 413//1411 412//1412
f 418//1413 445//1413 297//1413
f 319//1414 427//1415 376//1416
f 376//1417 402//1418 372//1419
f 403//1420 412//1420 313//1420
f 416//1421 414//1421 415//1422
f 414//1423 416//1424 415//1425
f 282//1426 407//1426 410//1426
f 291//1427 418//1428 297//1427
f 397//1429 419//1430 355//1431
f 322//1432 406//1433 394//1434
f 300//1435 406//1435 322//1436
f 297//1437 445//1438 285//1439
f 360//1440 418//1440 291//1440
f 268//1441 423//1442 290//1443
f 300//1444 284//1445 406//1446
f 294//1447 443//1448 301//1449
f 282//1450 410//1451 299//1452
f 382//1453 421//1454 425//1455
f 285//1456 445//1457 465//1458
f 266//1459 459//1460 295//1461
f 282//1462 301//1463 407//1464
f 372//1465 402//1466 452//1465
f 382//1467 425//1467 413//1467
f 290//1468 423//1469 341//1470
f 294//1471 419//1472 443//1472
f 450//1473 444//1473 418//1473
f 268//1474 410//1474 423//1474
f 295//1475 459//1476 284//1477
f 394//1478 432//1478 342//1479
f 301//1480 426//1481 407//1482
f 438//1483 439//1484 440//1485
f 438//1486 440//1487 439//1488
f 394//1489 442//1489 432//1489
f 285//1490 465//1491 266//1492
f 400//1493 376//1494 494//1495
f 319//1496 452//1497 447//1498
f 402//1499 341//1500 452//1499
f 450//1501 448//1501 444//1501
f 385//1502 446//1503 421//1504
f 413//1505 425//1506 450//1507
f 432//1508 386//1508 342//1508
f 376//1509 427//1510 494//1511
f 465//1512 430//1513 266//1514
f 447//1515 427//1516 319//1517
f 400//1518 494//1519 402//1520
f 450//1521 412//1522 413//1523
f 385//1524 453//1525 456//1526
f 349//1527 386//1528 449//1529
f 347//1530 455//1531 389//1532
f 266//1533 430//1534 459//1535
f 385//1536 456//1537 457//1538
f 385//1539 458//1540 446//1539
f 402//1541 494//1542 341//1543
f 457//1544 460//1544 458//1544
f 457//1545 458//1545 385//1546
f 457//1547 446//1548 458//1549
f 456//1550 446//1551 457//1552
f 456//1553 453//1553 446//1553
f 460//1554 463//1555 458//1554
f 458//1556 463//1557 460//1558
f 385//1559 478//1560 453//1561
f 397//1562 429//1562 419//1562
f 284//1563 459//1564 406//1565
f 453//1566 466//1567 467//1568
f 453//1569 467//1570 446//1571
f 386//1572 432//1573 462//1574
f 469//1575 470//1576 466//1577
f 466//1578 470//1579 467//1580
f 467//1581 470//1582 471//1583
f 467//1584 464//1585 446//1586
f 467//1587 471//1588 472//1589
f 469//1590 472//1591 470//1592
f 466//1593 467//1593 469//1593
f 464//1594 467//1595 466//1596
f 447//1597 473//1597 427//1597
f 421//1598 448//1598 425//1598
f 450//1599 425//1600 448//1600
f 389//1601 483//1602 436//1603
f 394//1604 406//1604 442//1604
f 470//1605 476//1606 471//1607
f 470//1608 477//1609 476//1609
f 470//1610 472//1611 477//1612
f 467//1613 472//1613 469//1613
f 446//1614 464//1615 421//1616
f 453//1617 478//1618 464//1619
f 385//1620 412//1620 478//1620
f 412//1621 450//1622 542//1623
f 301//1624 411//1625 426//1626
f 487//1627 496//1628 476//1629
f 476//1630 496//1631 479//1632
f 476//1633 479//1633 471//1633
f 471//1634 477//1634 472//1634
f 471//1635 479//1635 480//1635
f 471//1636 480//1636 477//1636
f 476//1637 479//1637 487//1637
f 476//1638 480//1638 479//1638
f 477//1639 480//1639 476//1639
f 427//1640 485//1641 494//1642
f 496//1643 481//1644 479//1645
f 479//1646 481//1647 487//1648
f 464//1649 488//1650 421//1651
f 407//1652 482//1653 410//1654
f 488//1655 478//1656 421//1657
f 478//1658 481//1658 464//1658
f 436//1659 483//1659 429//1660
f 452//1661 484//1662 447//1663
f 452//1664 485//1665 484//1666
f 447//1667 484//1667 486//1667
f 301//1668 443//1669 411//1670
f 473//1671 491//1672 427//1672
f 427//1673 491//1674 484//1675
f 487//1676 501//1677 496//1678
f 498//1679 497//1680 499//1681
f 498//1682 499//1683 496//1684
f 481//1685 488//1685 464//1685
f 498//1686 499//1687 497//1688
f 498//1689 493//1689 499//1690
f 496//1691 493//1692 498//1693
f 473//1694 447//1695 493//1694
f 484//1696 485//1697 500//1698
f 452//1699 494//1700 485//1701
f 412//1702 542//1703 478//1704
f 426//1705 517//1706 407//1707
f 496//1708 488//1708 481//1708
f 499//1709 502//1710 496//1711
f 499//1712 493//1713 502//1712
f 447//1714 503//1715 493//1716
f 473//1717 503//1717 491//1717
f 484//1718 500//1718 427//1718
f 484//1719 491//1719 509//1720
f 447//1721 491//1721 503//1721
f 491//1722 486//1722 505//1722
f 491//1723 447//1723 486//1723
f 493//1724 506//1725 473//1725
f 500//1726 485//1727 504//1728
f 500//1729 504//1729 427//1729
f 484//1730 509//1730 504//1730
f 503//1731 473//1732 508//1733
f 484//1734 504//1735 486//1735
f 486//1736 508//1736 505//1736
f 505//1737 508//1737 473//1737
f 473//1738 506//1738 507//1738
f 504//1739 509//1740 427//1741
f 491//1742 508//1742 509//1743
f 491//1744 513//1744 508//1744
f 505//1745 513//1745 491//1745
f 505//1746 519//1746 513//1746
f 427//1747 509//1747 485//1747
f 421//1748 542//1749 448//1750
f 444//1751 520//1751 418//1751
f 503//1752 507//1753 506//1754
f 503//1755 513//1755 493//1756
f 503//1757 506//1757 513//1757
f 507//1758 514//1759 505//1760
f 507//1761 508//1761 514//1762
f 507//1763 505//1764 473//1763
f 504//1765 508//1765 486//1765
f 508//1766 485//1767 509//1768
f 505//1769 514//1770 519//1771
f 452//1772 489//1773 494//1774
f 341//1775 489//1776 452//1777
f 508//1778 513//1779 514//1780
f 506//1781 519//1781 514//1781
f 485//1782 508//1783 504//1784
f 442//1785 525//1785 432//1785
f 481//1786 478//1787 501//1788
f 493//1789 519//1790 506//1791
f 429//1792 511//1792 419//1792
f 487//1793 481//1794 501//1795
f 513//1796 506//1796 514//1796
f 521//1797 522//1798 523//1799
f 478//1800 542//1800 421//1800
f 502//1801 512//1802 496//1803
f 493//1804 512//1804 502//1804
f 523//1805 522//1806 521//1807
f 410//1808 510//1808 423//1808
f 496//1809 512//1810 488//1811
f 488//1812 512//1813 478//1814
f 513//1815 512//1816 493//1817
f 493//1818 496//1819 519//1820
f 386//1821 529//1822 449//1823
f 468//1824 526//1825 455//1826
f 389//1827 455//1828 495//1829
f 468//1830 449//1830 526//1830
f 418//1831 532//1831 445//1832
f 513//1833 519//1833 512//1833
f 386//1834 533//1835 529//1836
f 455//1837 526//1838 495//1839
f 406//1840 541//1841 442//1842
f 501//1843 519//1844 496//1845
f 341//1846 423//1847 489//1848
f 520//1849 532//1850 418//1851
f 389//1852 516//1853 483//1854
f 407//1855 535//1856 482//1857
f 478//1858 512//1859 501//1859
f 489//1860 537//1861 494//1862
f 462//1863 533//1863 386//1863
f 389//1864 495//1864 516//1864
f 525//1865 540//1866 432//1867
f 410//1868 482//1869 510//1870
f 449//1871 529//1872 526//1873
f 459//1874 541//1875 406//1876
f 442//1877 541//1878 525//1879
f 489//1880 423//1881 548//1882
f 489//1883 548//1884 537//1885
f 445//1886 550//1887 465//1888
f 429//1889 546//1890 511//1891
f 483//1892 546//1892 429//1892
f 432//1893 540//1894 462//1895
f 465//1896 550//1896 430//1896
f 542//1897 552//1898 448//1899
f 544//1900 550//1901 445//1902
f 426//1903 411//1904 549//1905
f 511//1906 553//1907 419//1908
f 517//1909 535//1909 407//1909
f 448//1910 552//1910 576//1910
f 443//1911 549//1912 411//1913
f 526//1914 554//1915 495//1916
f 529//1917 554//1918 526//1919
f 512//1920 519//1921 501//1922
f 459//1923 430//1923 555//1923
f 483//1924 516//1925 546//1926
f 525//1927 556//1928 540//1929
f 459//1930 555//1931 541//1932
f 443//1933 419//1934 553//1935
f 445//1936 532//1937 544//1938
f 516//1939 558//1940 546//1941
f 540//1942 577//1943 462//1944
f 541//1945 556//1946 525//1947
f 511//1948 546//1949 553//1950
f 448//1951 576//1952 444//1953
f 549//1954 557//1955 426//1956
f 426//1957 557//1958 517//1958
f 544//1959 571//1959 550//1959
f 430//1960 550//1961 562//1962
f 430//1963 562//1964 555//1965
f 576//1966 520//1967 444//1968
f 510//1969 482//1970 566//1971
f 540//1972 556//1972 577//1972
f 561//1973 560//1974 565//1975
f 423//1976 510//1977 548//1978
f 443//1979 564//1980 549//1981
f 533//1982 575//1983 529//1984
f 559//1985 565//1986 542//1987
f 561//1988 565//1989 559//1990
f 520//1991 563//1992 532//1993
f 548//1994 560//1995 537//1996
f 532//1997 571//1998 544//1999
f 557//2000 568//2001 517//2002
f 462//2003 567//2004 533//2005
f 495//2006 558//2007 516//2008
f 555//2009 580//2010 541//2011
f 542//2012 565//2012 552//2012
f 533//2013 567//2014 575//2015
f 443//2016 553//2017 564//2018
f 517//2019 568//2019 535//2019
f 554//2020 574//2021 495//2022
f 529//2023 575//2024 554//2025
f 569//2026 558//2026 495//2026
f 482//2027 535//2028 572//2029
f 510//2030 566//2031 570//2032
f 548//2033 565//2034 560//2035
f 462//2036 577//2037 567//2038
f 575//2039 573//2040 554//2041
f 548//2042 510//2043 579//2044
f 550//2045 571//2045 562//2045
f 532//2046 578//2046 571//2046
f 563//2047 578//2047 532//2047
f 495//2048 574//2049 569//2050
f 558//2051 588//2051 546//2051
f 556//2052 594//2053 577//2054
f 566//2055 482//2055 572//2055
f 576//2056 563//2057 520//2058
f 555//2059 585//2060 580//2061
f 541//2062 580//2063 556//2064
f 510//2065 570//2066 579//2067
f 554//2068 573//2068 574//2068
f 546//2069 588//2069 553//2070
f 562//2071 585//2072 555//2073
f 552//2074 565//2075 576//2076
f 557//2077 583//2078 568//2079
f 549//2080 564//2081 583//2082
f 549//2083 583//2084 557//2085
f 568//2086 572//2086 535//2086
f 569//2087 574//2088 586//2089
f 582//2090 594//2091 556//2092
f 581//2093 584//2094 553//2095
f 556//2096 580//2097 582//2098
f 571//2099 578//2100 587//2101
f 569//2102 588//2103 558//2104
f 588//2105 581//2106 553//2107
f 568//2108 592//2108 572//2108
f 567//2109 577//2110 575//2111
f 563//2112 576//2112 590//2112
f 577//2113 589//2113 575//2113
f 574//2114 573//2115 586//2116
f 569//2117 591//2118 588//2119
f 548//2120 593//2121 565//2122
f 575//2123 589//2124 573//2125
f 563//2126 595//2126 578//2126
f 582//2127 580//2128 601//2129
f 548//2130 579//2131 593//2132
f 553//2133 602//2134 564//2135
f 589//2136 596//2137 573//2138
f 553//2139 584//2140 602//2141
f 565//2142 593//2143 576//2144
f 572//2145 598//2146 566//2147
f 563//2148 590//2149 595//2148
f 571//2150 597//2151 562//2152
f 562//2153 597//2154 585//2155
f 587//2156 597//2157 571//2158
f 583//2159 592//2160 568//2161
f 578//2162 595//2163 587//2164
f 598//2165 570//2165 566//2165
f 576//2166 600//2167 590//2168
f 579//2169 570//2170 599//2171
f 585//2172 601//2173 580//2174
f 588//2175 591//2176 581//2177
f 564//2178 602//2179 603//2180
f 569//2181 586//2182 591//2183
f 577//2184 594//2185 589//2186
f 603//2187 592//2188 583//2189
f 594//2190 609//2191 589//2192
f 599//2193 604//2194 579//2193
f 576//2195 593//2196 600//2197
f 592//2198 610//2199 572//2200
f 573//2201 596//2201 586//2202
f 564//2203 603//2204 583//2205
f 585//2206 605//2207 601//2208
f 570//2209 598//2210 599//2211
f 597//2212 605//2213 585//2214
f 581//2215 607//2216 584//2217
f 594//2218 582//2219 606//2220
f 572//2221 610//2221 598//2221
f 590//2222 615//2223 595//2224
f 595//2225 617//2225 587//2226
f 609//2227 596//2228 589//2229
f 599//2230 598//2230 608//2230
f 579//2231 604//2232 593//2233
f 586//2234 611//2235 591//2236
f 591//2237 607//2238 581//2239
f 582//2240 601//2241 606//2242
f 594//2243 606//2244 609//2245
f 592//2246 627//2246 610//2246
f 599//2247 612//2248 604//2249
f 609//2250 606//2251 613//2252
f 591//2253 614//2254 607//2255
f 607//2256 602//2257 584//2258
f 592//2259 603//2259 627//2260
f 596//2261 609//2262 616//2263
f 587//2264 617//2265 597//2265
f 590//2266 600//2267 619//2268
f 599//2269 608//2269 612//2269
f 591//2270 611//2271 630//2272
f 591//2273 630//2274 614//2275
f 598//2276 610//2277 608//2278
f 593//2279 622//2280 600//2281
f 596//2282 618//2283 586//2284
f 613//2285 625//2286 609//2285
f 609//2287 625//2288 616//2289
f 601//2290 620//2291 606//2292
f 597//2293 617//2294 605//2294
f 615//2295 617//2296 595//2297
f 619//2298 615//2299 590//2300
f 593//2301 604//2302 622//2303
f 618//2304 611//2305 586//2306
f 596//2307 616//2308 618//2309
f 606//2310 620//2310 613//2311
f 607//2312 626//2313 602//2314
f 602//2315 627//2315 603//2315
f 613//2316 620//2317 621//2318
f 614//2319 623//2320 607//2321
f 601//2322 605//2322 620//2322
f 613//2323 621//2324 631//2325
f 607//2326 623//2327 626//2328
f 613//2329 631//2330 625//2331
f 617//2332 624//2333 605//2334
f 610//2335 632//2335 608//2335
f 615//2336 624//2337 617//2338
f 600//2339 622//2339 619//2339
f 620//2340 605//2341 624//2342
f 602//2343 626//2344 627//2343
f 630//2345 636//2345 614//2346
f 618//2347 630//2348 611//2349
f 610//2350 627//2351 632//2352
f 615//2353 621//2354 624//2355
f 614//2356 636//2357 623//2358
f 616//2359 629//2360 618//2361
f 616//2362 625//2363 629//2364
f 620//2365 624//2366 621//2367
f 622//2368 604//2369 628//2370
f 618//2371 629//2372 630//2373
f 623//2374 632//2375 626//2376
f 626//2377 632//2378 627//2379
f 612//2380 628//2381 604//2382
f 632//2383 633//2384 608//2385
f 615//2386 619//2387 621//2387
f 625//2388 631//2388 635//2388
f 608//2389 633//2389 612//2390
f 621//2391 619//2391 634//2391
f 623//2392 636//2392 632//2392
f 621//2393 634//2394 631//2395
f 632//2396 636//2396 633//2396
f 619//2397 622//2397 637//2397
f 630//2398 638//2399 636//2400
f 628//2401 637//2402 622//2403
f 625//2404 635//2405 629//2406
f 633//2407 640//2408 612//2409
f 629//2410 639//2411 630//2412
f 630//2413 639//2414 638//2415
f 629//2416 635//2416 639//2416
f 640//2417 633//2417 636//2417
f 631//2418 634//2419 635//2420
f 619//2421 637//2422 634//2421
f 637//2423 628//2424 641//2425
f 612//2426 640//2427 628//2428
f 634//2429 637//2430 641//2431
f 640//2432 641//2433 628//2434
f 634//2435 641//2436 635//2437
f 638//2438 640//2439 636//2438
f 635//2440 641//2441 639//2442
f 639//2443 641//2444 638//2445
f 638//2446 641//2446 640//2447
f 180//2448 191//2448 190//2448
f 302//2449 326//2449 296//2450
f 326//2451 331//2452 296//2453
f 332//2454 333//2455 334//2456
f 508//2457 507//2457 503//2457
f 245//2458 247//2458 642//2458
f 643//2459 457//2459 460//2459
f 364//2460 366//2461 644//2460
f 453//2462 464//2463 466//2464
f 242//2465 645//2465 243//2466
f 249//2467 646//2468 252//2468
usemtl Материал
f 103//2469 109//2469 91//2470
f 109//2471 108//2472 91//2473
f 92//2474 109//2475 103//2476
f 91//2477 111//2477 100//2477
f 109//2478 115//2479 108//2480
f 91//2481 108//2482 120//2483
f 116//2484 115//2485 109//2486
f 92//2487 135//2488 109//2489
f 91//2490 120//2491 146//2492
f 109//2493 113//2494 116//2495
f 116//2496 131//2496 115//2497
f 115//2498 132//2499 108//2500
f 91//2501 146//2502 111//2503
f 115//2504 131//2504 133//2504
f 116//2505 113//2506 130//2507
f 109//2508 135//2509 113//2510
f 132//2511 120//2511 108//2511
f 133//2512 136//2512 115//2512
f 115//2513 136//2513 132//2513
f 130//2514 139//2514 116//2514
f 116//2515 139//2515 131//2515
f 133//2516 137//2516 136//2516
f 146//2517 144//2517 111//2517
f 132//2518 136//2519 167//2520
f 120//2521 152//2522 146//2521
f 132//2523 167//2523 153//2523
f 131//2524 139//2525 137//2526
f 131//2527 137//2527 133//2527
f 130//2528 154//2528 139//2528
f 132//2529 153//2529 120//2529
f 113//2530 198//2530 130//2530
f 146//2531 156//2531 144//2531
f 130//2532 157//2532 154//2532
f 153//2533 152//2533 120//2533
f 154//2534 219//2534 139//2534
f 146//2535 173//2536 156//2537
f 100//2538 111//2539 171//2540
f 198//2541 157//2541 130//2541
f 152//2542 173//2543 146//2542
f 152//2544 153//2544 173//2544
f 113//2545 209//2546 198//2547
f 174//2548 182//2549 178//2550
f 135//2551 149//2551 113//2551
f 167//2552 173//2553 153//2554
f 178//2555 261//2555 174//2555
f 174//2556 262//2557 182//2558
f 144//2559 199//2560 111//2561
f 157//2562 219//2563 154//2562
f 205//2564 156//2565 173//2566
f 261//2567 193//2568 174//2569
f 157//2570 200//2570 219//2570
f 136//2571 137//2572 167//2573
f 183//2574 262//2575 174//2576
f 156//2577 229//2577 144//2577
f 156//2578 205//2579 229//2580
f 229//2581 199//2581 144//2582
f 113//2583 149//2584 209//2585
f 178//2586 182//2586 327//2586
f 157//2587 224//2587 200//2587
f 198//2588 224//2588 157//2589
f 139//2590 219//2590 137//2590
f 173//2591 167//2591 205//2591
f 262//2592 227//2592 182//2592
f 178//2593 327//2594 244//2595
f 174//2596 193//2597 183//2598
f 262//2599 183//2600 210//2601
f 198//2602 209//2603 224//2604
f 137//2605 248//2606 167//2607
f 238//2608 205//2609 167//2610
f 178//2611 244//2611 261//2611
f 183//2612 259//2612 210//2612
f 167//2613 248//2614 238//2614
f 227//2615 327//2616 182//2617
f 209//2618 260//2618 224//2618
f 262//2619 264//2620 238//2621
f 260//2622 273//2622 224//2622
f 199//2623 229//2623 263//2623
f 219//2624 248//2625 137//2626
f 238//2627 264//2628 205//2629
f 229//2630 272//2630 263//2630
f 224//2631 273//2631 200//2632
f 262//2633 275//2634 264//2635
f 262//2636 274//2637 227//2638
f 238//2639 274//2640 262//2641
f 205//2642 272//2643 229//2644
f 248//2645 274//2646 238//2647
f 200//2648 280//2649 219//2650
f 200//2651 273//2651 280//2651
f 209//2652 289//2652 260//2652
f 219//2653 280//2653 248//2653
f 227//2654 274//2654 320//2654
f 193//2655 259//2655 183//2655
f 199//2656 309//2657 111//2658
f 244//2659 339//2659 261//2659
f 171//2660 111//2661 309//2662
f 263//2663 335//2663 199//2663
f 272//2664 310//2665 263//2664
f 210//2666 275//2667 262//2668
f 199//2669 335//2670 315//2671
f 248//2672 311//2672 274//2672
f 171//2673 309//2673 283//2673
f 264//2674 275//2675 323//2676
f 210//2677 259//2678 317//2679
f 260//2680 289//2680 316//2680
f 310//2681 335//2682 263//2683
f 264//2684 323//2685 205//2686
f 227//2687 324//2687 327//2687
f 261//2688 329//2689 193//2690
f 205//2691 323//2691 272//2692
f 311//2693 320//2693 274//2693
f 260//2694 316//2695 273//2696
f 272//2697 337//2698 310//2699
f 149//2700 289//2700 209//2700
f 327//2701 336//2701 244//2701
f 244//2702 336//2702 339//2702
f 210//2703 345//2704 275//2705
f 210//2706 317//2707 345//2708
f 309//2709 340//2710 283//2711
f 326//2712 341//2713 149//2714
f 280//2715 311//2716 248//2717
f 316//2718 289//2719 273//2720
f 320//2721 324//2722 227//2723
f 199//2724 315//2724 309//2724
f 275//2725 345//2726 323//2727
f 289//2728 350//2728 273//2728
f 335//2729 310//2729 351//2729
f 351//2730 315//2730 335//2730
f 323//2731 337//2732 272//2733
f 320//2734 374//2734 324//2734
f 362//2735 317//2735 259//2735
f 329//2736 259//2737 193//2738
f 345//2739 317//2740 370//2741
f 310//2742 337//2743 351//2744
f 273//2745 311//2746 280//2747
f 336//2748 361//2748 339//2748
f 327//2749 324//2750 381//2751
f 273//2752 350//2752 311//2752
f 381//2753 336//2753 327//2753
f 339//2754 399//2755 261//2756
f 149//2757 341//2758 289//2759
f 320//2760 311//2761 374//2762
f 337//2763 323//2764 393//2765
f 261//2766 399//2766 329//2766
f 317//2767 362//2768 370//2769
f 326//2770 395//2770 341//2771
f 329//2772 375//2773 259//2774
f 323//2775 388//2776 393//2777
f 370//2778 388//2779 345//2780
f 337//2781 390//2781 351//2781
f 339//2782 361//2783 399//2784
f 381//2785 368//2785 336//2785
f 259//2786 375//2786 362//2786
f 324//2787 398//2787 381//2787
f 345//2788 388//2788 323//2789
f 309//2790 450//2790 391//2790
f 289//2791 311//2791 350//2791
f 351//2792 390//2793 315//2794
f 368//2795 378//2795 336//2795
f 311//2796 392//2797 374//2798
f 336//2799 378//2799 361//2799
f 289//2800 380//2800 396//2800
f 374//2801 398//2802 324//2803
f 289//2804 396//2804 311//2804
f 370//2805 378//2806 388//2807
f 368//2808 388//2809 378//2810
f 399//2811 375//2812 329//2813
f 362//2814 375//2814 370//2814
f 341//2815 380//2816 289//2817
f 370//2818 361//2818 378//2818
f 370//2819 375//2820 361//2821
f 392//2822 398//2823 374//2824
f 390//2825 417//2825 315//2825
f 434//2826 368//2827 381//2828
f 388//2829 368//2829 433//2829
f 399//2830 361//2830 375//2830
f 315//2831 417//2832 309//2833
f 398//2834 434//2835 381//2836
f 309//2837 417//2838 524//2839
f 311//2840 396//2840 392//2840
f 434//2841 433//2842 368//2843
f 393//2844 428//2845 337//2846
f 396//2847 431//2847 392//2847
f 392//2848 441//2848 424//2848
f 380//2849 431//2849 396//2849
f 390//2850 422//2851 417//2852
f 388//2853 433//2853 393//2853
f 390//2854 337//2854 422//2854
f 337//2855 435//2855 422//2855
f 337//2856 428//2857 435//2858
f 392//2859 424//2860 398//2861
f 309//2862 524//2862 450//2862
f 428//2863 393//2864 433//2865
f 380//2866 454//2866 431//2866
f 392//2867 431//2867 441//2867
f 424//2868 451//2868 398//2868
f 422//2869 435//2869 417//2869
f 431//2870 454//2871 441//2872
f 398//2873 475//2874 434//2875
f 433//2876 461//2876 428//2876
f 434//2877 475//2877 433//2877
f 451//2878 475//2879 398//2880
f 435//2881 428//2881 474//2881
f 441//2882 454//2883 424//2884
f 461//2885 433//2885 475//2885
f 454//2886 490//2886 424//2886
f 417//2887 435//2888 524//2889
f 341//2890 420//2891 380//2892
f 428//2893 492//2893 474//2893
f 490//2894 451//2895 424//2896
f 494//2897 420//2897 341//2897
f 428//2898 461//2899 492//2900
f 454//2901 531//2902 490//2903
f 450//2904 524//2905 542//2904
f 492//2906 527//2906 474//2906
f 451//2907 490//2908 515//2909
f 475//2910 538//2910 461//2910
f 490//2911 531//2912 515//2913
f 518//2914 492//2915 461//2916
f 518//2917 527//2918 492//2919
f 475//2920 534//2921 538//2922
f 475//2923 528//2923 534//2923
f 380//2924 531//2925 454//2926
f 435//2927 474//2928 524//2929
f 380//2930 420//2931 531//2932
f 461//2933 536//2934 518//2935
f 451//2936 530//2937 475//2938
f 515//2939 539//2940 451//2939
f 539//2941 530//2941 451//2941
f 461//2942 538//2942 536//2942
f 475//2943 530//2944 528//2945
f 515//2946 531//2947 539//2948
f 494//2949 537//2950 420//2951
f 534//2952 543//2952 545//2952
f 534//2953 545//2953 538//2953
f 527//2954 524//2955 474//2956
f 518//2957 536//2957 547//2957
f 518//2958 547//2958 527//2958
f 528//2959 543//2960 534//2961
f 536//2962 545//2962 547//2962
f 551//2963 524//2963 527//2963
f 536//2964 538//2964 545//2964
f 527//2965 547//2966 551//2967
f 539//2968 543//2969 530//2970
f 530//2971 543//2972 528//2973
f 537//2974 560//2975 420//2976
f 539//2977 531//2977 560//2977
f 531//2978 420//2979 560//2980
f 547//2981 545//2982 551//2983
f 539//2984 560//2985 543//2986
f 543//2987 561//2988 545//2989
f 524//2990 559//2991 542//2992
f 551//2993 559//2994 524//2995
f 560//2996 561//2997 543//2998
f 545//2999 561//2999 551//2999
f 551//3000 561//3000 559//3000
usemtl Материал.002
f 147//3001 125//3002 231//3003
f 298//3004 231//3005 125//3006
f 231//3007 330//3008 147//3009
f 125//3010 276//3010 298//3010
f 298//3011 277//3012 231//3013
f 231//3014 277//3015 330//3016
f 147//3017 330//3017 325//3018
f 298//3019 321//3020 277//3021
f 276//3022 321//3022 298//3022
f 276//3023 346//3023 321//3024
f 330//3025 344//3026 325//3027
f 277//3028 321//3029 330//3030
f 321//3031 363//3032 330//3033
f 276//3034 349//3034 346//3034
f 330//3035 363//3036 344//3037
f 321//3038 346//3039 363//3040
f 325//3041 344//3041 347//3041
f 363//3042 387//3043 344//3044
f 346//3045 383//3046 363//3047
f 387//3048 363//3049 384//3050
f 344//3051 387//3051 347//3051
f 346//3052 349//3053 383//3054
f 363//3055 383//3056 384//3057
f 349//3058 449//3058 383//3058
f 387//3059 384//3059 437//3059
f 383//3060 437//3061 384//3062
f 387//3063 437//3063 455//3063
f 383//3064 468//3064 437//3064
f 387//3065 455//3065 347//3065
f 383//3066 449//3067 468//3068
f 437//3069 468//3070 455//3071
l 293 308
l 287 288
l 288 292
l 357 359
