# Blender v2.91.2 OBJ File: 'Broccoli_lowpoly.blend'
# www.blender.org
mtllib Broccoli_lowpoly.mtl
o Mesh1.0
v -0.981591 0.254122 0.344168
v -0.999561 0.289527 0.319623
v -0.961520 0.314484 0.364013
v -0.881648 0.271212 0.417396
v -0.923293 0.390710 0.392182
v -0.974930 0.190205 0.334106
v -0.945190 0.215755 0.367306
v -0.905575 0.195199 0.390185
v -0.899248 0.319100 0.392108
v -0.950143 0.359614 0.342083
v -0.858225 0.198375 0.394254
v -0.984825 0.345804 0.308174
v -0.859978 0.370398 0.409085
v -0.935074 0.413788 0.328032
v -0.798988 0.259868 0.444130
v -0.986658 0.411172 0.307355
v -0.999674 0.282072 0.271179
v -0.822109 0.378904 0.438314
v -0.841154 0.322987 0.407090
v -1.007956 0.366886 0.280008
v -0.805876 0.435340 0.415942
v -0.895125 0.467730 0.323459
v -0.889176 0.139178 0.371278
v -0.834019 0.158721 0.401084
v -0.981358 0.209127 0.271354
v -0.905715 0.178947 0.351617
v -0.942761 0.163948 0.302479
v -0.771255 0.358085 0.449901
v -0.844600 0.458511 0.364603
v -0.709301 0.422142 0.434658
v -1.029262 0.226902 0.235666
v -0.992353 0.431469 0.241933
v -1.036001 0.319131 0.234211
v -1.027611 0.257444 0.208775
v -0.993637 0.328016 0.267483
v -0.715725 0.224647 0.464470
v -0.921119 0.108282 0.262608
v -0.929774 0.452135 0.279441
v -0.756719 0.158803 0.412977
v -1.006200 0.363240 0.213192
v -0.713466 0.169913 0.449778
v -0.762519 0.288508 0.436094
v -0.860073 0.111981 0.327227
v -0.716959 0.328960 0.438723
v -0.829995 0.490113 0.359272
v -0.774012 0.115408 0.396386
v -0.970341 0.157769 0.248934
v -0.924092 0.464608 0.222018
v -0.837080 0.497012 0.310382
v -0.897376 0.522113 0.274929
v -1.000534 0.204626 0.186806
v -0.791290 0.511691 0.340479
v -0.741242 0.467796 0.366780
v -1.032904 0.275218 0.140592
v -0.977709 0.431145 0.212914
v -0.846632 0.066956 0.286078
v -0.945859 0.136427 0.229389
v -1.023589 0.356750 0.189740
v -1.031823 0.350646 0.136913
v -0.990953 0.136658 0.182199
v -0.930061 0.079871 0.228420
v -0.615429 0.197928 0.428728
v -0.681895 0.125266 0.391776
v -0.963414 0.474721 0.168758
v -1.006475 0.395068 0.142640
v -0.948967 0.119836 0.181222
v -0.811528 0.061406 0.293194
v -0.670503 0.298125 0.431261
v -0.670912 0.384353 0.395183
v -0.787611 0.047283 0.310405
v -1.016146 0.213049 0.121603
v -0.868025 0.091082 0.237092
v -0.604475 0.253560 0.417910
v -0.686829 0.442803 0.368230
v -0.610658 0.334793 0.450747
v -0.709291 0.081628 0.361246
v -0.973007 0.166324 0.129770
v -0.824426 0.512511 0.254307
v -1.018323 0.323184 0.125808
v -0.770133 0.505258 0.307698
v -0.785052 0.523738 0.266384
v -0.764787 0.048460 0.258299
v -0.631663 0.173414 0.387739
v -0.842754 0.510134 0.204837
v -0.657611 0.139401 0.372997
v -0.663591 0.410391 0.359340
v -1.014628 0.300369 0.060854
v -0.560601 0.324833 0.426778
v -0.950920 0.157578 0.073333
v -0.678854 0.100937 0.333273
v -0.812830 0.050452 0.201594
v -0.595960 0.385972 0.380621
v -0.730001 0.464593 0.316135
v -0.978483 0.379268 0.094667
v -0.876508 0.495395 0.150422
v -0.611063 0.125387 0.356734
v -0.828585 0.081919 0.171978
v -0.586538 0.165158 0.385768
v -0.725125 0.075976 0.280071
v -0.869781 0.073093 0.132202
v -0.913982 0.468453 0.097090
v -0.915184 0.097332 0.110773
v -0.648007 0.449782 0.361239
v -0.712645 0.496947 0.289161
v -0.956561 0.436702 0.098426
v -0.610380 0.486983 0.387043
v -0.685811 0.494155 0.332883
v -0.814626 0.562752 0.214315
v -0.985746 0.401174 0.073152
v -0.869028 0.569315 0.177046
v -0.565386 0.277739 0.369409
v -0.712670 0.533101 0.298062
v -0.750107 0.513994 0.267677
v -0.679202 0.075428 0.272974
v -0.556220 0.213910 0.389057
v -0.555707 0.455728 0.392283
v -0.764821 0.616854 0.235958
v -0.972192 0.231124 0.037662
v -0.646690 0.551517 0.318601
v -0.730921 0.039473 0.223840
v -0.726041 0.573096 0.258028
v -0.936512 0.139348 0.106213
v -0.642055 0.638111 0.268223
v -0.945621 0.203436 0.038849
v -0.620947 0.524831 0.342531
v -0.553861 0.325684 0.375910
v -0.545947 0.509207 0.377353
v -0.985647 0.357249 0.048280
v -0.962366 0.444044 0.046704
v -0.851824 0.590527 0.116782
v -0.610383 0.130658 0.302652
v -0.705935 0.628358 0.218275
v -0.562828 0.148118 0.341311
v -0.972446 0.396145 0.016011
v -0.567209 0.560877 0.358590
v -0.801224 0.612230 0.177504
v -0.784918 0.068720 0.165337
v -0.566407 0.360714 0.355123
v -0.525604 0.326490 0.385141
v -0.909236 0.534037 0.076696
v -0.499775 0.531035 0.347601
v -0.538070 0.241145 0.354537
v -0.529771 0.386697 0.360264
v -0.875282 0.116324 0.083276
v -0.910777 0.165627 0.048003
v -0.510936 0.252172 0.359916
v -0.634889 0.119083 0.244574
v -0.954861 0.287049 -0.007449
v -0.821689 0.654958 0.132103
v -0.665287 0.029860 0.214853
v -0.743457 0.019722 0.138959
v -0.815744 0.109218 0.115613
v -0.565520 0.169365 0.331537
v -0.602166 0.611988 0.289868
v -0.880737 0.128856 0.042861
v -0.909982 0.508007 0.031208
v -0.771087 0.100697 0.126111
v -0.584448 0.119326 0.263551
v -0.754480 0.651395 0.152678
v -0.699166 -0.008149 0.180746
v -0.896888 0.161479 0.018870
v -0.506515 0.463194 0.354335
v -0.904145 0.451476 0.008460
v -0.636993 0.072599 0.214956
v -0.535989 0.221929 0.319164
v -0.561517 0.159951 0.273866
v -0.525281 0.193097 0.296221
v -0.884628 0.432979 -0.028621
v -0.873605 0.569858 0.038993
v -0.820386 0.638400 0.068396
v -0.478119 0.309578 0.349233
v -0.800467 0.665242 0.101312
v -0.445325 0.491880 0.346115
v -0.845320 0.633419 0.035281
v -0.932084 0.237606 0.013867
v -0.483545 0.404863 0.331497
v -0.493371 0.247544 0.328980
v -0.932830 0.372004 -0.013006
v -0.628393 0.031618 0.200619
v -0.684724 0.638709 0.179203
v -0.926230 0.201218 -0.003737
v -0.979144 0.256443 -0.051103
v -0.902634 0.552941 -0.012037
v -0.504935 0.629157 0.293252
v -0.736806 0.650747 0.130928
v -0.970123 0.190052 -0.036932
v -0.619367 0.660734 0.214149
v -0.537620 0.236668 0.266344
v -0.934227 0.322027 -0.005874
v -0.420167 0.253940 0.374170
v -0.728525 0.044706 0.091082
v -0.652463 0.140280 0.188544
v -0.964340 0.228044 -0.047505
v -0.349275 0.355633 0.411481
v -0.629659 0.090196 0.170773
v -0.535332 0.645469 0.225112
v -0.691481 -0.077701 0.147162
v -0.743832 0.123138 0.113393
v -0.453188 0.215034 0.333238
v -0.647075 -0.076101 0.174646
v -0.727430 -0.053830 0.082810
v -0.874543 0.120946 0.002326
v -0.944844 0.338852 -0.033490
v -0.545181 0.208758 0.241434
v -0.970412 0.354292 -0.055327
v -0.429215 0.459084 0.323821
v -0.596347 0.703650 0.190265
v -0.708545 0.146776 0.143869
v -0.971019 0.298420 -0.105102
v -0.438033 0.529173 0.304001
v -0.606695 0.185304 0.187417
v -0.720340 0.167672 0.115196
v -0.504647 0.250920 0.285239
v -0.837974 0.594533 -0.028549
v -0.650637 -0.219905 0.182447
v -0.360249 0.268125 0.406327
v -0.482745 0.147744 0.289772
v -0.340125 0.315740 0.391581
v -0.582763 0.171969 0.229059
v -0.382239 0.179999 0.373770
v -0.480045 0.213483 0.297428
v -0.895294 0.410612 -0.057937
v -0.417078 0.574448 0.279261
v -0.632747 0.698967 0.150263
v -0.956522 0.397461 -0.081463
v -0.713538 -0.225044 0.128475
v -0.898036 0.120793 -0.053144
v -0.516675 0.199497 0.277030
v -0.385591 0.159820 0.376129
v -0.558871 -0.068881 0.178830
v -0.572404 0.052542 0.124374
v -0.809998 0.129083 0.039926
v -0.434536 0.165627 0.339834
v -0.896904 0.483796 -0.036725
v -0.960847 0.195300 -0.086864
v -0.802816 0.107848 -0.016199
v -0.748739 -0.219542 0.034616
v -0.523066 0.179543 0.245313
v -0.349241 0.199798 0.393829
v -0.479287 0.169930 0.261134
v -0.685664 0.086396 0.090291
v -0.416778 0.211758 0.333834
v -0.980051 0.340560 -0.119765
v -0.466998 0.114224 0.285904
v -0.936093 0.152852 -0.061641
v -0.688224 0.171105 0.087889
v -0.659371 0.186991 0.144720
v -0.974855 0.252973 -0.126168
v -0.344606 0.435009 0.367205
v -0.666372 -0.258854 0.087033
v -0.565489 -0.222242 0.191641
v -0.988744 0.198274 -0.133583
v -0.542817 0.693994 0.188278
v -0.668519 0.726767 0.086769
v -0.929248 0.466730 -0.076345
v -0.311607 0.260836 0.399337
v -0.613107 0.232822 0.160362
v -0.560142 -0.250945 0.145681
v -0.370849 0.125367 0.342041
v -0.941146 0.161218 -0.110464
v -0.754562 0.642776 0.069240
v -0.809499 0.621472 -0.001555
v -0.345248 0.160081 0.354603
v -0.882483 0.529406 -0.052821
v -0.743893 0.159400 0.025631
v -0.520276 0.203910 0.182932
v -0.991481 0.280785 -0.138867
v -0.628060 0.190530 0.121543
v -0.759138 0.621347 0.009488
v -0.884485 0.549557 -0.083488
v -0.949834 0.386030 -0.152810
v -0.778106 0.103101 -0.053707
v -0.266114 0.208056 0.405944
v -0.554271 0.045893 0.131442
v -0.897688 0.109684 -0.115977
v -0.261620 0.294341 0.402735
v -0.790000 0.636191 -0.040603
v -0.337241 0.114976 0.354389
v -0.703058 0.190086 0.033614
v -0.326792 0.479970 0.336237
v -0.476497 0.141147 0.235882
v -0.309619 0.154132 0.361299
v -0.563829 0.192164 0.158002
v -0.398120 0.472863 0.276206
v -0.858651 0.593629 -0.076397
v -0.958679 0.170108 -0.162090
v -0.942344 0.480177 -0.146141
v -0.435973 0.112412 0.249200
v -0.938203 0.121959 -0.144817
v -0.483888 0.177060 0.194222
v -0.645474 0.070422 0.074824
v -0.704006 0.003035 0.036777
v -0.667355 0.194937 0.055987
v -0.968270 0.264001 -0.239328
v -0.199302 0.266452 0.371935
v -0.668023 0.054477 0.036750
v -0.262082 0.439472 0.366499
v -0.212700 0.365818 0.362386
v -0.388974 0.100843 0.277795
v -0.480130 -0.222614 0.156576
v -0.466246 0.112889 0.210695
v -0.645178 0.121276 0.052112
v -0.956209 0.337866 -0.179617
v -0.329681 0.055502 0.293446
v -0.719137 0.652677 0.008443
v -0.541185 0.705431 0.064256
v -0.687081 0.705578 0.018064
v -0.705001 -0.044024 -0.072700
v -0.424031 0.094696 0.217624
v -0.943268 0.135650 -0.189031
v -0.488770 -0.106858 0.154910
v -0.330100 0.502455 0.282161
v -0.725076 -0.227267 -0.044755
v -0.811165 0.613361 -0.069923
v -0.744326 0.633488 -0.034676
v -0.483045 0.136392 0.182436
v -0.488120 0.648100 0.166959
v -0.256709 0.163408 0.354740
v -0.235927 0.204855 0.378257
v -0.463316 0.044193 0.172492
v -0.534103 0.219036 0.154009
v -0.722702 0.039931 -0.041293
v -0.933032 0.409787 -0.181604
v -0.709589 0.091441 -0.042211
v -0.357157 0.042637 0.262235
v -0.270690 0.108298 0.332643
v -0.958794 0.375680 -0.197546
v -0.727392 -0.051114 0.005595
v -0.799530 0.072983 -0.073052
v -0.699358 0.156305 -0.012474
v -0.570455 -0.268672 0.037694
v -0.499131 0.182902 0.153934
v -0.592217 0.096896 0.106407
v -0.213150 0.180513 0.369764
v -0.221327 0.478543 0.293588
v -0.541964 0.107068 0.109663
v -0.947337 0.187256 -0.212456
v -0.677025 0.203567 -0.014124
v -0.420204 0.655212 0.174666
v -0.481127 0.082329 0.143736
v -0.367357 0.064869 0.212046
v -0.456483 0.116728 0.168054
v -0.648379 -0.253683 -0.055656
v -0.878973 0.108610 -0.138603
v -0.868965 0.562010 -0.186982
v -0.302163 0.066122 0.292487
v -0.251125 0.075180 0.329343
v -0.742879 0.158032 -0.034917
v -0.480392 0.682513 0.111681
v -0.483794 0.206920 0.112565
v -0.635517 0.227424 -0.016089
v -0.815416 0.068738 -0.119736
v -0.160131 0.335107 0.350413
v -0.381054 0.531091 0.231252
v -0.344820 0.519303 0.218549
v -0.900953 0.102448 -0.194629
v -0.436775 -0.016915 0.144827
v -0.860252 0.067024 -0.165951
v -0.931985 0.451372 -0.220611
v -0.460513 0.166058 0.157919
v -0.187046 0.206091 0.347229
v -0.918290 0.418526 -0.244059
v -0.829699 0.605894 -0.130225
v -0.506858 0.205092 0.094220
v -0.704186 0.612365 -0.080283
v -0.720179 0.027026 -0.095716
v -0.186445 0.244967 0.376489
v -0.929279 0.354647 -0.254955
v -0.421606 -0.223534 0.064548
v -0.411876 0.047363 0.183066
v -0.191348 0.126057 0.327652
v -0.310699 0.528165 0.239953
v -0.267858 0.055451 0.293443
v -0.679298 0.100909 -0.040157
v -0.502495 0.080327 0.076480
v -0.426183 0.177882 0.143810
v -0.804753 0.050937 -0.127435
v -0.193506 0.443819 0.297464
v -0.207082 0.162733 0.331955
v -0.917258 0.179111 -0.235209
v -0.752984 0.118744 -0.083518
v -0.201818 0.404628 0.332983
v -0.441466 -0.104333 0.101924
v -0.762519 0.055361 -0.160402
v -0.556332 0.127170 -0.090084
v -0.365901 0.041912 0.172607
v -0.584604 0.720236 0.011061
v -0.308229 0.039256 0.247625
v -0.265864 0.488444 0.240455
v -0.665599 0.652627 -0.053521
v -0.224340 0.053096 0.253612
v -0.720943 0.156869 -0.067514
v -0.914976 0.291095 -0.282246
v -0.828505 0.615893 -0.159726
v -0.709625 0.190027 -0.050162
v -0.340845 0.568435 0.177494
v -0.623588 0.080102 -0.023887
v -0.167812 0.370520 0.305161
v -0.241953 0.057622 0.241101
v -0.684438 0.242725 -0.075291
v -0.824377 0.066962 -0.192379
v -0.211235 0.089028 0.291374
v -0.166022 0.258048 0.334619
v -0.795088 0.593015 -0.236708
v -0.476943 0.111279 0.025484
v -0.890483 0.094339 -0.234081
v -0.446326 0.106055 0.090484
v -0.166789 0.220747 0.318189
v -0.290420 0.538415 0.148549
v -0.893843 0.146817 -0.262090
v -0.914294 0.229749 -0.271720
v -0.625095 0.704664 -0.047908
v -0.878968 0.487487 -0.271114
v -0.280276 0.019971 0.230143
v -0.754194 0.652573 -0.169508
v -0.370936 0.634155 0.109443
v -0.126480 0.320554 0.308841
v -0.420377 0.267280 0.114885
v -0.170685 0.409020 0.320338
v -0.679893 0.227751 -0.089428
v -0.525524 0.739194 -0.018587
v -0.416100 0.653891 0.082497
v -0.459541 0.707916 0.070795
v -0.634516 0.280139 -0.052878
v -0.684185 0.292776 -0.071077
v -0.483843 0.715089 0.016951
v -0.914632 0.182488 -0.302323
v -0.666295 0.667284 -0.132388
v -0.425986 0.219826 0.112393
v -0.879448 0.405618 -0.263110
v -0.176338 0.065431 0.259940
v -0.747783 0.090836 -0.160078
v -0.177429 0.171619 0.306383
v -0.132643 0.197088 0.310106
v -0.472387 -0.253838 0.062953
v -0.427716 -0.075454 0.037306
v -0.455343 0.258453 0.067201
v -0.641704 -0.226515 -0.121371
v -0.682648 0.626531 -0.125572
v -0.633192 0.679751 -0.098779
v -0.461321 0.052465 0.018900
v -0.670170 0.171385 -0.091901
v -0.927541 0.334621 -0.304633
v -0.121690 0.228954 0.291786
v -0.640557 -0.061088 -0.113309
v -0.399145 0.004432 0.122148
v -0.824007 0.556088 -0.224747
v -0.112263 0.254601 0.319826
v -0.622539 0.269798 -0.085210
v -0.162413 0.124443 0.266347
v -0.904258 0.379504 -0.310346
v -0.407902 0.221850 0.057989
v -0.281843 0.494082 0.179862
v -0.540305 -0.256819 -0.057006
v -0.779164 0.071545 -0.193641
v -0.577904 0.060076 -0.084826
v -0.835253 0.100172 -0.237905
v -0.659254 0.293132 -0.090254
v -0.862972 0.130061 -0.267338
v -0.627946 0.184869 -0.078431
v -0.902730 0.302094 -0.318854
v -0.428587 0.197865 0.019868
v -0.236038 0.037377 0.186024
v -0.289831 0.030186 0.161430
v -0.117377 0.367154 0.277555
v -0.601480 0.716480 -0.086122
v -0.816284 0.535568 -0.297812
v -0.617061 0.147865 -0.134228
v -0.191853 0.451726 0.218725
v -0.329409 0.056203 0.129718
v -0.668598 0.022071 -0.139628
v -0.404106 0.085298 0.056639
v -0.763429 0.053121 -0.226118
v -0.413614 0.275100 0.075679
v -0.319358 0.625614 0.087643
v -0.543367 0.717937 -0.052912
v -0.410378 0.681732 0.021278
v -0.682151 0.073193 -0.183982
v -0.748352 0.094019 -0.184272
v -0.162134 0.159863 0.262302
v -0.302323 0.026088 0.122687
v -0.229838 0.059193 0.208245
v -0.846856 0.102798 -0.283051
v -0.842266 0.403393 -0.326458
v -0.562541 0.183598 -0.097196
v -0.190104 0.066338 0.202278
v -0.906080 0.253318 -0.343974
v -0.103982 0.288259 0.278844
v -0.388484 0.030541 0.077661
v -0.848445 0.505812 -0.328878
v -0.086161 0.332702 0.248854
v -0.725340 0.628227 -0.210200
v -0.121223 0.176473 0.276564
v -0.880353 0.204382 -0.332329
v -0.465696 0.690521 -0.035875
v -0.132988 0.174618 0.238024
v -0.394980 0.644298 0.044672
v -0.376753 0.176942 0.080530
v -0.605062 0.086655 -0.101447
v -0.854858 0.156079 -0.318613
v -0.348575 0.135104 0.061449
v -0.795998 0.089103 -0.268985
v -0.348557 0.637398 0.028559
v -0.187790 0.494209 0.167788
v -0.637725 0.619625 -0.167301
v -0.113779 0.110191 0.206909
v -0.614474 0.049004 -0.145163
v -0.166862 0.087860 0.218730
v -0.451320 0.122752 -0.032341
v -0.116524 0.149081 0.229260
v -0.263890 0.052799 0.146931
v -0.309003 0.103044 0.075733
v -0.751983 0.599213 -0.258859
v -0.367605 0.147076 0.039891
v -0.109818 0.364291 0.201533
v -0.272504 0.086794 0.066339
v -0.465835 -0.044023 -0.028051
v -0.697946 0.063755 -0.215933
v -0.803672 0.131361 -0.334618
v -0.715986 0.642853 -0.255091
v -0.534763 0.691715 -0.103013
v -0.255608 0.054481 0.105916
v -0.794456 0.448589 -0.377535
v -0.732812 0.073390 -0.267628
v -0.144088 0.099182 0.148264
v -0.603011 0.117297 -0.155275
v -0.574050 0.217876 -0.118244
v -0.173095 0.093694 0.173663
v -0.853393 0.294061 -0.364616
v -0.096604 0.311933 0.190483
v -0.164234 0.467650 0.163569
v -0.552998 -0.051099 -0.104387
v -0.378310 0.207542 0.011418
v -0.841808 0.233141 -0.368578
v -0.073813 0.249671 0.203322
v -0.372162 0.684351 0.008420
v -0.833212 0.207958 -0.341035
v -0.789815 0.578820 -0.296950
v -0.779182 0.106864 -0.299165
v -0.234723 0.462658 0.094956
v -0.433442 -0.223189 -0.040574
v -0.132811 0.420726 0.203804
v -0.518644 -0.026456 -0.081496
v -0.185458 0.047522 0.152183
v -0.493678 0.089455 -0.077283
v -0.765576 0.119554 -0.288342
v -0.543784 0.209412 -0.129236
v -0.511305 0.164823 -0.107361
v -0.630242 0.113709 -0.207319
v -0.112120 0.175259 0.179865
v -0.124188 0.451588 0.157681
v -0.247211 0.553253 0.043253
v -0.831563 0.338394 -0.398925
v -0.804563 0.187174 -0.367114
v -0.614299 0.089953 -0.254012
v -0.528962 -0.224193 -0.124398
v -0.306496 0.154293 0.037497
v -0.325790 0.176000 0.009604
v -0.395193 0.216138 -0.051926
v -0.598492 0.613467 -0.188226
v -0.625584 0.633676 -0.204868
v -0.800722 0.500952 -0.351421
v -0.277680 0.117148 0.025189
v -0.461676 0.157229 -0.082939
v -0.462455 0.673200 -0.128041
v -0.762784 0.561674 -0.320129
v -0.383409 0.701894 -0.045692
v -0.240089 0.473308 0.061299
v -0.807770 0.376918 -0.399255
v -0.461715 -0.201875 -0.089432
v -0.834592 0.267440 -0.397640
v -0.174986 0.078379 0.130212
v -0.769711 0.144540 -0.347457
v -0.065896 0.353600 0.154889
v -0.677599 0.598827 -0.314629
v -0.559159 0.126925 -0.259802
v -0.212602 0.085725 0.082278
v -0.348748 0.225072 -0.015539
v -0.309371 0.672248 -0.088100
v -0.432759 0.210621 -0.113533
v -0.538483 0.178347 -0.189350
v -0.184922 0.459876 0.114131
v -0.269266 0.604127 -0.002744
v -0.680508 0.623765 -0.282071
v -0.111107 0.407364 0.151456
v -0.523046 0.649146 -0.169172
v -0.473089 0.212721 -0.135212
v -0.664013 0.089352 -0.299445
v -0.684668 0.093196 -0.284932
v -0.786278 0.302164 -0.415428
v -0.132544 0.418487 0.115691
v -0.300878 0.181784 -0.026574
v -0.124762 0.133827 0.129190
v -0.753211 0.466837 -0.371472
v -0.607221 0.112183 -0.262443
v -0.701870 0.577067 -0.371664
v -0.609793 0.619087 -0.274383
v -0.230252 0.086938 0.045419
v -0.749594 0.173423 -0.355968
v -0.529072 0.278575 -0.188919
v -0.725198 0.515146 -0.363573
v -0.632836 0.623361 -0.308653
v -0.149357 0.091272 0.066722
v -0.082881 0.160731 0.126441
v -0.746984 0.433003 -0.381344
v -0.386521 0.193344 -0.093091
v -0.733909 0.399540 -0.389378
v -0.127607 0.146538 0.088695
v -0.458008 0.228399 -0.168930
v -0.507728 0.581741 -0.240680
v -0.317231 0.219613 -0.052239
v -0.763718 0.505032 -0.384615
v -0.185306 0.125119 0.036549
v -0.756594 0.211252 -0.395150
v -0.171667 0.465792 0.015630
v -0.763642 0.267286 -0.412343
v -0.080041 0.301413 0.139187
v -0.505114 0.211211 -0.238335
v -0.449226 0.623269 -0.183469
v -0.504398 0.265852 -0.233783
v -0.715357 0.158543 -0.363244
v -0.345244 0.214319 -0.089032
v -0.214778 0.556927 -0.041315
v -0.486145 0.590601 -0.196229
v -0.230998 0.198213 -0.025415
v -0.533015 0.544970 -0.276391
v -0.232455 0.137401 0.005848
v -0.401720 0.216423 -0.186931
v -0.724356 0.492024 -0.381080
v -0.098643 0.402440 0.105811
v -0.504006 0.243860 -0.200823
v -0.729794 0.346800 -0.431899
v -0.206114 0.143074 -0.028035
v -0.113944 0.157001 0.030731
v -0.160227 0.151108 0.042498
v -0.068427 0.347147 0.093383
v -0.379565 0.226430 -0.166828
v -0.072323 0.232155 0.095935
v -0.557298 0.163138 -0.311667
v -0.298031 0.250485 -0.093354
v -0.282663 0.273922 -0.054291
v -0.634315 0.525239 -0.367413
v -0.639152 0.560181 -0.332985
v -0.676829 0.372086 -0.373526
v -0.340600 0.663213 -0.187781
v -0.154133 0.170299 -0.001284
v -0.310626 0.260621 -0.143570
v -0.103537 0.290419 0.055970
v -0.274896 0.220679 -0.067197
v -0.711685 0.252900 -0.423626
v -0.210748 0.472482 0.026442
v -0.689239 0.347438 -0.406639
v -0.202824 0.488829 -0.043759
v -0.227558 0.439453 -0.059545
v -0.601179 0.551182 -0.344509
v -0.322378 0.213614 -0.145721
v -0.341432 0.216284 -0.172371
v -0.252625 0.290410 -0.074163
v -0.078280 0.211419 0.034659
v -0.502635 0.292195 -0.261553
v -0.133599 0.379928 0.016813
v -0.456924 0.581485 -0.282918
v -0.532766 0.515530 -0.283573
v -0.557204 0.557420 -0.308567
v -0.433019 0.289407 -0.253270
v -0.629387 0.480541 -0.399779
v -0.402481 0.570511 -0.229762
v -0.405984 0.254583 -0.242807
v -0.274673 0.616325 -0.160208
v -0.559827 0.388886 -0.299280
v -0.186419 0.189058 -0.039273
v -0.585844 0.323781 -0.400425
v -0.359381 0.589679 -0.202873
v -0.612346 0.163319 -0.371905
v -0.193144 0.290364 -0.070623
v -0.524448 0.383297 -0.290234
v -0.591715 0.375548 -0.335462
v -0.225867 0.261186 -0.043407
v -0.264635 0.260844 -0.113082
v -0.183572 0.258162 -0.040636
v -0.531849 0.336736 -0.284838
v -0.538422 0.481718 -0.317911
v -0.366814 0.232451 -0.207926
v -0.221727 0.392445 -0.070736
v -0.508217 0.241913 -0.305014
v -0.559495 0.419105 -0.365266
v -0.529873 0.425583 -0.324881
v -0.271957 0.615889 -0.079019
v -0.615307 0.212227 -0.405000
v -0.653045 0.349544 -0.417665
v -0.532414 0.261413 -0.382718
v -0.456877 0.319818 -0.297625
v -0.243829 0.350547 -0.075452
v -0.488150 0.497529 -0.303088
v -0.110423 0.207339 -0.004960
v -0.199185 0.371012 -0.074453
v -0.235875 0.548237 -0.111680
v -0.154324 0.325810 -0.042994
v -0.552638 0.485725 -0.358085
v -0.581557 0.511443 -0.347093
v -0.627587 0.276024 -0.429722
v -0.491332 0.378486 -0.308496
v -0.522572 0.216377 -0.358946
v -0.153406 0.223580 -0.041792
v -0.253685 0.493819 -0.118847
v -0.090657 0.259137 -0.004199
v -0.127155 0.278422 -0.017311
v -0.370646 0.563320 -0.248309
v -0.342216 0.260150 -0.180898
v -0.476645 0.520373 -0.312180
v -0.204967 0.394580 -0.122445
v -0.354718 0.271706 -0.223651
v -0.250012 0.293183 -0.145242
v -0.269736 0.586783 -0.195449
v -0.468575 0.455681 -0.330108
v -0.430926 0.465134 -0.295425
v -0.309020 0.618214 -0.179624
v -0.407619 0.525905 -0.294864
v -0.207175 0.439148 -0.155028
v -0.468893 0.409286 -0.342142
v -0.377350 0.340891 -0.295101
v -0.262468 0.268341 -0.176551
v -0.356717 0.313043 -0.290749
v -0.408379 0.371470 -0.292552
v -0.313876 0.534938 -0.243619
v -0.310404 0.466658 -0.312956
v -0.413453 0.429919 -0.313847
v -0.267713 0.499612 -0.190058
v -0.267150 0.351414 -0.215053
v -0.273526 0.491720 -0.226843
v -0.244992 0.482557 -0.232814
v -0.368156 0.460351 -0.323731
v -0.283508 0.393476 -0.276891
v -0.224040 0.438639 -0.239877
v -0.280396 0.459125 -0.264593
vn 0.3292 -0.9364 0.1215
vn 0.3321 -0.9350 0.1246
vn 0.3302 -0.9358 0.1235
vn -0.6630 -0.7016 0.2612
vn -0.0320 -0.7903 0.6119
vn -0.0354 -0.7910 0.6108
vn -0.0328 -0.7925 0.6090
vn -0.0809 -0.9704 0.2276
vn -0.6780 -0.6875 0.2601
vn 0.2494 -0.8447 0.4736
vn 0.2543 -0.8453 0.4700
vn 0.2488 -0.8418 0.4791
vn 0.7366 -0.3868 0.5548
vn 0.7337 -0.3912 0.5556
vn 0.7347 -0.3917 0.5539
vn 0.8481 0.4849 -0.2135
vn 0.7039 -0.4673 0.5349
vn 0.7025 -0.4705 0.5339
vn 0.7063 -0.4668 0.5323
vn -0.7596 -0.3465 -0.5503
vn 0.0026 -0.6702 0.7422
vn 0.0036 -0.6696 0.7427
vn 0.0035 -0.6687 0.7435
vn 0.4139 -0.8342 0.3644
vn 0.4172 -0.8337 0.3619
vn 0.4184 -0.8313 0.3660
vn 0.9856 -0.1194 0.1195
vn 0.9861 -0.1188 0.1164
vn 0.9866 -0.1170 0.1138
vn 0.3593 -0.2401 0.9018
vn 0.5402 -0.8061 -0.2416
vn 0.5380 -0.8067 -0.2445
vn 0.5432 -0.8042 -0.2413
vn 0.8892 0.4438 -0.1108
vn 0.8892 0.4439 -0.1107
vn -0.3435 -0.4389 0.8303
vn -0.5854 -0.6623 0.4677
vn 0.1515 -0.9079 -0.3910
vn -0.4521 -0.3839 0.8051
vn -0.4841 -0.3558 0.7994
vn -0.4763 -0.3823 0.7918
vn -0.7391 -0.5030 0.4479
vn 0.4821 -0.8542 -0.1948
vn 0.4791 -0.8570 -0.1896
vn 0.4736 -0.8608 -0.1865
vn 0.7365 -0.3654 -0.5693
vn -0.8782 -0.2832 0.3855
vn -0.8257 -0.3517 -0.4411
vn -0.8478 -0.4986 0.1804
vn -0.8478 -0.4994 0.1784
vn -0.8472 -0.4993 0.1818
vn 0.3571 -0.2752 0.8926
vn 0.3578 -0.2787 0.8912
vn 0.3573 -0.2770 0.8920
vn -0.6528 0.0571 0.7554
vn -0.5253 -0.0292 0.8504
vn -0.5231 -0.0342 0.8516
vn -0.0248 -0.2289 0.9731
vn -0.0259 -0.2267 0.9736
vn -0.0273 -0.2298 0.9728
vn -0.8240 -0.4247 0.3749
vn 0.8101 -0.0348 0.5853
vn -0.9954 0.0503 -0.0812
vn -0.8437 -0.3612 0.3972
vn -0.6463 -0.4032 0.6479
vn -0.8602 0.0698 0.5051
vn -0.8619 0.0630 0.5032
vn -0.8608 0.0648 0.5049
vn -0.3866 -0.0419 -0.9213
vn -0.3926 -0.0439 -0.9187
vn -0.3937 -0.0371 -0.9185
vn 0.5762 0.4935 -0.6515
vn -0.1017 0.0593 0.9930
vn -0.1127 0.0602 0.9918
vn -0.1065 0.0566 0.9927
vn -0.9566 0.0138 -0.2911
vn 0.1523 0.6879 -0.7096
vn 0.1523 0.6879 -0.7097
vn 0.1524 0.6879 -0.7096
vn -0.2791 -0.8709 0.4046
vn -0.2734 -0.8739 0.4018
vn -0.2665 -0.8752 0.4036
vn -0.3219 0.3141 -0.8932
vn 0.2313 -0.9611 0.1512
vn 0.6989 0.6172 0.3615
vn 0.6982 0.6155 0.3656
vn 0.7009 0.6169 0.3580
vn -0.9344 0.0215 0.3556
vn -0.9366 0.0223 0.3496
vn -0.9358 0.0180 0.3520
vn -0.0542 0.0854 0.9949
vn -0.0551 0.0870 0.9947
vn -0.0555 0.0843 0.9949
vn 0.5856 -0.3400 -0.7359
vn 0.5847 -0.3401 -0.7365
vn 0.6115 0.6429 -0.4613
vn 0.6159 0.6405 -0.4588
vn 0.6140 0.6392 -0.4630
vn -0.3674 -0.7543 0.5441
vn -0.3587 -0.7601 0.5419
vn -0.3607 -0.7505 0.5538
vn -0.1505 -0.9064 0.3948
vn -0.0844 -0.8473 0.5244
vn -0.0796 -0.8496 0.5213
vn -0.0810 -0.8523 0.5168
vn 0.3984 -0.8398 0.3687
vn 0.3939 -0.8402 0.3727
vn 0.3928 -0.8424 0.3690
vn -0.1510 -0.9437 -0.2942
vn -0.1462 -0.9456 -0.2907
vn -0.1466 -0.9470 -0.2858
vn -0.7513 -0.6056 -0.2623
vn -0.7519 -0.6014 -0.2700
vn -0.7503 -0.6037 -0.2694
vn -0.4957 -0.8578 0.1356
vn -0.4919 -0.8600 0.1360
vn 0.6321 0.2745 0.7246
vn 0.6236 0.2753 0.7317
vn 0.6274 0.2772 0.7277
vn -0.4392 -0.4885 -0.7539
vn -0.9930 0.0018 -0.1179
vn -0.9936 0.0020 -0.1132
vn -0.9934 0.0050 -0.1144
vn -0.0410 -0.9582 -0.2833
vn 0.2784 0.9306 -0.2377
vn -0.1788 -0.9785 -0.1029
vn -0.1785 -0.9786 -0.1026
vn -0.1787 -0.9786 -0.1021
vn -0.9054 -0.4212 -0.0526
vn -0.9062 -0.4195 -0.0537
vn -0.9066 -0.4188 -0.0516
vn 0.1828 0.9056 0.3828
vn 0.1874 0.9055 0.3806
vn 0.1850 0.9061 0.3804
vn -0.1174 -0.9163 0.3829
vn 0.3461 -0.9227 -0.1700
vn -0.4894 -0.8046 -0.3362
vn 0.0436 -0.9947 -0.0930
vn -0.9043 0.0284 -0.4259
vn -0.9032 0.0283 -0.4283
vn -0.9035 0.0259 -0.4278
vn -0.1818 -0.9790 -0.0918
vn -0.6707 -0.3657 0.6453
vn -0.6624 -0.3619 0.6559
vn -0.6682 -0.3609 0.6506
vn -0.5842 0.5973 -0.5496
vn -0.5883 0.5944 -0.5482
vn -0.5905 0.5962 -0.5439
vn -0.2792 -0.3912 0.8769
vn -0.2807 -0.3911 0.8765
vn -0.2789 -0.3888 0.8781
vn 0.6569 -0.7436 -0.1252
vn 0.6568 -0.7436 -0.1252
vn 0.6570 -0.7434 -0.1252
vn -0.6402 0.4438 -0.6271
vn -0.6352 0.4488 -0.6286
vn -0.6373 0.4451 -0.6291
vn 0.3900 0.8884 -0.2422
vn 0.3875 0.8868 -0.2518
vn 0.3849 0.8894 -0.2467
vn -0.7423 -0.3713 0.5578
vn -0.7403 -0.3743 0.5584
vn -0.7428 -0.3727 0.5562
vn -0.9206 0.3904 0.0059
vn -0.9234 0.3835 0.0158
vn -0.9207 0.3900 0.0133
vn -0.4137 -0.9098 -0.0346
vn -0.4130 -0.9101 -0.0355
vn -0.4126 -0.9103 -0.0344
vn -0.4649 -0.8126 -0.3516
vn -0.4656 -0.8134 -0.3488
vn -0.4623 -0.8145 -0.3506
vn -0.9884 -0.1422 0.0528
vn -0.8327 -0.2769 0.4795
vn -0.8354 -0.2724 0.4774
vn -0.8295 -0.2814 0.4824
vn -0.4076 -0.8535 0.3247
vn -0.4085 -0.8516 0.3286
vn -0.4048 -0.8558 0.3221
vn 0.3647 -0.8432 -0.3950
vn 0.3619 -0.8447 -0.3943
vn 0.3614 -0.8436 -0.3971
vn 0.2194 -0.8183 0.5312
vn 0.2120 -0.8158 0.5381
vn 0.2154 -0.8190 0.5318
vn -0.6178 -0.6607 0.4265
vn 0.3844 0.0423 0.9222
vn 0.3798 0.0417 0.9241
vn 0.3782 0.0371 0.9250
vn -0.9903 -0.0572 0.1264
vn -0.9918 0.1276 0.0043
vn -0.9928 0.1193 0.0081
vn -0.9920 0.1259 0.0104
vn -0.6079 -0.6396 0.4705
vn -0.6078 -0.6397 0.4704
vn -0.6079 -0.6397 0.4704
vn 0.3523 0.0628 0.9338
vn 0.3494 0.0572 0.9352
vn 0.3580 0.0591 0.9318
vn 0.1700 0.8689 -0.4650
vn 0.1693 0.8686 -0.4656
vn 0.1674 0.8701 -0.4636
vn -0.4188 -0.8503 0.3187
vn 0.5037 -0.6429 -0.5770
vn 0.4990 -0.6429 -0.5812
vn -0.8801 -0.4511 0.1480
vn 0.0360 -0.4863 0.8731
vn 0.0368 -0.4822 0.8753
vn 0.0447 -0.4820 0.8750
vn -0.9207 0.2152 0.3257
vn -0.9222 0.2099 0.3247
vn -0.9221 0.2170 0.3203
vn -0.9142 0.2377 0.3281
vn -0.9138 0.2355 0.3308
vn -0.9129 0.2383 0.3313
vn -0.5491 -0.4826 0.6823
vn -0.3787 0.3628 0.8515
vn -0.3771 0.3663 0.8507
vn -0.3800 0.3660 0.8495
vn -0.5425 0.0957 0.8346
vn -0.5974 0.3299 0.7309
vn -0.6179 -0.7774 0.1174
vn -0.6168 -0.7787 0.1151
vn -0.6131 -0.7810 0.1187
vn -0.9597 0.0789 -0.2697
vn -0.9604 0.0718 -0.2691
vn -0.9602 0.0760 -0.2689
vn -0.0168 -0.9864 0.1635
vn -0.0198 -0.9867 0.1615
vn 0.4320 -0.3599 0.8269
vn 0.4345 -0.3578 0.8265
vn 0.4332 -0.3553 0.8283
vn -0.1262 0.3235 0.9378
vn -0.8775 0.1998 0.4360
vn -0.4129 -0.8496 0.3281
vn -0.4139 -0.8485 0.3297
vn -0.4144 -0.8489 0.3282
vn 0.2441 -0.1526 0.9577
vn 0.2411 -0.1575 0.9576
vn 0.2482 -0.1559 0.9561
vn 0.8504 -0.3895 0.3537
vn 0.2245 -0.9629 -0.1495
vn -0.6536 -0.7257 -0.2150
vn -0.6565 -0.7228 -0.2159
vn -0.6505 -0.7283 -0.2156
vn -0.3368 -0.9389 -0.0711
vn -0.3349 -0.9395 -0.0723
vn -0.3371 -0.9382 -0.0779
vn -0.3669 0.4503 0.8140
vn -0.3576 0.4430 0.8221
vn -0.3607 0.4482 0.8179
vn -0.4198 -0.8711 -0.2549
vn -0.4164 -0.8736 -0.2519
vn -0.4177 -0.8733 -0.2507
vn -0.6746 0.4699 0.5694
vn -0.6713 0.4698 0.5733
vn -0.6681 0.4710 0.5759
vn 0.8374 -0.5460 0.0263
vn -0.0508 -0.9985 0.0217
vn -0.2184 0.3660 0.9046
vn -0.8108 0.1476 -0.5664
vn -0.8108 0.1477 -0.5664
vn -0.8805 -0.4731 -0.0306
vn -0.3671 -0.9152 -0.1664
vn -0.4014 -0.9157 0.0191
vn -0.8586 -0.2358 -0.4552
vn -0.9542 0.0619 -0.2926
vn -0.9554 0.0565 -0.2899
vn -0.9543 0.0573 -0.2934
vn -0.8482 -0.2306 -0.4768
vn -0.8478 -0.2299 -0.4779
vn -0.8477 -0.2258 -0.4800
vn -0.8082 0.1144 0.5777
vn -0.8066 0.1136 0.5801
vn -0.8080 0.1115 0.5785
vn 0.4868 -0.8560 -0.1743
vn 0.4831 -0.8579 -0.1751
vn 0.4847 -0.8575 -0.1724
vn 0.4792 -0.1807 0.8589
vn 0.4790 -0.1801 0.8591
vn 0.4791 -0.1813 0.8588
vn -0.2858 0.8013 0.5256
vn -0.2831 0.8016 0.5267
vn -0.2850 0.8030 0.5234
vn 0.7443 -0.5865 0.3194
vn -0.5808 -0.2091 -0.7868
vn -0.5826 -0.2083 -0.7856
vn -0.5824 -0.2093 -0.7855
vn -0.7722 0.1110 0.6255
vn 0.5997 -0.6794 0.4228
vn 0.5972 -0.6776 0.4292
vn 0.5967 -0.6802 0.4258
vn -0.9128 -0.2848 -0.2926
vn -0.9134 -0.2882 -0.2873
vn -0.9163 -0.2834 -0.2831
vn -0.2611 -0.7895 0.5555
vn -0.7912 0.3807 -0.4786
vn 0.8629 -0.2340 0.4479
vn 0.8598 -0.2380 0.4518
vn 0.8619 -0.2377 0.4479
vn -0.0763 -0.9782 0.1934
vn -0.9982 0.0258 -0.0534
vn -0.9983 0.0246 -0.0524
vn -0.9984 0.0249 -0.0503
vn 0.4776 -0.8210 0.3129
vn 0.4794 -0.8198 0.3131
vn 0.4804 -0.8186 0.3147
vn 0.3236 -0.6596 -0.6784
vn 0.3281 -0.6557 -0.6800
vn 0.3222 -0.6637 -0.6750
vn -0.1242 -0.6057 0.7859
vn -0.6205 0.1716 0.7652
vn -0.6218 0.1736 0.7637
vn -0.6205 0.1688 0.7658
vn 0.6847 0.1183 0.7191
vn -0.2828 -0.7803 -0.5579
vn -0.3758 -0.8062 0.4569
vn -0.3792 -0.8057 0.4550
vn -0.3816 -0.8064 0.4517
vn 0.7075 -0.6625 0.2460
vn 0.7102 -0.6574 0.2518
vn 0.7106 -0.6585 0.2477
vn -0.3068 -0.2155 -0.9271
vn -0.1499 -0.4563 0.8771
vn -0.1513 -0.4615 0.8742
vn -0.1470 -0.4654 0.8728
vn 0.1186 -0.5654 0.8162
vn 0.1129 -0.5640 0.8180
vn 0.1162 -0.5705 0.8130
vn 0.7075 -0.3364 0.6215
vn 0.7093 -0.3409 0.6170
vn 0.7139 -0.3402 0.6121
vn -0.4567 0.8845 0.0956
vn 0.2830 -0.8933 0.3490
vn 0.2802 -0.8904 0.3587
vn 0.2867 -0.8882 0.3590
vn 0.7094 -0.5014 0.4953
vn 0.1098 -0.9825 0.1508
vn 0.1048 -0.9833 0.1489
vn 0.1070 -0.9833 0.1475
vn 0.2789 -0.9057 0.3194
vn 0.2770 -0.9045 0.3242
vn 0.2812 -0.9044 0.3208
vn -0.6959 0.6833 -0.2212
vn -0.4410 0.8865 0.1400
vn 0.1714 0.8568 0.4863
vn 0.1759 0.8539 0.4898
vn 0.1728 0.8516 0.4949
vn -0.6111 0.1913 0.7681
vn -0.6114 0.1907 0.7680
vn -0.6110 0.1910 0.7682
vn 0.0400 -0.9357 0.3505
vn 0.7534 -0.3749 -0.5403
vn 0.7550 -0.3729 -0.5394
vn 0.7538 -0.3696 -0.5433
vn -0.9393 -0.3409 0.0373
vn -0.1329 -0.9900 -0.0479
vn -0.1281 -0.9904 -0.0520
vn -0.1339 -0.9898 -0.0495
vn 0.3356 -0.8269 0.4512
vn 0.3351 -0.8276 0.4503
vn -0.2877 -0.9405 -0.1810
vn -0.2878 -0.9404 -0.1811
vn -0.1663 0.3304 0.9291
vn 0.5623 -0.5592 -0.6092
vn 0.6383 -0.5613 0.5268
vn 0.6367 -0.5597 0.5304
vn 0.6369 -0.5612 0.5286
vn 0.0357 -0.8134 0.5807
vn 0.4905 -0.8632 -0.1194
vn 0.2786 -0.8401 0.4654
vn 0.6134 0.0260 0.7893
vn 0.6126 0.0303 0.7898
vn 0.6119 0.0223 0.7906
vn -0.1733 -0.9130 -0.3692
vn 0.7820 -0.1864 0.5947
vn 0.7799 -0.1896 0.5965
vn 0.7819 -0.1897 0.5938
vn 0.7038 -0.6507 0.2850
vn 0.7016 -0.6519 0.2878
vn 0.7055 -0.6504 0.2816
vn -0.3484 -0.8534 -0.3878
vn -0.3519 -0.8504 -0.3911
vn -0.3455 -0.8557 -0.3852
vn -0.8560 0.4870 0.1736
vn -0.8542 0.4908 0.1714
vn -0.8540 0.4928 0.1668
vn 0.7451 0.0694 0.6634
vn 0.7400 0.0620 0.6697
vn 0.7460 0.0632 0.6629
vn 0.2245 0.5587 0.7984
vn 0.2235 0.5574 0.7996
vn 0.2244 0.5577 0.7991
vn 0.8697 -0.4265 0.2484
vn 0.8714 -0.4218 0.2506
vn 0.8681 -0.4265 0.2538
vn -0.1648 -0.9787 -0.1221
vn -0.4193 -0.8609 0.2883
vn -0.4149 -0.8629 0.2884
vn -0.4148 -0.8614 0.2931
vn -0.5569 -0.7266 0.4024
vn -0.9372 -0.3434 0.0615
vn 0.7308 0.3561 0.5823
vn 0.7288 0.3587 0.5832
vn 0.7335 0.3544 0.5799
vn 0.4689 -0.7154 -0.5180
vn 0.4690 -0.7153 -0.5180
vn 0.4688 -0.7154 -0.5181
vn 0.4253 0.0338 0.9044
vn 0.4253 0.0336 0.9044
vn 0.4253 0.0339 0.9044
vn -0.0160 -0.7469 -0.6647
vn 0.8610 -0.1857 0.4735
vn 0.8591 -0.1900 0.4752
vn 0.8631 -0.1868 0.4693
vn -0.0105 0.0511 -0.9986
vn -0.0169 0.0543 -0.9984
vn -0.0100 0.0568 -0.9983
vn 0.6639 -0.2925 0.6882
vn 0.7760 0.0486 -0.6289
vn 0.7759 0.0487 -0.6290
vn 0.7759 0.0488 -0.6290
vn 0.1303 -0.5950 -0.7931
vn 0.1306 -0.5950 -0.7931
vn 0.1305 -0.5950 -0.7930
vn 0.6516 -0.6711 -0.3536
vn 0.8413 -0.0277 0.5398
vn 0.8447 -0.0265 0.5346
vn 0.8438 -0.0218 0.5363
vn 0.8387 0.1649 0.5190
vn 0.8406 0.1606 0.5174
vn 0.8354 0.1705 0.5225
vn 0.6256 -0.6632 0.4108
vn 0.6247 -0.6639 0.4111
vn 0.6248 -0.6624 0.4133
vn -0.8232 0.4659 -0.3245
vn -0.8180 0.4768 -0.3217
vn -0.8196 0.4715 -0.3255
vn -0.6767 -0.0313 -0.7356
vn -0.6747 -0.0425 -0.7369
vn -0.6705 -0.0348 -0.7411
vn 0.9802 -0.1271 0.1518
vn -0.9206 -0.2313 -0.3146
vn -0.9216 -0.2280 -0.3142
vn -0.9193 -0.2343 -0.3162
vn 0.8098 -0.2541 0.5288
vn 0.8098 -0.2487 0.5314
vn 0.8129 -0.2500 0.5261
vn 0.6186 -0.2917 0.7295
vn 0.6124 -0.2995 0.7316
vn 0.6148 -0.2967 0.7307
vn -0.2765 -0.0894 0.9568
vn -0.2765 -0.0894 0.9569
vn -0.9426 0.1276 -0.3086
vn -0.5202 0.0434 -0.8529
vn -0.5245 0.0401 -0.8505
vn -0.5240 0.0451 -0.8505
vn -0.9389 -0.1884 -0.2879
vn -0.9394 -0.1840 -0.2892
vn -0.9386 -0.1846 -0.2915
vn 0.0763 -0.8809 -0.4671
vn 0.0805 -0.8811 -0.4661
vn 0.0740 -0.8793 -0.4705
vn 0.3592 0.9325 -0.0372
vn -0.6249 -0.3582 -0.6936
vn -0.6217 -0.3632 -0.6940
vn -0.6293 -0.3552 -0.6913
vn 0.4918 0.7638 0.4180
vn 0.4872 0.7670 0.4175
vn 0.4872 0.7671 0.4174
vn -0.1673 0.7311 -0.6615
vn -0.1731 0.7310 -0.6600
vn -0.1702 0.7311 -0.6607
vn -0.1436 0.0909 0.9855
vn -0.1315 0.0912 0.9871
vn -0.1343 0.0908 0.9868
vn -0.1687 -0.9781 -0.1219
vn -0.1751 -0.9768 -0.1235
vn -0.1755 -0.9771 -0.1203
vn 0.0643 -0.7988 -0.5981
vn 0.8217 -0.5552 -0.1289
vn 0.0435 -0.8021 -0.5955
vn -0.2009 -0.8653 -0.4592
vn 0.6185 0.4626 0.6351
vn 0.6156 0.4624 0.6381
vn 0.6157 0.4615 0.6387
vn 0.6751 0.3833 0.6303
vn 0.6700 0.3794 0.6381
vn 0.6744 0.3778 0.6344
vn -0.5611 -0.4157 -0.7158
vn 0.2074 -0.9630 -0.1720
vn -0.1463 0.8454 -0.5137
vn -0.1436 0.8446 -0.5158
vn -0.1496 0.8441 -0.5148
vn -0.8344 -0.1583 -0.5279
vn -0.5596 -0.8074 0.1869
vn -0.3922 -0.6676 0.6329
vn -0.3869 -0.6685 0.6352
vn -0.0304 -0.9906 -0.1337
vn -0.0640 -0.3208 0.9450
vn 0.9212 -0.3823 -0.0721
vn -0.9837 -0.0442 -0.1742
vn -0.9828 -0.0461 -0.1787
vn -0.9836 -0.0495 -0.1735
vn -0.5366 -0.6309 -0.5604
vn -0.5380 -0.6293 -0.5609
vn -0.5369 -0.6286 -0.5627
vn 0.5881 -0.5713 -0.5725
vn 0.5915 -0.5685 -0.5718
vn 0.5896 -0.5696 -0.5726
vn 0.3841 -0.9231 0.0192
vn 0.3902 -0.9206 0.0163
vn 0.3864 -0.9220 0.0261
vn -0.7840 -0.2835 -0.5522
vn -0.6767 -0.6767 0.2900
vn -0.7524 0.1936 -0.6296
vn -0.7536 0.1930 -0.6284
vn -0.7547 0.1925 -0.6272
vn 0.1666 -0.9836 -0.0697
vn 0.0835 -0.8229 0.5620
vn 0.0894 -0.8219 0.5626
vn 0.0803 -0.8202 0.5664
vn -0.1730 -0.9787 -0.1106
vn 0.1531 -0.9768 -0.1498
vn 0.9662 0.0846 0.2434
vn -0.6472 0.5630 -0.5139
vn -0.6470 0.5628 -0.5145
vn 0.2549 -0.9635 -0.0815
vn 0.2621 -0.9622 -0.0736
vn 0.2576 -0.9632 -0.0767
vn -0.3983 -0.7311 -0.5540
vn -0.3775 0.4966 -0.7816
vn -0.3830 0.4983 -0.7779
vn -0.3795 0.4983 -0.7795
vn -0.0316 -0.9225 -0.3846
vn 0.3951 -0.9158 -0.0720
vn 0.4032 -0.9118 -0.0776
vn 0.4002 -0.9125 -0.0842
vn -0.6034 -0.6502 -0.4617
vn -0.6066 -0.6509 -0.4564
vn -0.7842 -0.4554 -0.4214
vn -0.7845 -0.4562 -0.4201
vn -0.7803 -0.4572 -0.4268
vn 0.9355 -0.3528 0.0171
vn -0.4823 -0.8160 -0.3185
vn -0.3324 0.1968 -0.9224
vn -0.3329 0.2013 -0.9212
vn -0.3285 0.1992 -0.9233
vn -0.7557 -0.5082 -0.4131
vn -0.7613 -0.5072 -0.4040
vn -0.7626 -0.5031 -0.4066
vn 0.3142 -0.9363 -0.1571
vn 0.3182 -0.9360 -0.1507
vn 0.3161 -0.9350 -0.1609
vn 0.8839 0.1868 0.4287
vn 0.8809 0.1847 0.4357
vn 0.8871 0.1806 0.4248
vn -0.2630 -0.9647 0.0115
vn 0.0453 -0.2875 -0.9567
vn 0.9352 0.2912 0.2014
vn 0.3301 0.4029 -0.8537
vn 0.3380 0.3982 -0.8528
vn 0.3337 0.3998 -0.8537
vn 0.5827 0.0289 0.8122
vn 0.5793 0.0234 0.8148
vn 0.5880 0.0278 0.8084
vn 0.7588 -0.0332 -0.6504
vn 0.7556 -0.0335 -0.6542
vn 0.7554 -0.0331 -0.6544
vn 0.6225 -0.6921 -0.3652
vn 0.6193 -0.6940 -0.3673
vn 0.6210 -0.6902 -0.3716
vn 0.6153 -0.7795 -0.1173
vn 0.6141 -0.7805 -0.1168
vn 0.6151 -0.7799 -0.1158
vn 0.3526 -0.7571 -0.5499
vn -0.8484 -0.5011 0.1708
vn -0.8481 -0.4997 0.1763
vn -0.8508 -0.4964 0.1727
vn 0.8490 -0.0616 -0.5248
vn 0.8488 -0.0603 -0.5252
vn 0.8496 -0.0613 -0.5238
vn -0.6008 -0.3710 -0.7081
vn -0.5956 -0.3691 -0.7134
vn -0.5893 -0.3732 -0.7165
vn 0.5372 -0.8402 0.0740
vn 0.7374 0.4252 -0.5249
vn 0.7319 0.4286 -0.5297
vn 0.7419 0.4197 -0.5229
vn 0.3146 -0.2636 -0.9119
vn 0.3112 -0.2632 -0.9132
vn 0.3133 -0.2611 -0.9130
vn -0.4375 -0.5908 -0.6779
vn 0.7348 -0.6522 -0.1860
vn 0.5154 -0.8548 -0.0608
vn 0.5132 -0.8561 -0.0606
vn 0.5149 -0.8553 -0.0578
vn 0.2206 -0.6056 -0.7646
vn 0.2226 -0.6045 -0.7648
vn 0.2241 -0.6058 -0.7634
vn -0.7251 -0.6226 0.2943
vn 0.1308 -0.3040 -0.9436
vn -0.3584 -0.9270 -0.1104
vn -0.3576 -0.9277 -0.1072
vn -0.3610 -0.9259 -0.1113
vn 0.0463 -0.9739 -0.2221
vn 0.0511 -0.9746 -0.2180
vn 0.0483 -0.9743 -0.2198
vn 0.9934 -0.0846 0.0776
vn 0.9934 -0.0845 0.0781
vn 0.9934 -0.0846 0.0777
vn 0.3830 -0.9234 -0.0246
vn 0.8476 -0.4520 0.2779
vn 0.8458 -0.4481 0.2895
vn 0.8448 -0.4533 0.2844
vn 0.7996 0.2732 -0.5348
vn 0.7995 0.2735 -0.5348
vn -0.4498 -0.8832 0.1327
vn -0.4459 -0.8847 0.1358
vn -0.4479 -0.8830 0.1400
vn -0.1920 -0.8186 -0.5413
vn 0.1956 -0.7171 -0.6690
vn 0.4089 0.2462 -0.8787
vn 0.4096 0.2457 -0.8786
vn 0.9935 0.0204 -0.1118
vn 0.9828 -0.1741 -0.0617
vn 0.9827 -0.1757 -0.0593
vn 0.9823 -0.1761 -0.0637
vn 0.0669 -0.9883 -0.1372
vn 0.1728 -0.2150 -0.9612
vn 0.1760 -0.2125 -0.9612
vn 0.1741 -0.2185 -0.9602
vn 0.2361 -0.8735 0.4257
vn 0.2392 -0.8751 0.4208
vn 0.2449 -0.8739 0.4198
vn -0.0372 -0.0626 -0.9973
vn -0.0395 -0.0654 -0.9971
vn -0.0426 -0.0610 -0.9972
vn 0.1843 -0.6572 -0.7309
vn 0.0069 -0.9005 -0.4348
vn 0.7550 -0.0824 -0.6505
vn 0.1963 -0.0066 -0.9805
vn 0.2319 -0.3497 0.9077
vn 0.2313 -0.3501 0.9077
vn 0.3325 -0.8678 -0.3694
vn 0.3301 -0.8702 -0.3657
vn 0.3294 -0.8693 -0.3686
vn 0.8845 0.1837 -0.4289
vn 0.8834 0.1913 -0.4278
vn 0.8824 0.1980 -0.4268
vn -0.2443 -0.1477 -0.9584
vn -0.8359 -0.3483 -0.4242
vn -0.8358 -0.3482 -0.4245
vn -0.8358 -0.3483 -0.4244
vn 0.8829 0.1900 -0.4294
vn 0.8837 0.1884 -0.4284
vn 0.8856 0.1841 -0.4265
vn 0.6857 -0.1231 -0.7174
vn 0.6858 -0.1216 -0.7176
vn 0.6864 -0.1204 -0.7172
vn 0.3413 -0.9338 0.1072
vn -0.0273 0.0498 -0.9984
vn -0.0290 0.0459 -0.9985
vn -0.0271 0.0500 -0.9984
vn -0.1855 -0.5818 -0.7919
vn 0.0876 0.1281 -0.9879
vn 0.0937 0.1244 -0.9878
vn 0.0854 0.1302 -0.9878
vn -0.0387 -0.3782 -0.9249
vn 0.1579 -0.9720 -0.1740
vn -0.4129 -0.5746 -0.7066
vn -0.4166 -0.5732 -0.7057
vn -0.4179 -0.5698 -0.7076
vn 0.0783 -0.8406 -0.5359
vn 0.4127 0.1610 -0.8965
vn 0.4122 0.1585 -0.8972
vn 0.4108 0.1606 -0.8975
vn 0.4448 0.1913 -0.8750
vn 0.4493 0.1854 -0.8739
vn 0.4479 0.1788 -0.8760
vn 0.7275 0.2615 -0.6343
vn 0.7282 0.2641 -0.6324
vn 0.7292 0.2669 -0.6301
vn 0.7954 -0.4126 -0.4440
vn 0.0652 -0.7649 -0.6408
vn 0.0668 -0.7646 -0.6410
vn 0.0638 -0.7656 -0.6402
vn -0.7337 -0.3807 -0.5627
vn -0.7335 -0.3830 -0.5615
vn -0.7344 -0.3846 -0.5593
vn -0.2992 -0.4496 -0.8416
vn -0.4567 -0.7424 -0.4902
vn 0.3963 -0.2541 -0.8822
vn 0.3941 -0.2597 -0.8816
vn 0.3893 -0.2572 -0.8845
vn 0.8485 -0.4534 0.2730
vn 0.8508 -0.4452 0.2793
vn 0.8477 -0.4509 0.2795
vn 0.0887 -0.9958 0.0209
vn 0.2785 -0.7931 -0.5416
vn -0.3633 -0.6101 -0.7042
vn 0.2514 -0.9068 -0.3385
vn 0.5114 -0.6392 -0.5744
vn 0.5111 -0.6396 -0.5742
vn 0.5110 -0.6393 -0.5746
vn 0.4166 -0.8619 0.2890
vn 0.4152 -0.8648 0.2825
vn 0.4154 -0.8632 0.2869
vn -0.3581 -0.5530 -0.7523
vn -0.3619 -0.5513 -0.7518
vn -0.3542 -0.5523 -0.7546
vn 0.5874 -0.5922 -0.5517
vn 0.1201 -0.9212 -0.3700
vn 0.3412 -0.9147 -0.2166
vn 0.3459 -0.9140 -0.2122
vn 0.3448 -0.9135 -0.2159
vn 0.1625 -0.7280 -0.6661
vn 0.1639 -0.7287 -0.6649
vn 0.1655 -0.7282 -0.6650
vn 0.5722 -0.6185 -0.5386
vn 0.5701 -0.6170 -0.5425
vn 0.5756 -0.6177 -0.5359
vn -0.0522 -0.4705 -0.8808
vn -0.0522 -0.4706 -0.8808
vn 0.1684 -0.9855 -0.0201
vn 0.2618 -0.6327 -0.7288
vn -0.0106 -0.9995 -0.0282
vn -0.0107 -0.9995 -0.0281
vn 0.0412 -0.9823 -0.1829
vn 0.7450 -0.5279 -0.4078
vn 0.7434 -0.5318 -0.4057
vn 0.7421 -0.5317 -0.4082
vn -0.2712 -0.7876 -0.5533
vn -0.2678 -0.7905 -0.5508
vn -0.2743 -0.7891 -0.5496
vn -0.1024 -0.9868 0.1256
vn -0.0950 -0.9886 0.1168
vn -0.0983 -0.9878 0.1210
vn -0.7999 -0.5229 -0.2945
vn -0.2982 -0.9382 -0.1759
vn -0.3759 -0.8392 -0.3930
vn 0.3506 -0.6020 -0.7174
vn 0.3536 -0.6018 -0.7161
vn 0.3552 -0.6036 -0.7138
vn 0.2829 -0.9482 0.1444
vn 0.2866 -0.9478 0.1399
vn 0.2783 -0.9491 0.1477
vn -0.0344 -0.6450 -0.7634
vn -0.0339 -0.6488 -0.7602
vn -0.0360 -0.6521 -0.7572
vn -0.6323 -0.5708 -0.5238
vn -0.6380 -0.5653 -0.5229
vn -0.6337 -0.5664 -0.5269
vn -0.4629 -0.8126 0.3541
vn -0.4606 -0.8156 0.3502
vn -0.4572 -0.8142 0.3577
vn -0.3829 -0.7588 -0.5269
vn -0.3871 -0.7576 -0.5255
vn -0.3921 -0.7551 -0.5255
vn 0.0442 -0.9818 0.1844
vn 0.0442 -0.9819 0.1843
vn 0.0442 -0.9818 0.1845
vn -0.1050 -0.7216 -0.6843
vn -0.0979 -0.7222 -0.6848
vn -0.1064 -0.7265 -0.6789
vn 0.5815 -0.7549 -0.3033
vn -0.5807 -0.6058 0.5439
vn -0.6495 -0.5988 -0.4687
vn 0.3496 -0.7865 0.5091
vn 0.3531 -0.7876 0.5050
vn 0.0447 -0.9931 0.1088
vn -0.0588 -0.6176 -0.7843
vn 0.3380 -0.5716 -0.7477
vn -0.2424 -0.9631 -0.1172
vn -0.2405 -0.9630 -0.1216
vn -0.2426 -0.9636 -0.1126
vn -0.0454 -0.6343 -0.7718
vn -0.0455 -0.6342 -0.7718
vn -0.0456 -0.6341 -0.7719
vn -0.0972 -0.9665 -0.2374
vn -0.1014 -0.9645 -0.2438
vn -0.0897 -0.9672 -0.2377
vn 0.4631 -0.2603 -0.8472
vn 0.4672 -0.2525 -0.8473
vn 0.4674 -0.2575 -0.8457
vn -0.1793 -0.9131 -0.3662
vn 0.1469 -0.9204 -0.3623
vn -0.0142 -0.9539 -0.2999
vn -0.0140 -0.9540 -0.2995
vn -0.0202 -0.9527 -0.3031
vn -0.2893 -0.7998 -0.5260
vn -0.0348 -0.8788 0.4758
vn 0.1429 -0.9695 -0.1993
vn 0.4307 -0.8834 0.1847
vn 0.1595 -0.9592 -0.2336
vn -0.7699 0.0495 0.6363
vn -0.7716 0.0481 0.6342
vn -0.7730 0.0458 0.6327
vn -0.5813 -0.0732 0.8104
vn -0.5464 -0.1270 0.8278
vn -0.5443 -0.1259 0.8294
vn -0.5448 -0.1226 0.8296
vn -0.6577 -0.1890 0.7292
vn -0.6534 -0.1846 0.7342
vn -0.6578 -0.1836 0.7305
vn -0.4122 0.3064 0.8580
vn -0.4116 0.3074 0.8579
vn -0.4104 0.2987 0.8616
vn -0.5830 -0.0643 0.8099
vn -0.5830 -0.0641 0.8099
vn -0.7743 -0.2606 0.5767
vn -0.3901 0.4801 0.7857
vn -0.3891 0.4808 0.7858
vn -0.5752 -0.7531 0.3194
vn -0.0598 -0.3197 0.9456
vn -0.3311 -0.2756 0.9024
vn -0.3269 -0.2704 0.9056
vn -0.3315 -0.2674 0.9048
vn -0.8009 0.3135 0.5101
vn -0.7105 0.4443 0.5457
vn -0.9028 0.3244 0.2825
vn -0.9041 0.3200 0.2833
vn -0.9044 0.3240 0.2776
vn -0.2858 -0.6185 0.7320
vn -0.7890 -0.4015 0.4651
vn -0.2576 0.3769 0.8897
vn -0.2587 0.3742 0.8905
vn -0.2521 0.3756 0.8919
vn -0.2423 0.3618 0.9002
vn -0.2442 0.3656 0.8982
vn -0.2386 0.3619 0.9012
vn -0.2921 -0.0948 0.9517
vn -0.2876 -0.0900 0.9535
vn -0.2837 -0.1027 0.9534
vn -0.6969 -0.0106 0.7171
vn -0.6967 -0.0127 0.7173
vn -0.6960 -0.0087 0.7180
vn -0.2389 -0.1353 0.9616
vn -0.5547 -0.2536 0.7925
vn -0.3653 0.3296 0.8706
vn -0.3676 0.3321 0.8687
vn -0.3669 0.3257 0.8714
vn -0.9069 -0.4154 0.0708
vn -0.9098 -0.4101 0.0634
vn -0.9075 -0.4149 0.0660
vn -0.7760 -0.0134 0.6305
vn -0.7779 -0.0136 0.6283
vn -0.7806 -0.0114 0.6250
vn -0.7405 0.5775 0.3438
vn -0.7397 0.5809 0.3398
vn -0.7403 0.5801 0.3399
vn 0.0255 -0.9213 0.3880
vn 0.0284 -0.9212 0.3881
vn 0.0283 -0.9214 0.3875
vn -0.6090 0.4374 0.6617
vn -0.6098 0.4382 0.6604
vn -0.6060 0.4391 0.6633
vn -0.6830 0.0751 0.7265
vn -0.9913 -0.1150 0.0644
vn -0.9912 -0.1139 0.0672
vn -0.9911 -0.1117 0.0722
vn -0.9596 -0.2406 0.1456
vn -0.4383 -0.1182 0.8910
vn -0.4403 -0.1154 0.8904
vn -0.4435 -0.1161 0.8888
vn -0.9912 0.1313 -0.0161
vn -0.9915 0.1289 -0.0175
vn -0.9918 0.1264 -0.0162
vn -0.3442 -0.3615 0.8665
vn -0.3518 -0.3654 0.8618
vn -0.3463 -0.3652 0.8642
vn -0.1384 0.4315 0.8914
vn -0.1418 0.4321 0.8906
vn -0.1407 0.4295 0.8921
vn -0.9254 0.3317 0.1835
vn -0.9257 0.3311 0.1828
vn -0.6131 0.4387 0.6571
vn -0.6107 0.4392 0.6589
vn -0.6086 0.4368 0.6625
vn -0.0541 0.3814 0.9228
vn -0.2535 -0.8552 0.4521
vn -0.2555 -0.8558 0.4498
vn -0.2511 -0.8549 0.4539
vn -0.9586 0.2713 0.0864
vn -0.9579 0.2711 0.0946
vn -0.9576 0.2739 0.0889
vn -0.4231 -0.2272 0.8771
vn -0.0889 0.4656 0.8805
vn -0.0911 0.4571 0.8848
vn -0.0878 0.4611 0.8830
vn -0.6276 -0.1522 0.7635
vn -0.6285 -0.1528 0.7627
vn -0.6269 -0.1552 0.7635
vn -0.8279 -0.4252 0.3658
vn -0.8295 -0.4231 0.3646
vn -0.8301 -0.4241 0.3619
vn -0.9179 -0.2177 0.3317
vn -0.6297 0.1442 0.7633
vn -0.6299 0.1491 0.7622
vn -0.6321 0.1396 0.7622
vn -0.7041 -0.6965 -0.1379
vn -0.2707 0.7698 0.5780
vn -0.2679 0.7716 0.5770
vn -0.2735 0.7702 0.5762
vn -0.5227 -0.6213 0.5837
vn -0.8151 -0.3121 0.4881
vn -0.9088 0.3023 0.2876
vn -0.1426 -0.3456 0.9275
vn -0.1450 -0.3393 0.9294
vn -0.1491 -0.3469 0.9260
vn -0.3339 -0.2590 0.9063
vn -0.3296 -0.2612 0.9073
vn -0.3307 -0.2574 0.9080
vn -0.6976 -0.5762 0.4258
vn -0.9381 -0.3464 -0.0033
vn -0.9403 -0.3402 -0.0059
vn -0.9390 -0.3440 -0.0059
vn -0.9761 0.2141 -0.0369
vn -0.9762 0.2138 -0.0373
vn -0.5561 0.6326 0.5391
vn 0.0118 -0.8444 0.5356
vn 0.0097 -0.8489 0.5285
vn 0.0129 -0.8470 0.5315
vn -0.0760 0.3579 0.9307
vn 0.1038 -0.1808 0.9780
vn 0.1043 -0.1810 0.9779
vn -0.1446 -0.3025 0.9421
vn -0.1293 0.3448 0.9297
vn -0.1322 0.3486 0.9279
vn -0.1372 0.3476 0.9275
vn -0.6333 0.4040 0.6601
vn -0.6294 0.4061 0.6625
vn -0.6363 0.4061 0.6559
vn 0.2144 0.0250 0.9764
vn -0.3775 0.6895 0.6181
vn -0.5130 -0.4415 0.7362
vn -0.8065 -0.3732 0.4585
vn -0.7305 0.5726 0.3722
vn -0.4437 -0.6783 0.5857
vn -0.3095 -0.8869 0.3431
vn -0.7849 0.3942 0.4781
vn -0.4568 0.8376 0.2997
vn -0.4563 0.8379 0.2997
vn -0.4560 0.8381 0.2992
vn -0.2844 0.7999 0.5285
vn -0.9880 -0.1499 0.0376
vn -0.4383 -0.8868 0.1466
vn -0.6957 0.6324 0.3408
vn -0.3936 0.9056 0.1578
vn -0.9275 -0.2977 0.2262
vn -0.9287 -0.2942 0.2256
vn -0.1629 0.6532 0.7395
vn -0.1624 0.6544 0.7385
vn -0.1641 0.6522 0.7401
vn 0.0052 0.4092 0.9124
vn -0.4812 0.8396 -0.2522
vn -0.8813 0.4335 0.1882
vn -0.8766 0.4440 0.1853
vn -0.8771 0.4404 0.1917
vn 0.0058 0.8310 0.5562
vn 0.0060 0.8304 0.5572
vn 0.0087 0.8313 0.5557
vn -0.0517 0.7070 0.7053
vn -0.9074 0.4202 0.0015
vn -0.9078 0.4194 -0.0015
vn -0.9074 0.4203 0.0050
vn -0.9293 -0.1538 0.3357
vn 0.0670 -0.1386 0.9881
vn 0.0657 -0.1395 0.9880
vn 0.0664 -0.1390 0.9881
vn 0.2100 0.6696 0.7125
vn 0.2091 0.6669 0.7152
vn -0.6925 -0.7154 -0.0934
vn -0.6938 -0.7146 -0.0887
vn -0.6962 -0.7128 -0.0849
vn -0.4466 -0.6713 0.5915
vn -0.4472 -0.6725 0.5898
vn -0.9761 0.1826 -0.1180
vn -0.9754 0.1857 -0.1190
vn -0.9764 0.1832 -0.1146
vn -0.8352 0.3487 -0.4254
vn -0.4151 0.8911 0.1835
vn -0.4083 0.8938 0.1853
vn -0.4042 0.8969 0.1796
vn 0.2697 -0.2329 0.9344
vn 0.2631 -0.2425 0.9338
vn 0.2687 -0.2394 0.9330
vn -0.9531 0.2285 -0.1985
vn -0.9535 0.2286 -0.1963
vn 0.2457 -0.4261 0.8707
vn 0.2436 -0.4299 0.8694
vn 0.2442 -0.4318 0.8683
vn -0.8659 -0.2493 0.4337
vn -0.8769 -0.2901 -0.3833
vn -0.9075 0.3815 0.1756
vn -0.4142 -0.8241 0.3865
vn -0.4069 -0.8282 0.3853
vn -0.4101 -0.8255 0.3878
vn -0.8487 -0.4938 0.1893
vn -0.8895 0.4346 0.1410
vn -0.8897 0.4345 0.1406
vn -0.3430 -0.8813 0.3252
vn -0.3451 -0.8803 0.3255
vn -0.3457 -0.8820 0.3201
vn -0.2323 -0.8250 0.5153
vn -0.2251 -0.8275 0.5144
vn -0.2186 -0.8260 0.5196
vn -0.6682 0.6772 0.3081
vn 0.3757 0.3592 0.8543
vn -0.1682 -0.8469 0.5044
vn -0.9510 -0.2683 0.1538
vn -0.8982 -0.4372 -0.0455
vn -0.8979 -0.4382 -0.0425
vn -0.8970 -0.4393 -0.0481
vn -0.2349 -0.8235 0.5164
vn -0.5142 0.6901 0.5093
vn -0.5158 0.6874 0.5113
vn -0.5160 0.6875 0.5111
vn 0.3326 -0.6511 0.6822
vn -0.8700 0.4866 0.0795
vn -0.0150 -0.5610 0.8277
vn -0.0195 -0.5649 0.8249
vn -0.0180 -0.5697 0.8217
vn 0.3668 0.1858 0.9116
vn 0.3749 0.1775 0.9099
vn 0.3717 0.1833 0.9101
vn -0.1941 -0.9517 0.2378
vn 0.2782 0.1369 0.9507
vn 0.2754 0.1264 0.9530
vn 0.2839 0.1270 0.9504
vn 0.7025 -0.0221 0.7114
vn 0.7037 -0.0269 0.7100
vn 0.7070 -0.0289 0.7067
vn -0.9342 -0.3064 0.1829
vn -0.9335 -0.3078 0.1838
vn -0.9330 -0.3086 0.1852
vn -0.5609 0.0566 0.8259
vn -0.1277 0.9542 -0.2705
vn -0.1292 0.9542 -0.2700
vn -0.1284 0.9542 -0.2701
vn -0.4723 0.3383 0.8139
vn -0.4685 0.3392 0.8158
vn -0.4717 0.3420 0.8127
vn -0.9213 -0.1045 -0.3745
vn -0.9234 -0.1022 -0.3699
vn -0.9221 -0.1039 -0.3729
vn 0.3760 0.8411 0.3888
vn -0.8869 -0.4267 0.1772
vn 0.2083 0.9296 0.3040
vn -0.0687 -0.3784 0.9231
vn 0.0519 -0.7747 0.6302
vn -0.7396 -0.6669 0.0909
vn -0.0929 0.8959 0.4343
vn 0.8182 0.4091 0.4040
vn -0.3164 0.9299 0.1873
vn -0.3203 0.9305 0.1776
vn -0.3214 0.9289 0.1839
vn -0.3927 -0.8993 -0.1923
vn -0.3938 -0.8996 -0.1888
vn -0.3965 -0.8972 -0.1944
vn -0.1786 -0.9767 0.1193
vn 0.5765 0.7876 0.2175
vn 0.5758 0.7879 0.2184
vn 0.6904 -0.7077 0.1498
vn 0.5423 0.0582 0.8381
vn 0.5455 0.0501 0.8366
vn 0.5455 0.0552 0.8363
vn -0.4997 0.7007 -0.5092
vn -0.9584 0.2477 -0.1415
vn 0.6609 -0.6595 0.3582
vn 0.6960 0.7096 0.1096
vn 0.7740 0.4269 0.4677
vn 0.7741 0.4223 0.4716
vn 0.7768 0.4262 0.4636
vn 0.4168 0.9083 0.0348
vn 0.1058 0.9906 -0.0868
vn 0.3544 -0.3271 0.8760
vn -0.7094 -0.6843 -0.1686
vn -0.7052 -0.6880 -0.1713
vn -0.7122 -0.6815 -0.1683
vn 0.0990 0.7954 0.5980
vn 0.6947 -0.6507 0.3067
vn 0.5832 -0.7760 0.2400
vn 0.6226 -0.7020 0.3457
vn 0.5919 -0.7714 0.2335
vn -0.6304 -0.7698 -0.1000
vn -0.6316 -0.7684 -0.1026
vn -0.6294 -0.7703 -0.1030
vn -0.6239 0.0093 -0.7814
vn 0.1036 0.7908 0.6033
vn 0.1054 0.7971 0.5946
vn 0.0946 0.7932 0.6016
vn -0.8741 -0.0901 -0.4773
vn -0.8745 -0.0935 -0.4760
vn -0.8761 -0.0894 -0.4738
vn -0.3222 -0.7724 -0.5473
vn -0.6894 0.4650 -0.5554
vn -0.8907 0.4107 -0.1949
vn -0.1567 0.9411 0.2996
vn -0.1546 0.9430 0.2948
vn -0.1611 0.9410 0.2976
vn -0.7841 -0.5918 -0.1870
vn -0.4780 0.8764 0.0592
vn -0.4838 0.8731 0.0600
vn -0.4725 0.8795 0.0567
vn 0.1976 -0.1250 0.9723
vn -0.7615 0.5366 -0.3636
vn -0.7629 0.5358 -0.3619
vn -0.7691 0.5281 -0.3600
vn -0.5708 0.4732 0.6710
vn -0.5734 0.4765 0.6665
vn -0.1810 -0.9762 0.1195
vn -0.1811 -0.9762 0.1196
vn -0.6872 -0.6498 -0.3248
vn -0.6824 -0.6530 -0.3284
vn -0.6901 -0.6494 -0.3194
vn 0.0227 -0.7243 0.6891
vn -0.6825 -0.6717 -0.2881
vn -0.6439 -0.7530 -0.1353
vn -0.0288 -0.3793 0.9248
vn -0.0287 -0.3793 0.9248
vn -0.0289 -0.3793 0.9248
vn -0.1277 -0.8281 0.5458
vn 0.4200 0.6889 0.5908
vn -0.3990 -0.8975 -0.1879
vn -0.3942 -0.9005 -0.1835
vn -0.3913 -0.9030 -0.1773
vn 0.1432 -0.9644 0.2224
vn 0.1899 -0.9060 0.3783
vn 0.1940 -0.9039 0.3813
vn 0.1885 -0.9059 0.3793
vn -0.8509 -0.4126 -0.3252
vn -0.8398 0.5291 -0.1215
vn -0.8379 0.5316 -0.1242
vn -0.8419 0.5258 -0.1213
vn 0.2433 0.9151 0.3215
vn 0.2492 0.9142 0.3197
vn 0.2445 0.9149 0.3211
vn 0.5918 -0.8038 -0.0603
vn 0.5881 -0.8069 -0.0552
vn 0.5948 -0.8014 -0.0622
vn 0.5139 -0.8570 -0.0370
vn 0.5116 -0.8585 -0.0349
vn 0.5095 -0.8597 -0.0371
vn -0.7665 0.3271 -0.5527
vn -0.7655 0.3296 -0.5526
vn -0.7648 0.3282 -0.5544
vn -0.6990 0.2513 0.6695
vn -0.7014 0.2452 0.6692
vn -0.6991 0.2444 0.6720
vn -0.3358 -0.1028 0.9363
vn -0.3334 -0.1072 0.9367
vn -0.3349 -0.1071 0.9361
vn -0.3862 0.6194 0.6835
vn -0.8506 -0.4571 -0.2597
vn -0.8469 -0.4633 -0.2609
vn -0.8518 -0.4546 -0.2603
vn -0.6044 0.6780 0.4183
vn -0.6117 0.6704 0.4199
vn -0.6092 0.6745 0.4170
vn -0.8622 0.4053 0.3038
vn -0.8611 0.4087 0.3025
vn -0.8627 0.4071 0.3001
vn 0.0457 0.5665 0.8228
vn 0.0466 0.5658 0.8233
vn 0.0434 0.5693 0.8210
vn -0.2891 0.3284 0.8992
vn 0.5861 0.6793 0.4416
vn 0.5940 0.6700 0.4454
vn 0.5905 0.6747 0.4428
vn 0.0851 -0.6212 0.7790
vn -0.8424 -0.1269 0.5237
vn -0.8490 -0.1269 0.5130
vn -0.8540 -0.1324 0.5031
vn -0.8305 -0.1125 0.5456
vn -0.1107 0.6717 0.7325
vn -0.1145 0.6740 0.7298
vn -0.1184 0.6699 0.7330
vn -0.5474 0.1441 0.8244
vn -0.1413 -0.0816 0.9866
vn -0.1436 -0.0825 0.9862
vn -0.1424 -0.0831 0.9863
vn -0.3332 0.4373 0.8353
vn -0.3298 0.4337 0.8385
vn -0.3310 0.4332 0.8383
vn -0.7963 0.2685 0.5421
vn -0.7537 0.4015 0.5203
vn -0.7575 0.4000 0.5160
vn 0.0491 -0.9200 0.3889
vn 0.0530 -0.9215 0.3847
vn 0.7725 -0.5208 0.3634
vn 0.7725 -0.5209 0.3633
vn -0.8173 0.5506 0.1699
vn -0.5569 -0.2010 0.8059
vn -0.5542 -0.1994 0.8082
vn -0.5529 -0.1964 0.8098
vn -0.6710 0.3580 0.6493
vn -0.9712 -0.1191 0.2065
vn -0.7462 -0.4529 -0.4880
vn -0.7461 -0.4529 -0.4880
vn -0.3783 0.4582 0.8043
vn 0.0076 0.1581 0.9874
vn -0.3801 0.4802 0.7905
vn -0.3856 0.4789 0.7886
vn -0.7447 0.5163 0.4229
vn -0.7458 0.5125 0.4255
vn -0.7420 0.5162 0.4277
vn -0.3940 0.6146 0.6834
vn -0.3939 0.6146 0.6835
vn 0.5816 -0.4091 0.7032
vn -0.6920 0.3821 0.6125
vn -0.4926 0.5279 0.6919
vn -0.4795 -0.4913 -0.7271
vn -0.2766 0.9219 -0.2714
vn -0.2793 0.9223 -0.2673
vn 0.2918 -0.8157 0.4995
vn 0.0731 -0.8399 0.5377
vn 0.0900 -0.9879 0.1260
vn 0.0873 -0.9881 0.1265
vn 0.0876 -0.9883 0.1246
vn 0.9610 -0.2477 0.1232
vn 0.6610 0.3058 0.6852
vn 0.2822 -0.3144 0.9064
vn 0.2868 -0.3081 0.9071
vn 0.2864 -0.3148 0.9049
vn -0.1538 0.7349 0.6605
vn -0.1539 0.7344 0.6610
vn -0.1536 0.7347 0.6608
vn -0.1542 0.3365 0.9290
vn -0.1496 0.3363 0.9298
vn -0.1458 0.3375 0.9300
vn 0.8187 0.5621 0.1178
vn 0.8160 0.5651 0.1219
vn 0.8206 0.5588 0.1196
vn -0.9629 0.1313 -0.2357
vn -0.5467 0.7123 -0.4401
vn -0.5451 0.7154 -0.4370
vn -0.5459 0.7136 -0.4390
vn 0.0521 0.2559 0.9653
vn 0.0557 0.2590 0.9643
vn 0.0538 0.2548 0.9655
vn -0.9614 0.1741 -0.2132
vn -0.9607 0.1801 -0.2110
vn -0.9605 0.1741 -0.2171
vn -0.1588 -0.9822 0.1001
vn 0.4941 -0.6903 0.5285
vn 0.4942 -0.6902 0.5285
vn 0.4942 -0.6903 0.5285
vn 0.6418 -0.7640 -0.0664
vn -0.5847 0.7915 0.1780
vn -0.3855 0.1707 0.9068
vn 0.4028 -0.9115 -0.0838
vn 0.7338 0.2889 0.6149
vn 0.7303 0.2946 0.6164
vn 0.7335 0.2957 0.6120
vn -0.9068 0.3456 -0.2415
vn -0.5300 0.8359 0.1429
vn -0.4339 -0.3120 -0.8452
vn 0.7689 0.5067 0.3899
vn 0.7690 0.5066 0.3899
vn 0.7689 0.5068 0.3898
vn -0.4509 0.3072 0.8381
vn -0.4563 0.3083 0.8347
vn -0.4576 0.3021 0.8362
vn 0.8864 0.2800 0.3687
vn 0.8860 0.2813 0.3686
vn 0.8872 0.2808 0.3661
vn -0.3087 -0.0546 0.9496
vn 0.0021 -0.8937 -0.4487
vn -0.8481 0.2114 0.4857
vn -0.8482 0.2123 0.4853
vn -0.8468 0.2129 0.4875
vn -0.7521 0.3844 0.5354
vn 0.2545 -0.5209 0.8148
vn 0.2560 -0.5219 0.8137
vn 0.2579 -0.5221 0.8129
vn -0.2940 0.4077 0.8645
vn -0.3598 0.3349 0.8709
vn 0.3305 0.4393 0.8353
vn 0.1423 0.5434 0.8273
vn -0.7865 0.2317 0.5725
vn -0.3130 -0.7293 -0.6084
vn -0.4602 -0.7125 -0.5296
vn -0.4693 -0.7094 -0.5257
vn -0.4664 -0.7083 -0.5299
vn -0.1039 -0.8885 -0.4470
vn -0.1076 -0.8866 -0.4499
vn -0.1028 -0.8861 -0.4520
vn 0.0156 -0.3186 0.9478
vn 0.8105 -0.5197 0.2702
vn 0.8086 -0.5213 0.2729
vn 0.8066 -0.5263 0.2690
vn -0.7507 -0.2554 -0.6093
vn -0.7544 -0.2575 -0.6039
vn -0.7491 -0.2574 -0.6105
vn 0.6525 -0.7466 -0.1297
vn 0.6536 -0.7461 -0.1271
vn 0.6529 -0.7472 -0.1245
vn -0.5452 0.6141 0.5706
vn -0.5458 0.6070 0.5776
vn -0.5432 0.6115 0.5753
vn -0.1322 0.5046 0.8532
vn -0.1348 0.5040 0.8531
vn -0.1333 0.5037 0.8535
vn 0.6926 -0.6181 0.3718
vn 0.6871 -0.6219 0.3757
vn 0.6908 -0.6214 0.3696
vn -0.0223 -0.3923 0.9196
vn -0.0221 -0.3919 0.9197
vn -0.0236 -0.3917 0.9198
vn -0.4099 0.6195 0.6695
vn -0.4098 0.6197 0.6694
vn -0.4093 0.6201 0.6693
vn -0.0729 0.9249 0.3732
vn -0.0716 0.9231 0.3777
vn -0.0683 0.9245 0.3750
vn -0.5315 0.8038 0.2674
vn -0.7774 -0.6228 -0.0882
vn 0.4613 -0.8367 -0.2954
vn 0.4638 -0.8363 -0.2923
vn 0.4658 -0.8334 -0.2975
vn -0.7150 0.2207 -0.6634
vn -0.7135 0.2162 -0.6665
vn -0.7166 0.2118 -0.6646
vn -0.1835 0.6735 0.7160
vn -0.1834 0.6735 0.7161
vn -0.1834 0.6735 0.7160
vn 0.5961 0.1132 0.7949
vn -0.3743 -0.5293 -0.7614
vn 0.9216 -0.1751 0.3464
vn -0.0930 -0.7498 -0.6551
vn -0.0898 -0.7520 -0.6530
vn -0.0916 -0.7507 -0.6543
vn 0.6640 -0.2415 -0.7077
vn -0.3071 -0.6817 -0.6640
vn -0.9975 0.0651 -0.0276
vn -0.9976 0.0656 -0.0212
vn -0.9972 0.0712 -0.0242
vn -0.0652 -0.8922 -0.4469
vn -0.0597 -0.8954 -0.4413
vn -0.0589 -0.8940 -0.4442
vn -0.7622 -0.5835 -0.2803
vn 0.5309 0.0313 0.8469
vn 0.5785 -0.7977 0.1704
vn -0.0092 -0.9554 -0.2950
vn -0.0084 -0.9555 -0.2949
vn -0.0070 -0.9546 -0.2977
vn -0.6742 -0.6870 -0.2712
vn 0.6063 -0.7771 0.1687
vn 0.6063 -0.7771 0.1688
vn -0.7088 -0.6620 -0.2437
vn 0.2718 -0.7043 -0.6558
vn 0.2748 -0.7086 -0.6499
vn 0.2737 -0.7034 -0.6560
vn -0.8851 0.4458 -0.1340
vn -0.8856 0.4455 -0.1317
vn 0.6418 -0.5095 0.5731
vn 0.6437 -0.5081 0.5723
vn 0.6425 -0.5083 0.5735
vn -0.4093 -0.4273 -0.8062
vn -0.4111 -0.4248 -0.8066
vn -0.4132 -0.4246 -0.8056
vn -0.5496 0.5271 -0.6481
vn -0.5521 0.5266 -0.6464
vn -0.5501 0.5293 -0.6459
vn -0.2579 0.9432 -0.2093
vn -0.3772 -0.5080 -0.7744
vn -0.3769 -0.5105 -0.7729
vn -0.3796 -0.5060 -0.7745
vn -0.1553 0.7555 0.6365
vn -0.1582 0.7510 0.6411
vn -0.1582 0.7527 0.6390
vn -0.7048 0.7093 0.0097
vn -0.7084 0.7057 0.0088
vn -0.7044 0.7098 0.0087
vn -0.5496 0.3582 -0.7548
vn 0.5677 -0.1609 0.8074
vn 0.5635 -0.1627 0.8100
vn 0.5665 -0.1619 0.8080
vn 0.5563 -0.1665 0.8141
vn -0.5937 0.7306 0.3371
vn -0.5945 0.7304 0.3364
vn -0.9076 0.0553 -0.4162
vn -0.9084 0.0555 -0.4145
vn -0.9073 0.0570 -0.4167
vn -0.0391 0.9554 0.2928
vn -0.0389 0.9554 0.2928
vn -0.0390 0.9554 0.2928
vn 0.7882 -0.3574 0.5010
vn 0.3789 0.3919 0.8383
vn 0.3787 0.3757 0.8458
vn 0.3763 0.3948 0.8382
vn -0.6798 -0.3203 -0.6597
vn -0.6783 -0.3149 -0.6639
vn -0.6766 -0.3229 -0.6618
vn -0.8117 0.5126 -0.2800
vn 0.6157 -0.0650 0.7853
vn 0.6127 -0.0596 0.7881
vn 0.6106 -0.0622 0.7895
vn 0.0216 -0.9674 -0.2523
vn -0.7466 -0.0735 -0.6612
vn -0.4657 0.6692 -0.5790
vn -0.9010 0.4093 0.1435
vn -0.9932 -0.0630 -0.0982
vn -0.9931 -0.0673 -0.0959
vn -0.9931 -0.0638 -0.0981
vn 0.6328 0.1803 0.7531
vn 0.6329 0.1720 0.7549
vn 0.6347 0.1754 0.7526
vn -0.0153 0.9674 0.2528
vn -0.0084 0.9663 0.2574
vn -0.0093 0.9678 0.2514
vn 0.3434 0.4636 0.8168
vn 0.3407 0.4689 0.8149
vn 0.3462 0.4657 0.8144
vn 0.1924 0.7799 0.5956
vn 0.1895 0.7760 0.6015
vn 0.1936 0.7775 0.5984
vn -0.2431 0.9622 0.1230
vn -0.2480 0.9611 0.1215
vn -0.2458 0.9620 0.1188
vn -0.9093 -0.2904 0.2979
vn -0.7705 -0.2393 0.5908
vn -0.7728 -0.2250 0.5934
vn -0.7719 -0.2319 0.5920
vn 0.0913 0.0894 0.9918
vn -0.6499 0.7322 -0.2037
vn -0.6499 0.7323 -0.2036
vn 0.2380 0.9580 0.1598
vn 0.2353 0.9583 0.1622
vn 0.2329 0.9582 0.1662
vn -0.9123 0.0827 0.4011
vn -0.9811 -0.0235 -0.1919
vn -0.9810 -0.0242 -0.1925
vn -0.9811 -0.0241 -0.1918
vn -0.8357 0.4475 0.3184
vn -0.8344 0.4467 0.3228
vn -0.8292 0.4513 0.3297
vn -0.5100 -0.1509 0.8468
vn -0.5071 -0.1562 0.8476
vn -0.5123 -0.1464 0.8462
vn -0.1798 0.9340 0.3086
vn -0.1759 0.9367 0.3027
vn -0.1729 0.9349 0.3099
vn 0.0845 -0.5670 -0.8194
vn -0.6229 0.2963 0.7240
vn -0.4083 0.8903 0.2016
vn -0.4082 0.8903 0.2016
vn -0.8012 -0.3588 0.4790
vn -0.8017 -0.3573 0.4791
vn -0.8015 -0.3561 0.4804
vn -0.4702 0.1333 0.8724
vn -0.4716 0.1335 0.8717
vn -0.4721 0.1331 0.8714
vn -0.4421 -0.4444 0.7791
vn 0.9506 0.3044 0.0603
vn 0.9498 0.3077 0.0566
vn -0.9037 0.3215 0.2829
vn -0.9057 0.3168 0.2817
vn -0.9040 0.3171 0.2867
vn -0.5055 0.1837 -0.8430
vn -0.7383 0.4114 0.5345
vn 0.3129 -0.4240 0.8499
vn -0.3049 -0.7047 0.6406
vn -0.3049 -0.7047 0.6407
vn 0.1716 0.9790 0.1103
vn 0.3490 -0.2145 0.9122
vn 0.3480 -0.2258 0.9099
vn 0.3462 -0.2155 0.9131
vn 0.1776 -0.9551 -0.2372
vn 0.1084 0.9001 0.4221
vn -0.2961 0.1165 0.9480
vn -0.3025 0.1134 0.9464
vn -0.2983 0.1171 0.9473
vn 0.6907 -0.5461 -0.4740
vn -0.5234 0.6112 0.5937
vn -0.7655 -0.5549 0.3257
vn -0.7687 -0.5524 0.3224
vn -0.7651 -0.5527 0.3305
vn 0.3084 0.9281 -0.2087
vn -0.8704 0.3652 -0.3303
vn -0.8732 0.3696 -0.3176
vn -0.8692 0.3669 -0.3315
vn 0.8122 -0.3377 -0.4757
vn 0.5320 -0.5568 -0.6380
vn -0.5014 0.4482 0.7401
vn -0.5082 0.4396 0.7406
vn -0.5040 0.4432 0.7413
vn -0.9246 0.3555 0.1372
vn -0.9250 0.3560 0.1331
vn -0.9246 0.3537 0.1413
vn -0.2384 -0.4767 0.8461
vn -0.8315 0.4772 -0.2846
vn -0.7939 0.5869 -0.1589
vn -0.7963 0.5841 -0.1575
vn -0.8399 -0.4695 0.2722
vn -0.8415 -0.4645 0.2758
vn -0.8433 -0.4593 0.2792
vn 0.4733 -0.5645 -0.6763
vn 0.4742 -0.5596 -0.6797
vn 0.4739 -0.5600 -0.6796
vn 0.7422 -0.3838 -0.5494
vn -0.7949 -0.0419 0.6052
vn -0.7987 -0.0372 0.6006
vn -0.8026 -0.0399 0.5951
vn -0.6785 -0.1584 0.7173
vn -0.6852 -0.1600 0.7106
vn -0.6813 -0.1619 0.7139
vn -0.3113 0.4317 0.8466
vn 0.4611 0.6222 0.6327
vn 0.4640 0.6219 0.6308
vn 0.4672 0.6211 0.6293
vn -0.5362 0.8437 0.0253
vn -0.0312 -0.6021 -0.7978
vn -0.0285 -0.6001 -0.7994
vn -0.0324 -0.6048 -0.7957
vn 0.7399 -0.5262 -0.4192
vn -0.4232 0.6607 0.6200
vn -0.4206 0.6595 0.6230
vn -0.4210 0.6593 0.6230
vn -0.9799 0.1016 -0.1718
vn -0.9800 0.1015 -0.1714
vn -0.7246 -0.4545 0.5182
vn -0.7212 -0.4564 0.5211
vn -0.7171 -0.4617 0.5221
vn -0.3572 0.5126 0.7808
vn -0.3580 0.5164 0.7779
vn -0.3613 0.5098 0.7808
vn -0.5679 0.6988 0.4350
vn -0.3144 0.4765 0.8211
vn -0.8993 -0.2747 -0.3403
vn -0.9008 -0.2719 -0.3387
vn -0.9000 -0.2701 -0.3421
vn 0.5716 0.1737 0.8020
vn -0.4340 0.7080 0.5571
vn -0.4324 0.7107 0.5548
vn -0.4295 0.7105 0.5574
vn -0.4889 -0.0248 0.8720
vn -0.9842 -0.0169 -0.1762
vn -0.9847 -0.0261 -0.1720
vn -0.9840 -0.0190 -0.1770
vn 0.4098 0.4595 0.7880
vn 0.4108 0.4582 0.7882
vn 0.4079 0.4600 0.7887
vn -0.0232 0.4956 0.8682
vn 0.5181 -0.5432 -0.6607
vn -0.5783 -0.3879 0.7178
vn -0.5787 -0.3869 0.7179
vn -0.5790 -0.3877 0.7172
vn 0.9428 0.0400 -0.3310
vn -0.0734 -0.6966 0.7137
vn -0.0688 -0.6913 0.7193
vn -0.0741 -0.6923 0.7178
vn -0.4781 -0.0283 0.8779
vn -0.4180 -0.2285 0.8792
vn -0.4180 -0.2285 0.8793
vn 0.1920 -0.2785 0.9410
vn 0.1919 -0.2785 0.9411
vn 0.1918 -0.2783 0.9411
vn -0.6021 -0.3648 0.7102
vn 0.4954 -0.5923 -0.6354
vn 0.4960 -0.5872 -0.6396
vn 0.4965 -0.5959 -0.6311
vn -0.4059 -0.2139 0.8885
vn -0.4115 -0.2108 0.8867
vn -0.4098 -0.2150 0.8864
vn -0.1789 -0.6317 0.7543
vn -0.1785 -0.6279 0.7576
vn -0.1838 -0.6311 0.7536
vn -0.3988 0.5654 0.7220
vn -0.5705 0.1882 0.7994
vn -0.9372 0.3423 0.0673
vn -0.5753 0.3255 0.7504
vn -0.5738 0.3160 0.7556
vn -0.5764 0.3193 0.7522
vn -0.8849 -0.4650 -0.0291
vn -0.9793 -0.1896 0.0708
vn 0.1168 -0.1605 0.9801
vn -0.9732 -0.1470 0.1769
vn -0.0045 0.1307 0.9914
vn -0.3943 -0.8751 0.2806
vn -0.3906 -0.8748 0.2866
vn -0.4002 -0.8733 0.2780
vn 0.8719 -0.4523 -0.1875
vn -0.7870 -0.5810 -0.2076
vn -0.7824 -0.5874 -0.2067
vn -0.7905 -0.5774 -0.2043
vn -0.8454 0.1450 0.5140
vn 0.3229 -0.8746 -0.3616
vn -0.6051 -0.5601 0.5658
vn -0.5981 -0.5666 0.5668
vn -0.5999 -0.5608 0.5706
vn -0.0404 0.7836 -0.6199
vn -0.0449 0.7882 -0.6138
vn -0.0448 0.7915 -0.6095
vn 0.1397 0.6123 0.7782
vn 0.1397 0.6122 0.7783
vn -0.0916 -0.6293 0.7718
vn 0.8323 0.0328 0.5534
vn 0.8323 0.0329 0.5534
vn -0.9918 0.1142 -0.0575
vn -0.9917 0.1124 -0.0619
vn -0.9921 0.1081 -0.0632
vn -0.8911 -0.1463 0.4297
vn -0.8889 -0.1455 0.4344
vn -0.8892 -0.1503 0.4322
vn -0.8640 0.1017 -0.4931
vn -0.8665 0.0960 -0.4899
vn -0.8672 0.1022 -0.4874
vn -0.2687 0.8086 -0.5235
vn -0.2671 0.8126 -0.5180
vn -0.2623 0.8083 -0.5271
vn -0.8627 -0.5057 -0.0022
vn -0.8647 -0.5022 0.0034
vn -0.8677 -0.4971 0.0004
vn -0.7111 -0.2101 0.6710
vn -0.7121 -0.2036 0.6719
vn -0.7149 -0.2123 0.6662
vn 0.4852 -0.6782 0.5519
vn 0.1715 0.2246 0.9592
vn 0.1743 0.2274 0.9581
vn 0.1752 0.2251 0.9585
vn -0.2741 -0.7372 0.6176
vn -0.2731 -0.7312 0.6251
vn -0.2776 -0.7331 0.6209
vn -0.2290 -0.8615 0.4533
vn 0.4705 0.0250 0.8821
vn -0.7753 0.4566 0.4363
vn -0.7776 0.4520 0.4371
vn -0.7713 0.4613 0.4386
vn -0.7864 -0.2039 0.5831
vn -0.7867 -0.2011 0.5837
vn -0.8712 0.4654 -0.1562
vn 0.0724 0.9752 -0.2092
vn 0.0757 0.9761 -0.2038
vn 0.0790 0.9766 -0.1998
vn -0.0536 0.9399 -0.3372
vn -0.0588 0.9395 -0.3373
vn -0.0583 0.9411 -0.3330
vn -0.7057 0.6994 0.1128
vn -0.8699 0.3842 0.3092
vn 0.3942 -0.5556 0.7320
vn -0.6753 -0.6424 0.3623
vn -0.6754 -0.6416 0.3635
vn -0.6758 -0.6417 0.3627
vn -0.1194 0.0778 0.9898
vn -0.1216 0.0719 0.9900
vn -0.1133 0.0763 0.9906
vn -0.5343 0.5906 -0.6048
vn 0.3680 -0.3061 0.8780
vn 0.3664 -0.3037 0.8795
vn 0.8185 0.3555 0.4512
vn 0.8140 0.3566 0.4586
vn 0.8189 0.3492 0.4555
vn -0.0957 0.0420 0.9945
vn -0.6555 -0.7443 0.1280
vn -0.1453 -0.9873 0.0643
vn -0.4716 -0.3032 0.8280
vn -0.4725 -0.3037 0.8273
vn -0.4719 -0.3049 0.8272
vn -0.2168 0.6106 0.7617
vn -0.6618 0.7481 -0.0485
vn -0.3627 -0.0688 0.9294
vn -0.1908 -0.0385 0.9809
vn 0.0632 0.9656 -0.2524
vn 0.0645 0.9647 -0.2554
vn 0.0585 0.9649 -0.2560
vn 0.3395 -0.3564 0.8705
vn 0.3400 -0.3559 0.8705
vn -0.2333 0.9703 0.0647
vn -0.2337 0.9697 0.0709
vn -0.8302 0.4395 0.3430
vn -0.8329 0.4367 0.3400
vn -0.8327 0.4354 0.3422
vn 0.4522 -0.8078 0.3782
vn 0.4539 -0.8076 0.3765
vn 0.6081 -0.7895 -0.0829
vn 0.6093 -0.7881 -0.0874
vn 0.6121 -0.7856 -0.0901
vn 0.6069 -0.7275 0.3201
vn 0.6073 -0.7277 0.3188
vn -0.8845 0.4402 -0.1547
vn -0.8849 0.4399 -0.1534
vn -0.8871 0.4361 -0.1512
vn -0.1761 -0.9844 0.0019
vn -0.1733 -0.9848 0.0126
vn -0.1778 -0.9840 0.0074
vn -0.4294 -0.6724 0.6029
vn -0.6374 -0.7659 0.0846
vn 0.0077 0.4865 0.8736
vn 0.0051 0.4845 0.8747
vn 0.0096 0.4897 0.8718
vn -0.8313 0.4308 0.3511
vn -0.8340 0.4287 0.3473
vn -0.8610 -0.4338 0.2656
vn 0.4467 0.0100 0.8947
vn -0.8430 0.4777 0.2473
vn -0.8418 0.4782 0.2505
vn -0.8409 0.4778 0.2543
vn 0.7616 0.2463 0.5994
vn 0.7615 0.2425 0.6011
vn 0.7608 0.2420 0.6022
vn -0.6917 0.7212 -0.0371
vn -0.6974 0.7157 -0.0364
vn -0.6946 0.7186 -0.0340
vn -0.7657 -0.6424 -0.0308
vn -0.9673 -0.2070 0.1468
vn -0.9695 -0.1953 0.1481
vn -0.9692 -0.2004 0.1433
vn -0.0189 0.4879 0.8727
vn -0.0201 0.4920 0.8703
vn -0.0199 0.4863 0.8736
vn -0.0702 -0.5033 0.8613
vn 0.5387 0.8185 0.1995
vn 0.5382 0.8208 0.1913
vn 0.5352 0.8221 0.1941
vn -0.7837 0.5997 0.1617
vn -0.5868 -0.5577 0.5870
vn -0.0227 0.5738 0.8187
vn -0.0240 0.5735 0.8188
vn -0.0226 0.5704 0.8211
vn 0.7873 -0.0278 0.6159
vn -0.6041 0.7637 -0.2276
vn -0.9186 -0.2971 0.2605
vn -0.9187 -0.2970 0.2605
vn -0.9178 -0.3966 -0.0177
vn -0.8765 0.3207 -0.3590
vn -0.8757 0.3185 -0.3630
vn -0.8776 0.3147 -0.3617
vn -0.0662 0.9427 0.3269
vn -0.0708 0.9426 0.3263
vn -0.0682 0.9443 0.3219
vn -0.7664 0.5305 -0.3623
vn -0.7659 0.5308 -0.3627
vn -0.7702 0.5266 -0.3598
vn -0.0969 0.9949 -0.0283
vn -0.0987 0.9947 -0.0285
vn -0.0996 0.9946 -0.0296
vn -0.7524 0.6579 -0.0337
vn 0.0268 0.9622 0.2712
vn 0.0217 0.9621 0.2718
vn 0.0215 0.9608 0.2766
vn -0.8934 0.3616 -0.2668
vn -0.8914 -0.3060 -0.3342
vn -0.8906 -0.3042 -0.3380
vn -0.8855 -0.3117 -0.3446
vn 0.3228 0.1644 0.9321
vn 0.3193 0.1625 0.9336
vn 0.3253 0.1612 0.9318
vn -0.3970 0.9047 0.1545
vn -0.2290 0.8938 0.3856
vn 0.4268 -0.7127 0.5567
vn -0.6662 0.7397 -0.0951
vn 0.1504 0.9746 0.1662
vn 0.1669 -0.2843 0.9441
vn 0.2089 -0.7184 0.6636
vn 0.2131 -0.7147 0.6661
vn 0.2152 -0.7167 0.6634
vn -0.8352 0.2733 -0.4773
vn -0.8361 0.2763 -0.4740
vn -0.8344 0.2765 -0.4767
vn -0.6164 0.7874 0.0097
vn 0.5036 -0.6031 0.6186
vn 0.5039 -0.6039 0.6176
vn 0.5043 -0.6032 0.6179
vn -0.8722 -0.4811 0.0882
vn 0.1587 -0.6967 0.6996
vn 0.1584 -0.6926 0.7037
vn 0.1542 -0.6991 0.6982
vn 0.2365 0.7952 0.5583
vn -0.9813 0.0235 0.1911
vn 0.6275 -0.2993 0.7188
vn 0.6539 0.5226 0.5471
vn 0.6515 0.5199 0.5525
vn 0.6550 0.5152 0.5528
vn 0.1783 0.9796 0.0923
vn 0.1801 0.9793 0.0927
vn 0.1784 0.9797 0.0919
vn 0.2424 -0.4151 0.8769
vn 0.2473 -0.4157 0.8752
vn 0.2474 -0.4123 0.8768
vn -0.1354 -0.4364 0.8895
vn -0.1351 -0.4364 0.8896
vn -0.1353 -0.4364 0.8895
vn -0.1506 0.7803 0.6070
vn -0.7952 -0.4965 -0.3481
vn -0.3991 0.9169 0.0050
vn -0.3990 0.9169 0.0050
vn -0.9390 -0.2013 -0.2789
vn -0.9393 -0.2014 -0.2777
vn -0.9384 -0.2003 -0.2815
vn 0.2094 0.9322 0.2953
vn 0.2080 0.9336 0.2916
vn 0.2098 0.9344 0.2879
vn -0.0902 0.1546 0.9839
vn 0.3155 -0.7670 0.5587
vn 0.3158 -0.7670 0.5585
vn 0.3158 -0.7670 0.5586
vn -0.8029 0.5957 0.0230
vn -0.2074 -0.9708 -0.1204
vn -0.2057 -0.9707 -0.1241
vn -0.2018 -0.9716 -0.1237
vn 0.3571 0.2617 0.8966
vn -0.9912 -0.0766 -0.1083
vn -0.4989 -0.3727 0.7824
vn -0.4988 -0.3770 0.7804
vn -0.4960 -0.3754 0.7829
vn -0.9356 -0.3126 -0.1639
vn -0.9379 -0.3067 -0.1620
vn -0.9348 -0.3115 -0.1705
vn 0.1622 0.9146 0.3704
vn 0.2899 0.9525 0.0938
vn 0.2845 0.9545 0.0891
vn 0.2852 0.9542 0.0908
vn -0.7992 0.5163 -0.3079
vn -0.7992 0.5162 -0.3079
vn -0.7975 0.5173 -0.3105
vn 0.4510 0.0224 0.8922
vn -0.4019 0.8585 0.3186
vn -0.4014 0.8581 0.3202
vn -0.3998 0.8588 0.3202
vn -0.4054 -0.9006 0.1570
vn -0.4333 -0.8432 -0.3183
vn -0.4347 -0.8425 -0.3182
vn -0.4328 -0.8426 -0.3205
vn -0.6195 -0.7660 -0.1714
vn -0.6211 -0.7673 -0.1597
vn -0.6222 -0.7651 -0.1656
vn 0.6685 0.5885 0.4547
vn 0.6675 0.5838 0.4622
vn 0.6749 0.5813 0.4546
vn -0.8976 -0.2367 -0.3719
vn -0.8965 -0.2384 -0.3735
vn -0.8960 -0.2409 -0.3729
vn -0.2406 -0.9520 0.1894
vn -0.2352 -0.9518 0.1970
vn -0.2310 -0.9539 0.1918
vn -0.4255 -0.8775 0.2212
vn -0.4229 -0.8775 0.2263
vn -0.4259 -0.8764 0.2246
vn 0.1869 0.9745 0.1240
vn 0.1817 0.9756 0.1231
vn 0.1848 0.9753 0.1207
vn 0.4616 -0.5378 0.7054
vn 0.4615 -0.5378 0.7055
vn 0.4616 -0.5378 0.7055
vn -0.4221 0.8474 0.3221
vn -0.4207 0.8490 0.3197
vn 0.5217 0.1986 0.8297
vn 0.0749 -0.0549 0.9957
vn -0.6769 0.5280 -0.5129
vn -0.6805 0.5216 -0.5147
vn -0.6779 0.5303 -0.5092
vn 0.6049 0.3661 0.7071
vn 0.4271 0.4744 0.7697
vn 0.4245 0.4721 0.7726
vn 0.4232 0.4687 0.7754
vn -0.5532 -0.6171 0.5596
vn -0.7793 0.5404 -0.3174
vn -0.3900 0.9208 0.0067
vn -0.3858 0.9225 0.0086
vn -0.3786 0.9256 0.0011
vn -0.7757 0.6246 -0.0906
vn -0.7730 0.6275 -0.0934
vn -0.7725 0.6271 -0.1002
vn -0.7434 -0.5675 0.3541
vn -0.0463 0.8021 -0.5954
vn -0.0561 0.8029 -0.5935
vn -0.0497 0.8051 -0.5910
vn 0.1037 0.9326 -0.3458
vn 0.0999 0.9335 -0.3444
vn 0.1024 0.9344 -0.3412
vn 0.0036 0.9930 -0.1180
vn -0.0026 0.9925 -0.1221
vn -0.0054 0.9929 -0.1187
vn -0.7276 0.6855 -0.0266
vn -0.8288 0.2296 -0.5102
vn -0.8318 0.2246 -0.5075
vn -0.8251 0.2323 -0.5151
vn 0.1905 -0.8749 0.4453
vn 0.1911 -0.8762 0.4424
vn 0.1942 -0.8760 0.4415
vn 0.3712 -0.4253 0.8254
vn 0.3729 -0.4253 0.8247
vn 0.3716 -0.4266 0.8246
vn 0.0808 -0.0819 0.9934
vn 0.5823 0.5349 0.6122
vn -0.9438 -0.2132 -0.2526
vn -0.8256 0.5436 0.1509
vn -0.1417 -0.9804 0.1371
vn -0.1422 -0.9802 0.1375
vn -0.1427 -0.9801 0.1376
vn -0.9355 -0.0611 -0.3480
vn -0.2842 0.9266 -0.2463
vn -0.2894 0.9254 -0.2447
vn 0.6187 0.4515 0.6430
vn -0.6226 -0.3636 -0.6929
vn 0.7514 0.2515 0.6101
vn 0.8004 0.0012 0.5995
vn 0.7935 -0.4924 0.3577
vn 0.7927 -0.4927 0.3589
vn 0.7922 -0.4940 0.3582
vn -0.3566 -0.8002 -0.4822
vn 0.2140 0.6307 0.7460
vn -0.2455 0.8276 0.5048
vn -0.2492 0.8229 0.5106
vn -0.2414 0.8267 0.5083
vn -0.6551 0.5000 -0.5664
vn -0.6562 0.4954 -0.5692
vn -0.6577 0.5003 -0.5631
vn 0.5228 0.7122 0.4686
vn -0.6081 0.5361 -0.5856
vn -0.6144 0.5350 -0.5799
vn -0.6111 0.5408 -0.5781
vn 0.6238 -0.6629 0.4141
vn 0.6239 -0.6629 0.4139
vn -0.4178 -0.9053 0.0764
vn -0.4241 -0.9024 0.0765
vn -0.4211 -0.9040 0.0741
vn 0.3978 -0.3107 0.8633
vn 0.3942 -0.3088 0.8656
vn 0.3950 -0.3113 0.8644
vn 0.8348 -0.3506 0.4245
vn -0.2345 0.9443 -0.2310
vn -0.2303 0.9457 -0.2295
vn -0.2303 0.9446 -0.2340
vn 0.8950 -0.2767 0.3499
vn 0.8951 -0.2768 0.3496
vn 0.5239 0.5990 0.6056
vn 0.6513 0.6097 0.4517
vn 0.6512 0.6097 0.4519
vn -0.8292 -0.5467 0.1161
vn -0.8291 -0.5469 0.1161
vn -0.8292 -0.5468 0.1161
vn 0.6463 -0.5013 0.5753
vn -0.5869 0.6704 -0.4540
vn -0.6175 -0.7866 -0.0022
vn -0.0718 -0.9736 -0.2166
vn -0.0692 -0.9732 -0.2192
vn -0.0724 -0.9726 -0.2208
vn 0.0149 -0.9996 0.0226
vn -0.6149 -0.4372 -0.6563
vn -0.6142 -0.4364 -0.6575
vn -0.6137 -0.4374 -0.6573
vn 0.6922 0.5203 0.5002
vn -0.3222 0.7185 -0.6164
vn -0.1192 0.9271 0.3553
vn -0.7511 -0.3477 -0.5613
vn -0.7539 -0.3454 -0.5589
vn -0.8118 -0.1192 -0.5717
vn -0.8142 -0.1170 -0.5687
vn -0.8141 -0.1131 -0.5696
vn -0.7363 0.1621 -0.6570
vn 0.2140 -0.4674 0.8578
vn 0.2139 -0.4668 0.8581
vn 0.2141 -0.4667 0.8581
vn -0.7383 0.5459 -0.3961
vn -0.7430 0.5424 -0.3921
vn -0.7402 0.5480 -0.3896
vn -0.3949 0.8750 0.2801
vn -0.3950 0.8749 0.2801
vn 0.4259 0.7369 0.5249
vn 0.4213 0.7336 0.5332
vn 0.4246 0.7338 0.5303
vn 0.7181 -0.1745 0.6737
vn 0.7153 -0.1733 0.6770
vn 0.7168 -0.1768 0.6745
vn 0.6054 -0.6987 0.3812
vn 0.6057 -0.6987 0.3808
vn 0.6052 -0.6989 0.3811
vn -0.9673 -0.2462 0.0609
vn -0.9664 -0.2492 0.0629
vn -0.9672 -0.2457 0.0652
vn -0.0968 0.9767 -0.1915
vn 0.8474 -0.2904 0.4446
vn 0.8488 -0.2276 0.4772
vn 0.6131 0.1726 0.7709
vn 0.7266 -0.2068 0.6552
vn 0.7239 -0.2066 0.6583
vn 0.7210 -0.2082 0.6610
vn -0.0640 0.8657 0.4964
vn -0.0653 0.8626 0.5017
vn -0.0606 0.8607 0.5055
vn 0.6149 0.3530 0.7052
vn -0.9988 0.0314 -0.0375
vn 0.1521 -0.5676 -0.8092
vn -0.7567 0.6415 0.1259
vn -0.7584 0.6401 0.1230
vn -0.7561 0.6416 0.1289
vn 0.0591 -0.2453 0.9676
vn 0.2145 0.9767 0.0022
vn -0.1020 0.9946 -0.0188
vn -0.1062 0.9942 -0.0155
vn -0.0971 0.9951 -0.0167
vn -0.6437 -0.4043 -0.6498
vn -0.6485 -0.4027 -0.6459
vn -0.6426 -0.4075 -0.6488
vn 0.6088 -0.0696 0.7902
vn 0.5288 0.6884 0.4964
vn 0.5316 0.6836 0.5001
vn 0.5365 0.6798 0.5000
vn -0.0441 0.9870 0.1542
vn -0.0424 0.9872 0.1537
vn -0.0421 0.9877 0.1506
vn -0.3705 0.2178 -0.9029
vn 0.1017 -0.7381 0.6670
vn 0.2728 0.2094 0.9390
vn 0.2691 0.2193 0.9378
vn 0.2730 0.2147 0.9377
vn -0.7668 0.6162 -0.1797
vn -0.1630 -0.9589 -0.2324
vn -0.1643 -0.9595 -0.2289
vn -0.1611 -0.9604 -0.2272
vn 0.6989 0.6423 0.3146
vn 0.6902 0.6515 0.3150
vn 0.6949 0.6458 0.3164
vn 0.2239 -0.4006 0.8885
vn 0.2197 -0.3970 0.8911
vn 0.2138 -0.3986 0.8918
vn -0.5741 -0.1457 -0.8058
vn -0.5757 -0.1456 -0.8046
vn -0.5750 -0.1446 -0.8053
vn -0.4888 0.8569 0.1636
vn 0.5362 0.5667 0.6256
vn 0.3981 0.9173 0.0046
vn 0.3963 0.9181 0.0027
vn 0.3999 0.9165 0.0084
vn 0.1787 0.8989 0.4001
vn 0.6592 -0.6763 0.3289
vn 0.6595 -0.6759 0.3290
vn -0.8938 0.3034 -0.3302
vn 0.4393 -0.7318 0.5209
vn 0.4386 -0.7317 0.5218
vn 0.4375 -0.7323 0.5219
vn -0.8795 0.4299 -0.2041
vn -0.8795 0.4299 -0.2040
vn 0.4301 0.3343 0.8386
vn 0.7063 0.6107 0.3580
vn -0.6080 0.2300 -0.7599
vn -0.6020 0.2334 -0.7636
vn -0.6115 0.2283 -0.7576
vn -0.7158 0.6982 -0.0100
vn 0.3887 -0.9133 -0.1215
vn 0.3860 -0.9157 -0.1119
vn 0.3862 -0.9145 -0.1206
vn 0.6610 0.7434 -0.1020
vn 0.6601 0.7438 -0.1049
vn 0.6577 0.7458 -0.1063
vn -0.6969 0.6825 -0.2206
vn -0.6987 0.6813 -0.2184
vn -0.6990 0.6799 -0.2217
vn 0.5664 -0.2202 0.7942
vn 0.5664 -0.2201 0.7942
vn -0.8313 -0.5525 -0.0603
vn -0.3831 -0.4539 -0.8045
vn 0.1217 0.9295 0.3482
vn 0.1241 0.9280 0.3513
vn 0.1236 0.9288 0.3493
vn -0.5417 -0.8378 0.0673
vn -0.5413 -0.8377 0.0725
vn -0.5461 -0.8351 0.0662
vn -0.8034 -0.4379 -0.4035
vn -0.8045 -0.4384 -0.4008
vn -0.8058 -0.4360 -0.4008
vn -0.4611 -0.0837 -0.8834
vn 0.6119 -0.7188 0.3299
vn -0.6558 0.6021 -0.4554
vn -0.6532 0.6070 -0.4527
vn -0.6528 0.6016 -0.4604
vn 0.4548 0.4335 0.7780
vn 0.0616 0.8790 -0.4729
vn 0.0651 0.8811 -0.4685
vn 0.0712 0.8792 -0.4711
vn 0.0229 -0.6906 -0.7229
vn 0.0198 -0.6908 -0.7227
vn 0.0239 -0.6884 -0.7250
vn 0.9010 -0.0758 0.4272
vn 0.5868 0.5396 0.6037
vn 0.5869 0.5396 0.6037
vn 0.3956 0.9036 -0.1643
vn 0.4010 0.9015 -0.1629
vn 0.3987 0.9019 -0.1661
vn 0.0059 0.9960 0.0886
vn 0.0102 0.9959 0.0900
vn 0.0141 0.9960 0.0877
vn -0.1052 0.0430 0.9935
vn -0.1082 0.0483 0.9930
vn -0.1045 0.0469 0.9934
vn 0.3647 0.7442 0.5596
vn 0.3575 0.7509 0.5554
vn 0.3604 0.7455 0.5606
vn -0.1672 0.9755 -0.1428
vn -0.4236 0.8541 -0.3018
vn -0.4233 0.8512 -0.3101
vn -0.4267 0.8513 -0.3052
vn -0.9460 0.1974 -0.2571
vn -0.9477 0.1932 -0.2540
vn -0.9457 0.1978 -0.2581
vn -0.1091 0.9539 -0.2795
vn 0.6908 0.6317 0.3518
vn -0.9919 -0.0322 -0.1233
vn 0.3681 -0.7308 0.5748
vn 0.3679 -0.7309 0.5748
vn 0.3680 -0.7308 0.5748
vn 0.2539 -0.9090 0.3305
vn 0.2484 -0.9089 0.3349
vn 0.2484 -0.9119 0.3267
vn 0.7729 0.6292 0.0815
vn 0.7739 0.6284 0.0791
vn 0.7736 0.6287 0.0794
vn -0.1442 0.9670 0.2099
vn 0.9446 0.0310 0.3267
vn 0.9482 0.0242 0.3168
vn 0.9467 0.0295 0.3208
vn -0.4832 -0.7475 -0.4558
vn 0.6347 0.5757 0.5155
vn 0.6356 0.5726 0.5178
vn 0.6392 0.5727 0.5132
vn 0.3540 -0.7294 0.5853
vn -0.8011 -0.5730 0.1726
vn -0.4076 0.8726 -0.2691
vn -0.4064 0.8731 -0.2692
vn -0.4071 0.8732 -0.2680
vn -0.8611 -0.0451 -0.5065
vn -0.8623 -0.0443 -0.5045
vn -0.8631 -0.0426 -0.5033
vn -0.8730 -0.0697 -0.4826
vn -0.8738 -0.0641 -0.4821
vn -0.8730 -0.0584 -0.4843
vn -0.8006 0.5495 -0.2390
vn 0.8137 -0.5119 0.2755
vn 0.7636 -0.5836 0.2763
vn 0.7637 -0.5833 0.2767
vn -0.3956 0.6351 -0.6634
vn -0.4013 0.6296 -0.6653
vn -0.4027 0.6345 -0.6597
vn -0.7345 0.3725 -0.5672
vn -0.8855 -0.3425 -0.3139
vn 0.6122 0.0850 0.7861
vn 0.6122 0.0851 0.7861
vn 0.6122 0.0852 0.7861
vn -0.4606 -0.7688 -0.4436
vn 0.9229 -0.1035 0.3709
vn 0.9213 -0.1007 0.3756
vn 0.9209 -0.1009 0.3766
vn -0.8291 -0.4969 -0.2563
vn -0.8349 0.5148 -0.1944
vn -0.2940 0.8738 -0.3873
vn 0.8852 0.2556 0.3887
vn 0.8242 0.0502 0.5641
vn 0.2280 -0.7258 0.6490
vn 0.2336 -0.7265 0.6462
vn 0.2211 -0.7279 0.6491
vn -0.6618 0.1425 -0.7360
vn 0.4009 0.9161 -0.0100
vn 0.4065 0.9136 -0.0061
vn 0.4037 0.9149 -0.0066
vn 0.7945 0.5214 0.3114
vn 0.7954 0.5195 0.3121
vn -0.1278 -0.9323 0.3383
vn -0.1279 -0.9323 0.3384
vn -0.5558 -0.8258 -0.0956
vn -0.5559 -0.8255 -0.0975
vn -0.6334 0.7685 -0.0904
vn -0.6295 0.7720 -0.0877
vn -0.6252 0.7757 -0.0864
vn 0.9402 0.1462 0.3076
vn 0.9421 0.1396 0.3050
vn 0.9432 0.1450 0.2990
vn 0.2015 0.9749 0.0948
vn 0.5941 0.7879 -0.1623
vn 0.4923 0.6488 0.5803
vn 0.9668 -0.2387 0.0912
vn 0.9668 -0.2380 0.0931
vn 0.9665 -0.2386 0.0942
vn 0.5901 0.1058 0.8004
vn 0.5898 0.1057 0.8006
vn -0.4128 -0.4437 -0.7954
vn 0.2183 0.8765 -0.4291
vn 0.2124 0.8819 -0.4208
vn 0.2194 0.8794 -0.4226
vn 0.7848 0.2325 0.5745
vn 0.1187 0.9922 -0.0390
vn 0.1149 0.9925 -0.0414
vn 0.1165 0.9924 -0.0389
vn 0.8620 -0.1289 0.4902
vn -0.3098 0.8816 -0.3561
vn 0.1729 0.9813 0.0849
vn 0.1763 0.9804 0.0881
vn 0.1784 0.9804 0.0839
vn 0.4442 0.8718 -0.2066
vn 0.4158 0.9070 -0.0668
vn 0.4123 0.9087 -0.0655
vn 0.4166 0.9068 -0.0653
vn -0.4773 -0.5369 -0.6957
vn -0.4771 -0.5371 -0.6957
vn -0.4768 -0.5364 -0.6964
vn 0.4314 -0.7343 0.5241
vn 0.4269 -0.7358 0.5257
vn 0.4292 -0.7324 0.5285
vn 0.7354 -0.6516 -0.1858
vn -0.6808 0.2663 -0.6823
vn -0.6843 0.2646 -0.6795
vn -0.6809 0.2708 -0.6805
vn 0.0487 0.9983 -0.0328
vn -0.7725 0.6333 0.0454
vn 0.7682 -0.5739 0.2837
vn 0.7669 -0.5739 0.2871
vn 0.7671 -0.5746 0.2852
vn 0.3486 0.5120 0.7851
vn 0.3470 0.5145 0.7841
vn 0.2235 0.5810 0.7826
vn 0.4060 0.8731 -0.2700
vn 0.4055 0.8754 -0.2632
vn 0.4087 0.8720 -0.2694
vn 0.4059 -0.8425 0.3541
vn -0.4363 -0.4189 -0.7963
vn 0.9110 0.3716 0.1787
vn 0.9123 0.3701 0.1753
vn 0.9125 0.3713 0.1716
vn 0.6868 0.5309 0.4964
vn 0.6869 0.5302 0.4970
vn -0.0794 -0.8423 -0.5331
vn 0.6936 -0.3201 0.6454
vn 0.6936 -0.3215 0.6446
vn 0.6928 -0.3206 0.6459
vn -0.0656 -0.7465 -0.6621
vn -0.0624 -0.7512 -0.6571
vn -0.0698 -0.7498 -0.6580
vn -0.0869 0.3908 -0.9164
vn -0.6864 -0.2089 -0.6966
vn -0.6861 -0.2050 -0.6981
vn -0.6812 -0.2029 -0.7034
vn -0.0689 0.9428 0.3261
vn -0.0698 0.9392 0.3363
vn -0.0691 0.9415 0.3298
vn -0.7022 -0.0591 -0.7096
vn -0.6805 -0.2125 -0.7012
vn -0.6832 -0.2106 -0.6992
vn -0.6793 -0.2183 -0.7007
vn 0.6999 0.6515 0.2929
vn 0.4821 0.8706 0.0977
vn 0.4822 0.8706 0.0976
vn 0.4821 0.8707 0.0974
vn -0.0464 0.9274 -0.3711
vn -0.0504 0.9274 -0.3707
vn -0.0496 0.9282 -0.3688
vn 0.6879 -0.5365 0.4889
vn 0.6889 -0.5349 0.4891
vn 0.9214 -0.3876 -0.0269
vn 0.3784 0.6859 -0.6215
vn 0.3800 0.6870 -0.6194
vn 0.6961 -0.7172 -0.0342
vn 0.8854 -0.1228 0.4483
vn 0.8846 -0.1227 0.4500
vn 0.8827 -0.1257 0.4528
vn 0.2210 0.8237 -0.5221
vn 0.2237 0.8229 -0.5224
vn 0.2218 0.8226 -0.5236
vn -0.0692 -0.8424 -0.5343
vn -0.5865 0.4023 -0.7030
vn 0.7610 0.6468 0.0513
vn 0.8568 0.3976 0.3283
vn -0.0679 0.9527 0.2963
vn -0.0691 0.9546 0.2899
vn -0.0742 0.9515 0.2985
vn 0.9141 -0.3444 0.2141
vn -0.0964 -0.4636 -0.8808
vn -0.2596 0.9355 -0.2396
vn -0.2560 0.9351 -0.2449
vn -0.2593 0.9347 -0.2430
vn 0.3804 0.8452 -0.3753
vn 0.3809 0.8440 -0.3777
vn 0.3807 0.8445 -0.3766
vn 0.4935 0.6772 0.5458
vn 0.4934 0.6773 0.5458
vn 0.6604 -0.5533 0.5077
vn 0.6606 -0.5533 0.5075
vn 0.6605 -0.5533 0.5076
vn -0.1457 -0.3406 -0.9288
vn -0.1460 -0.3401 -0.9290
vn 0.3898 0.8142 0.4303
vn -0.4579 -0.4528 -0.7651
vn 0.8439 0.4385 0.3091
vn 0.8443 0.4387 0.3078
vn 0.8445 0.4377 0.3087
vn -0.1209 0.7746 -0.6209
vn -0.3630 0.3807 -0.8505
vn 0.1869 0.9666 -0.1751
vn 0.8814 0.3462 0.3213
vn 0.8817 0.3485 0.3181
vn 0.8803 0.3497 0.3206
vn 0.7608 0.5219 0.3857
vn 0.7615 0.5242 0.3813
vn 0.7641 0.5174 0.3853
vn -0.1005 0.9633 0.2491
vn -0.1074 0.9626 0.2488
vn -0.1035 0.9631 0.2483
vn -0.6818 -0.0312 -0.7308
vn -0.6844 -0.0293 -0.7285
vn -0.6844 -0.0264 -0.7286
vn -0.3579 -0.0081 -0.9337
vn -0.3606 -0.0091 -0.9327
vn -0.3596 -0.0077 -0.9331
vn 0.5677 -0.7097 0.4172
vn 0.5676 -0.7098 0.4172
vn 0.8205 0.5696 0.0477
vn 0.8188 0.5715 0.0535
vn 0.8220 0.5675 0.0473
vn -0.3836 0.3876 -0.8382
vn -0.3874 0.3823 -0.8389
vn -0.3895 0.3875 -0.8355
vn 0.8719 -0.2117 -0.4416
vn 0.7248 -0.2203 -0.6528
vn 0.0423 0.9517 0.3042
vn 0.0328 0.9543 0.2972
vn 0.0363 0.9529 0.3011
vn -0.4899 0.3154 -0.8128
vn -0.4952 0.3137 -0.8101
vn -0.4927 0.3180 -0.8100
vn 0.9572 -0.2834 0.0582
vn 0.1996 -0.8975 -0.3933
vn 0.6175 -0.2334 0.7512
vn 0.9048 0.1690 0.3908
vn 0.9031 0.1695 0.3945
vn 0.9032 0.1662 0.3957
vn 0.0833 0.8417 -0.5334
vn 0.0798 0.8436 -0.5310
vn 0.0806 0.8439 -0.5304
vn -0.2406 0.7955 -0.5561
vn -0.2373 0.7972 -0.5552
vn -0.2348 0.7999 -0.5522
vn 0.8920 0.3513 0.2844
vn 0.8916 0.3529 0.2836
vn 0.8929 0.3525 0.2802
vn 0.9951 0.0091 0.0987
vn 0.9952 0.0146 0.0969
vn 0.9947 0.0175 0.1018
vn 0.9202 0.2873 -0.2658
vn 0.9194 0.2888 -0.2671
vn 0.9188 0.2916 -0.2660
vn -0.6218 0.3782 -0.6858
vn -0.1882 0.7993 -0.5707
vn 0.0301 0.8426 -0.5376
vn 0.0299 0.8430 -0.5371
vn 0.0303 0.8430 -0.5371
vn -0.9052 -0.1446 -0.3997
vn -0.9045 -0.1485 -0.3998
vn -0.9057 -0.1469 -0.3976
vn -0.5401 0.6268 -0.5616
vn 0.3578 0.8308 0.4264
vn -0.5223 0.4896 -0.6983
vn -0.5212 0.4902 -0.6986
vn -0.5207 0.4895 -0.6994
vn 0.3811 0.9244 -0.0130
vn 0.3794 0.9252 -0.0007
vn 0.3849 0.9230 -0.0061
vn -0.1549 0.9712 -0.1811
vn -0.1527 0.9694 -0.1922
vn -0.1564 0.9697 -0.1877
vn -0.1294 -0.5005 -0.8560
vn -0.3284 0.8290 -0.4527
vn -0.3364 0.8262 -0.4519
vn -0.3326 0.8291 -0.4494
vn -0.7304 -0.6021 -0.3225
vn 0.8740 -0.4778 0.0883
vn -0.4234 0.7730 -0.4724
vn -0.4144 0.7742 -0.4784
vn -0.4213 0.7697 -0.4796
vn 0.9198 0.2285 0.3190
vn 0.9193 0.2300 0.3194
vn 0.9197 0.2265 0.3206
vn 0.2437 0.8228 -0.5135
vn 0.4579 0.8686 0.1892
vn 0.4558 0.8702 0.1874
vn 0.4579 0.8678 0.1928
vn 0.6546 0.5814 0.4832
vn 0.6602 0.6483 -0.3792
vn 0.6617 0.6471 -0.3787
vn 0.6606 0.6473 -0.3803
vn -0.3829 0.9056 -0.1825
vn -0.3829 0.9055 -0.1827
vn -0.3829 0.9056 -0.1826
vn 0.7289 -0.6396 0.2442
vn 0.7317 -0.6347 0.2485
vn 0.7300 -0.6339 0.2553
vn 0.6852 -0.5151 0.5150
vn 0.7604 0.5849 0.2823
vn -0.0378 0.7917 -0.6098
vn -0.3019 -0.8855 -0.3532
vn -0.5569 0.6280 -0.5436
vn 0.2618 0.9160 -0.3038
vn 0.3223 0.9051 -0.2772
vn -0.0666 0.9482 0.3106
vn -0.0652 0.9488 0.3090
vn -0.0684 0.9484 0.3096
vn 0.7330 0.5438 0.4087
vn -0.1180 -0.4750 -0.8720
vn -0.1170 -0.4809 -0.8689
vn 0.0890 0.9792 -0.1821
vn 0.0865 0.9793 -0.1830
vn 0.0850 0.9788 -0.1861
vn -0.5517 -0.4686 -0.6900
vn -0.5517 -0.4687 -0.6899
vn -0.5516 -0.4685 -0.6901
vn -0.0627 0.4394 -0.8961
vn -0.0644 0.4349 -0.8982
vn -0.0644 0.4440 -0.8937
vn 0.5067 0.6272 -0.5915
vn 0.5093 0.6271 -0.5893
vn 0.5054 0.6243 -0.5957
vn 0.9813 -0.0946 -0.1675
vn 0.9819 -0.0963 -0.1630
vn 0.9822 -0.0913 -0.1639
vn 0.5390 -0.8410 0.0468
vn 0.9117 -0.1444 0.3847
vn -0.5861 -0.4031 -0.7029
vn -0.5906 -0.4017 -0.6999
vn -0.5808 -0.4026 -0.7075
vn -0.5737 0.4466 -0.6866
vn -0.5747 0.4447 -0.6870
vn 0.0566 0.9947 0.0864
vn 0.0567 0.9947 0.0863
vn 0.7620 -0.5817 -0.2846
vn 0.7619 -0.5827 -0.2828
vn 0.7539 0.6427 0.1365
vn -0.5444 -0.3290 -0.7716
vn -0.0321 -0.6903 -0.7228
vn 0.4985 -0.7279 0.4708
vn -0.2514 -0.1083 -0.9618
vn -0.2471 -0.1069 -0.9631
vn -0.2532 -0.1125 -0.9608
vn 0.9002 0.3762 0.2195
vn 0.9042 0.3695 0.2141
vn 0.9021 0.3744 0.2145
vn 0.8732 -0.3368 0.3524
vn 0.8739 -0.3366 0.3506
vn 0.8715 -0.3420 0.3515
vn 0.7321 0.0413 0.6799
vn 0.6063 0.7946 -0.0301
vn 0.6092 0.7926 -0.0246
vn 0.6074 0.7938 -0.0304
vn 0.9864 -0.0932 0.1351
vn 0.7473 0.2142 0.6290
vn 0.7467 0.2085 0.6317
vn 0.7507 0.2084 0.6269
vn 0.4838 0.7806 0.3957
vn 0.1025 -0.3462 -0.9325
vn 0.1082 -0.3448 -0.9324
vn 0.0991 -0.3509 -0.9312
vn 0.1600 0.7412 -0.6520
vn 0.1621 0.7402 -0.6525
vn 0.1622 0.7388 -0.6542
vn -0.2558 -0.5926 -0.7638
vn -0.2175 0.8786 -0.4251
vn -0.2121 0.8840 -0.4167
vn -0.2135 0.8812 -0.4217
vn -0.3246 0.7367 -0.5933
vn -0.5018 0.0116 -0.8649
vn -0.4996 0.0070 -0.8663
vn -0.5047 0.0075 -0.8632
vn 0.8547 0.3113 -0.4155
vn -0.0408 -0.7225 -0.6902
vn -0.0428 -0.7249 -0.6875
vn -0.2388 0.1393 -0.9610
vn -0.6605 0.1528 -0.7351
vn 0.6168 0.7762 0.1308
vn 0.6124 0.7799 0.1293
vn 0.6127 0.7786 0.1359
vn -0.2837 -0.4307 -0.8568
vn -0.2839 -0.4307 -0.8567
vn -0.2836 -0.4315 -0.8564
vn 0.0159 0.2828 -0.9591
vn -0.1936 -0.3100 -0.9308
vn -0.1952 -0.3110 -0.9302
vn -0.1884 -0.3098 -0.9319
vn 0.1388 0.7520 -0.6443
vn 0.6076 -0.4434 -0.6590
vn 0.6057 -0.4444 -0.6601
vn 0.6089 -0.4411 -0.6593
vn 0.8633 -0.0818 0.4980
vn 0.8628 -0.0838 0.4985
vn 0.8604 -0.0836 0.5027
vn 0.4310 0.9021 0.0188
vn 0.4327 0.9013 0.0209
vn 0.4346 0.9004 0.0191
vn 0.2074 0.9664 0.1517
vn 0.1628 0.9838 0.0748
vn 0.1581 0.9844 0.0775
vn 0.1664 0.9826 0.0827
vn -0.0281 -0.3342 -0.9421
vn -0.0248 -0.3314 -0.9432
vn -0.0290 -0.3304 -0.9434
vn 0.8403 -0.0569 0.5391
vn 0.8426 -0.0592 0.5353
vn 0.8422 -0.0557 0.5363
vn 0.8712 -0.4908 -0.0087
vn 0.6947 0.7179 -0.0439
vn 0.6923 0.7202 -0.0448
vn 0.6931 0.7195 -0.0442
vn -0.1564 0.7018 -0.6950
vn -0.3868 -0.8873 -0.2513
vn -0.3829 -0.8899 -0.2480
vn -0.3818 -0.8888 -0.2536
vn -0.4242 -0.6882 -0.5886
vn 0.9907 -0.1314 0.0352
vn -0.8177 -0.4832 -0.3127
vn -0.1987 -0.2135 -0.9565
vn 0.5294 -0.8369 -0.1390
vn 0.5288 -0.8373 -0.1390
vn 0.8787 0.3236 0.3510
vn 0.9935 0.1137 -0.0048
vn 0.4685 0.8567 0.2157
vn 0.4643 0.8575 0.2216
vn 0.4691 0.8551 0.2208
vn 0.2631 0.5885 -0.7645
vn -0.1280 0.7349 -0.6660
vn 0.8084 -0.5625 0.1733
vn 0.1884 -0.7656 -0.6151
vn 0.1935 -0.7678 -0.6108
vn 0.1905 -0.7671 -0.6126
vn -0.4448 0.1745 -0.8785
vn -0.4407 0.1750 -0.8804
vn -0.4453 0.1699 -0.8791
vn -0.0372 0.3998 -0.9158
vn -0.2770 0.6801 -0.6788
vn 0.9401 -0.3001 -0.1618
vn 0.9383 -0.3078 -0.1573
vn 0.9385 -0.3051 -0.1617
vn 0.9660 -0.2583 -0.0131
vn 0.9660 -0.2584 -0.0130
vn 0.6538 0.6155 -0.4401
vn 0.1215 -0.4570 -0.8811
vn 0.1221 -0.4511 -0.8841
vn 0.1219 -0.4561 -0.8815
vn 0.7384 0.5996 0.3087
vn 0.7382 0.5996 0.3092
vn -0.0861 0.6212 -0.7789
vn -0.2488 -0.6151 -0.7481
vn 0.8658 0.4928 -0.0873
vn 0.8098 -0.0879 -0.5801
vn 0.5588 -0.7671 -0.3151
vn 0.8274 0.5583 0.0612
vn 0.8261 0.5612 0.0518
vn 0.8253 0.5615 0.0593
vn -0.0289 -0.6891 -0.7241
vn -0.3319 0.1762 -0.9267
vn -0.2836 -0.3137 -0.9062
vn 0.5185 -0.7999 -0.3022
vn 0.0852 -0.9838 -0.1575
vn 0.8454 -0.5339 -0.0120
vn 0.8431 -0.5377 -0.0096
vn 0.8411 -0.5409 -0.0097
vn 0.8871 -0.4210 -0.1894
vn 0.8860 -0.4192 -0.1982
vn 0.8893 -0.4148 -0.1928
vn -0.3509 0.1005 -0.9310
vn -0.3450 0.1033 -0.9329
vn -0.3507 0.1001 -0.9311
vn 0.4732 -0.7611 -0.4438
vn 0.4768 -0.7621 -0.4380
vn 0.4774 -0.7655 -0.4314
vn 0.2732 -0.7933 -0.5441
vn -0.7283 -0.2994 -0.6163
vn -0.1000 0.5983 -0.7950
vn -0.0762 0.3650 -0.9279
vn 0.7279 -0.6595 -0.1878
vn 0.4936 0.7216 -0.4854
vn 0.5634 -0.7710 -0.2969
vn -0.2677 -0.2627 -0.9270
vn -0.2789 -0.2615 -0.9240
vn -0.2729 -0.2591 -0.9265
vn 0.4711 0.6138 -0.6335
vn 0.4695 0.6152 -0.6334
vn 0.4249 0.5911 -0.6856
vn 0.4205 0.5891 -0.6900
vn 0.4150 0.5921 -0.6908
vn -0.1833 0.3706 -0.9105
vn -0.1953 0.3714 -0.9077
vn -0.1947 0.3739 -0.9068
vn -0.0287 -0.1189 -0.9925
vn 0.5253 0.6294 -0.5727
vn 0.5223 0.6341 -0.5702
vn 0.5226 0.6380 -0.5656
vn -0.0309 -0.5358 -0.8438
vn -0.0385 -0.5335 -0.8450
vn -0.0389 -0.5409 -0.8402
vn 0.9117 0.2859 -0.2952
vn -0.2860 0.1115 -0.9517
vn -0.2892 0.1151 -0.9503
vn -0.2881 0.1104 -0.9512
vn 0.7317 0.5324 -0.4256
vn 0.9215 -0.2596 -0.2889
vn 0.6722 0.7026 -0.2334
vn -0.1465 -0.8237 -0.5478
vn -0.0517 0.6973 -0.7150
vn -0.1877 -0.1221 -0.9746
vn 0.5832 -0.7771 0.2368
vn 0.4061 0.6785 -0.6122
vn 0.4025 0.6818 -0.6108
vn 0.7517 0.5059 -0.4232
vn 0.9749 0.1658 0.1486
vn 0.8988 -0.2417 0.3657
vn 0.8988 -0.2417 0.3658
vn 0.9985 -0.0222 0.0508
vn 0.9990 -0.0146 0.0415
vn 0.9987 -0.0170 0.0473
vn 0.4902 -0.7592 0.4281
vn 0.4884 -0.7608 0.4273
vn 0.9505 0.1785 -0.2544
vn 0.8945 -0.4471 -0.0031
vn -0.1948 0.5420 -0.8175
vn -0.1992 0.5361 -0.8203
vn -0.2029 0.5438 -0.8143
vn -0.2090 0.8231 -0.5280
vn -0.2084 0.8181 -0.5360
vn -0.2129 0.8182 -0.5341
vn -0.0571 0.9590 -0.2776
vn -0.0579 0.9587 -0.2784
vn -0.0592 0.9588 -0.2778
vn 0.5901 -0.2713 -0.7604
vn 0.5897 -0.2659 -0.7626
vn 0.5895 -0.2668 -0.7624
vn -0.4097 0.7647 -0.4974
vn 0.2379 0.2615 -0.9354
vn -0.0425 0.7736 -0.6323
vn 0.8169 0.1432 -0.5587
vn -0.1451 -0.8222 -0.5504
vn -0.1451 -0.8221 -0.5505
vn -0.1451 -0.8222 -0.5503
vn 0.8925 0.4490 -0.0424
vn 0.8906 0.4525 -0.0452
vn -0.0375 -0.7405 -0.6710
vn 0.8326 0.3603 -0.4207
vn 0.8323 0.3632 -0.4188
vn 0.8333 0.3644 -0.4156
vn -0.0899 0.5776 -0.8114
vn -0.0913 0.5759 -0.8124
vn -0.0902 0.5795 -0.8100
vn 0.2803 0.9453 -0.1668
vn 0.2791 0.9445 -0.1730
vn 0.2727 0.9463 -0.1738
vn 0.8282 -0.5504 0.1057
vn -0.3321 -0.2340 -0.9138
vn 0.0395 -0.7064 -0.7067
vn 0.0450 -0.7090 -0.7038
vn 0.0415 -0.7060 -0.7070
vn 0.7539 -0.0338 -0.6561
vn 0.6868 0.7217 0.0870
vn 0.8347 0.5501 -0.0250
vn -0.3135 -0.0966 -0.9447
vn -0.3154 -0.0963 -0.9440
vn -0.3118 -0.0959 -0.9453
vn -0.1126 0.9835 -0.1414
vn -0.1056 0.9845 -0.1401
vn -0.1171 0.9822 -0.1469
vn 0.5760 -0.7206 -0.3859
vn 0.0525 -0.7262 -0.6855
vn -0.1271 -0.3746 -0.9184
vn 0.2231 -0.1471 -0.9636
vn 0.2204 -0.1445 -0.9646
vn 0.2291 -0.1488 -0.9620
vn 0.4149 0.5606 -0.7166
vn 0.0151 -0.9165 -0.3997
vn 0.9963 -0.0504 -0.0696
vn 0.7030 0.1826 -0.6873
vn 0.7028 0.1898 -0.6856
vn 0.7020 0.1863 -0.6874
vn -0.1823 0.1043 -0.9777
vn -0.1823 0.1009 -0.9780
vn -0.1769 0.1109 -0.9780
vn 0.2230 0.9744 -0.0269
vn 0.2231 0.9744 -0.0273
vn 0.2245 0.9741 -0.0280
vn 0.4001 0.8854 -0.2366
vn 0.4025 0.8843 -0.2366
vn 0.3982 0.8858 -0.2384
vn 0.7524 0.3257 -0.5725
vn 0.8736 0.2670 -0.4068
vn 0.5689 0.3299 -0.7533
vn -0.0597 -0.5380 -0.8408
vn -0.0662 -0.5390 -0.8397
vn -0.0636 -0.5362 -0.8417
vn 0.5298 0.0304 -0.8476
vn 0.5282 0.0271 -0.8487
vn 0.5301 0.0306 -0.8474
vn 0.6474 -0.6942 -0.3146
vn -0.1227 0.2295 -0.9655
vn -0.1218 0.2306 -0.9654
vn 0.8419 -0.4742 -0.2575
vn 0.8397 -0.4743 -0.2644
vn 0.8458 -0.4689 -0.2543
vn 0.0681 -0.0249 -0.9974
vn 0.0601 -0.0219 -0.9980
vn 0.0592 -0.0207 -0.9980
vn 0.1304 -0.2869 -0.9490
vn 0.1266 -0.2853 -0.9500
vn 0.1276 -0.2816 -0.9510
vn -0.0434 -0.5590 -0.8280
vn -0.0434 -0.5663 -0.8231
vn -0.0434 -0.5617 -0.8262
vn 0.4150 -0.9098 -0.0045
vn 0.5277 0.7946 -0.3002
vn 0.5261 0.7968 -0.2972
vn 0.5250 0.7952 -0.3032
vn 0.9000 0.1188 -0.4194
vn 0.5793 -0.4190 -0.6992
vn 0.9801 0.1385 -0.1421
vn 0.8838 0.3236 -0.3378
vn 0.8838 0.3250 -0.3365
vn 0.8848 0.3222 -0.3367
vn 0.7116 0.5794 -0.3974
vn 0.2338 0.7706 -0.5929
vn 0.7729 0.5569 -0.3042
vn 0.7735 0.5578 -0.3008
vn 0.7714 0.5596 -0.3030
vn 0.1220 0.7084 -0.6952
vn 0.1139 0.7085 -0.6965
vn 0.1113 0.7107 -0.6946
vn -0.2954 0.2364 -0.9257
vn -0.2954 0.2365 -0.9256
vn -0.0008 -0.6816 -0.7317
vn 0.8636 0.3957 -0.3125
vn 0.8615 0.3970 -0.3164
vn 0.8607 0.4044 -0.3092
vn -0.2621 -0.5765 -0.7739
vn -0.2572 -0.5767 -0.7754
vn -0.2593 -0.5785 -0.7734
vn -0.4854 -0.0241 -0.8739
vn 0.3205 -0.6849 -0.6544
vn 0.6066 -0.7241 -0.3284
vn 0.6065 -0.7252 -0.3260
vn 0.6072 -0.7225 -0.3307
vn 0.6593 0.2503 -0.7090
vn 0.6550 0.2505 -0.7129
vn 0.6511 0.2533 -0.7155
vn 0.8057 0.5118 -0.2980
vn 0.8058 0.5113 -0.2988
vn 0.8055 0.5112 -0.2997
vn 0.8188 -0.4841 -0.3086
vn 0.0972 -0.6190 -0.7793
vn 0.0996 -0.6235 -0.7754
vn 0.0942 -0.6214 -0.7778
vn 0.9177 -0.3968 0.0183
vn -0.0581 -0.0173 -0.9982
vn -0.0585 -0.0177 -0.9981
vn 0.0594 -0.0301 -0.9978
vn 0.9562 0.1176 -0.2682
vn 0.9539 0.1299 -0.2707
vn 0.9549 0.1249 -0.2693
vn 0.2083 -0.4110 -0.8875
vn 0.7463 0.3440 -0.5699
vn -0.0382 0.1317 -0.9906
vn 0.9355 0.1779 -0.3052
vn 0.9369 0.1753 -0.3026
vn 0.9370 0.1744 -0.3026
vn -0.1907 -0.1906 -0.9630
vn -0.1059 0.1251 -0.9865
vn 0.6274 0.7647 -0.1468
vn 0.6246 0.7670 -0.1469
vn 0.6261 0.7661 -0.1452
vn 0.4051 0.2571 -0.8774
vn 0.8766 0.4805 -0.0267
vn 0.3953 -0.5593 -0.7286
vn 0.7203 -0.4321 -0.5426
vn 0.7211 -0.4336 -0.5404
vn 0.7212 -0.4357 -0.5385
vn 0.3918 0.2591 -0.8828
vn -0.2265 -0.3045 -0.9252
vn -0.2199 -0.3035 -0.9271
vn -0.2297 -0.3092 -0.9228
vn 0.3170 0.8172 -0.4813
vn 0.8473 -0.5304 0.0257
vn 0.8473 -0.5304 0.0256
vn 0.8474 -0.5304 0.0257
vn 0.6884 -0.7172 0.1085
vn 0.0305 -0.3575 -0.9334
vn 0.0302 -0.3561 -0.9340
vn 0.4208 0.5621 -0.7120
vn 0.4208 0.5620 -0.7120
vn -0.0181 0.7139 -0.7000
vn 0.5002 -0.7341 -0.4593
vn 0.0381 -0.8238 -0.5655
vn 0.5002 -0.5284 -0.6860
vn -0.4608 0.2082 -0.8627
vn -0.4584 0.2070 -0.8643
vn -0.4572 0.2037 -0.8657
vn 0.9893 -0.1425 0.0305
vn 0.9889 -0.1451 0.0317
vn 0.9891 -0.1440 0.0307
vn 0.0362 -0.8150 -0.5783
vn -0.4412 -0.1311 -0.8878
vn 0.4216 -0.5419 -0.7271
vn 0.4176 -0.5478 -0.7250
vn 0.4153 -0.5407 -0.7315
vn 0.6444 0.5778 -0.5008
vn 0.6424 0.5808 -0.5000
vn 0.6454 0.5796 -0.4976
vn 0.8002 -0.2186 -0.5584
vn 0.8021 -0.2201 -0.5551
vn 0.8002 -0.2228 -0.5568
vn 0.7934 -0.1718 -0.5839
vn 0.7935 -0.1716 -0.5839
vn 0.3649 -0.1195 -0.9233
vn 0.3552 -0.1278 -0.9260
vn 0.3634 -0.1251 -0.9232
vn -0.0853 0.8709 -0.4841
vn -0.0869 0.8704 -0.4846
vn -0.0860 0.8717 -0.4825
vn -0.4513 -0.5997 -0.6608
vn -0.4514 -0.5997 -0.6608
vn -0.3606 -0.5557 -0.7491
vn 0.9498 0.0441 0.3097
vn 0.3253 0.6566 -0.6805
vn 0.3258 0.6535 -0.6833
vn 0.3282 0.6538 -0.6818
vn 0.4040 -0.4958 -0.7688
vn 0.3640 0.0568 -0.9297
vn 0.7593 -0.1110 -0.6412
vn 0.7554 -0.1145 -0.6452
vn 0.7559 -0.1110 -0.6452
vn 0.4790 -0.5177 -0.7089
vn 0.8440 -0.4715 0.2554
vn 0.8407 -0.4744 0.2610
vn 0.8419 -0.4785 0.2494
vn 0.7452 0.5276 -0.4078
vn 0.7485 0.5209 -0.4105
vn 0.7468 0.5251 -0.4081
vn 0.1892 -0.3084 -0.9322
vn -0.3065 0.4857 -0.8186
vn -0.3050 0.4896 -0.8169
vn -0.3044 0.4872 -0.8185
vn 0.3727 0.0943 -0.9231
vn 0.3682 0.0925 -0.9251
vn 0.3759 0.0992 -0.9214
vn 0.8032 0.5710 0.1696
vn 0.8078 -0.1891 -0.5583
vn 0.8049 -0.1901 -0.5621
vn 0.8049 -0.1937 -0.5608
vn 0.1060 -0.9914 -0.0772
vn 0.9603 0.1960 0.1983
vn 0.9574 0.2012 0.2073
vn 0.9590 0.1967 0.2041
vn 0.7561 -0.2773 -0.5928
vn 0.7547 -0.2831 -0.5918
vn 0.7592 -0.2811 -0.5870
vn 0.3782 -0.7331 -0.5652
vn 0.3799 -0.7347 -0.5621
vn 0.3751 -0.7352 -0.5646
vn 0.9327 0.1808 -0.3120
vn 0.8437 -0.4024 -0.3555
vn 0.8457 -0.4029 -0.3500
vn 0.8417 -0.4052 -0.3568
vn 0.6194 -0.0688 -0.7821
vn 0.6176 -0.0680 -0.7836
vn 0.1130 -0.9503 -0.2902
vn 0.1131 -0.9502 -0.2904
vn 0.1134 -0.9501 -0.2905
vn 0.3300 0.2701 -0.9045
vn 0.3375 0.2687 -0.9021
vn 0.3334 0.2639 -0.9051
vn 0.8077 -0.0196 -0.5893
vn 0.4325 -0.7821 0.4485
vn 0.9053 0.3769 -0.1959
vn 0.9052 0.3795 -0.1913
vn -0.1341 0.1020 -0.9857
vn 0.0651 0.5664 -0.8215
vn 0.0653 0.5641 -0.8231
vn 0.0659 0.5628 -0.8239
vn 0.4745 0.0459 -0.8791
vn 0.3525 -0.0079 -0.9358
vn 0.3526 -0.0078 -0.9357
vn 0.6767 -0.1491 -0.7210
vn 0.4395 0.6232 -0.6469
vn 0.9383 -0.2777 -0.2059
vn 0.9375 -0.2795 -0.2074
vn 0.9375 -0.2781 -0.2094
vn -0.2022 0.2472 -0.9476
vn -0.0687 -0.3377 -0.9387
vn -0.0639 -0.3383 -0.9389
vn -0.0667 -0.3398 -0.9381
vn 0.4403 -0.4475 -0.7784
vn 0.4419 -0.4437 -0.7796
vn 0.4429 -0.4498 -0.7756
vn 0.1821 -0.0747 -0.9804
vn 0.5980 0.6394 -0.4833
vn 0.6006 0.6367 -0.4837
vn 0.0612 -0.7562 -0.6514
vn 0.9561 0.0581 -0.2874
vn 0.9584 0.0585 -0.2793
vn 0.9571 0.0648 -0.2824
vn 0.2180 -0.7491 -0.6256
vn 0.2177 -0.7464 -0.6289
vn 0.2198 -0.7435 -0.6316
vn 0.2489 -0.0866 -0.9646
vn 0.2469 -0.0805 -0.9657
vn 0.9267 -0.0012 -0.3758
vn 0.9271 -0.0014 -0.3748
vn 0.9268 -0.0017 -0.3754
vn 0.0090 -0.8520 -0.5235
vn 0.0123 -0.8519 -0.5235
vn 0.0010 -0.8495 -0.5275
vn 0.0898 0.5331 -0.8413
vn 0.0869 0.5325 -0.8419
vn 0.0848 0.5347 -0.8408
vn 0.7036 0.6950 -0.1480
vn 0.4135 0.7393 -0.5314
vn 0.3628 0.7375 -0.5696
vn 0.3620 0.7387 -0.5686
vn 0.3629 0.7393 -0.5672
vn 0.7302 0.6776 -0.0880
vn 0.7290 0.6787 -0.0884
vn 0.7301 0.6777 -0.0880
vn 0.0805 -0.0597 -0.9950
vn 0.4278 -0.3408 -0.8372
vn 0.4356 -0.3462 -0.8309
vn 0.4297 -0.3463 -0.8340
vn 0.2783 -0.0341 -0.9599
vn 0.2030 0.3704 -0.9064
vn 0.1979 0.3706 -0.9074
vn 0.1982 0.3750 -0.9056
vn 0.9476 -0.0886 -0.3071
vn 0.9477 -0.0883 -0.3069
vn 0.9477 -0.0882 -0.3066
vn -0.1362 0.8222 -0.5526
vn 0.0076 0.0907 -0.9958
vn 0.4679 0.5807 -0.6662
vn -0.3148 -0.3699 -0.8741
vn -0.3194 -0.3664 -0.8739
vn -0.3127 -0.3657 -0.8766
vn 0.9815 0.0932 -0.1672
vn 0.9821 0.0931 -0.1635
vn 0.9822 0.0955 -0.1615
vn 0.5130 -0.2542 -0.8199
vn 0.2329 -0.8249 -0.5151
vn 0.2544 0.3606 -0.8973
vn 0.3778 0.2322 -0.8963
vn 0.3736 0.2250 -0.8999
vn 0.3729 0.2306 -0.8988
vn 0.6856 0.6482 -0.3314
vn 0.6886 0.6475 -0.3264
vn 0.6924 0.6434 -0.3264
vn 0.7542 0.6073 -0.2495
vn 0.6788 -0.7239 -0.1229
vn 0.6787 -0.7249 -0.1179
vn 0.6794 -0.7250 -0.1129
vn 0.2576 0.6429 -0.7213
vn 0.2548 0.6421 -0.7231
vn 0.6822 0.7274 0.0741
vn 0.6832 0.7265 0.0733
vn 0.9773 -0.0951 -0.1894
vn 0.9774 -0.0931 -0.1900
vn 0.9766 -0.0895 -0.1956
vn -0.3729 0.2739 -0.8865
vn -0.3774 0.2748 -0.8843
vn -0.3750 0.2824 -0.8830
vn -0.3956 0.1601 -0.9044
vn -0.3935 0.1632 -0.9047
vn -0.3926 0.1567 -0.9063
vn 0.7134 0.4607 -0.5280
vn 0.7133 0.4608 -0.5281
vn 0.9456 -0.0915 -0.3123
vn 0.2507 0.9376 -0.2408
vn -0.4081 -0.3436 -0.8458
vn 0.6038 -0.4344 -0.6684
vn 0.6050 -0.4311 -0.6695
vn 0.6063 -0.4350 -0.6657
vn 0.1148 0.4571 -0.8820
vn 0.1147 0.4570 -0.8820
vn 0.8117 -0.4911 -0.3161
vn 0.8106 -0.4908 -0.3193
vn -0.0614 -0.2338 -0.9704
vn -0.0581 -0.2222 -0.9733
vn -0.0604 -0.2304 -0.9712
vn 0.8728 0.4544 -0.1779
vn 0.8808 0.4412 -0.1721
vn 0.8770 0.4472 -0.1758
vn 0.1952 -0.0087 -0.9807
vn 0.1006 0.7439 -0.6607
vn 0.7019 -0.4889 -0.5179
vn 0.6994 -0.4958 -0.5148
vn 0.6978 -0.4928 -0.5198
vn 0.2035 -0.2430 -0.9485
vn 0.4411 0.1450 -0.8857
vn 0.4393 0.1496 -0.8858
vn 0.4811 0.3582 -0.8001
vn 0.3454 -0.3096 -0.8859
vn 0.8523 0.0570 -0.5199
vn 0.8548 0.0557 -0.5160
vn 0.8518 0.0524 -0.5212
usemtl Default_OBJ
s off
f 70//1 82//2 76//3
f 120//4 137//4 151//4
f 120//5 150//6 114//7
f 131//8 147//8 158//8
f 120//9 151//9 160//9
f 165//10 146//11 142//12
f 114//13 164//14 147//15
f 167//16 165//16 142//16
f 150//17 164//18 114//19
f 137//20 157//20 151//20
f 120//21 160//22 150//23
f 146//24 165//25 177//26
f 164//27 195//28 147//29
f 150//30 179//30 164//30
f 188//31 177//32 165//33
f 147//34 195//35 192//35
f 160//36 197//36 150//36
f 177//37 221//37 199//37
f 147//38 192//38 158//38
f 197//39 200//40 150//41
f 151//42 201//42 160//42
f 188//43 213//44 177//45
f 208//46 198//46 212//46
f 160//47 201//47 197//47
f 151//48 157//48 191//48
f 177//49 213//50 221//51
f 200//52 179//53 150//54
f 215//55 200//55 226//55
f 200//56 197//57 226//56
f 179//58 200//59 230//60
f 190//61 242//61 220//61
f 179//62 231//62 164//62
f 217//63 221//63 240//63
f 228//64 188//64 238//64
f 188//65 204//65 238//65
f 197//66 201//67 226//68
f 198//69 241//70 157//71
f 192//72 195//72 208//72
f 215//73 251//74 200//75
f 151//76 191//76 201//76
f 198//77 208//78 241//79
f 215//80 226//81 250//82
f 157//83 241//83 191//83
f 212//84 246//84 247//84
f 164//85 231//86 195//87
f 226//88 201//89 237//90
f 251//91 230//92 200//93
f 247//94 257//95 211//94
f 195//96 241//97 208//98
f 228//99 238//100 240//101
f 215//102 250//102 258//102
f 258//103 251//104 215//105
f 232//106 236//107 272//108
f 212//109 279//110 246//111
f 204//112 266//113 238//114
f 226//115 237//116 250//115
f 179//117 230//118 274//119
f 211//120 257//120 283//120
f 217//121 240//122 281//123
f 211//124 283//124 219//124
f 195//125 291//125 241//125
f 244//126 288//127 299//128
f 217//129 281//130 244//131
f 179//132 274//133 231//134
f 244//135 299//135 259//135
f 219//136 283//136 266//136
f 266//137 290//137 238//137
f 247//138 293//138 268//138
f 191//139 292//140 201//141
f 290//142 240//142 238//142
f 268//143 333//144 257//145
f 241//146 296//147 191//148
f 257//149 333//150 283//151
f 247//152 246//153 293//154
f 292//155 191//156 296//157
f 195//158 231//159 291//160
f 268//161 302//162 333//163
f 292//164 328//165 201//166
f 250//167 237//168 313//169
f 244//170 281//171 288//172
f 240//173 290//173 281//173
f 268//174 293//175 302//176
f 288//177 309//178 299//179
f 279//180 293//181 246//182
f 258//183 300//184 251//185
f 259//186 299//186 304//186
f 251//187 300//188 311//189
f 290//190 316//190 281//190
f 201//191 328//192 237//193
f 281//194 301//195 288//196
f 251//197 311//198 230//199
f 241//200 291//201 296//202
f 301//203 309//203 288//203
f 266//204 283//204 321//205
f 281//206 316//206 301//206
f 333//207 336//208 283//209
f 292//210 322//211 328//212
f 324//213 322//214 292//215
f 304//216 299//216 325//216
f 230//217 320//218 274//219
f 231//220 333//220 291//220
f 291//221 333//221 302//221
f 290//222 266//223 332//224
f 237//225 328//226 308//227
f 331//228 258//229 250//228
f 283//230 336//231 321//232
f 231//233 336//233 333//233
f 291//234 302//234 296//234
f 309//235 341//236 299//237
f 311//238 320//239 230//240
f 279//241 330//241 338//241
f 279//242 338//242 293//242
f 316//243 342//244 301//245
f 313//246 343//247 250//248
f 320//249 340//250 274//251
f 321//252 350//253 266//254
f 296//255 324//256 292//257
f 272//258 348//258 265//258
f 265//259 348//259 330//259
f 274//260 336//260 231//260
f 290//261 360//262 316//261
f 299//263 341//263 325//263
f 301//264 342//264 309//264
f 290//265 332//265 360//265
f 266//266 350//266 332//266
f 237//267 308//268 313//269
f 293//270 351//271 302//272
f 309//273 342//274 320//275
f 338//276 351//277 293//278
f 311//279 357//280 320//281
f 296//282 374//283 324//284
f 272//285 381//285 348//285
f 316//286 360//287 342//288
f 342//289 340//289 320//289
f 381//290 392//291 348//292
f 328//293 366//294 308//295
f 347//296 346//296 373//296
f 296//297 302//297 385//297
f 336//298 364//299 321//300
f 321//301 364//301 350//301
f 328//302 322//303 366//304
f 300//305 435//306 369//307
f 330//308 348//309 395//310
f 320//311 370//311 309//311
f 381//312 322//313 324//314
f 274//315 375//315 336//315
f 350//316 360//316 332//316
f 386//317 341//318 309//319
f 329//320 381//321 272//322
f 376//323 342//323 360//323
f 320//324 357//325 370//326
f 309//327 370//328 386//329
f 311//330 383//331 357//332
f 340//333 407//333 274//333
f 373//334 391//335 347//336
f 348//337 392//337 395//337
f 331//338 435//339 258//340
f 258//341 435//342 300//343
f 296//344 385//344 397//344
f 407//345 375//345 274//345
f 296//346 397//347 374//348
f 324//349 392//350 381//351
f 304//352 325//352 388//352
f 330//353 395//354 338//355
f 322//356 381//356 366//356
f 250//357 343//358 331//359
f 304//360 388//361 346//361
f 346//362 399//363 373//362
f 374//364 392//364 324//364
f 395//365 400//365 351//365
f 357//366 446//367 370//368
f 370//369 446//369 386//369
f 338//370 395//370 351//370
f 388//371 399//371 346//371
f 377//372 384//373 352//374
f 325//375 341//375 388//375
f 336//376 405//377 364//378
f 329//379 432//380 381//381
f 343//382 313//383 438//384
f 342//385 376//386 340//387
f 300//388 383//389 311//390
f 374//391 442//392 392//393
f 395//394 392//395 420//396
f 373//397 399//397 391//397
f 388//398 386//399 414//400
f 341//401 386//401 388//401
f 366//402 381//402 432//402
f 375//403 405//404 336//405
f 350//406 364//407 437//408
f 442//409 420//410 392//411
f 350//412 376//412 360//412
f 395//413 420//414 400//415
f 418//416 429//417 350//418
f 364//419 405//419 437//419
f 351//420 400//421 425//422
f 350//423 429//424 376//425
f 350//426 437//426 418//426
f 300//427 369//428 383//429
f 375//430 441//431 405//432
f 357//433 436//434 446//435
f 376//436 407//437 340//438
f 308//439 438//440 313//441
f 383//442 436//442 357//442
f 429//443 452//444 376//445
f 400//446 420//447 458//448
f 405//449 462//450 437//451
f 442//452 460//453 420//453
f 429//454 418//454 452//454
f 308//455 445//456 438//457
f 424//458 449//459 351//460
f 384//461 401//462 455//463
f 374//464 397//464 456//464
f 366//465 471//466 308//467
f 374//468 456//469 499//470
f 407//471 472//472 375//473
f 449//474 420//475 460//476
f 386//477 464//478 414//479
f 401//480 457//480 455//480
f 386//481 446//481 489//481
f 406//482 457//482 401//482
f 386//483 470//483 464//483
f 374//484 499//485 468//486
f 374//487 468//488 442//489
f 308//490 471//490 445//490
f 414//491 464//491 463//491
f 472//492 441//493 375//494
f 302//495 485//495 385//495
f 455//496 457//496 473//496
f 462//497 452//497 437//498
f 331//499 343//499 454//499
f 437//500 452//500 474//500
f 384//501 479//501 432//501
f 418//502 474//503 452//504
f 366//505 478//506 471//507
f 384//508 455//509 479//510
f 386//511 489//512 470//513
f 351//514 485//514 302//514
f 470//515 481//515 464//515
f 397//516 385//517 456//518
f 331//519 454//519 435//519
f 442//520 468//521 460//522
f 482//523 391//523 399//523
f 391//524 482//524 486//524
f 383//525 369//525 436//525
f 376//526 498//526 407//527
f 391//528 486//529 431//530
f 432//531 478//531 366//531
f 407//532 501//533 472//534
f 343//535 438//535 454//535
f 493//536 480//537 496//538
f 376//539 452//540 498//539
f 449//541 527//542 351//543
f 436//544 489//544 446//544
f 457//545 502//545 473//545
f 498//546 501//547 407//548
f 351//549 527//550 485//551
f 435//552 454//553 541//554
f 441//555 509//556 405//557
f 483//558 502//558 457//558
f 471//559 507//559 445//559
f 499//560 526//560 468//560
f 472//561 517//562 441//563
f 460//564 527//565 449//566
f 489//567 436//568 472//569
f 489//570 512//571 470//572
f 481//573 511//574 464//575
f 464//576 511//576 463//576
f 498//577 452//578 514//579
f 436//580 517//581 472//582
f 481//583 470//584 516//585
f 481//586 522//586 511//586
f 456//587 507//588 499//589
f 472//590 501//591 489//592
f 470//593 512//593 516//593
f 528//594 508//594 431//594
f 435//595 541//596 369//597
f 478//598 507//599 471//600
f 498//601 514//601 501//601
f 507//602 532//602 445//602
f 511//603 522//604 463//605
f 463//606 522//607 544//608
f 517//609 509//610 441//611
f 508//612 525//612 506//612
f 405//613 509//614 462//615
f 456//616 532//616 507//617
f 479//618 524//619 518//620
f 502//621 524//621 473//621
f 481//622 516//622 522//622
f 456//623 543//623 532//624
f 369//625 541//625 436//625
f 507//626 526//627 499//628
f 508//629 528//629 525//629
f 489//630 501//631 512//632
f 462//633 533//634 452//635
f 456//636 385//637 543//638
f 478//639 549//639 507//639
f 438//640 556//640 454//640
f 517//641 545//641 509//641
f 385//642 545//642 543//642
f 527//643 468//643 547//644
f 454//645 556//646 541//647
f 541//648 570//649 436//650
f 485//651 548//651 385//651
f 452//652 533//653 514//654
f 436//655 570//656 517//657
f 543//658 545//659 517//660
f 518//661 555//661 478//661
f 445//662 556//663 438//664
f 501//665 557//665 512//665
f 445//666 532//667 556//668
f 385//669 548//669 545//669
f 462//670 559//670 533//670
f 527//671 547//672 485//673
f 501//674 514//674 557//674
f 532//675 570//676 556//677
f 532//678 543//679 570//680
f 517//681 570//682 543//683
f 545//684 564//684 509//684
f 514//685 558//686 557//687
f 512//688 557//689 563//690
f 533//691 558//691 514//691
f 512//692 563//692 516//692
f 545//693 548//694 564//695
f 462//696 509//697 559//698
f 496//699 550//699 493//699
f 522//700 577//700 544//700
f 485//701 547//701 548//701
f 524//702 589//702 518//702
f 556//703 570//704 541//705
f 572//706 525//707 528//708
f 533//709 578//710 558//711
f 544//712 577//712 572//712
f 518//713 589//713 555//713
f 533//714 559//715 578//716
f 516//717 577//718 522//719
f 509//720 564//721 580//722
f 547//723 587//724 548//724
f 549//725 576//725 526//725
f 548//726 587//726 564//726
f 516//727 598//728 577//728
f 577//729 603//729 572//729
f 509//730 580//731 559//732
f 516//733 563//734 598//735
f 555//736 589//737 588//738
f 557//739 592//739 563//739
f 588//740 589//740 546//740
f 557//741 558//741 592//741
f 564//742 587//743 580//744
f 549//745 595//746 576//747
f 547//748 600//749 587//750
f 558//751 578//752 592//753
f 559//754 580//755 606//756
f 600//757 609//758 587//759
f 559//760 611//761 578//762
f 577//763 613//764 603//765
f 598//766 613//766 577//766
f 600//767 631//767 609//767
f 578//768 611//768 592//768
f 559//769 606//770 622//769
f 611//771 559//771 622//771
f 563//772 627//772 598//772
f 598//773 627//773 613//773
f 609//774 631//775 628//776
f 592//777 627//778 563//779
f 613//780 627//781 633//782
f 603//783 613//784 635//785
f 580//786 657//786 606//786
f 580//787 587//787 609//787
f 580//788 609//789 637//790
f 580//791 637//791 657//791
f 609//792 628//792 637//792
f 606//793 657//793 656//793
f 606//794 656//794 622//794
f 647//795 679//795 640//795
usemtl Материал
f 1//796 3//797 2//798
f 1//799 4//799 3//799
f 8//800 4//801 7//802
f 7//803 1//804 6//805
f 4//806 9//807 3//808
f 1//809 7//809 4//810
f 5//811 10//811 9//811
f 9//812 10//813 3//812
f 7//814 26//814 8//814
f 8//815 11//815 4//815
f 4//816 24//817 15//818
f 3//819 12//819 2//819
f 3//820 10//820 12//820
f 5//821 14//822 10//823
f 6//824 26//824 7//824
f 4//825 11//825 24//825
f 4//826 19//827 9//828
f 15//829 19//830 4//831
f 9//832 13//833 5//834
f 16//835 12//836 10//837
f 9//838 19//838 13//838
f 18//839 13//839 19//839
f 10//840 14//841 16//842
f 2//843 17//844 1//845
f 16//846 20//847 12//848
f 5//849 22//850 14//851
f 26//852 11//853 8//854
f 18//855 21//856 13//857
f 23//858 11//858 26//858
f 6//859 1//860 25//861
f 17//862 25//862 1//862
f 23//863 24//864 11//865
f 2//866 35//867 17//868
f 19//869 28//870 18//871
f 15//872 42//873 19//874
f 16//875 32//876 20//875
f 13//877 21//878 29//879
f 18//880 28//880 21//880
f 27//881 26//882 6//883
f 12//884 35//885 2//886
f 42//887 28//887 19//887
f 13//888 29//889 5//890
f 25//891 17//892 31//893
f 20//894 35//895 12//896
f 23//897 26//897 37//897
f 35//898 33//899 17//900
f 6//901 25//901 27//901
f 16//902 14//903 38//904
f 27//905 37//905 26//905
f 17//906 33//906 34//906
f 31//907 17//907 34//907
f 24//908 39//909 15//910
f 41//911 36//912 15//913
f 27//914 47//914 37//914
f 20//915 40//916 35//917
f 32//918 40//919 20//919
f 35//920 40//920 33//920
f 24//921 23//922 43//923
f 36//924 42//924 15//924
f 42//925 44//926 28//926
f 24//927 46//927 39//927
f 30//928 21//929 28//930
f 21//931 45//932 29//933
f 28//934 44//934 30//934
f 5//935 29//935 22//935
f 15//936 39//936 41//936
f 27//937 25//937 47//937
f 14//938 22//938 38//938
f 24//939 43//939 46//939
f 23//940 37//940 43//940
f 22//941 50//941 38//941
f 16//942 38//943 32//944
f 29//945 49//945 22//945
f 34//946 33//946 54//946
f 31//947 51//947 25//947
f 33//948 40//948 58//948
f 38//949 48//949 32//949
f 25//950 51//951 47//950
f 22//952 49//953 50//954
f 36//955 68//955 42//955
f 32//956 48//956 55//956
f 29//957 45//958 49//959
f 30//960 53//961 21//962
f 21//963 52//963 45//963
f 38//964 50//965 48//966
f 51//967 60//967 47//967
f 42//968 68//969 44//970
f 53//971 52//972 21//972
f 37//973 47//974 57//975
f 43//976 56//977 46//977
f 33//978 58//979 54//980
f 55//981 40//981 32//981
f 45//982 52//983 49//984
f 41//985 62//986 36//987
f 58//988 79//988 54//989
f 46//990 76//991 39//992
f 37//993 57//993 61//993
f 34//994 51//994 31//994
f 55//995 65//995 40//995
f 47//996 60//997 57//998
f 59//999 79//999 58//999
f 55//1000 64//1001 65//1000
f 57//1002 60//1003 66//1004
f 41//1005 39//1006 63//1007
f 40//1008 65//1008 58//1008
f 44//1009 68//1009 69//1009
f 46//1010 67//1010 76//1010
f 57//1011 66//1011 61//1011
f 34//1012 54//1013 51//1014
f 56//1015 67//1015 46//1015
f 48//1016 64//1017 55//1018
f 63//1019 62//1019 41//1019
f 58//1020 65//1020 59//1020
f 76//1021 63//1022 39//1023
f 62//1024 68//1025 36//1026
f 37//1027 72//1027 43//1027
f 62//1028 73//1029 68//1030
f 69//1031 30//1032 44//1033
f 51//1034 54//1035 71//1036
f 70//1037 76//1037 67//1037
f 52//1038 80//1039 49//1040
f 75//1041 69//1042 68//1043
f 51//1044 77//1045 60//1046
f 30//1047 74//1047 53//1047
f 43//1048 72//1048 56//1048
f 49//1049 78//1049 50//1049
f 73//1050 75//1050 68//1050
f 61//1051 72//1051 37//1051
f 51//1052 71//1052 77//1052
f 80//1053 81//1053 49//1053
f 30//1054 69//1054 74//1054
f 49//1055 81//1056 78//1057
f 70//1058 67//1059 82//1060
f 56//1061 91//1061 67//1061
f 53//1062 80//1063 52//1062
f 62//1064 63//1064 83//1064
f 62//1065 115//1066 73//1067
f 84//1068 48//1068 50//1068
f 79//1069 87//1069 54//1069
f 63//1070 85//1070 83//1070
f 53//1071 93//1071 80//1071
f 69//1072 86//1073 74//1074
f 74//1075 93//1075 53//1075
f 50//1076 78//1076 84//1076
f 73//1077 88//1077 75//1077
f 71//1078 89//1079 77//1080
f 92//1081 86//1081 69//1081
f 76//1082 90//1082 63//1082
f 63//1083 90//1084 85//1085
f 72//1086 91//1087 56//1088
f 59//1089 94//1089 79//1089
f 69//1090 75//1091 92//1092
f 54//1093 118//1094 71//1095
f 77//1096 66//1096 60//1096
f 59//1097 65//1097 94//1097
f 79//1098 128//1098 87//1098
f 48//1099 95//1100 64//1101
f 61//1102 66//1102 102//1102
f 84//1103 95//1104 48//1105
f 74//1106 86//1106 103//1106
f 64//1107 105//1108 65//1109
f 107//1110 93//1111 74//1110
f 67//1112 91//1113 82//1113
f 72//1114 97//1115 91//1116
f 90//1117 96//1117 85//1117
f 77//1118 122//1118 66//1118
f 77//1119 89//1119 122//1119
f 85//1120 98//1121 83//1122
f 83//1123 98//1123 62//1123
f 75//1124 88//1124 92//1124
f 61//1125 102//1126 100//1127
f 61//1128 97//1128 72//1128
f 90//1129 114//1130 96//1131
f 54//1132 87//1132 118//1132
f 79//1133 94//1134 128//1135
f 80//1136 113//1137 81//1138
f 82//1139 99//1140 76//1141
f 76//1142 99//1143 90//1144
f 65//1145 105//1146 94//1147
f 86//1148 106//1149 103//1150
f 92//1151 106//1152 86//1153
f 78//1154 81//1154 108//1154
f 122//1155 102//1156 66//1157
f 93//1158 107//1159 104//1160
f 78//1161 108//1162 84//1163
f 103//1164 107//1165 74//1166
f 103//1167 125//1167 107//1167
f 93//1168 113//1169 80//1170
f 96//1171 98//1171 85//1171
f 112//1172 104//1173 107//1174
f 110//1175 95//1175 84//1175
f 93//1176 104//1177 113//1178
f 84//1179 108//1179 110//1179
f 92//1180 116//1181 106//1182
f 107//1183 125//1184 119//1185
f 94//1186 105//1186 109//1186
f 106//1187 125//1188 103//1187
f 99//1189 114//1189 90//1190
f 73//1191 111//1192 88//1191
f 105//1193 129//1193 109//1193
f 112//1194 113//1195 104//1196
f 81//1197 117//1197 108//1197
f 109//1198 128//1198 94//1198
f 118//1199 89//1199 71//1200
f 107//1201 119//1201 112//1201
f 113//1202 121//1202 81//1202
f 112//1203 119//1203 123//1204
f 108//1205 117//1206 136//1207
f 108//1208 136//1208 110//1209
f 62//1210 98//1210 115//1210
f 112//1211 121//1211 113//1211
f 112//1212 123//1212 121//1212
f 118//1213 124//1213 89//1213
f 64//1214 95//1214 101//1215
f 82//1216 120//1216 99//1216
f 99//1217 120//1217 114//1217
f 61//1218 100//1219 97//1220
f 88//1221 111//1221 126//1221
f 73//1222 115//1222 111//1222
f 92//1223 143//1224 116//1225
f 106//1226 127//1227 125//1228
f 81//1229 121//1230 117//1231
f 88//1232 126//1233 92//1234
f 109//1235 134//1235 128//1235
f 101//1236 105//1237 64//1238
f 116//1239 127//1240 106//1241
f 130//1242 95//1243 110//1244
f 91//1245 120//1245 82//1245
f 96//1246 133//1247 98//1248
f 114//1249 131//1249 96//1249
f 105//1250 101//1250 129//1250
f 127//1251 135//1251 125//1251
f 96//1252 131//1252 133//1252
f 115//1253 142//1254 111//1255
f 109//1256 129//1256 134//1256
f 110//1257 136//1257 130//1257
f 122//1258 144//1258 102//1258
f 92//1259 126//1260 138//1261
f 125//1262 135//1263 119//1264
f 133//1265 153//1266 98//1267
f 111//1268 139//1268 126//1268
f 120//1269 91//1269 137//1269
f 101//1270 95//1271 140//1272
f 130//1273 140//1273 95//1273
f 138//1274 143//1275 92//1276
f 139//1277 138//1277 126//1277
f 139//1278 143//1278 138//1278
f 127//1279 141//1279 135//1279
f 121//1280 132//1280 117//1280
f 136//1281 149//1281 130//1281
f 91//1282 97//1282 137//1282
f 122//1283 145//1284 144//1285
f 89//1286 145//1287 122//1288
f 111//1289 146//1289 139//1289
f 98//1290 153//1291 115//1292
f 87//1293 148//1294 118//1295
f 114//1296 147//1297 131//1298
f 123//1299 132//1300 121//1301
f 119//1302 154//1303 123//1304
f 153//1305 167//1306 115//1307
f 111//1308 142//1309 146//1310
f 135//1311 154//1312 119//1313
f 117//1314 132//1315 159//1316
f 117//1317 159//1317 136//1317
f 144//1318 145//1318 155//1318
f 97//1319 100//1320 152//1321
f 87//1322 128//1323 148//1324
f 159//1325 149//1326 136//1327
f 116//1328 162//1328 127//1328
f 89//1329 124//1329 145//1329
f 115//1330 167//1330 142//1330
f 102//1331 144//1332 100//1333
f 131//1334 153//1334 133//1334
f 97//1335 157//1335 137//1335
f 140//1336 156//1337 101//1338
f 152//1339 157//1340 97//1341
f 145//1342 161//1342 155//1342
f 162//1343 141//1343 127//1343
f 131//1344 166//1344 153//1344
f 144//1345 155//1346 232//1347
f 124//1348 181//1348 145//1348
f 153//1349 166//1349 167//1350
f 145//1351 181//1351 161//1351
f 100//1352 144//1353 152//1354
f 149//1355 170//1355 130//1356
f 131//1357 158//1358 166//1359
f 118//1360 175//1361 124//1362
f 134//1363 129//1364 168//1365
f 129//1366 101//1366 163//1366
f 148//1367 175//1368 118//1369
f 135//1370 184//1371 154//1372
f 140//1373 130//1374 169//1375
f 128//1376 189//1376 148//1376
f 143//1377 176//1378 116//1379
f 139//1380 146//1380 171//1380
f 170//1381 174//1381 130//1382
f 124//1383 175//1384 181//1385
f 159//1386 172//1387 149//1388
f 146//1389 177//1389 171//1389
f 143//1390 139//1391 176//1392
f 134//1393 178//1394 128//1395
f 140//1396 169//1396 156//1396
f 116//1397 176//1398 162//1399
f 144//1400 232//1400 152//1400
f 128//1401 178//1401 189//1401
f 129//1402 163//1402 168//1402
f 130//1403 174//1403 169//1403
f 156//1404 163//1405 101//1406
f 139//1407 171//1408 176//1409
f 132//1410 180//1411 185//1412
f 135//1413 141//1414 184//1415
f 154//1416 196//1417 123//1418
f 123//1419 180//1420 132//1421
f 181//1422 175//1422 148//1422
f 148//1423 182//1424 181//1425
f 173//1426 141//1426 162//1426
f 149//1427 172//1427 170//1428
f 132//1429 185//1430 159//1431
f 178//1432 203//1432 189//1432
f 156//1433 183//1434 163//1435
f 169//1436 183//1437 156//1438
f 171//1439 177//1440 190//1441
f 184//1442 196//1443 154//1444
f 152//1445 198//1445 157//1445
f 186//1446 181//1446 193//1446
f 123//1447 187//1448 180//1448
f 182//1449 193//1450 181//1451
f 176//1452 171//1453 194//1454
f 177//1455 199//1455 190//1455
f 165//1456 167//1457 188//1457
f 148//1458 203//1459 182//1460
f 134//1461 168//1461 178//1461
f 148//1462 189//1462 203//1462
f 162//1463 206//1463 173//1463
f 245//1464 181//1464 186//1465
f 159//1466 185//1466 172//1466
f 176//1467 206//1468 162//1469
f 152//1470 232//1470 198//1470
f 123//1471 196//1471 187//1471
f 190//1472 218//1473 171//1474
f 166//1475 219//1475 204//1475
f 187//1476 207//1476 180//1476
f 202//1477 161//1478 227//1479
f 172//1480 185//1480 261//1480
f 174//1481 214//1482 169//1483
f 158//1484 219//1484 166//1484
f 192//1485 211//1485 158//1485
f 190//1486 216//1487 218//1488
f 182//1489 203//1490 209//1491
f 171//1492 218//1492 194//1492
f 178//1493 222//1493 203//1493
f 168//1494 222//1495 178//1494
f 161//1496 181//1497 227//1498
f 192//1499 208//1500 247//1501
f 158//1502 211//1502 219//1502
f 217//1503 199//1504 221//1505
f 233//1506 199//1507 217//1508
f 176//1509 249//1509 206//1509
f 173//1510 210//1511 141//1512
f 169//1513 214//1513 183//1513
f 155//1514 161//1515 232//1516
f 204//1517 167//1517 166//1517
f 180//1518 224//1519 185//1520
f 186//1521 193//1522 235//1522
f 203//1523 205//1524 209//1525
f 222//1526 205//1527 203//1528
f 207//1529 224//1529 180//1529
f 194//1530 249//1530 176//1530
f 163//1531 234//1532 168//1533
f 210//1534 223//1534 141//1534
f 224//1535 254//1536 185//1537
f 228//1538 213//1538 188//1538
f 183//1539 234//1540 163//1541
f 141//1542 223//1543 184//1544
f 187//1545 196//1545 207//1545
f 192//1546 247//1546 211//1546
f 244//1547 229//1548 233//1549
f 167//1550 204//1550 188//1550
f 199//1551 242//1552 190//1553
f 221//1554 213//1554 228//1554
f 190//1555 239//1555 216//1556
f 161//1557 202//1558 236//1559
f 233//1560 217//1560 244//1560
f 208//1561 212//1562 247//1563
f 190//1564 220//1565 239//1566
f 228//1567 240//1568 221//1569
f 205//1570 222//1570 225//1570
f 229//1571 220//1571 233//1571
f 225//1572 243//1572 205//1572
f 220//1573 242//1574 233//1575
f 182//1576 248//1576 193//1576
f 193//1577 248//1577 235//1577
f 239//1578 256//1578 216//1578
f 205//1579 243//1579 209//1579
f 233//1580 242//1580 199//1580
f 161//1581 236//1582 232//1583
f 198//1584 265//1584 212//1584
f 186//1585 235//1586 245//1587
f 235//1588 248//1588 252//1588
f 232//1589 265//1589 198//1589
f 181//1590 245//1591 227//1592
f 172//1593 261//1594 170//1595
f 196//1596 253//1596 207//1597
f 220//1598 282//1598 239//1598
f 173//1599 206//1600 284//1600
f 209//1601 248//1602 182//1603
f 234//1604 222//1605 168//1606
f 234//1607 183//1608 264//1609
f 174//1610 262//1611 214//1612
f 235//1613 260//1614 245//1615
f 234//1616 255//1617 222//1618
f 247//1619 268//1619 257//1619
f 216//1620 256//1621 218//1622
f 244//1623 259//1624 229//1625
f 220//1626 263//1626 282//1626
f 229//1627 263//1627 220//1627
f 234//1628 270//1629 255//1630
f 209//1631 267//1632 248//1631
f 225//1633 271//1633 243//1633
f 170//1634 269//1635 174//1636
f 170//1637 261//1638 269//1639
f 185//1640 254//1640 261//1640
f 234//1641 264//1641 270//1641
f 259//1642 263//1642 229//1642
f 235//1643 252//1644 260//1645
f 276//1646 218//1647 256//1648
f 183//1649 214//1649 264//1649
f 282//1650 256//1650 239//1651
f 173//1652 284//1653 210//1654
f 273//1655 276//1655 256//1655
f 227//1656 245//1656 275//1656
f 227//1657 272//1657 202//1657
f 256//1658 282//1659 273//1660
f 249//1661 280//1661 206//1661
f 262//1662 277//1662 214//1662
f 278//1663 263//1663 259//1663
f 278//1664 282//1664 263//1664
f 269//1665 262//1666 174//1667
f 218//1668 298//1668 194//1669
f 222//1670 323//1671 225//1670
f 264//1672 214//1673 270//1674
f 272//1675 265//1676 232//1675
f 279//1677 212//1678 265//1679
f 219//1680 266//1681 204//1681
f 225//1682 323//1683 271//1684
f 202//1685 272//1686 236//1687
f 278//1688 259//1688 304//1688
f 252//1689 286//1689 260//1689
f 276//1690 298//1691 218//1692
f 214//1693 285//1693 270//1694
f 255//1695 323//1695 222//1695
f 273//1696 295//1696 276//1696
f 270//1697 287//1698 255//1699
f 284//1700 354//1701 210//1702
f 254//1703 307//1704 261//1705
f 260//1706 275//1706 245//1706
f 255//1707 287//1708 323//1709
f 194//1710 297//1711 249//1712
f 227//1713 329//1713 272//1713
f 184//1714 223//1715 317//1716
f 209//1717 303//1717 267//1717
f 260//1718 289//1718 275//1718
f 249//1719 297//1720 280//1721
f 354//1722 223//1722 210//1722
f 261//1723 305//1723 269//1723
f 286//1724 289//1724 260//1725
f 286//1726 310//1726 289//1726
f 243//1727 271//1728 303//1729
f 262//1730 269//1731 277//1732
f 305//1733 261//1734 307//1735
f 207//1736 306//1737 224//1738
f 270//1739 345//1739 287//1739
f 277//1740 269//1741 315//1742
f 267//1743 303//1743 294//1743
f 243//1744 303//1745 209//1746
f 298//1747 297//1748 194//1749
f 214//1750 314//1750 285//1750
f 280//1751 312//1751 206//1751
f 265//1752 330//1752 279//1752
f 214//1753 277//1753 314//1753
f 184//1754 317//1754 196//1754
f 278//1755 318//1755 282//1755
f 282//1756 318//1757 273//1758
f 248//1759 337//1760 252//1761
f 269//1762 305//1762 315//1762
f 318//1763 319//1764 273//1765
f 267//1766 337//1766 248//1766
f 304//1767 326//1768 278//1769
f 297//1770 335//1770 280//1770
f 271//1771 327//1771 303//1771
f 273//1772 319//1772 295//1772
f 196//1773 317//1774 253//1775
f 253//1776 306//1777 207//1778
f 326//1779 318//1780 278//1781
f 318//1782 334//1783 319//1784
f 317//1785 223//1785 339//1785
f 252//1786 337//1786 286//1786
f 312//1787 284//1788 206//1787
f 286//1789 337//1790 310//1791
f 306//1792 254//1793 224//1794
f 295//1795 319//1795 367//1795
f 304//1796 346//1797 326//1798
f 271//1799 323//1799 327//1799
f 289//1800 344//1801 275//1802
f 276//1803 353//1803 298//1803
f 287//1804 359//1804 323//1804
f 347//1805 326//1806 346//1807
f 267//1808 294//1809 337//1810
f 280//1811 335//1811 312//1811
f 253//1812 349//1813 306//1814
f 285//1815 363//1816 270//1817
f 276//1818 295//1818 353//1818
f 312//1819 355//1820 284//1821
f 275//1822 329//1822 227//1822
f 344//1823 352//1824 275//1825
f 310//1826 356//1827 289//1828
f 317//1829 349//1830 253//1831
f 303//1832 327//1833 368//1834
f 289//1835 356//1836 344//1837
f 275//1838 352//1839 329//1840
f 306//1841 387//1842 254//1843
f 319//1844 361//1845 367//1846
f 312//1847 372//1847 355//1848
f 319//1849 334//1849 361//1849
f 347//1850 371//1850 326//1850
f 303//1851 393//1852 294//1853
f 297//1854 298//1854 382//1854
f 284//1855 355//1856 354//1857
f 344//1858 358//1858 352//1858
f 287//1859 345//1859 359//1859
f 314//1860 363//1861 285//1862
f 323//1863 362//1864 327//1865
f 344//1866 356//1866 358//1866
f 277//1867 365//1868 314//1869
f 315//1870 365//1871 277//1872
f 314//1873 365//1874 363//1875
f 363//1876 345//1876 270//1876
f 327//1877 362//1878 368//1879
f 318//1880 379//1881 334//1882
f 326//1883 379//1884 318//1885
f 326//1886 371//1886 379//1886
f 335//1887 297//1887 378//1887
f 359//1888 362//1888 323//1888
f 363//1889 394//1889 345//1889
f 329//1890 352//1891 384//1892
f 303//1893 368//1893 393//1893
f 305//1894 390//1895 315//1894
f 297//1896 382//1896 378//1896
f 337//1897 380//1897 310//1897
f 382//1898 298//1898 398//1898
f 354//1899 396//1899 223//1899
f 379//1900 361//1901 334//1902
f 356//1903 401//1903 358//1903
f 382//1904 419//1904 378//1904
f 363//1905 365//1906 415//1907
f 305//1908 307//1909 390//1910
f 353//1911 398//1911 298//1911
f 307//1912 412//1913 390//1914
f 347//1915 391//1916 402//1916
f 356//1917 406//1918 401//1919
f 398//1920 419//1921 382//1922
f 384//1923 432//1923 329//1923
f 254//1924 412//1925 307//1926
f 367//1927 361//1928 403//1927
f 389//1929 372//1929 312//1929
f 223//1930 396//1931 339//1931
f 377//1932 352//1933 401//1934
f 361//1935 379//1935 433//1935
f 394//1936 404//1936 345//1936
f 310//1937 406//1937 356//1937
f 401//1938 384//1939 377//1940
f 358//1941 401//1941 352//1941
f 380//1942 337//1943 411//1944
f 367//1945 403//1945 295//1945
f 315//1946 390//1946 365//1946
f 387//1947 306//1947 421//1947
f 310//1948 410//1949 406//1948
f 380//1950 410//1951 310//1952
f 359//1953 413//1953 362//1953
f 388//1954 414//1955 399//1956
f 359//1957 345//1958 413//1959
f 363//1960 415//1961 394//1961
f 354//1962 355//1963 409//1964
f 295//1965 403//1966 417//1967
f 347//1968 402//1969 371//1970
f 368//1971 443//1972 393//1973
f 254//1974 387//1974 412//1974
f 433//1975 408//1975 361//1975
f 361//1976 408//1976 403//1976
f 371//1977 433//1977 379//1977
f 295//1978 417//1979 353//1980
f 349//1981 423//1982 306//1983
f 354//1984 409//1984 396//1984
f 380//1985 411//1985 427//1985
f 351//1986 425//1986 424//1986
f 390//1987 428//1988 365//1989
f 433//1990 434//1990 408//1990
f 312//1991 335//1991 389//1991
f 339//1992 422//1993 317//1994
f 337//1995 294//1996 411//1997
f 425//1998 400//1998 458//1998
f 317//1999 422//2000 349//2001
f 306//2002 423//2003 426//2004
f 362//2005 430//2005 368//2005
f 391//2006 431//2006 402//2006
f 403//2007 448//2008 417//2009
f 390//2010 412//2010 440//2010
f 425//2011 458//2012 424//2013
f 339//2014 396//2015 416//2016
f 408//2017 448//2018 403//2019
f 393//2020 411//2021 294//2022
f 390//2023 440//2023 428//2023
f 349//2024 422//2024 423//2024
f 339//2025 416//2026 422//2027
f 306//2028 426//2028 421//2028
f 402//2029 450//2029 371//2030
f 365//2031 428//2031 439//2031
f 408//2032 444//2033 448//2034
f 368//2035 451//2035 443//2036
f 434//2037 444//2037 408//2037
f 353//2038 417//2038 398//2038
f 345//2039 404//2040 447//2041
f 430//2042 451//2042 368//2042
f 437//2043 474//2044 418//2045
f 372//2046 389//2047 453//2048
f 412//2049 466//2050 440//2051
f 402//2052 431//2053 450//2052
f 380//2054 427//2054 410//2054
f 406//2055 410//2055 459//2055
f 365//2056 439//2057 415//2058
f 424//2059 458//2060 449//2061
f 393//2062 443//2063 461//2064
f 413//2065 430//2065 362//2065
f 414//2066 463//2066 399//2066
f 345//2067 467//2068 413//2069
f 417//2070 465//2070 398//2070
f 372//2071 453//2072 355//2073
f 459//2074 457//2075 406//2076
f 371//2077 450//2077 433//2077
f 453//2078 409//2078 355//2079
f 335//2080 469//2081 389//2082
f 389//2083 504//2084 453//2085
f 420//2086 449//2087 458//2088
f 396//2089 475//2090 416//2091
f 387//2092 476//2092 412//2092
f 387//2093 421//2094 476//2095
f 393//2096 461//2097 487//2098
f 447//2099 467//2099 345//2099
f 422//2100 477//2100 423//2100
f 393//2101 487//2101 411//2101
f 433//2102 493//2103 434//2104
f 433//2105 480//2106 493//2107
f 378//2108 469//2109 335//2110
f 412//2111 476//2111 466//2111
f 450//2112 480//2113 433//2114
f 410//2115 500//2115 459//2115
f 409//2116 475//2117 396//2118
f 473//2119 479//2119 455//2119
f 457//2120 459//2120 483//2120
f 430//2121 484//2122 451//2123
f 430//2124 413//2125 484//2126
f 413//2127 490//2128 484//2129
f 447//2130 404//2130 467//2130
f 399//2131 463//2131 482//2131
f 444//2132 535//2133 448//2133
f 394//2134 415//2135 492//2136
f 427//2137 411//2137 494//2137
f 459//2138 500//2138 483//2138
f 450//2139 496//2140 480//2141
f 427//2142 500//2142 410//2142
f 434//2143 493//2144 444//2145
f 411//2146 487//2146 494//2146
f 404//2147 538//2147 467//2147
f 394//2148 492//2148 404//2148
f 448//2149 488//2149 417//2149
f 417//2150 488//2150 491//2150
f 482//2151 463//2152 486//2153
f 439//2154 428//2154 505//2154
f 416//2155 497//2156 422//2157
f 422//2158 497//2158 477//2159
f 518//2160 478//2161 432//2160
f 432//2162 479//2163 518//2162
f 467//2164 490//2165 413//2166
f 448//2167 535//2168 488//2169
f 416//2170 475//2170 503//2170
f 426//2171 495//2171 421//2171
f 469//2172 504//2172 389//2172
f 431//2173 508//2174 450//2175
f 450//2176 510//2176 496//2177
f 427//2178 494//2178 500//2178
f 476//2179 521//2180 466//2181
f 417//2182 491//2182 465//2182
f 439//2183 505//2184 492//2185
f 419//2186 398//2186 515//2186
f 492//2187 513//2187 404//2187
f 503//2188 497//2189 416//2190
f 439//2191 492//2191 415//2191
f 423//2192 477//2193 426//2194
f 500//2195 519//2196 483//2197
f 508//2198 506//2199 450//2200
f 486//2201 528//2201 431//2201
f 443//2202 451//2203 553//2204
f 465//2205 515//2205 398//2205
f 492//2206 520//2206 513//2206
f 473//2207 524//2208 479//2209
f 497//2210 503//2211 536//2210
f 497//2212 536//2212 477//2212
f 477//2213 495//2214 426//2215
f 463//2216 544//2216 486//2216
f 487//2217 534//2217 494//2217
f 535//2218 530//2219 488//2220
f 469//2221 531//2222 504//2222
f 483//2223 519//2223 502//2223
f 450//2224 506//2225 510//2226
f 494//2227 534//2228 537//2229
f 440//2230 466//2230 521//2230
f 461//2231 553//2232 529//2233
f 492//2234 505//2235 561//2236
f 484//2237 490//2237 523//2237
f 443//2238 553//2239 461//2240
f 419//2241 542//2241 378//2241
f 378//2242 542//2243 469//2244
f 453//2245 504//2246 540//2247
f 460//2248 468//2249 527//2249
f 488//2250 530//2250 491//2250
f 421//2251 495//2251 476//2252
f 502//2253 539//2253 546//2253
f 493//2254 535//2255 444//2256
f 428//2257 440//2258 560//2259
f 502//2260 519//2260 539//2260
f 461//2261 529//2261 487//2261
f 465//2262 491//2262 515//2262
f 453//2263 540//2263 409//2263
f 492//2264 561//2265 520//2266
f 486//2267 544//2267 528//2267
f 502//2268 546//2268 524//2268
f 513//2269 538//2270 404//2271
f 476//2272 495//2273 521//2274
f 542//2275 551//2276 469//2275
f 478//2277 555//2278 549//2279
f 494//2280 537//2280 500//2281
f 551//2282 531//2282 469//2282
f 500//2283 554//2283 519//2283
f 510//2284 550//2285 496//2286
f 521//2287 560//2287 440//2287
f 490//2288 562//2288 523//2288
f 495//2289 565//2289 521//2289
f 515//2290 542//2291 419//2292
f 409//2293 552//2294 475//2295
f 477//2296 567//2297 495//2298
f 500//2299 537//2300 554//2301
f 529//2302 534//2303 487//2304
f 468//2305 581//2306 547//2305
f 540//2307 568//2308 409//2309
f 428//2310 560//2311 505//2312
f 549//2313 526//2313 507//2313
f 539//2314 519//2314 546//2314
f 536//2315 567//2316 477//2317
f 538//2318 566//2319 467//2320
f 544//2321 572//2321 528//2321
f 519//2322 573//2322 546//2322
f 468//2323 526//2323 581//2323
f 409//2324 568//2325 552//2326
f 538//2327 513//2328 566//2329
f 521//2330 586//2331 560//2332
f 515//2333 585//2334 542//2335
f 510//2336 506//2337 550//2338
f 530//2339 515//2340 491//2341
f 553//2342 451//2342 569//2342
f 490//2343 467//2343 562//2343
f 521//2344 565//2345 586//2346
f 529//2347 571//2348 534//2349
f 467//2350 566//2350 562//2350
f 560//2351 561//2351 505//2351
f 520//2352 575//2353 513//2354
f 583//2355 503//2356 475//2357
f 495//2358 567//2359 565//2360
f 519//2361 554//2361 573//2361
f 513//2362 575//2363 566//2364
f 534//2365 554//2365 537//2365
f 493//2366 550//2366 535//2366
f 484//2367 569//2368 451//2369
f 542//2370 585//2371 551//2372
f 504//2373 582//2373 540//2373
f 579//2374 567//2375 536//2376
f 515//2377 574//2377 585//2377
f 531//2378 582//2379 504//2380
f 566//2381 575//2382 596//2383
f 526//2384 576//2385 581//2386
f 535//2387 550//2387 604//2387
f 475//2388 552//2388 583//2388
f 520//2389 584//2389 575//2389
f 573//2390 588//2390 546//2390
f 566//2391 612//2391 562//2391
f 561//2392 584//2392 520//2392
f 551//2393 582//2393 531//2393
f 582//2394 568//2395 540//2396
f 536//2397 503//2397 579//2397
f 546//2398 589//2399 524//2398
f 561//2400 597//2401 584//2402
f 534//2403 571//2404 554//2405
f 523//2406 562//2407 594//2408
f 582//2409 551//2410 591//2411
f 593//2412 550//2413 506//2414
f 572//2415 603//2415 525//2415
f 555//2416 595//2416 549//2416
f 562//2417 612//2418 594//2419
f 529//2420 590//2421 571//2420
f 584//2422 597//2423 602//2423
f 506//2424 525//2424 593//2425
f 574//2426 630//2426 585//2426
f 529//2427 553//2427 590//2427
f 573//2428 621//2428 588//2428
f 550//2429 593//2429 604//2429
f 573//2430 599//2431 621//2432
f 535//2433 617//2434 530//2435
f 530//2436 617//2437 574//2438
f 515//2439 530//2439 574//2439
f 560//2440 597//2441 561//2442
f 547//2443 581//2443 600//2443
f 568//2444 651//2445 552//2446
f 583//2447 579//2447 503//2447
f 573//2448 554//2449 599//2450
f 601//2451 612//2452 566//2453
f 484//2454 523//2454 605//2454
f 484//2455 607//2456 569//2457
f 584//2458 602//2458 575//2458
f 484//2459 605//2460 607//2461
f 585//2462 591//2462 551//2462
f 554//2463 614//2464 599//2463
f 553//2465 569//2465 590//2465
f 566//2466 596//2466 601//2466
f 591//2467 615//2468 582//2469
f 554//2470 571//2471 614//2472
f 594//2473 605//2473 523//2473
f 571//2474 616//2475 614//2476
f 586//2477 565//2477 619//2477
f 588//2478 595//2479 555//2480
f 581//2481 620//2482 600//2483
f 630//2484 591//2485 585//2486
f 568//2487 615//2487 651//2487
f 582//2488 615//2489 568//2490
f 612//2491 629//2492 594//2493
f 618//2494 620//2495 581//2496
f 525//2497 603//2497 593//2497
f 560//2498 626//2499 597//2500
f 560//2501 586//2501 610//2501
f 608//2502 634//2503 593//2504
f 599//2505 614//2505 621//2505
f 604//2506 638//2506 535//2506
f 600//2507 620//2507 631//2507
f 571//2508 590//2508 616//2508
f 593//2509 634//2510 604//2510
f 651//2511 623//2511 552//2511
f 535//2512 638//2512 617//2512
f 591//2513 630//2514 615//2515
f 629//2516 612//2516 601//2516
f 560//2517 610//2517 626//2517
f 576//2518 618//2518 581//2518
f 592//2519 649//2520 625//2521
f 629//2522 605//2523 594//2524
f 586//2525 619//2525 624//2525
f 565//2526 645//2526 619//2526
f 593//2527 603//2528 608//2529
f 617//2530 636//2531 574//2530
f 624//2532 610//2532 586//2532
f 592//2533 625//2534 627//2535
f 552//2536 623//2537 583//2537
f 607//2538 632//2538 569//2538
f 611//2539 649//2539 592//2539
f 574//2540 636//2540 630//2540
f 603//2541 635//2541 608//2541
f 622//2542 640//2542 611//2542
f 579//2543 583//2544 688//2545
f 588//2546 621//2546 674//2546
f 611//2547 641//2547 649//2547
f 614//2548 616//2548 650//2548
f 588//2549 639//2549 595//2549
f 608//2550 635//2550 634//2550
f 611//2551 640//2552 641//2553
f 648//2554 636//2555 617//2556
f 590//2557 569//2558 632//2559
f 588//2560 674//2561 639//2562
f 595//2563 639//2563 576//2563
f 625//2564 633//2564 627//2564
f 601//2565 642//2565 629//2565
f 602//2566 643//2566 575//2566
f 635//2567 613//2567 646//2567
f 643//2568 596//2568 575//2568
f 622//2569 647//2569 640//2569
f 590//2570 650//2571 616//2572
f 644//2573 652//2574 607//2573
f 607//2575 652//2576 632//2577
f 602//2578 655//2579 643//2580
f 596//2581 642//2581 601//2581
f 643//2582 642//2583 596//2584
f 650//2585 621//2586 614//2587
f 617//2588 638//2588 648//2588
f 629//2589 607//2590 605//2591
f 655//2592 602//2592 597//2592
f 634//2593 638//2593 604//2593
f 626//2594 664//2594 597//2594
f 631//2595 620//2595 628//2595
f 643//2596 655//2596 642//2596
f 590//2597 632//2597 650//2597
f 641//2598 640//2598 658//2598
f 664//2599 655//2600 597//2600
f 636//2601 661//2601 630//2601
f 651//2602 653//2602 623//2602
f 622//2603 656//2604 647//2604
f 620//2605 618//2606 660//2607
f 640//2608 679//2609 658//2609
f 654//2610 651//2610 684//2610
f 654//2611 653//2611 651//2611
f 624//2612 619//2613 667//2614
f 652//2615 644//2616 690//2617
f 567//2618 645//2619 565//2620
f 649//2621 678//2622 625//2623
f 610//2624 662//2624 626//2624
f 649//2625 641//2625 678//2625
f 651//2626 615//2626 684//2626
f 663//2627 664//2627 626//2627
f 620//2628 668//2629 628//2630
f 648//2631 638//2632 706//2631
f 658//2633 678//2633 641//2633
f 630//2634 661//2635 615//2636
f 642//2637 666//2638 629//2639
f 579//2640 645//2641 567//2642
f 638//2643 634//2643 659//2643
f 625//2644 678//2644 671//2644
f 678//2645 658//2646 675//2647
f 648//2648 661//2648 636//2648
f 623//2649 688//2649 583//2649
f 579//2650 688//2650 669//2650
f 625//2651 671//2652 633//2653
f 610//2654 624//2655 662//2656
f 633//2657 646//2657 613//2657
f 660//2658 665//2658 620//2658
f 620//2659 665//2659 668//2659
f 670//2660 676//2661 681//2662
f 615//2663 696//2663 684//2663
f 635//2664 646//2664 634//2664
f 660//2665 618//2665 685//2665
f 670//2666 681//2667 677//2668
f 629//2669 666//2670 607//2671
f 667//2672 662//2673 624//2674
f 672//2675 690//2676 644//2677
f 615//2678 661//2678 696//2678
f 663//2679 682//2679 664//2679
f 655//2680 664//2680 700//2680
f 650//2681 689//2682 621//2683
f 632//2684 652//2685 650//2686
f 677//2687 686//2687 670//2687
f 619//2688 645//2688 673//2689
f 618//2690 576//2691 685//2692
f 678//2693 680//2694 671//2695
f 607//2696 666//2697 644//2698
f 621//2699 689//2700 674//2701
f 628//2702 683//2702 637//2702
f 706//2703 707//2704 648//2705
f 648//2706 698//2706 661//2706
f 633//2707 671//2707 646//2707
f 659//2708 706//2708 638//2708
f 648//2709 707//2710 698//2711
f 681//2712 672//2712 677//2712
f 677//2713 672//2713 644//2713
f 688//2714 623//2715 697//2716
f 619//2717 673//2718 667//2719
f 652//2720 690//2721 650//2720
f 678//2722 675//2722 680//2722
f 660//2723 691//2724 681//2725
f 681//2726 692//2727 660//2728
f 676//2729 702//2729 681//2729
f 677//2730 644//2730 686//2730
f 670//2731 686//2732 687//2733
f 682//2734 700//2735 664//2736
f 717//2737 645//2738 579//2739
f 639//2740 685//2740 576//2740
f 670//2741 687//2742 676//2743
f 679//2744 713//2744 658//2744
f 671//2745 680//2745 704//2746
f 658//2747 693//2747 675//2747
f 685//2748 691//2749 660//2750
f 693//2751 696//2751 698//2751
f 698//2752 696//2752 661//2752
f 684//2753 696//2753 693//2753
f 653//2754 697//2755 623//2756
f 637//2757 709//2757 657//2757
f 690//2758 701//2758 650//2758
f 682//2759 699//2760 700//2761
f 655//2762 700//2762 642//2762
f 697//2763 669//2763 688//2763
f 646//2764 704//2764 634//2764
f 634//2765 695//2766 659//2767
f 693//2768 698//2768 675//2768
f 681//2769 702//2770 692//2771
f 669//2772 717//2772 579//2772
f 639//2773 703//2774 685//2775
f 637//2776 683//2776 709//2776
f 701//2777 689//2778 650//2778
f 700//2779 666//2779 642//2780
f 663//2781 694//2781 682//2781
f 703//2782 639//2782 674//2782
f 628//2783 668//2783 683//2783
f 671//2784 704//2784 646//2784
f 663//2785 626//2786 710//2787
f 658//2788 713//2789 693//2790
f 660//2791 692//2791 665//2791
f 663//2792 710//2792 694//2792
f 704//2793 695//2794 634//2795
f 695//2796 704//2797 680//2798
f 654//2799 705//2800 653//2801
f 656//2802 657//2803 647//2802
f 680//2804 706//2805 695//2806
f 673//2807 708//2808 667//2809
f 687//2810 702//2811 676//2810
f 687//2812 720//2812 702//2812
f 684//2813 711//2813 654//2813
f 700//2814 699//2815 666//2816
f 674//2817 689//2817 703//2817
f 680//2818 707//2818 706//2818
f 709//2819 647//2820 657//2821
f 680//2822 675//2822 707//2822
f 693//2823 711//2824 684//2825
f 681//2826 691//2827 672//2828
f 644//2829 666//2829 686//2829
f 662//2830 710//2831 626//2832
f 673//2833 645//2834 717//2835
f 654//2836 719//2836 705//2836
f 705//2837 697//2838 653//2839
f 647//2840 709//2840 722//2840
f 711//2841 719//2842 654//2843
f 695//2844 706//2845 659//2846
f 647//2847 713//2848 679//2849
f 687//2850 699//2850 682//2850
f 709//2851 683//2852 712//2853
f 707//2854 675//2854 698//2855
f 709//2856 712//2857 722//2858
f 672//2859 701//2860 690//2861
f 686//2862 699//2862 687//2862
f 647//2863 722//2863 713//2863
f 697//2864 714//2865 669//2865
f 682//2866 715//2866 687//2866
f 694//2867 715//2868 682//2869
f 666//2870 699//2870 686//2870
f 668//2871 665//2872 712//2871
f 689//2873 701//2873 672//2873
f 716//2874 715//2874 694//2874
f 705//2875 728//2876 697//2877
f 715//2878 720//2878 687//2878
f 694//2879 710//2880 716//2881
f 683//2882 668//2883 712//2884
f 702//2885 724//2885 692//2885
f 667//2886 718//2887 662//2887
f 702//2888 720//2888 724//2888
f 703//2889 691//2890 685//2891
f 692//2892 721//2893 665//2894
f 716//2895 710//2896 718//2895
f 728//2897 714//2898 697//2899
f 665//2900 723//2901 712//2902
f 717//2903 714//2904 673//2905
f 728//2906 725//2906 673//2906
f 673//2907 725//2907 708//2907
f 669//2908 714//2909 717//2910
f 705//2911 719//2912 728//2913
f 673//2914 714//2914 728//2914
f 689//2915 691//2916 703//2917
f 689//2918 672//2918 691//2918
f 662//2919 718//2920 710//2921
f 722//2922 729//2923 713//2924
f 667//2925 708//2925 718//2925
f 692//2926 724//2926 721//2926
f 727//2927 715//2927 716//2927
f 665//2928 721//2929 723//2930
f 713//2931 729//2932 693//2933
f 720//2934 727//2934 724//2934
f 712//2935 723//2935 722//2935
f 708//2936 725//2936 735//2936
f 715//2937 727//2938 720//2939
f 708//2940 735//2941 726//2942
f 728//2943 730//2943 725//2943
f 693//2944 729//2945 711//2946
f 708//2947 726//2948 718//2947
f 719//2949 731//2950 728//2950
f 711//2951 734//2952 719//2953
f 716//2954 732//2955 727//2956
f 718//2957 732//2958 716//2959
f 730//2960 735//2960 725//2961
f 722//2962 733//2962 729//2962
f 728//2963 731//2963 730//2963
f 727//2964 721//2964 724//2964
f 722//2965 723//2966 733//2967
f 718//2968 726//2969 732//2969
f 711//2970 729//2971 734//2970
f 732//2972 721//2973 727//2974
f 719//2975 734//2976 731//2977
f 721//2978 733//2978 723//2978
f 730//2979 731//2979 735//2979
f 729//2980 733//2981 734//2982
f 732//2983 726//2983 721//2983
f 733//2984 735//2984 734//2985
f 735//2986 731//2986 734//2986
f 721//2987 726//2987 733//2987
f 733//2988 726//2989 735//2990
