# Blender v2.91.2 OBJ File: 'Corn_lowpoly.blend'
# www.blender.org
mtllib Corn_lowpoly.mtl
o Mesh1.001
v -0.217133 0.135726 -0.184930
v -0.181391 0.150412 -0.103100
v -0.197044 0.169114 -0.116797
v -0.222751 0.158111 -0.168131
v -0.253175 0.098858 -0.138718
v -0.300350 0.092329 -0.196519
v -0.224258 0.117851 -0.073753
v -0.258848 0.153819 -0.208587
v -0.196188 0.184724 -0.057687
v -0.232370 0.164305 -0.132798
v -0.259513 0.159977 -0.172313
v -0.219886 0.184335 -0.084906
v -0.221993 0.138756 -0.005590
v -0.261323 0.134675 -0.086514
v -0.211683 0.250202 -0.073939
v -0.283878 0.122308 -0.131984
v -0.297334 0.046657 -0.129357
v -0.262832 0.062370 -0.051152
v -0.275394 0.227017 -0.214295
v -0.352386 0.075872 -0.226873
v -0.371926 0.280727 -0.315650
v -0.283913 0.122769 -0.100498
v -0.348983 -0.124382 -0.075339
v -0.306970 -0.088408 0.007515
v -0.387228 -0.141632 -0.069230
v -0.322654 -0.088539 0.025924
v -0.390431 -0.071854 -0.182260
v -0.230267 0.359562 -0.030335
v -0.330662 0.309519 -0.258214
v -0.343903 0.080952 -0.115209
v -0.205570 0.351772 0.002243
v -0.313081 0.183247 -0.054298
v -0.348927 -0.152453 0.033610
v -0.348642 0.159833 -0.128455
v -0.345796 -0.004946 -0.086464
v -0.318909 0.006605 -0.027348
v -0.310893 0.086539 -0.036127
v -0.285574 -0.041409 0.097486
v -0.330754 0.012175 -0.061635
v -0.330009 0.296308 -0.289431
v -0.391518 -0.178593 -0.040805
v -0.291827 0.011791 0.173222
v -0.319323 0.057561 -0.072963
v -0.318223 0.098253 -0.074573
v -0.321138 0.053608 -0.021102
v -0.470418 -0.185005 -0.134597
v -0.335430 0.136124 -0.027886
v -0.339706 0.030650 -0.062607
v -0.488942 -0.060498 -0.244539
v -0.413423 -0.188100 0.068629
v -0.352794 0.040090 -0.104113
v -0.416903 0.178921 -0.289046
v -0.351900 -0.138723 0.074656
v -0.419540 -0.207038 0.058237
v -0.476368 -0.131392 -0.195216
v -0.342689 0.044762 -0.005969
v -0.344337 0.127171 -0.080136
v -0.391106 0.026379 -0.096943
v -0.236363 0.389065 0.021790
v -0.378305 0.318556 -0.309647
v -0.345210 -0.105622 0.185879
v -0.381562 0.116567 -0.117428
v -0.379415 0.197843 -0.152594
v -0.449782 -0.217985 0.004328
v -0.460100 -0.208056 -0.003437
v -0.341367 0.207470 -0.111197
v -0.241399 0.380602 0.079568
v -0.397711 -0.176437 0.143422
v -0.331775 0.237335 -0.138736
v -0.308158 0.244869 -0.076414
v -0.265565 0.388307 0.011178
v -0.299032 0.319104 -0.103800
v -0.475965 -0.219872 -0.054292
v -0.334086 0.280150 -0.130868
v -0.321467 0.311949 -0.156913
v -0.422738 0.300282 -0.331918
v -0.395531 0.328682 -0.266630
v -0.369557 0.244105 -0.180904
v -0.318509 0.289416 -0.093199
v -0.327523 0.222146 -0.029127
v -0.308434 0.354622 -0.145642
v -0.291800 0.388814 -0.124197
v -0.336461 0.348297 -0.170662
v -0.319959 0.396234 -0.179359
v -0.315901 0.294816 -0.047927
v -0.360967 0.285710 -0.154553
v -0.311945 0.321918 -0.072998
v -0.305130 0.425373 -0.128170
v -0.307519 0.267546 0.223321
v -0.351029 0.314197 -0.173248
v -0.303630 0.413837 -0.091515
v -0.348230 -0.003501 0.237590
v -0.348046 0.388343 -0.192731
v -0.321819 0.416698 -0.173178
v -0.294757 0.449624 -0.139291
v -0.376577 0.275347 -0.204333
v -0.293593 0.320145 -0.028680
v -0.356746 0.314461 -0.197969
v -0.317803 0.460367 -0.187892
v -0.552341 -0.107656 -0.222859
v -0.292056 0.356132 -0.046873
v -0.297316 0.363223 0.001603
v -0.311239 0.264457 -0.026837
v -0.395780 0.312213 -0.237718
v -0.320758 0.299443 -0.044511
v -0.314414 0.369127 -0.077921
v -0.328677 0.303325 -0.069978
v -0.307288 0.486950 -0.144495
v -0.345833 0.447592 -0.201995
v -0.368926 0.343280 -0.214256
v -0.285683 0.414009 -0.061977
v -0.394937 0.261773 -0.186756
v -0.358270 0.392127 -0.225769
v -0.320047 0.297648 -0.019445
v -0.299285 0.385820 -0.022080
v -0.566547 -0.181141 -0.161784
v -0.444825 0.317711 -0.304750
v -0.565412 -0.234616 -0.084677
v -0.322587 0.212294 0.242212
v -0.321576 0.298590 -0.043417
v -0.321485 0.298726 -0.043222
v -0.397942 0.369012 -0.252877
v -0.302863 0.469975 -0.108061
v -0.361290 0.349435 -0.177156
v -0.292812 0.433022 -0.015621
v -0.335410 0.476819 -0.188471
v -0.305688 0.510736 -0.148466
v -0.360176 0.417460 -0.185336
v -0.369441 0.416202 -0.229151
v -0.302915 0.445029 -0.071729
v -0.291037 0.480701 -0.076674
v -0.357164 0.460088 -0.228134
v -0.318884 0.516368 -0.184478
v -0.307455 0.465072 -0.028471
v -0.322769 0.436121 -0.095803
v -0.448821 -0.180433 0.202331
v -0.313565 0.521552 -0.121406
v -0.277627 0.398574 0.070620
v -0.361877 0.476909 -0.216916
v -0.530562 -0.237638 -0.020639
v -0.423770 0.345739 -0.239619
v -0.388497 0.448835 -0.252624
v -0.459176 -0.207257 0.117709
v -0.322713 0.491942 -0.112885
v -0.325704 0.379821 0.032693
v -0.446338 0.326048 -0.242048
v -0.317781 0.397793 0.007695
v -0.325458 0.543478 -0.136718
v -0.430759 -0.098329 0.255801
v -0.521237 0.225083 -0.331083
v -0.357535 0.474814 -0.193474
v -0.352361 0.529993 -0.195743
v -0.306696 0.503919 -0.090485
v -0.349458 0.503976 -0.205871
v -0.306952 0.547334 -0.106922
v -0.308472 0.512102 -0.042944
v -0.395776 0.482228 -0.242162
v -0.379793 0.499281 -0.242534
v -0.314981 0.523916 -0.056778
v -0.550250 0.149119 -0.338034
v -0.422063 0.421375 -0.250266
v -0.306522 0.332549 0.171755
v -0.324013 0.335463 0.029613
v -0.333559 0.569203 -0.069157
v -0.334170 0.567102 -0.186296
v -0.438604 0.283686 -0.230944
v -0.327306 0.334803 0.068126
v -0.321187 0.438115 0.015457
v -0.341301 0.348048 0.046186
v -0.437708 0.372387 -0.254390
v -0.366355 0.532201 -0.224994
v -0.335054 0.466992 0.005530
v -0.333456 0.510856 -0.018448
v -0.407391 0.535466 -0.239132
v -0.461822 0.291651 -0.232836
v -0.471368 0.257443 -0.249488
v -0.531581 -0.219047 0.097455
v -0.348892 0.426318 0.022907
v -0.332874 0.319046 0.170787
v -0.608662 0.132164 -0.362827
v -0.535975 0.224585 -0.306693
v -0.338832 0.596917 -0.129290
v -0.463803 0.359827 -0.259598
v -0.331207 0.386095 0.071264
v -0.347672 0.572311 -0.098409
v -0.470829 0.312668 -0.264507
v -0.340627 0.528909 -0.045136
v -0.493633 0.263995 -0.241276
v -0.354359 0.280973 0.093895
v -0.330622 0.416737 0.042977
v -0.447200 0.408572 -0.251401
v -0.348760 0.599338 -0.113132
v -0.386845 0.588180 -0.209185
v -0.444834 0.434101 -0.233899
v -0.386028 0.546503 -0.213340
v -0.422707 0.494446 -0.238526
v -0.328696 0.264715 0.286479
v -0.494867 0.211701 -0.227851
v -0.516071 0.212647 -0.213989
v -0.400302 0.000278 0.266219
v -0.432703 0.466181 -0.253468
v -0.381169 0.276712 0.098589
v -0.353350 0.325327 0.086513
v -0.614161 -0.104962 -0.210681
v -0.461851 0.370694 -0.235624
v -0.378229 0.154835 0.264353
v -0.562724 0.177542 -0.310267
v -0.587865 0.154113 -0.326754
v -0.378777 0.619262 -0.186856
v -0.358240 0.630653 -0.148376
v -0.518859 0.194325 -0.240147
v -0.359593 0.344399 0.068583
v -0.618451 -0.225153 -0.092926
v -0.344062 0.272901 0.220127
v -0.403388 0.549879 -0.208419
v -0.338451 0.467494 0.036308
v -0.344806 0.506409 0.008310
v -0.350551 0.545488 0.010532
v -0.365548 0.602676 -0.167861
v -0.611511 0.045260 -0.278519
v -0.578914 0.091693 -0.317283
v -0.361907 0.430124 0.093379
v -0.363159 0.266650 0.129514
v -0.521570 0.232723 -0.253767
v -0.360910 0.356258 0.096897
v -0.514242 0.285769 -0.251249
v -0.492010 0.281115 -0.228984
v -0.345034 0.551768 -0.024754
v -0.496263 -0.177908 0.231213
v -0.453103 0.448457 -0.251660
v -0.363819 0.306319 0.119745
v -0.348752 0.480517 -0.011953
v -0.541164 -0.210743 0.161991
v -0.343043 0.281717 0.276398
v -0.369952 0.451769 0.065912
v -0.486706 0.433137 -0.273545
v -0.353530 0.618458 -0.103369
v -0.355768 0.591551 -0.082182
v -0.613177 0.151589 -0.351145
v -0.418919 0.563665 -0.222029
v -0.436215 0.563309 -0.242343
v -0.488348 0.459428 -0.258583
v -0.371425 0.628583 -0.129689
v -0.359851 0.504770 0.045798
v -0.448519 0.508822 -0.255651
v -0.507647 0.330571 -0.274927
v -0.544202 -0.225990 0.063595
v -0.496535 0.380813 -0.259884
v -0.535512 0.184847 -0.225405
v -0.481840 0.500505 -0.263244
v -0.432940 -0.060880 0.285664
v -0.547339 0.136104 -0.196118
v -0.380278 0.262373 0.132655
v -0.425585 0.591447 -0.225509
v -0.621430 -0.243159 -0.015962
v -0.637435 -0.169334 -0.167826
v -0.409774 0.621561 -0.193592
v -0.541024 0.157104 -0.225752
v -0.544605 0.166885 -0.222935
v -0.602212 -0.236169 0.025211
v -0.410814 0.026492 0.289754
v -0.572439 0.103013 -0.208705
v -0.388377 0.217812 0.146552
v -0.374366 0.642519 -0.146517
v -0.372534 0.622374 -0.077344
v -0.565707 -0.276270 0.112701
v -0.542748 0.169804 -0.222349
v -0.542683 0.169420 -0.222288
v -0.564981 0.209018 -0.239979
v -0.399606 0.294930 0.147125
v -0.399057 0.241462 0.161313
v -0.378905 0.640796 -0.101599
v -0.403979 0.204668 0.135869
v -0.559768 0.259033 -0.261579
v -0.429124 0.616469 -0.212934
v -0.351279 0.597850 -0.044178
v -0.402943 0.181082 0.163627
v -0.597093 0.079304 -0.235412
v -0.549876 0.327236 -0.256102
v -0.479467 0.559585 -0.238325
v -0.386045 0.602056 -0.067980
v -0.601326 -0.277743 0.061477
v -0.402169 0.374869 0.129602
v -0.620586 0.099370 -0.269031
v -0.395994 0.336376 0.153778
v -0.417260 0.654304 -0.187146
v -0.398398 0.526791 0.031819
v -0.399795 0.634736 -0.109436
v -0.559408 0.292691 -0.254405
v -0.423235 0.182730 0.187428
v -0.411162 0.383565 0.107768
v -0.402836 0.577124 -0.002286
v -0.397342 0.654176 -0.120322
v -0.477070 -0.143603 0.265726
v -0.393221 0.212917 0.245302
v -0.575898 -0.259812 0.171660
v -0.419160 0.290859 0.178856
v -0.592265 0.224526 -0.236845
v -0.411457 0.670302 -0.142547
v -0.486405 0.524833 -0.235499
v -0.449603 0.607149 -0.205818
v -0.441536 0.226719 0.188844
v -0.592596 0.158689 -0.227585
v -0.680091 -0.230576 -0.041846
v -0.678544 0.161890 -0.337735
v -0.693793 0.080653 -0.269000
v -0.449287 0.571331 -0.215429
v -0.612004 0.028887 -0.210701
v -0.423945 0.116406 0.218565
v -0.428420 0.111714 0.239594
v -0.551566 0.377067 -0.252711
v -0.573526 -0.202033 0.183872
v -0.404848 0.169250 0.222099
v -0.607224 0.045029 -0.176801
v -0.442782 0.158024 0.208898
v -0.525689 0.452266 -0.251840
v -0.520509 0.488142 -0.243084
v -0.440213 0.181917 0.301161
v -0.432043 0.239689 0.312245
v -0.564382 0.318558 -0.224987
v -0.643343 -0.278548 0.065586
v -0.469878 0.110509 0.222969
v -0.439033 0.614940 -0.186675
v -0.551070 -0.045416 0.327287
v -0.441773 0.118717 0.194934
v -0.541817 0.401324 -0.236645
v -0.396226 0.409376 0.110973
v -0.684382 -0.079029 -0.208677
v -0.382963 0.293082 0.304632
v -0.424025 0.457163 0.084966
v -0.393106 0.609262 -0.034588
v -0.398525 0.630861 -0.081318
v -0.577676 -0.148864 0.276076
v -0.441980 0.656946 -0.169371
v -0.443573 0.624902 -0.045801
v -0.653921 -0.225264 0.034865
v -0.438577 0.317268 0.163684
v -0.460537 0.037608 0.241418
v -0.645579 -0.045611 -0.167007
v -0.615502 0.081171 -0.200275
v -0.428487 0.287526 0.346229
v -0.636401 0.212581 -0.228153
v -0.422628 0.648898 -0.108080
v -0.463615 0.076553 0.258946
v -0.500548 0.024945 0.258433
v -0.409387 0.486044 0.067068
v -0.488851 0.592817 -0.200822
v -0.695531 0.167094 -0.292795
v -0.637690 -0.032375 -0.145841
v -0.412676 0.459312 0.062248
v -0.456536 0.639882 -0.164553
v -0.569040 0.383844 -0.227351
v -0.478659 0.045436 0.227138
v -0.520614 0.536430 -0.229540
v -0.450747 0.655892 -0.129381
v -0.652665 -0.004172 -0.156731
v -0.607030 0.271255 -0.242639
v -0.414901 0.514551 0.029435
v -0.417072 0.572053 0.023728
v -0.537564 0.517324 -0.236684
v -0.649262 -0.003703 -0.197491
v -0.653180 0.097045 -0.194497
v -0.482244 0.078269 0.232082
v -0.426695 0.652735 -0.085987
v -0.720031 -0.131112 -0.151291
v -0.472832 0.029630 0.319544
v -0.419833 0.605942 -0.008425
v -0.467907 0.107725 0.266185
v -0.526794 0.461526 -0.226999
v -0.475360 0.630493 -0.189642
v -0.698978 -0.200415 -0.095483
v -0.433602 0.415832 0.105192
v -0.623533 0.146235 -0.207490
v -0.571859 0.445517 -0.240017
v -0.506671 0.018239 0.242456
v -0.577781 0.355744 -0.231952
v -0.436861 0.522207 0.064172
v -0.702383 -0.036897 -0.142425
v -0.663703 0.140352 -0.193654
v -0.468620 0.216406 0.212559
v -0.634449 0.253454 -0.197550
v -0.571194 0.324123 -0.199518
v -0.444571 0.384694 0.092464
v -0.521679 0.060143 0.253761
v -0.448929 0.284733 0.284360
v -0.651890 -0.240233 0.182994
v -0.677352 0.026058 -0.197960
v -0.713773 0.124653 -0.202945
v -0.471992 0.265222 0.201284
v -0.519459 0.582078 -0.209983
v -0.662561 0.073366 -0.173225
v -0.506205 0.226721 0.262946
v -0.597914 0.311637 -0.225473
v -0.448666 0.384876 0.124409
v -0.651769 0.014575 -0.172692
v -0.668241 -0.056964 -0.128093
v -0.497499 0.163750 0.229144
v -0.722152 0.143220 -0.336622
v -0.450866 0.398154 0.121714
v -0.682718 -0.261519 0.099287
v -0.438419 0.443246 0.087580
v -0.493284 0.126517 0.257720
v -0.443742 0.481814 0.095823
v -0.478111 0.652078 -0.145614
v -0.509459 0.083005 0.266783
v -0.448307 0.440241 0.116772
v -0.698326 -0.020897 -0.139422
v -0.524076 0.085191 0.275801
v -0.604746 0.324423 -0.208974
v -0.561918 0.480327 -0.215188
v -0.444849 0.533410 0.044847
v -0.526088 0.613258 -0.140373
v -0.524603 0.584059 -0.187301
v -0.807647 -0.024301 -0.138762
v -0.479802 0.325170 0.152892
v -0.463727 0.586538 -0.005218
v -0.696638 0.155199 -0.253294
v -0.625223 -0.180020 0.183730
v -0.467110 0.357031 0.157275
v -0.633451 0.277063 -0.216565
v -0.561033 0.537985 -0.193351
v -0.482687 0.318914 0.179235
v -0.458110 0.582135 0.019987
v -0.463149 0.638356 -0.081911
v -0.477053 0.635330 -0.049748
v -0.721923 0.125975 -0.294604
v -0.630315 0.351477 -0.218420
v -0.608032 0.478088 -0.198398
v -0.469984 0.374812 0.122698
v -0.521567 0.104326 0.275592
v -0.608812 0.308403 -0.197943
v -0.712786 0.001184 -0.158851
v -0.519943 0.254222 0.189977
v -0.495401 0.397876 0.130458
v -0.495620 0.477452 0.100989
v -0.547822 0.056381 0.273138
v -0.517664 0.236979 0.213320
v -0.536240 0.552032 -0.190033
v -0.484968 0.387107 0.153668
v -0.482089 0.500137 0.095807
v -0.621348 0.411188 -0.208180
v -0.468569 0.537439 0.036221
v -0.492964 0.608716 -0.017602
v -0.761871 -0.177670 0.003652
v -0.687705 0.061495 -0.181867
v -0.521962 0.110451 0.274176
v -0.653630 0.322184 -0.207434
v -0.512453 0.629467 -0.083508
v -0.555584 0.048654 0.333509
v -0.707437 0.124114 -0.146867
v -0.496320 0.335666 0.174633
v -0.638920 0.397346 -0.205322
v -0.548518 0.612314 -0.106843
v -0.718725 0.093782 -0.143683
v -0.697971 0.206080 -0.297106
v -0.652607 0.345962 -0.182773
v -0.495056 0.427577 0.136318
v -0.550311 0.591085 -0.158333
v -0.443427 0.311619 0.286458
v -0.689792 0.183342 -0.248538
v -0.472349 0.285913 0.256204
v -0.506940 0.299816 0.187601
v -0.460306 0.339027 0.286021
v -0.546776 0.150871 0.268919
v -0.478338 0.254301 0.323119
v -0.503509 0.183494 0.315701
v -0.582476 0.562630 -0.166939
v -0.523362 0.103971 0.274376
v -0.751431 0.092043 -0.227987
v -0.731848 0.198913 -0.305246
v -0.491255 0.331064 0.242867
v -0.485874 0.535883 0.017344
v -0.573023 0.493473 -0.179423
v -0.695990 -0.191476 0.103863
v -0.525772 0.117199 0.274715
v -0.509580 0.318262 0.157465
v -0.786765 -0.152973 -0.041191
v -0.678286 0.179457 -0.165238
v -0.514985 0.373597 0.178542
v -0.649618 0.248700 -0.167951
v -0.500171 0.460920 0.121068
v -0.704782 0.233285 -0.233231
v -0.667625 0.228389 -0.186181
v -0.498649 0.535263 0.051252
v -0.712857 0.021846 -0.167147
v -0.713255 0.022282 -0.167082
v -0.713479 0.021817 -0.167172
v -0.537546 0.100403 0.276695
v -0.713813 0.022219 -0.167104
v -0.688951 0.261224 -0.170785
v -0.689974 -0.238908 0.128113
v -0.723515 -0.005411 -0.109406
v -0.526989 0.107667 0.275808
v -0.527565 0.108328 0.276155
v -0.527057 0.107777 0.275881
v -0.532107 0.121505 0.276225
v -0.720590 0.035309 -0.166081
v -0.565929 0.069690 0.254756
v -0.719687 -0.109959 0.217133
v -0.733261 -0.029297 -0.114695
v -0.559674 0.237025 0.224016
v -0.558156 0.100209 0.280613
v -0.532691 0.100961 0.275621
v -0.533023 0.100964 0.276151
v -0.532695 0.100703 0.275917
v -0.513398 0.565875 0.017833
v -0.542831 0.096477 0.276985
v -0.684333 0.303100 -0.196798
v -0.650143 -0.151460 0.221496
v -0.721028 0.029640 -0.164716
v -0.721423 0.030210 -0.164745
v -0.720527 0.030125 -0.164663
v -0.723474 0.037291 -0.166206
v -0.589435 0.518483 -0.169995
v -0.517818 0.608305 -0.057055
v -0.740327 0.025828 -0.149228
v -0.528080 0.406502 0.151490
v -0.540609 0.107324 0.276956
v -0.670323 -0.180166 0.163564
v -0.642276 -0.105705 0.289975
v -0.725563 0.012008 -0.151883
v -0.537415 0.107292 0.276898
v -0.537651 0.107487 0.277021
v -0.537407 0.107506 0.276672
v -0.722009 0.230828 -0.275995
v -0.726097 -0.061031 -0.079168
v -0.578731 0.010644 0.256164
v -0.726648 0.012197 -0.151960
v -0.726553 0.013281 -0.151834
v -0.540447 0.104241 0.276704
v -0.726966 0.013462 -0.151863
v -0.727332 0.013460 -0.151901
v -0.727306 0.014504 -0.151744
v -0.557136 0.173951 0.230507
v -0.728131 0.015816 -0.151683
v -0.542401 0.108179 0.278140
v -0.728826 0.015924 -0.151790
v -0.543816 0.590601 -0.128679
v -0.709815 -0.042850 -0.047467
v -0.733071 0.026435 -0.152498
v -0.739962 0.026207 -0.146733
v -0.597756 0.011649 0.216904
v -0.729340 0.025232 -0.155567
v -0.729723 0.025736 -0.155660
v -0.728729 0.025797 -0.155468
v -0.727991 0.030577 -0.158965
v -0.729719 0.051687 -0.158560
v -0.521851 0.519714 0.059934
v -0.729062 0.130411 -0.149932
v -0.622975 0.472494 -0.164567
v -0.732242 -0.186664 0.038108
v -0.583868 0.039580 0.257043
v -0.571068 0.582599 -0.122998
v -0.546081 0.220850 0.211395
v -0.544111 0.292996 0.216217
v -0.512724 0.344623 0.250889
v -0.736481 -0.034848 -0.036611
v -0.557162 0.264888 0.218632
v -0.539878 0.561062 0.031231
v -0.575628 0.040854 0.268193
v -0.529443 0.413839 0.121941
v -0.630654 0.507567 -0.153931
v -0.620883 0.019427 0.228068
v -0.732803 -0.033430 -0.086688
v -0.749281 -0.012405 -0.109197
v -0.713186 0.202932 -0.175398
v -0.737289 -0.064234 -0.052168
v -0.598238 0.542271 -0.134547
v -0.749286 -0.036970 -0.078367
v -0.751976 0.055481 -0.126614
v -0.608443 -0.000064 0.249990
v -0.528523 0.263918 0.309125
v -0.725902 0.176541 -0.139842
v -0.561516 0.246712 0.206408
v -0.740373 -0.036949 -0.036417
v -0.584363 0.058651 0.274158
v -0.552978 0.334221 0.178646
v -0.533546 0.328799 0.167235
v -0.533741 0.328791 0.167323
v -0.550758 0.338843 0.174867
v -0.763018 0.023669 -0.107501
v -0.531282 0.340648 0.273911
v -0.740099 -0.034684 -0.037625
v -0.732542 0.089881 -0.119181
v -0.587520 0.139198 0.269289
v -0.553253 0.611859 -0.069937
v -0.602974 0.033356 0.261973
v -0.545873 0.440062 0.108157
v -0.547620 0.571411 -0.009578
v -0.637672 0.427888 -0.158115
v -0.526977 0.489183 0.068580
v -0.545065 0.585474 -0.036111
v -0.784728 -0.100267 0.181380
v -0.743620 0.029801 -0.107416
v -0.584730 0.125459 0.260825
v -0.660143 0.389185 -0.153681
v -0.689994 -0.100626 0.254173
v -0.677310 -0.069824 0.278168
v -0.604860 0.077427 0.337514
v -0.574095 0.310630 0.216779
v -0.650718 0.367371 -0.122580
v -0.561647 0.405839 0.082260
v -0.569482 0.410343 0.116083
v -0.555064 0.503183 0.068920
v -0.639714 0.027293 0.223342
v -0.587614 0.544386 -0.101540
v -0.554766 0.559311 -0.031170
v -0.587882 0.177355 0.244332
v -0.690677 0.342641 -0.163723
v -0.554851 0.456200 0.076992
v -0.579858 0.162729 0.233925
v -0.565375 0.587689 -0.042658
v -0.572925 0.556075 -0.019568
v -0.590083 0.582489 -0.089306
v -0.620502 -0.010731 0.326240
v -0.730847 0.236292 -0.174408
v -0.637177 0.029849 0.194515
v -0.558446 0.433996 0.087905
v -0.725225 -0.012446 -0.009552
v -0.744089 0.244642 -0.220690
v -0.566025 0.391384 0.154423
v -0.659922 0.018805 0.221125
v -0.747746 0.098998 -0.121484
v -0.705517 0.307741 -0.156463
v -0.596544 0.416626 0.093955
v -0.755589 -0.027356 -0.007985
v -0.600291 0.102950 0.271019
v -0.682051 0.356190 -0.127766
v -0.646050 0.411163 -0.136376
v -0.714467 -0.038500 0.295339
v -0.704231 0.279364 -0.139264
v -0.581282 0.451051 0.090661
v -0.582731 0.520973 0.037093
v -0.616948 0.550990 -0.067048
v -0.764007 0.143246 -0.233578
v -0.728415 0.177980 -0.141400
v -0.674481 0.392751 -0.125000
v -0.563968 0.476681 0.081662
v -0.624736 0.529186 -0.096417
v -0.742562 0.196107 -0.092887
v -0.766124 0.013621 -0.029776
v -0.756695 -0.010730 -0.025226
v -0.652993 0.066233 0.224397
v -0.821961 -0.116143 0.012015
v -0.694373 0.275852 -0.092732
v -0.597876 0.382046 0.117347
v -0.587805 0.564666 -0.057373
v -0.609095 0.256930 0.201165
v -0.581768 0.336260 0.146285
v -0.693761 0.296313 -0.085572
v -0.674809 0.455145 -0.113514
v -0.604451 0.320312 0.190849
v -0.595037 0.358044 0.140338
v -0.645984 0.491341 -0.108426
v -0.688630 0.031732 0.305279
v -0.604395 0.337946 0.114652
v -0.599860 0.553590 -0.025134
v -0.626093 0.245486 0.168024
v -0.580350 0.545981 0.016829
v -0.666687 0.063353 0.232376
v -0.796151 0.212335 -0.155071
v -0.725266 0.257989 -0.083417
v -0.602169 0.315748 0.131021
v -0.714328 0.191591 -0.066148
v -0.596453 0.514173 0.000596
v -0.776446 0.011069 -0.025162
v -0.617954 0.315059 0.148043
v -0.718239 0.288955 -0.082121
v -0.630322 0.494221 -0.076893
v -0.726499 0.218140 -0.062442
v -0.690619 0.380322 -0.095259
v -0.609951 0.478456 0.067108
v -0.622628 0.251672 0.138225
v -0.698121 0.331351 -0.104147
v -0.628155 0.502871 -0.002254
v -0.634578 0.346748 0.117376
v -0.692640 0.423986 -0.096785
v -0.776081 0.016596 -0.040759
v -0.630087 0.256353 0.199162
v -0.633255 0.282586 0.156672
v -0.654164 0.075617 0.241744
v -0.758039 0.190822 -0.048185
v -0.740967 0.220745 -0.044225
v -0.770963 0.192509 -0.076025
v -0.655443 0.483715 -0.063683
v -0.688492 0.089691 0.219739
v -0.758076 0.230945 -0.145544
v -0.654098 0.242032 0.171470
v -0.817989 -0.097762 -0.009192
v -0.622156 0.303724 0.229667
v -0.692381 0.092461 0.220497
v -0.759858 0.217976 -0.114724
v -0.679062 0.438825 -0.102684
v -0.634965 0.511345 -0.043732
v -0.744633 0.259283 -0.134968
v -0.681407 0.121045 0.298066
v -0.614428 0.279840 0.205195
v -0.843325 -0.006544 -0.055551
v -0.662038 0.262106 0.146977
v -0.785477 0.222903 -0.127560
v -0.747923 0.256417 -0.063477
v -0.842154 0.088894 -0.075831
v -0.725055 0.332104 -0.064799
v -0.641549 0.434668 0.076655
v -0.659211 0.456683 -0.049570
v -0.638088 0.469381 0.013067
v -0.756785 0.112064 -0.028880
v -0.664873 0.156635 0.187792
v -0.662221 0.467735 -0.027086
v -0.719045 0.374340 -0.067920
v -0.652672 0.407848 0.095696
v -0.684191 0.444596 -0.037579
v -0.675973 0.175436 0.171474
v -0.736848 -0.025275 0.284921
v -0.791117 0.048394 -0.005472
v -0.786718 0.041543 -0.009473
v -0.758378 0.137122 -0.016035
v -0.683025 0.332935 0.123806
v -0.720726 0.319899 -0.035074
v -0.772199 0.116861 -0.045125
v -0.663022 0.168537 0.207235
v -0.652012 0.492321 -0.015705
v -0.781754 0.126765 -0.003207
v -0.780254 0.149873 -0.039345
v -0.692334 0.239857 0.251061
v -0.668839 0.294361 0.149096
v -0.655489 0.457252 0.033226
v -0.701850 0.407479 -0.051452
v -0.793494 0.031927 -0.005091
v -0.785957 0.092517 -0.012696
v -0.676303 0.409907 0.010430
v -0.686105 0.329621 0.026737
v -0.693313 0.080041 0.225984
v -0.783833 0.073602 0.005619
v -0.684521 0.367032 0.085724
v -0.779583 0.085732 -0.003289
v -0.696700 0.113206 0.198831
v -0.675460 0.218259 0.198166
v -0.859041 -0.032844 -0.034567
v -0.674039 0.216075 0.179482
v -0.769088 0.210755 -0.018693
v -0.740197 0.312870 -0.034456
v -0.694102 0.137204 0.203420
v -0.723935 0.159518 0.080586
v -0.781581 0.174319 0.008697
v -0.734959 0.240323 0.066149
v -0.711198 0.246599 0.058307
v -0.730109 0.350352 -0.018674
v -0.677752 0.347120 0.081110
v -0.710006 0.052002 0.314755
v -0.698260 0.142366 0.196490
v -0.753493 0.150632 0.094887
v -0.765186 0.163909 0.058389
v -0.723939 0.180256 0.152356
v -0.775472 0.155829 0.033737
v -0.682281 0.231529 0.202662
v -0.800446 0.189788 -0.060496
v -0.709405 0.250910 0.142310
v -0.712918 0.394684 -0.006392
v -0.867976 -0.045195 0.006263
v -0.788077 0.165936 -0.039965
v -0.735177 0.171194 0.106761
v -0.750605 0.240011 0.009596
v -0.709358 0.331642 0.009242
v -0.691119 0.399411 0.053205
v -0.685794 0.251242 0.225426
v -0.708022 0.284662 0.122776
v -0.736790 0.318761 0.019322
v -0.847185 -0.032259 0.143739
v -0.758303 0.095353 0.108134
v -0.763057 0.270440 -0.013589
v -0.701542 0.356491 0.028432
v -0.718553 0.325117 0.075889
v -0.717294 0.207316 0.159381
v -0.702828 0.261391 0.116076
v -0.728123 0.269797 0.063103
v -0.771704 0.141078 0.097139
v -0.824818 0.180967 -0.072867
v -0.721196 0.305914 0.048954
v -0.870551 -0.042498 0.036236
v -0.797703 0.293495 -0.024036
v -0.746859 0.193040 0.084074
v -0.863083 0.048524 -0.060677
v -0.719856 0.327116 0.157455
v -0.749320 0.275616 0.039457
v -0.762832 0.151666 0.113014
v -0.716937 0.195020 0.281144
v -0.743840 0.057994 0.306890
v -0.742310 0.223859 0.112794
v -0.772127 0.214815 0.042372
v -0.830443 0.232866 -0.056530
v -0.859793 0.154645 -0.059950
v -0.724768 0.311563 0.132310
v -0.809007 -0.017432 0.215648
v -0.883546 0.011979 -0.021890
v -0.779855 0.245304 0.087017
v -0.764536 0.047110 0.279529
v -0.774566 0.315766 0.069572
v -0.879398 0.071017 0.039206
v -0.783304 0.160977 0.231624
v -0.863686 0.052699 0.155959
v -0.745027 0.333185 0.174554
v -0.864068 0.169576 0.028348
v -0.830142 0.351458 0.032078
v -0.792188 0.373696 0.066529
v -0.872684 0.118626 0.123373
v -0.843046 0.141259 0.179496
v -0.842582 0.290512 0.028590
v -0.780465 0.316528 0.161236
v -0.827218 0.278041 0.105684
v -0.813003 0.381956 0.081705
v -0.833206 0.368274 0.089573
v -0.321529 0.298664 -0.043320
v -0.533642 0.328804 0.167276
v -0.542709 0.169610 -0.222320
vn 0.8257 0.3599 -0.4343
vn 0.8163 0.3856 -0.4302
vn 0.8286 0.3744 -0.4161
vn 0.7081 0.5289 -0.4679
vn 0.6188 -0.7744 -0.1318
vn 0.6253 -0.7691 -0.1318
vn 0.6194 -0.7737 -0.1334
vn 0.8115 0.5619 -0.1601
vn 0.5776 0.5777 -0.5767
vn 0.5824 0.5769 -0.5727
vn 0.5822 0.5733 -0.5765
vn 0.2708 0.9297 -0.2496
vn 0.2713 0.9314 -0.2426
vn 0.2701 0.9281 -0.2563
vn 0.4716 -0.8318 -0.2927
vn 0.4736 -0.8307 -0.2927
vn 0.4738 -0.8314 -0.2904
vn 0.6724 -0.7129 0.1989
vn 0.6746 -0.7117 0.1958
vn 0.6758 -0.7096 0.1995
vn -0.0496 0.9814 -0.1855
vn 0.0688 0.9838 -0.1658
vn 0.9229 -0.0955 0.3729
vn -0.5735 0.4996 -0.6492
vn -0.5761 0.4967 -0.6492
vn -0.5759 0.5007 -0.6462
vn 0.3239 -0.3844 -0.8645
vn 0.3221 -0.3870 -0.8640
vn 0.3195 -0.3887 -0.8642
vn -0.6067 0.7383 -0.2946
vn 0.7761 -0.6079 -0.1677
vn -0.6357 0.7719 -0.0086
vn -0.6352 0.7722 -0.0162
vn -0.6320 0.7749 -0.0121
vn -0.2915 0.8780 0.3797
vn -0.2906 0.8785 0.3793
vn 0.7540 0.0154 -0.6567
vn 0.7543 0.0179 -0.6563
vn -0.0385 0.7418 0.6696
vn -0.0453 0.7418 0.6691
vn -0.0345 0.7381 0.6739
vn 0.7325 -0.6514 -0.1976
vn 0.7321 -0.6537 -0.1917
vn 0.7286 -0.6569 -0.1938
vn -0.5463 0.8175 0.1827
vn -0.5447 0.8183 0.1835
vn -0.5432 0.8193 0.1834
vn 0.9755 0.2192 -0.0190
vn 0.9755 0.2191 -0.0190
vn 0.8384 -0.5283 0.1341
vn 0.8390 -0.5275 0.1333
vn 0.6397 -0.6201 -0.4542
vn 0.6373 -0.6229 -0.4537
vn 0.6396 -0.6220 -0.4517
vn 0.5490 -0.5052 -0.6658
vn 0.5451 -0.5034 -0.6704
vn 0.5452 -0.5060 -0.6683
vn 0.8745 -0.3686 -0.3151
vn 0.8785 -0.3591 -0.3152
vn 0.8793 -0.3613 -0.3103
vn 0.8854 -0.3667 -0.2856
vn 0.8818 -0.3752 -0.2858
vn 0.8829 -0.3727 -0.2857
vn 0.8622 0.1573 -0.4816
vn 0.4313 -0.3239 -0.8421
vn 0.4337 -0.3216 -0.8417
vn 0.4352 -0.3265 -0.8390
vn -0.0191 -0.2959 -0.9550
vn 0.8020 -0.4748 -0.3624
vn 0.8052 -0.4729 -0.3577
vn 0.8052 -0.4739 -0.3564
vn 0.7607 0.0296 0.6484
vn 0.8833 -0.4369 -0.1699
vn 0.8829 -0.4370 -0.1721
vn 0.8824 -0.4395 -0.1680
vn 0.9058 -0.3996 -0.1410
vn 0.9057 -0.4005 -0.1392
vn 0.9060 -0.4007 -0.1368
vn 0.7872 0.3390 -0.5151
vn 0.7872 0.3389 -0.5153
vn 0.7872 0.3389 -0.5152
vn 0.8077 -0.4920 -0.3249
vn 0.8095 -0.4881 -0.3262
vn 0.8101 -0.4884 -0.3243
vn 0.3639 0.5551 0.7480
vn 0.3646 0.5510 0.7506
vn 0.3612 0.5563 0.7484
vn 0.5501 -0.3697 -0.7488
vn 0.5541 -0.3651 -0.7481
vn 0.5496 -0.3698 -0.7491
vn 0.8600 0.4778 -0.1794
vn 0.8601 0.4747 -0.1868
vn 0.8591 0.4778 -0.1837
vn 0.9465 0.1564 -0.2821
vn 0.9484 0.1526 -0.2780
vn 0.9469 0.1505 -0.2840
vn -0.3117 0.1944 -0.9301
vn -0.3095 0.1934 -0.9310
vn -0.3115 0.1889 -0.9313
vn 0.7976 -0.5840 -0.1509
vn 0.9522 -0.2073 0.2246
vn 0.9522 -0.2073 0.2245
vn -0.3024 0.2818 -0.9106
vn -0.3029 0.2801 -0.9109
vn 0.5677 -0.1731 -0.8048
vn 0.3655 0.5648 0.7399
vn 0.3654 0.5598 0.7437
vn 0.3650 0.5601 0.7437
vn -0.7798 0.5122 0.3600
vn -0.7803 0.5151 0.3547
vn -0.7808 0.5167 0.3513
vn -0.6276 0.4782 0.6144
vn -0.6301 0.4752 0.6142
vn -0.6306 0.4811 0.6090
vn -0.9216 0.3880 -0.0067
vn -0.9222 0.3867 -0.0010
vn 0.9218 -0.0843 0.3783
vn 0.9208 -0.0901 0.3795
vn 0.9213 -0.0795 0.3805
vn -0.8571 0.4807 0.1850
vn -0.8530 0.4880 0.1848
vn -0.8571 0.4832 0.1787
vn 0.7141 -0.6779 -0.1745
vn 0.7184 -0.6735 -0.1740
vn 0.7227 -0.6688 -0.1745
vn 0.1532 -0.6123 -0.7756
vn 0.1475 -0.6138 -0.7756
vn 0.1530 -0.6135 -0.7747
vn 0.0456 0.3164 0.9475
vn 0.0459 0.3151 0.9479
vn 0.0471 0.3161 0.9476
vn 0.7459 -0.2262 0.6265
vn 0.7437 -0.2257 0.6293
vn 0.7417 -0.2291 0.6303
vn -0.2920 0.3093 0.9050
vn -0.2275 0.3270 -0.9172
vn 0.5933 -0.8029 -0.0578
vn 0.5971 -0.7999 -0.0608
vn 0.5936 -0.8022 -0.0645
vn -0.7665 0.0488 -0.6404
vn -0.7655 0.0462 -0.6418
vn -0.7685 0.0460 -0.6382
vn 0.8322 -0.5498 -0.0724
vn 0.8286 -0.5554 -0.0702
vn 0.8344 -0.5466 -0.0706
vn -0.6300 -0.1565 -0.7606
vn -0.6237 -0.1545 -0.7662
vn -0.6290 -0.1578 -0.7612
vn 0.6507 -0.6397 -0.4091
vn 0.6590 -0.6296 -0.4115
vn 0.6571 -0.6344 -0.4072
vn 0.4683 -0.3578 -0.8079
vn 0.4675 -0.3637 -0.8057
vn -0.6129 -0.1753 -0.7704
vn 0.2848 -0.3582 -0.8892
vn 0.2868 -0.3596 -0.8880
vn 0.2846 -0.3617 -0.8878
vn 0.3647 0.6115 0.7022
vn 0.3718 0.6123 0.6978
vn 0.3670 0.6171 0.6961
vn 0.5215 -0.1127 0.8458
vn 0.5197 -0.1144 0.8467
vn 0.1524 0.1716 0.9733
vn 0.1530 0.1726 0.9730
vn -0.6158 -0.1423 -0.7749
vn 0.7936 -0.6082 -0.0186
vn 0.6722 -0.6474 -0.3592
vn 0.5163 -0.6157 -0.5952
vn 0.5216 -0.6143 -0.5920
vn 0.5217 -0.6175 -0.5887
vn 0.3970 -0.2843 -0.8727
vn 0.3905 -0.2792 -0.8772
vn 0.3960 -0.2757 -0.8759
vn -0.3225 0.2183 -0.9210
vn -0.3219 0.2148 -0.9221
vn -0.3269 0.2201 -0.9191
vn 0.8750 -0.3560 0.3282
vn 0.8731 -0.3618 0.3269
vn 0.8731 -0.3663 0.3216
vn 0.5032 -0.8334 0.2285
vn 0.5058 -0.8318 0.2284
vn 0.5079 -0.8281 0.2372
vn 0.4357 -0.4607 -0.7732
vn -0.5942 0.0782 -0.8005
vn 0.4603 0.2171 -0.8608
vn 0.4595 0.2143 -0.8619
vn 0.4567 0.2138 -0.8635
vn 0.0393 0.3762 0.9257
vn 0.0412 0.3701 0.9281
vn 0.0481 0.3727 0.9267
vn 0.3416 0.5732 0.7448
vn 0.3451 0.5699 0.7457
vn 0.3492 0.5676 0.7456
vn 0.8062 -0.5785 0.1237
vn 0.5102 0.7972 -0.3228
vn 0.5049 0.7986 -0.3274
vn 0.4993 0.8026 -0.3263
vn 0.6427 0.6974 -0.3170
vn 0.6424 0.6954 -0.3222
vn 0.6416 0.6973 -0.3196
vn 0.6088 -0.7042 -0.3653
vn 0.6035 -0.7083 -0.3663
vn 0.5993 -0.7133 -0.3634
vn 0.2727 -0.9160 -0.2943
vn 0.1002 0.1737 0.9797
vn 0.1054 0.1700 0.9798
vn 0.1038 0.1708 0.9798
vn 0.6068 -0.7451 -0.2768
vn 0.6080 -0.7427 -0.2806
vn 0.6110 -0.7399 -0.2816
vn 0.4953 -0.8626 -0.1033
vn 0.4971 -0.8606 -0.1106
vn 0.4995 -0.8598 -0.1056
vn 0.6581 -0.7523 -0.0305
vn 0.6602 -0.7504 -0.0309
vn 0.6584 -0.7521 -0.0278
vn -0.0177 0.5251 0.8509
vn -0.0199 0.5260 0.8503
vn -0.0192 0.5249 0.8510
vn 0.7505 -0.6443 0.1466
vn 0.7528 -0.6426 0.1427
vn 0.7515 -0.6422 0.1511
vn 0.6115 -0.5233 0.5935
vn -0.2172 -0.5791 -0.7858
vn 0.8001 0.5796 0.1546
vn 0.7970 0.5834 0.1561
vn 0.8019 0.5762 0.1579
vn 0.3694 0.2061 -0.9061
vn 0.3658 0.2032 -0.9082
vn 0.3672 0.2045 -0.9074
vn 0.6265 -0.7794 -0.0101
vn -0.0729 -0.6603 -0.7474
vn 0.8932 -0.0803 0.4424
vn 0.8933 -0.0887 0.4406
vn 0.8916 -0.0851 0.4448
vn 0.2943 0.9498 -0.1057
vn 0.2905 0.9505 -0.1099
vn 0.2974 0.9494 -0.1012
vn 0.1542 0.8661 -0.4754
vn 0.1428 0.8685 -0.4748
vn 0.1492 0.8657 -0.4779
vn 0.9346 -0.0130 0.3556
vn 0.9344 -0.0124 0.3561
vn 0.9342 -0.0125 0.3565
vn 0.3845 -0.2720 -0.8822
vn 0.3890 -0.2804 -0.8776
vn 0.3821 -0.2825 -0.8799
vn 0.1696 -0.3205 -0.9319
vn 0.1765 -0.3157 -0.9323
vn 0.1752 -0.3228 -0.9301
vn 0.1887 0.8526 0.4873
vn 0.2331 0.7190 0.6548
vn 0.2373 0.7171 0.6553
vn 0.2352 0.7204 0.6525
vn 0.4048 0.8990 0.1670
vn 0.7541 -0.2788 0.5946
vn -0.3441 0.5199 -0.7819
vn -0.2991 0.6465 -0.7019
vn 0.1301 -0.5529 -0.8230
vn 0.1258 -0.5529 -0.8237
vn 0.1279 -0.5510 -0.8246
vn -0.0523 0.8207 -0.5690
vn -0.0508 0.8232 -0.5655
vn -0.0484 0.8212 -0.5686
vn -0.4001 0.0985 -0.9112
vn -0.4003 0.0967 -0.9112
vn -0.4015 0.0956 -0.9109
vn 0.0338 0.9860 -0.1634
vn -0.0300 0.9702 -0.2404
vn -0.0296 0.9701 -0.2408
vn -0.0301 0.9703 -0.2398
vn 0.9233 -0.0554 0.3802
vn 0.9234 -0.0628 0.3788
vn 0.9250 -0.0592 0.3754
vn 0.2572 0.6161 0.7445
vn 0.2608 0.6183 0.7414
vn 0.2522 0.6208 0.7423
vn 0.8486 -0.0512 0.5266
vn 0.1580 -0.7319 -0.6628
vn 0.2672 -0.8898 -0.3699
vn 0.2764 -0.8873 -0.3693
vn 0.2662 -0.8902 -0.3696
vn 0.0772 -0.6444 -0.7608
vn 0.0758 -0.6478 -0.7580
vn 0.0746 -0.6459 -0.7598
vn 0.4309 -0.9010 0.0500
vn -0.5493 0.7986 -0.2459
vn -0.5485 0.7968 -0.2535
vn -0.5529 0.7950 -0.2495
vn 0.1267 -0.8129 -0.5685
vn 0.1275 -0.8141 -0.5665
vn 0.1299 -0.8136 -0.5668
vn 0.5692 -0.6900 0.4470
vn -0.4499 0.7759 0.4422
vn -0.4488 0.7781 0.4394
vn -0.4514 0.7765 0.4396
vn 0.3639 -0.9259 0.1016
vn -0.4782 0.7825 0.3988
vn -0.4868 0.7764 0.4003
vn -0.4863 0.7782 0.3973
vn 0.0964 -0.3837 -0.9184
vn 0.1002 -0.3797 -0.9197
vn 0.1017 -0.3822 -0.9185
vn 0.3858 -0.2936 -0.8746
vn 0.3848 -0.2949 -0.8746
vn 0.3924 -0.2857 -0.8743
vn -0.4332 0.5583 -0.7076
vn -0.4318 0.5577 -0.7089
vn -0.4329 0.5562 -0.7094
vn -0.7715 0.6273 -0.1063
vn -0.7676 0.6330 -0.0999
vn -0.7647 0.6366 -0.0999
vn -0.2977 -0.7606 -0.5770
vn 0.0094 -0.4347 -0.9005
vn 0.0042 -0.4290 -0.9033
vn 0.0101 -0.4234 -0.9059
vn 0.2430 0.7772 0.5804
vn 0.2458 0.7772 0.5792
vn 0.2436 0.7788 0.5780
vn -0.1088 0.1277 -0.9858
vn -0.1084 0.1308 -0.9855
vn -0.1070 0.1350 -0.9851
vn 0.2125 -0.9637 -0.1615
vn 0.2196 -0.9620 -0.1622
vn 0.2174 -0.9619 -0.1661
vn -0.7854 0.6167 -0.0534
vn -0.7894 0.6112 -0.0577
vn -0.7869 0.6149 -0.0522
vn 0.3529 -0.9019 0.2492
vn 0.3514 -0.9040 0.2436
vn 0.3572 -0.9022 0.2417
vn 0.5520 0.5130 0.6574
vn 0.5517 0.5132 0.6575
vn 0.5516 0.5131 0.6576
vn 0.5728 -0.3568 0.7380
vn 0.5682 -0.3573 0.7413
vn 0.5738 -0.3615 0.7349
vn 0.7586 -0.1047 0.6430
vn 0.7599 -0.0999 0.6423
vn 0.7570 -0.1056 0.6448
vn -0.6992 0.6259 0.3454
vn -0.6981 0.6252 0.3489
vn -0.6963 0.6284 0.3468
vn 0.4985 -0.5464 0.6731
vn 0.4965 -0.5487 0.6727
vn 0.5045 -0.5441 0.6704
vn 0.3292 -0.5345 0.7784
vn 0.3293 -0.5333 0.7792
vn 0.3290 -0.5340 0.7789
vn 0.1541 -0.9816 0.1129
vn 0.1525 -0.9812 0.1184
vn 0.1531 -0.9818 0.1124
vn -0.6646 0.6425 0.3815
vn -0.6650 0.6417 0.3822
vn -0.6634 0.6435 0.3818
vn 0.2074 -0.9612 -0.1818
vn 0.2124 -0.9609 -0.1777
vn -0.7879 0.6137 0.0496
vn -0.7888 0.6125 0.0512
vn -0.7876 0.6141 0.0517
vn -0.8883 0.4587 0.0233
vn -0.8895 0.4566 0.0202
vn -0.8896 0.4564 0.0189
vn -0.6561 0.6502 -0.3832
vn -0.6563 0.6504 -0.3824
vn -0.6552 0.6509 -0.3836
vn 0.4294 -0.0743 0.9001
vn 0.4355 -0.0693 0.8975
vn 0.4311 -0.0652 0.8999
vn -0.6861 0.5676 0.4550
vn -0.6894 0.5684 0.4490
vn -0.6917 0.5649 0.4499
vn -0.4283 0.8078 0.4050
vn -0.4242 0.8087 0.4075
vn -0.4291 0.8083 0.4030
vn 0.9399 -0.1512 0.3062
vn 0.9393 -0.1508 0.3082
vn 0.9387 -0.1517 0.3097
vn 0.1518 -0.9779 0.1435
vn 0.1516 -0.9787 0.1381
vn 0.1545 -0.9775 0.1438
vn 0.3455 -0.9216 0.1769
vn 0.3431 -0.9213 0.1832
vn 0.3413 -0.9227 0.1794
vn 0.4573 -0.4952 -0.7387
vn -0.3474 -0.6514 -0.6745
vn -0.3422 -0.6485 -0.6800
vn -0.3443 -0.6506 -0.6769
vn -0.6910 0.3202 -0.6481
vn -0.6938 0.3242 -0.6431
vn -0.6928 0.3305 -0.6409
vn 0.1912 -0.9411 0.2789
vn 0.1890 -0.9425 0.2756
vn 0.1906 -0.9432 0.2721
vn -0.1333 0.6620 -0.7375
vn -0.1770 -0.6060 -0.7755
vn -0.1773 -0.6058 -0.7756
vn -0.1788 -0.6082 -0.7734
vn 0.4557 -0.2316 0.8595
vn -0.0572 -0.8180 -0.5724
vn -0.0593 -0.8176 -0.5727
vn -0.0580 -0.8207 -0.5683
vn 0.0206 0.6190 0.7851
vn 0.0225 0.6211 0.7834
vn 0.0198 0.6228 0.7821
vn 0.4091 -0.5595 0.7209
vn -0.3567 -0.4383 -0.8250
vn 0.8665 -0.4989 -0.0124
vn 0.1184 -0.9824 0.1445
vn 0.1196 -0.9823 0.1442
vn 0.4803 -0.0588 0.8751
vn 0.4821 -0.0612 0.8740
vn 0.4739 -0.0530 0.8790
vn -0.6634 0.6054 0.4398
vn -0.6662 0.6012 0.4414
vn -0.6625 0.6021 0.4456
vn -0.7614 0.4668 -0.4499
vn -0.7638 0.4612 -0.4515
vn -0.7610 0.4669 -0.4504
vn -0.3879 0.7154 0.5811
vn -0.1972 -0.4008 -0.8947
vn -0.1980 -0.3982 -0.8957
vn -0.1906 -0.4034 -0.8950
vn 0.6605 0.7069 0.2532
vn 0.6571 0.7120 0.2475
vn 0.6566 0.7078 0.2604
vn -0.8622 0.5065 -0.0096
vn -0.8627 0.5057 -0.0103
vn -0.8659 0.5001 -0.0086
vn 0.0551 -0.9953 -0.0795
vn 0.0583 -0.9954 -0.0755
vn 0.0534 -0.9952 -0.0819
vn 0.1921 0.5382 -0.8206
vn -0.6864 0.5788 0.4403
vn -0.6899 0.5796 0.4338
vn -0.6866 0.5789 0.4398
vn 0.0701 -0.9869 0.1456
vn 0.0753 -0.9867 0.1442
vn 0.0727 -0.9854 0.1538
vn -0.8773 0.4777 0.0463
vn -0.8834 0.4663 0.0460
vn -0.8821 0.4681 0.0522
vn 0.6025 -0.4759 0.6407
vn 0.5603 -0.5898 -0.5815
vn 0.8412 -0.3110 0.4423
vn 0.8407 -0.3068 0.4461
vn 0.8409 -0.3064 0.4461
vn 0.7697 -0.2265 0.5969
vn 0.7727 -0.2235 0.5941
vn 0.7704 -0.2207 0.5981
vn 0.1567 0.9753 -0.1559
vn 0.1568 0.9753 -0.1558
vn 0.0616 -0.9885 0.1380
vn 0.0677 -0.9888 0.1333
vn 0.0690 -0.9888 0.1320
vn -0.1360 -0.9635 -0.2307
vn 0.1535 -0.9269 0.3426
vn 0.1514 -0.9288 0.3382
vn 0.1567 -0.9278 0.3385
vn 0.8184 -0.5399 -0.1967
vn 0.8188 -0.5402 -0.1941
vn 0.8183 -0.5415 -0.1925
vn -0.0280 0.2675 -0.9632
vn -0.0283 0.2675 -0.9632
vn -0.9851 -0.1545 0.0756
vn -0.9851 -0.1543 0.0756
vn -0.9852 -0.1530 0.0773
vn 0.8274 -0.4626 -0.3185
vn 0.8273 -0.4628 -0.3185
vn 0.8273 -0.4628 -0.3184
vn -0.8332 0.4492 0.3226
vn -0.8297 0.4544 0.3241
vn -0.8342 0.4505 0.3181
vn 0.7025 -0.6603 0.2657
vn 0.4083 -0.0783 -0.9095
vn 0.4089 -0.0778 -0.9093
vn 0.4075 -0.0785 -0.9098
vn -0.8769 0.4343 0.2059
vn -0.8781 0.4329 0.2040
vn -0.8787 0.4302 0.2067
vn -0.8524 0.5040 0.1393
vn -0.8529 0.5037 0.1371
vn -0.8539 0.5022 0.1366
vn 0.6183 -0.6669 -0.4158
vn 0.6171 -0.6687 -0.4146
vn 0.6181 -0.6704 -0.4106
vn 0.8535 -0.1160 0.5081
vn 0.8514 -0.1101 0.5128
vn 0.8506 -0.1104 0.5141
vn -0.7851 0.5250 0.3285
vn -0.7835 0.5273 0.3287
vn -0.7863 0.5248 0.3260
vn -0.8017 0.5405 0.2551
vn -0.7957 0.5485 0.2569
vn -0.7984 0.5430 0.2603
vn 0.0695 0.9812 -0.1803
vn 0.0764 0.9807 -0.1802
vn 0.0731 0.9805 -0.1824
vn -0.7739 0.4453 -0.4502
vn -0.7747 0.4439 -0.4504
vn -0.7755 0.4475 -0.4453
vn -0.9220 0.3838 0.0505
vn -0.9189 0.3910 0.0519
vn -0.9200 0.3896 0.0429
vn -0.3894 0.6410 0.6614
vn -0.3987 0.6433 0.6536
vn -0.3956 0.6402 0.6585
vn -0.7347 0.6486 0.1987
vn 0.8573 -0.4373 0.2717
vn 0.8568 -0.4389 0.2706
vn 0.8576 -0.4381 0.2694
vn 0.8184 -0.5420 0.1910
vn 0.8184 -0.5419 0.1910
vn 0.5251 -0.5531 -0.6469
vn -0.7874 0.6111 -0.0815
vn -0.0988 0.4959 -0.8627
vn -0.1744 -0.4027 -0.8986
vn -0.1789 -0.4005 -0.8987
vn -0.1734 -0.3996 -0.9001
vn -0.3010 -0.4777 -0.8253
vn -0.2967 -0.4777 -0.8269
vn -0.3031 -0.4765 -0.8253
vn -0.1073 -0.9674 -0.2293
vn -0.1058 -0.9673 -0.2304
vn -0.1041 -0.9677 -0.2297
vn -0.2308 -0.8073 -0.5432
vn -0.2327 -0.8063 -0.5439
vn -0.2310 -0.8067 -0.5440
vn -0.9302 0.3305 -0.1596
vn -0.9285 0.3351 -0.1598
vn -0.9296 0.3323 -0.1596
vn -0.4956 0.7559 0.4279
vn -0.4998 0.7488 0.4353
vn -0.4938 0.7533 0.4345
vn -0.9318 0.3408 -0.1249
vn -0.9309 0.3445 -0.1212
vn -0.9297 0.3491 -0.1175
vn 0.4197 -0.1431 0.8963
vn 0.4220 -0.1487 0.8943
vn 0.4269 -0.1436 0.8928
vn 0.5164 0.0367 0.8556
vn 0.5250 0.0334 0.8504
vn 0.5217 0.0408 0.8522
vn -0.5468 0.4933 0.6765
vn -0.1579 -0.9588 0.2362
vn -0.1580 -0.9588 0.2362
vn -0.2051 -0.4899 -0.8473
vn -0.2013 -0.4882 -0.8492
vn -0.2092 -0.4922 -0.8449
vn 0.0180 -0.9997 0.0174
vn 0.0207 -0.9997 0.0148
vn 0.0246 -0.9996 0.0151
vn 0.5074 -0.1965 0.8390
vn 0.5134 -0.2028 0.8338
vn 0.5120 -0.1977 0.8359
vn 0.0296 -0.9131 0.4068
vn 0.0323 -0.9088 0.4161
vn 0.0327 -0.9111 0.4110
vn 0.3268 -0.5872 0.7405
vn 0.3307 -0.5876 0.7385
vn -0.2107 -0.7939 -0.5703
vn -0.2090 -0.7948 -0.5698
vn -0.2034 -0.7952 -0.5712
vn -0.0578 -0.6566 -0.7520
vn -0.0609 -0.6569 -0.7515
vn -0.0666 -0.6555 -0.7522
vn -0.2610 -0.5965 -0.7590
vn -0.2625 -0.5952 -0.7595
vn -0.2562 -0.5954 -0.7615
vn 0.4216 -0.2280 0.8777
vn 0.5279 0.7159 0.4570
vn 0.5276 0.7157 0.4577
vn 0.5279 0.7158 0.4572
vn -0.0342 -0.8695 0.4928
vn -0.0346 -0.8664 0.4981
vn -0.0290 -0.8677 0.4962
vn 0.4969 -0.1635 0.8523
vn 0.5081 -0.1625 0.8458
vn 0.4996 -0.1616 0.8511
vn -0.2560 -0.3499 -0.9011
vn -0.2533 -0.3566 -0.8993
vn -0.2564 -0.3507 -0.9007
vn -0.2570 -0.8782 -0.4033
vn 0.2684 -0.3586 0.8941
vn 0.2685 -0.3617 0.8928
vn 0.2715 -0.3583 0.8932
vn -0.6553 0.2684 -0.7061
vn -0.6525 0.2719 -0.7073
vn -0.6571 0.2643 -0.7060
vn -0.7885 -0.2243 0.5726
vn -0.7886 -0.2235 0.5729
vn -0.7888 -0.2234 0.5726
vn -0.2544 0.5986 0.7595
vn -0.2537 0.5982 0.7601
vn -0.2505 0.6031 0.7573
vn -0.9771 -0.1026 0.1866
vn 0.2994 -0.2141 0.9298
vn 0.2978 -0.2148 0.9301
vn 0.2992 -0.2160 0.9294
vn 0.1406 0.9885 -0.0561
vn 0.1433 0.9878 -0.0602
vn 0.1385 0.9886 -0.0585
vn -0.2608 -0.5211 -0.8127
vn -0.2650 -0.5202 -0.8119
vn -0.2615 -0.5205 -0.8128
vn -0.6684 -0.3486 0.6571
vn -0.4473 0.1507 -0.8816
vn -0.4416 0.1405 -0.8861
vn -0.4475 0.1403 -0.8832
vn -0.8394 -0.2617 0.4765
vn -0.2762 -0.8894 -0.3641
vn -0.2662 -0.8912 -0.3674
vn -0.2711 -0.8919 -0.3619
vn -0.0014 0.9261 -0.3772
vn -0.0031 0.9272 -0.3744
vn -0.0016 0.9266 -0.3760
vn 0.1074 -0.7344 0.6702
vn 0.4306 0.0204 0.9023
vn 0.4332 0.0106 0.9012
vn 0.4348 0.0132 0.9004
vn -0.1529 -0.9424 0.2975
vn -0.1543 -0.9423 0.2972
vn -0.0546 0.4440 -0.8943
vn -0.9963 -0.0237 -0.0831
vn -0.9962 -0.0234 -0.0834
vn -0.9963 -0.0253 -0.0819
vn -0.4250 -0.6425 -0.6376
vn -0.9855 -0.1477 -0.0840
vn 0.5833 0.6570 0.4776
vn 0.5839 0.6636 0.4676
vn 0.5829 0.6608 0.4728
vn 0.5135 0.5731 0.6386
vn -0.2465 0.1893 -0.9505
vn -0.2452 0.1865 -0.9514
vn -0.2477 0.1867 -0.9507
vn -0.8146 -0.1723 0.5539
vn -0.4014 -0.5450 -0.7361
vn -0.4001 -0.5367 -0.7429
vn -0.3973 -0.5451 -0.7383
vn 0.4368 0.4228 0.7940
vn 0.4443 0.4226 0.7900
vn 0.4389 0.4267 0.7907
vn -0.1771 0.3633 -0.9147
vn -0.1768 0.3582 -0.9167
vn -0.1811 0.3550 -0.9172
vn 0.3642 0.8889 0.2779
vn 0.3680 0.8879 0.2759
vn 0.3676 0.8870 0.2794
vn 0.0917 -0.2101 0.9734
vn 0.0876 -0.2127 0.9732
vn 0.0962 -0.2079 0.9734
vn -0.1510 -0.9589 0.2403
vn -0.1452 -0.9592 0.2426
vn -0.1504 -0.9585 0.2420
vn 0.5623 0.6105 0.5579
vn 0.5587 0.6086 0.5634
vn 0.5643 0.6108 0.5554
vn -0.1792 -0.4277 -0.8860
vn -0.1812 -0.4242 -0.8872
vn -0.1794 -0.4239 -0.8878
vn -0.1714 -0.4284 -0.8872
vn -0.1678 -0.4314 -0.8864
vn -0.1654 -0.4319 -0.8866
vn -0.6835 -0.4617 -0.5654
vn -0.6872 -0.4550 -0.5663
vn -0.6792 -0.4618 -0.5705
vn -0.0911 0.4164 -0.9046
vn -0.0894 0.4214 -0.9024
vn -0.0847 0.4229 -0.9022
vn 0.1146 -0.4642 0.8783
vn 0.1170 -0.4591 0.8806
vn 0.1129 -0.4675 0.8768
vn 0.5777 -0.6147 0.5370
vn -0.2748 -0.9487 0.1566
vn -0.2689 -0.9503 0.1567
vn -0.2768 -0.9472 0.1619
vn -0.2354 0.1859 -0.9540
vn -0.2374 0.1795 -0.9547
vn -0.2367 0.1827 -0.9543
vn -0.0543 -0.6481 -0.7596
vn -0.0536 -0.6484 -0.7594
vn -0.0526 -0.6459 -0.7616
vn 0.3257 -0.5635 0.7592
vn 0.3294 -0.5676 0.7546
vn 0.3301 -0.5586 0.7609
vn -0.0067 -0.0093 0.9999
vn -0.5720 -0.3135 -0.7579
vn -0.5732 -0.3168 -0.7557
vn -0.5722 -0.3240 -0.7533
vn -0.1633 -0.0793 -0.9834
vn -0.1603 -0.0817 -0.9837
vn -0.1675 -0.0811 -0.9825
vn -0.1962 -0.9324 0.3035
vn -0.1936 -0.9328 0.3038
vn -0.1943 -0.9313 0.3082
vn -0.1244 0.9922 -0.0037
vn -0.5796 -0.3896 -0.7157
vn -0.5772 -0.3864 -0.7194
vn -0.5793 -0.3913 -0.7150
vn -0.0219 -0.6685 -0.7434
vn -0.0200 -0.6729 -0.7395
vn 0.4181 0.0641 -0.9062
vn 0.4189 0.0665 -0.9056
vn 0.4204 0.0643 -0.9050
vn 0.6018 0.2617 0.7546
vn 0.6080 0.2587 0.7506
vn 0.6044 0.2661 0.7509
vn -0.3866 0.8880 -0.2489
vn -0.1541 0.2225 -0.9627
vn -0.1528 0.2193 -0.9636
vn -0.1554 0.2128 -0.9647
vn -0.1772 0.0132 -0.9841
vn -0.1730 0.0122 -0.9848
vn -0.1746 0.0083 -0.9846
vn -0.4257 -0.8811 0.2062
vn -0.4067 0.1701 0.8976
vn -0.3973 0.1663 0.9025
vn -0.4034 0.1722 0.8987
vn 0.6022 0.2940 0.7422
vn 0.6082 0.2946 0.7371
vn 0.6066 0.3008 0.7359
vn 0.1796 0.0832 0.9802
vn 0.1820 0.0730 0.9806
vn 0.1902 0.0790 0.9786
vn -0.1537 -0.2319 -0.9605
vn 0.1610 -0.2079 0.9648
vn 0.8556 -0.0037 -0.5177
vn 0.9399 -0.1658 -0.2985
vn 0.9363 -0.1712 -0.3067
vn 0.9382 -0.1684 -0.3024
vn -0.4624 -0.8705 0.1687
vn -0.4651 -0.8681 0.1734
vn -0.4681 -0.8672 0.1701
vn 0.5000 -0.0055 0.8660
vn 0.5040 -0.0050 0.8637
vn 0.4960 -0.0053 0.8683
vn 0.0052 -0.5773 0.8165
vn 0.0085 -0.5795 0.8149
vn 0.0127 -0.5789 0.8153
vn 0.9965 0.0704 0.0457
vn 0.9968 0.0660 0.0450
vn 0.9965 0.0677 0.0483
vn 0.1546 -0.0563 0.9864
vn 0.1532 -0.0579 0.9865
vn 0.1522 -0.0559 0.9868
vn 0.8517 0.5240 -0.0016
vn 0.8517 0.5240 -0.0014
vn 0.8517 0.5240 -0.0017
vn -0.5248 -0.6417 -0.5593
vn 0.9490 -0.1905 -0.2513
vn 0.9500 -0.1891 -0.2485
vn 0.9508 -0.1860 -0.2477
vn 0.7623 -0.1062 -0.6385
vn 0.5699 -0.0837 -0.8174
vn 0.5756 -0.0827 -0.8136
vn 0.5718 -0.0906 -0.8154
vn 0.4074 -0.0599 0.9113
vn 0.4886 0.7451 0.4540
vn 0.4967 0.7429 0.4488
vn 0.4900 0.7480 0.4476
vn 0.2163 -0.1811 0.9594
vn 0.2161 -0.1774 0.9601
vn 0.2171 -0.1790 0.9596
vn 0.1004 0.5016 -0.8593
vn 0.1049 0.5034 -0.8576
vn 0.0981 0.4975 -0.8619
vn 0.6882 0.0750 -0.7216
vn -0.0889 -0.4234 0.9016
vn -0.1197 0.1731 -0.9776
vn -0.1162 0.1768 -0.9774
vn -0.1124 0.1700 -0.9790
vn 0.0492 -0.5141 0.8563
vn 0.0533 -0.5156 0.8552
vn 0.0579 -0.5154 0.8550
vn 0.4194 0.1655 0.8926
vn -0.1463 -0.0040 -0.9892
vn -0.1438 -0.0074 -0.9896
vn -0.1486 -0.0034 -0.9889
vn -0.5721 -0.7844 -0.2396
vn -0.5718 -0.7841 -0.2412
vn 0.2201 0.0416 0.9746
vn 0.2295 0.0403 0.9725
vn 0.2247 0.0418 0.9735
vn -0.1739 -0.0800 -0.9815
vn -0.1680 -0.0796 -0.9826
vn -0.1711 -0.0842 -0.9817
vn 0.6985 0.4210 -0.5787
vn 0.7030 0.4210 -0.5733
vn 0.6972 0.4166 -0.5834
vn -0.5964 -0.6974 0.3975
vn -0.5967 -0.6972 0.3972
vn -0.5966 -0.6973 0.3974
vn -0.8740 -0.1351 -0.4667
vn -0.8724 -0.1398 -0.4683
vn -0.8762 -0.1350 -0.4627
vn -0.3227 -0.8263 0.4615
vn -0.3186 -0.8274 0.4625
vn -0.3188 -0.8272 0.4627
vn -0.1067 -0.5789 0.8084
vn -0.2749 -0.9176 -0.2872
vn -0.2718 -0.9186 -0.2868
vn -0.2720 -0.9195 -0.2839
vn -0.1146 0.0619 0.9915
vn -0.1184 0.0562 0.9914
vn -0.1173 0.0630 0.9911
vn 0.0326 0.1761 -0.9838
vn 0.0321 0.1763 -0.9838
vn 0.0325 0.1762 -0.9838
vn -0.5983 0.2918 -0.7462
vn 0.2077 -0.2091 0.9556
vn -0.1760 -0.2325 -0.9566
vn -0.1975 -0.1834 -0.9630
vn -0.1928 -0.2377 -0.9520
vn -0.0330 -0.1760 0.9838
vn -0.0329 -0.1761 0.9838
vn -0.0332 -0.1758 0.9839
vn 0.0173 0.1836 -0.9829
vn 0.0175 0.1835 -0.9829
vn 0.0172 0.1836 -0.9829
vn -0.0182 -0.1829 0.9830
vn -0.0180 -0.1831 0.9829
vn -0.0182 -0.1830 0.9830
vn -0.3654 -0.8404 0.4002
vn -0.3644 -0.8435 0.3945
vn -0.3553 -0.8435 0.4029
vn -0.6302 -0.5940 -0.4999
vn -0.6250 -0.5989 -0.5007
vn -0.6357 -0.5905 -0.4971
vn 0.5903 0.2536 0.7663
vn 0.5919 0.2579 0.7636
vn 0.5888 0.2588 0.7657
vn 0.9555 0.2940 -0.0233
vn -0.5919 0.3969 -0.7015
vn 0.2085 -0.2079 0.9557
vn 0.2070 -0.2064 0.9563
vn 0.2081 -0.2098 0.9553
vn -0.4444 -0.6342 0.6327
vn -0.3671 -0.5808 0.7266
vn -0.4066 -0.5828 0.7036
vn 0.3472 0.3649 0.8639
vn 0.3471 0.3649 0.8639
vn 0.3473 0.3650 0.8638
vn 0.3682 0.6642 -0.6506
vn 0.3691 0.6632 -0.6511
vn 0.3686 0.6638 -0.6508
vn 0.4869 0.3267 -0.8100
vn 0.4846 0.3272 -0.8112
vn 0.4831 0.3293 -0.8113
vn -0.6789 -0.6805 -0.2756
vn 0.6755 -0.4537 -0.5812
vn 0.6769 -0.4517 -0.5813
vn 0.6760 -0.4529 -0.5813
vn 0.8946 0.4468 -0.0025
vn 0.8945 0.4470 -0.0021
vn 0.8948 0.4465 -0.0026
vn -0.3307 -0.0434 0.9428
vn -0.3307 -0.0435 0.9427
vn -0.3306 -0.0433 0.9428
vn 0.1989 0.8764 0.4386
vn -0.3384 -0.1735 -0.9249
vn -0.5845 -0.8032 -0.1151
vn -0.5844 -0.8029 -0.1178
vn -0.5837 -0.8030 -0.1199
vn -0.0729 0.1577 -0.9848
vn -0.0726 0.1459 -0.9866
vn -0.0726 0.1462 -0.9866
vn 0.7131 0.4255 0.5572
vn 0.7543 0.4838 0.4437
vn 0.6992 0.4696 0.5390
vn -0.7455 -0.4343 -0.5055
vn -0.7495 -0.3927 -0.5330
vn -0.6927 -0.5265 -0.4929
vn -0.9768 -0.1838 -0.1095
vn -0.9780 -0.1793 -0.1062
vn -0.9793 -0.1751 -0.1019
vn 0.6239 0.4470 0.6410
vn 0.6253 0.4443 0.6416
vn -0.2932 -0.7029 0.6480
vn -0.2897 -0.6985 0.6544
vn -0.2882 -0.6983 0.6553
vn -0.0579 0.0041 -0.9983
vn -0.0596 0.0065 -0.9982
vn -0.0613 0.0082 -0.9981
vn -0.9253 0.0507 -0.3759
vn 0.4839 -0.0555 -0.8734
vn 0.4842 -0.0519 -0.8734
vn 0.4861 -0.0556 -0.8721
vn -0.2990 -0.4168 -0.8584
vn -0.3093 -0.4134 -0.8564
vn -0.3082 -0.4133 -0.8568
vn -0.1588 0.0278 0.9869
vn -0.1571 0.0304 0.9871
vn -0.1535 0.0353 0.9875
vn -0.1491 0.1500 0.9774
vn -0.1305 0.1223 0.9839
vn -0.1381 0.1308 0.9817
vn 0.1476 0.0392 -0.9883
vn 0.1456 0.0433 -0.9884
vn 0.1486 0.0369 -0.9882
vn 0.1170 -0.2429 -0.9630
vn 0.1176 -0.2446 -0.9625
vn 0.1111 -0.2312 -0.9665
vn 0.1382 0.2623 0.9550
vn 0.1382 0.2625 0.9550
vn -0.5044 -0.8155 0.2838
vn -0.4995 -0.8180 0.2854
vn -0.4996 -0.8172 0.2876
vn -0.7093 -0.6596 -0.2486
vn -0.7089 -0.6608 -0.2465
vn -0.7058 -0.6627 -0.2504
vn -0.6605 -0.0881 -0.7457
vn -0.6604 -0.0880 -0.7457
vn -0.6606 -0.0882 -0.7455
vn 0.6504 0.3021 0.6969
vn 0.6507 0.3137 0.6916
vn 0.6664 0.2923 0.6859
vn 0.5012 -0.3735 -0.7806
vn 0.4973 -0.3718 -0.7839
vn 0.4999 -0.3779 -0.7793
vn -0.6118 -0.7640 0.2050
vn -0.6119 -0.7639 0.2049
vn -0.6120 -0.7639 0.2050
vn 0.1537 0.0308 0.9876
vn -0.1603 -0.0686 -0.9847
vn -0.1603 -0.0685 -0.9847
vn -0.1603 -0.0687 -0.9847
vn -0.2986 -0.2008 0.9330
vn -0.8204 -0.0681 0.5677
vn -0.9198 0.0772 0.3848
vn -0.9212 0.0781 0.3812
vn -0.9225 0.0753 0.3786
vn 0.6532 0.4603 0.6012
vn 0.6551 0.4562 0.6022
vn 0.6529 0.4641 0.5986
vn -0.6886 -0.5160 -0.5095
vn -0.6887 -0.5159 -0.5095
vn -0.6884 -0.5160 -0.5097
vn 0.6886 0.5159 0.5096
vn 0.6885 0.5159 0.5097
vn 0.6887 0.5158 0.5095
vn 0.0369 0.6690 -0.7423
vn -0.7124 -0.6647 -0.2252
vn -0.1219 -0.1352 0.9833
vn -0.1277 -0.1294 0.9833
vn -0.1492 -0.1473 0.9778
vn 0.0882 0.1432 -0.9858
vn 0.0733 0.1397 -0.9875
vn 0.0787 0.1417 -0.9868
vn -0.3854 -0.2880 -0.8766
vn -0.3849 -0.2890 -0.8765
vn -0.3849 -0.2861 -0.8775
vn -0.1117 -0.0868 0.9899
vn -0.6833 -0.0438 -0.7288
vn -0.6786 -0.0415 -0.7333
vn -0.6800 -0.0345 -0.7324
vn -0.0420 -0.1336 0.9901
vn -0.0447 -0.1382 0.9894
vn -0.0573 -0.1529 0.9866
vn 0.0714 0.1730 -0.9823
vn 0.0872 0.1288 -0.9878
vn 0.1047 0.0859 -0.9908
vn -0.1190 -0.1356 0.9836
vn -0.1260 -0.1173 0.9851
vn -0.1292 -0.1495 0.9803
vn -0.1346 -0.1584 0.9782
vn -0.1352 -0.1586 0.9780
vn -0.1372 -0.1583 0.9778
vn 0.0981 0.1498 -0.9838
vn 0.1328 0.1302 -0.9826
vn 0.1036 0.1346 -0.9855
vn -0.6313 -0.4381 -0.6399
vn -0.6315 -0.4380 -0.6398
vn -0.6312 -0.4383 -0.6399
vn 0.9503 -0.2598 0.1716
vn 0.9513 -0.2589 0.1674
vn 0.9512 -0.2625 0.1622
vn 0.4563 -0.2406 -0.8567
vn 0.4560 -0.2493 -0.8543
vn 0.4529 -0.2471 -0.8566
vn -0.3824 -0.7474 0.5433
vn -0.1046 -0.1258 0.9865
vn -0.1016 -0.1258 0.9868
vn -0.1059 -0.1281 0.9861
vn -0.4436 0.1033 -0.8902
vn -0.4436 0.1034 -0.8903
vn -0.4442 0.1031 -0.8900
vn -0.2120 -0.1784 0.9608
vn -0.0891 -0.0548 -0.9945
vn -0.0552 -0.0915 -0.9943
vn -0.0434 -0.1019 -0.9938
vn 0.1288 0.1357 -0.9823
vn 0.1370 0.1198 -0.9833
vn 0.1284 0.1382 -0.9821
vn 0.5635 0.5149 -0.6461
vn 0.5635 0.5149 -0.6460
vn 0.5636 0.5147 -0.6460
vn -0.4297 -0.8864 0.1721
vn -0.4278 -0.8882 0.1676
vn -0.4265 -0.8875 0.1747
vn -0.1735 -0.1489 0.9735
vn -0.1516 0.0053 0.9884
vn -0.1515 0.0051 0.9884
vn -0.5982 -0.3342 -0.7283
vn 0.1238 0.5946 -0.7944
vn 0.1543 0.5544 -0.8178
vn 0.1851 0.5372 -0.8229
vn 0.6011 0.7560 -0.2590
vn 0.5960 0.7604 -0.2582
vn 0.6262 0.7378 -0.2521
vn 0.3860 0.2164 0.8967
vn -0.0797 -0.1044 -0.9913
vn -0.0778 -0.1022 -0.9917
vn -0.0827 -0.1094 -0.9906
vn 0.3114 -0.0613 0.9483
vn -0.1916 0.0334 0.9809
vn -0.1871 0.5988 0.7787
vn -0.9515 -0.0721 -0.2992
vn 0.1543 0.0080 -0.9880
vn 0.1417 -0.0090 -0.9899
vn 0.1476 0.0007 -0.9890
vn 0.1690 -0.1809 -0.9689
vn 0.1907 -0.1847 -0.9641
vn 0.1967 -0.1847 -0.9629
vn -0.4576 0.2301 -0.8589
vn -0.8681 -0.0774 0.4903
vn -0.4098 0.5012 0.7622
vn -0.4192 0.4945 0.7614
vn -0.4125 0.4951 0.7647
vn -0.2052 0.1036 -0.9732
vn -0.2054 0.1033 -0.9732
vn -0.6849 -0.1437 -0.7143
vn -0.6819 -0.1433 -0.7173
vn -0.6795 -0.1427 -0.7197
vn 0.6936 0.2203 0.6859
vn -0.1745 0.1548 0.9724
vn -0.1744 0.1588 0.9718
vn -0.1768 0.1584 0.9714
vn 0.9436 -0.1606 0.2896
vn 0.9450 -0.1635 0.2834
vn 0.9448 -0.1592 0.2865
vn -0.8859 -0.1733 0.4302
vn -0.8884 -0.1707 0.4261
vn -0.8878 -0.1771 0.4248
vn 0.3665 0.8320 -0.4164
vn 0.3711 0.8297 -0.4170
vn 0.3685 0.8305 -0.4176
vn -0.3690 0.9072 0.2020
vn 0.6165 0.3472 0.7067
vn -0.5883 0.7951 -0.1476
vn -0.5909 0.7925 -0.1510
vn -0.5951 0.7896 -0.1496
vn -0.7354 0.4725 0.4857
vn -0.7332 0.4739 0.4877
vn -0.1346 -0.0359 -0.9903
vn -0.1370 -0.0364 -0.9899
vn -0.1409 -0.0403 -0.9892
vn 0.5943 0.2505 0.7642
vn 0.5931 0.2551 0.7636
vn 0.5952 0.2546 0.7622
vn -0.8279 -0.2580 -0.4979
vn -0.8279 -0.2581 -0.4980
vn 0.9464 0.2088 0.2464
vn 0.9455 0.2074 0.2511
vn 0.9475 0.2077 0.2429
vn -0.4639 0.0939 0.8809
vn -0.4625 0.0971 0.8813
vn 0.2592 0.6549 0.7098
vn 0.2618 0.6634 0.7010
vn 0.2628 0.6583 0.7053
vn -0.2695 -0.0051 0.9630
vn 0.3785 -0.8160 0.4368
vn -0.7855 -0.1576 0.5985
vn 0.0672 0.3531 -0.9332
vn 0.0607 0.3598 -0.9311
vn 0.0629 0.3546 -0.9329
vn 0.0986 0.3594 -0.9280
vn -0.9703 -0.2411 -0.0197
vn -0.0069 0.3147 -0.9492
vn -0.0073 0.3143 -0.9493
vn -0.0027 0.3173 -0.9483
vn -0.9307 0.3592 0.0685
vn -0.9289 0.3638 0.0689
vn -0.9300 0.3617 0.0652
vn -0.0173 0.1641 -0.9863
vn -0.0176 0.1681 -0.9856
vn -0.0161 0.1603 -0.9869
vn 0.9414 -0.0932 0.3243
vn 0.9407 -0.0913 0.3266
vn 0.9415 -0.0897 0.3250
vn 0.5678 0.7780 -0.2687
vn 0.5637 0.7799 -0.2719
vn 0.5682 0.7768 -0.2715
vn 0.4662 0.7758 0.4252
vn 0.1716 -0.6542 -0.7366
vn 0.0693 -0.9600 -0.2712
vn -0.4975 -0.2578 0.8282
vn -0.4995 -0.2581 0.8270
vn -0.4985 -0.2565 0.8281
vn -0.2392 -0.9632 0.1223
vn -0.1042 -0.8989 0.4257
vn -0.0981 -0.9035 0.4173
vn -0.0981 -0.9008 0.4229
vn 0.6597 0.6217 0.4223
vn 0.6660 0.6207 0.4136
vn 0.6513 0.6304 0.4223
vn -0.8192 -0.0264 -0.5728
vn -0.8217 -0.0276 -0.5692
vn -0.8226 -0.0245 -0.5681
vn 0.1259 -0.1855 -0.9745
vn 0.1296 -0.1844 -0.9743
vn 0.1321 -0.1891 -0.9730
vn -0.3279 -0.0664 0.9424
vn -0.3301 -0.0835 0.9402
vn -0.3232 -0.0696 0.9438
vn 0.6757 0.6438 0.3591
vn 0.6784 0.6419 0.3574
vn 0.6809 0.6405 0.3551
vn 0.2730 -0.2009 -0.9408
vn 0.2692 -0.2101 -0.9399
vn 0.2698 -0.2061 -0.9406
vn -0.0994 0.7294 0.6768
vn -0.0988 0.7298 0.6765
vn -0.1017 0.7318 0.6739
vn -0.2188 0.4692 -0.8556
vn -0.2836 0.1205 0.9513
vn 0.7178 0.5482 0.4292
vn 0.7203 0.5424 0.4323
vn 0.7251 0.5377 0.4303
vn 0.6760 0.4515 0.5824
vn 0.7653 -0.4188 0.4888
vn 0.7650 -0.4160 0.4916
vn 0.7670 -0.4156 0.4889
vn -0.4961 -0.7891 0.3622
vn -0.4918 -0.7929 0.3598
vn -0.4962 -0.7875 0.3656
vn -0.0695 -0.9950 0.0716
vn -0.0647 -0.9954 0.0704
vn -0.0633 -0.9952 0.0751
vn 0.0716 0.1034 0.9921
vn 0.0686 0.1011 0.9925
vn 0.2306 0.9617 -0.1482
vn -0.2491 0.3791 -0.8912
vn 0.3786 -0.6127 0.6937
vn -0.0208 0.0416 -0.9989
vn -0.0189 0.0398 -0.9990
vn -0.0192 0.0372 -0.9991
vn -0.5906 -0.2885 -0.7537
vn -0.5912 -0.2893 -0.7529
vn -0.5954 -0.2915 -0.7486
vn 0.2043 0.3062 -0.9298
vn 0.2033 0.3006 -0.9318
vn 0.1982 0.2970 -0.9341
vn -0.2029 -0.8558 -0.4758
vn -0.2049 -0.8583 -0.4704
vn -0.1993 -0.8587 -0.4722
vn 0.3883 -0.5765 0.7189
vn -0.0057 0.9862 0.1657
vn -0.4552 -0.7058 0.5428
vn -0.4566 -0.7065 0.5407
vn -0.4560 -0.7044 0.5440
vn -0.1452 -0.7741 -0.6162
vn -0.1451 -0.7741 -0.6162
vn -0.1450 -0.7741 -0.6162
vn -0.6260 0.2506 -0.7384
vn 0.1339 0.0891 0.9870
vn 0.1366 0.0949 0.9861
vn 0.1387 0.0997 0.9853
vn -0.8687 -0.4940 -0.0357
vn 0.9129 -0.2776 0.2991
vn 0.9127 -0.2773 0.3001
vn 0.9161 -0.2758 0.2911
vn 0.9298 -0.0772 0.3598
vn 0.9295 -0.0822 0.3595
vn 0.9288 -0.0742 0.3630
vn -0.0114 0.0499 -0.9987
vn -0.6826 0.5969 -0.4216
vn -0.6845 0.5970 -0.4183
vn -0.6808 0.6004 -0.4195
vn -0.4395 -0.7278 0.5265
vn -0.4367 -0.7273 0.5295
vn -0.4330 -0.7276 0.5322
vn 0.8902 0.0048 0.4555
vn 0.8919 0.0012 0.4523
vn 0.8921 0.0059 0.4518
vn -0.0915 -0.5882 0.8035
vn -0.0920 -0.5891 0.8028
vn -0.0972 -0.5882 0.8028
vn 0.9290 -0.1311 0.3461
vn 0.9301 -0.1301 0.3436
vn 0.9281 -0.1300 0.3488
vn 0.9531 0.2247 -0.2026
vn 0.9523 0.2293 -0.2016
vn 0.9544 0.2210 -0.2005
vn 0.6148 0.2735 0.7397
vn 0.2103 -0.1235 -0.9698
vn 0.2129 -0.1213 -0.9695
vn 0.2130 -0.1257 -0.9689
vn 0.7077 0.1330 -0.6939
vn 0.2210 0.0115 -0.9752
vn 0.2227 0.0110 -0.9748
vn 0.2219 0.0126 -0.9750
vn 0.9535 -0.2231 -0.2025
vn 0.8352 0.2909 0.4668
vn 0.8320 0.3003 0.4665
vn 0.8329 0.2952 0.4682
vn 0.4783 0.0659 0.8757
vn -0.9365 -0.3462 -0.0555
vn -0.9347 -0.3507 -0.0582
vn 0.2672 -0.3899 0.8812
vn 0.2641 -0.3963 0.8793
vn 0.2634 -0.4014 0.8772
vn 0.0085 -0.1338 0.9910
vn 0.0045 -0.1350 0.9908
vn 0.0059 -0.1279 0.9918
vn 0.4520 -0.4737 -0.7558
vn 0.4589 -0.4701 -0.7539
vn 0.4574 -0.4727 -0.7533
vn 0.8352 0.4282 0.3449
vn 0.8330 0.4307 0.3474
vn 0.8322 0.4325 0.3470
vn -0.7019 -0.5507 0.4517
vn -0.7019 -0.5553 0.4461
vn -0.7093 -0.5457 0.4461
vn 0.0952 0.6142 -0.7834
vn -0.6899 -0.5051 -0.5185
vn -0.4333 0.7580 -0.4875
vn -0.4328 0.7584 -0.4873
vn -0.4343 0.7576 -0.4873
vn -0.1334 0.6987 0.7029
vn -0.1357 0.7009 0.7002
vn -0.1392 0.7025 0.6980
vn 0.8788 -0.0185 0.4769
vn 0.1970 0.3639 -0.9104
vn -0.3590 -0.9263 -0.1142
vn -0.3591 -0.9263 -0.1140
vn -0.3591 -0.9263 -0.1138
vn -0.2210 -0.7041 0.6749
vn -0.2262 -0.6991 0.6783
vn -0.2221 -0.7048 0.6738
vn 0.3336 -0.4182 0.8449
vn 0.3312 -0.4201 0.8449
vn 0.3308 -0.4185 0.8458
vn -0.1145 -0.5760 0.8094
vn -0.1100 -0.5776 0.8089
vn -0.1177 -0.5862 0.8016
vn -0.0735 0.9416 0.3286
vn -0.0734 0.9416 0.3286
vn -0.0733 0.9416 0.3286
vn -0.4065 0.7797 -0.4763
vn -0.4073 0.7795 -0.4759
vn 0.1779 -0.5514 -0.8150
vn 0.1788 -0.5529 -0.8138
vn -0.3986 0.3707 0.8389
vn -0.3972 0.3663 0.8414
vn -0.3961 0.3757 0.8378
vn 0.7461 -0.2327 0.6238
vn 0.7462 -0.2329 0.6237
vn 0.7461 -0.2326 0.6239
vn -0.9114 0.1465 -0.3845
vn 0.3021 0.9498 0.0812
vn 0.2976 0.9509 0.0855
vn 0.3014 0.9497 0.0847
vn 0.2908 -0.4755 -0.8303
vn 0.2912 -0.4755 -0.8301
vn 0.2910 -0.4755 -0.8302
vn 0.8917 0.1245 0.4352
vn -0.6512 -0.2378 -0.7207
vn -0.6506 -0.2385 -0.7210
vn 0.4613 -0.4826 -0.7445
vn -0.1620 -0.5237 0.8364
vn -0.1611 -0.5232 0.8369
vn 0.1631 -0.4284 -0.8887
vn 0.1659 -0.4253 -0.8897
vn 0.1674 -0.4327 -0.8859
vn 0.8461 0.4097 0.3409
vn 0.8480 0.4078 0.3385
vn -0.3771 -0.6182 0.6896
vn -0.4469 -0.0091 0.8946
vn -0.4430 -0.0041 0.8965
vn -0.4460 -0.0055 0.8950
vn 0.2790 -0.2042 -0.9383
vn 0.2769 -0.2012 -0.9396
vn 0.2749 -0.2062 -0.9391
vn 0.7819 -0.1559 0.6036
vn 0.7786 -0.1566 0.6077
vn 0.7822 -0.1600 0.6021
vn -0.9405 -0.3220 -0.1087
vn -0.9396 -0.3234 -0.1121
vn -0.9417 -0.3181 -0.1094
vn 0.9508 -0.0672 0.3024
vn 0.0963 -0.0602 -0.9935
vn 0.0967 -0.0603 -0.9935
vn 0.0965 -0.0602 -0.9935
vn -0.3304 0.9381 -0.1043
vn -0.3283 0.9381 -0.1105
vn -0.3356 0.9367 -0.0997
vn -0.7836 0.4920 -0.3795
vn -0.7361 -0.4334 0.5199
vn -0.4153 -0.7134 0.5644
vn -0.4127 -0.7176 0.5611
vn -0.4165 -0.7134 0.5635
vn -0.5460 -0.2724 0.7923
vn -0.5454 -0.2758 0.7915
vn -0.5437 -0.2750 0.7929
vn -0.5687 -0.7792 0.2635
vn -0.5742 -0.7767 0.2588
vn -0.5688 -0.7797 0.2619
vn -0.3389 -0.6748 -0.6556
vn -0.3429 -0.6771 -0.6511
vn -0.3374 -0.6755 -0.6556
vn -0.2457 -0.5036 -0.8282
vn 0.0033 0.2453 -0.9694
vn -0.4184 -0.2387 0.8763
vn 0.6365 0.5752 0.5139
vn 0.5198 -0.1347 0.8436
vn 0.5201 -0.1346 0.8434
vn 0.5202 -0.1344 0.8434
vn -0.5128 -0.6955 0.5032
vn -0.5125 -0.6941 0.5055
vn -0.5124 -0.6975 0.5010
vn -0.9400 -0.3207 0.1160
vn -0.9395 -0.3238 0.1118
vn -0.9378 -0.3281 0.1136
vn -0.3581 0.3788 0.8534
vn -0.7545 -0.1706 0.6338
vn -0.7525 -0.1726 0.6355
vn -0.7514 -0.1702 0.6375
vn -0.6646 -0.3933 0.6353
vn -0.2409 0.8689 -0.4325
vn -0.2380 0.8706 -0.4306
vn -0.2374 0.8690 -0.4342
vn -0.8227 -0.5482 0.1503
vn -0.8202 -0.5517 0.1515
vn -0.8187 -0.5535 0.1528
vn 0.2541 0.4092 -0.8763
vn 0.2540 0.4093 -0.8763
vn 0.2545 0.4092 -0.8762
vn -0.4497 -0.8881 -0.0953
vn 0.7184 0.6502 0.2472
vn -0.3327 -0.0607 0.9411
vn -0.3287 -0.0622 0.9424
vn -0.3324 -0.0642 0.9409
vn -0.6412 -0.7387 0.2078
vn -0.6399 -0.7379 0.2145
vn -0.6415 -0.7391 0.2055
vn 0.3028 0.6041 0.7372
vn 0.3025 0.6042 0.7372
vn 0.3024 0.6045 0.7369
vn -0.5455 -0.7520 0.3700
vn -0.0027 0.9831 0.1828
vn -0.0039 0.9839 0.1786
vn 0.0003 0.9841 0.1775
vn -0.7790 -0.6270 -0.0107
vn -0.7775 -0.6287 -0.0139
vn -0.7750 -0.6318 -0.0148
vn 0.8002 0.3693 0.4726
vn 0.7993 0.3696 0.4739
vn 0.8007 0.3676 0.4730
vn 0.5208 0.1144 -0.8460
vn -0.8359 -0.1281 0.5337
vn -0.2812 0.6547 -0.7016
vn -0.2837 0.6398 -0.7143
vn -0.2978 0.6269 -0.7199
vn -0.8801 -0.3692 -0.2986
vn -0.8800 -0.3660 -0.3028
vn -0.8778 -0.3739 -0.2995
vn -0.5167 -0.8052 0.2909
vn -0.5164 -0.8053 0.2914
vn -0.5166 -0.8053 0.2910
vn -0.1927 0.9707 0.1432
vn -0.1923 0.9711 0.1412
vn -0.1943 0.9707 0.1417
vn -0.4488 0.2841 -0.8473
vn -0.4490 0.2847 -0.8470
vn -0.4495 0.2837 -0.8470
vn -0.8928 -0.0221 -0.4499
vn -0.3163 0.2680 0.9100
vn 0.0882 0.1926 -0.9773
vn 0.0940 0.1975 -0.9758
vn 0.0881 0.1843 -0.9789
vn -0.8785 -0.0898 -0.4693
vn -0.8773 -0.0989 -0.4697
vn -0.8792 -0.0980 -0.4662
vn -0.9124 0.0860 -0.4002
vn -0.9133 0.0819 -0.3990
vn -0.9141 0.0838 -0.3968
vn -0.8981 -0.3702 -0.2376
vn 0.9442 0.3029 0.1294
vn -0.7470 -0.6199 0.2403
vn -0.6074 -0.7088 0.3587
vn -0.5895 0.8045 -0.0725
vn -0.5958 0.7987 -0.0841
vn -0.5940 0.8007 -0.0771
vn -0.6743 0.1457 -0.7239
vn -0.7292 -0.3483 0.5890
vn 0.2520 -0.2170 0.9431
vn 0.2546 -0.2148 0.9429
vn 0.2518 -0.2140 0.9438
vn -0.9133 -0.3028 0.2723
vn -0.5580 -0.5824 0.5911
vn -0.5521 -0.5912 0.5880
vn -0.5501 -0.5867 0.5943
vn -0.6002 -0.5925 0.5373
vn 0.7130 -0.0868 0.6958
vn -0.3140 0.7874 0.5305
vn -0.7718 -0.2876 0.5670
vn 0.1109 0.4989 0.8595
vn 0.1082 0.5015 0.8584
vn 0.1047 0.5013 0.8589
vn 0.2029 -0.2330 0.9511
vn 0.2037 -0.2309 0.9514
vn 0.2021 -0.2300 0.9520
vn -0.0325 -0.4018 -0.9151
vn -0.0325 -0.4020 -0.9151
vn -0.0324 -0.4021 -0.9150
vn -0.0257 0.8042 0.5938
vn -0.0214 0.8039 0.5944
vn -0.9235 -0.0662 -0.3778
vn -0.9221 -0.0696 -0.3805
vn -0.5174 0.7185 0.4648
vn -0.5178 0.7263 0.4520
vn -0.5126 0.7228 0.4635
vn -0.7901 0.3179 -0.5242
vn -0.6027 -0.5661 0.5625
vn -0.5995 -0.5665 0.5654
vn -0.5955 -0.5740 0.5621
vn -0.5391 -0.5840 -0.6069
vn -0.5489 -0.5772 -0.6047
vn -0.5466 -0.5809 -0.6031
vn -0.9607 0.1842 -0.2075
vn -0.9357 -0.1785 0.3044
vn -0.2160 0.6001 0.7702
vn -0.2141 0.6006 0.7703
vn -0.2183 0.6048 0.7659
vn 0.4760 -0.2005 0.8563
vn 0.4742 -0.1967 0.8582
vn 0.4779 -0.1944 0.8566
vn 0.8737 0.1230 0.4706
vn 0.8756 0.1366 0.4634
vn 0.8734 0.1306 0.4691
vn -0.0166 0.9219 0.3870
vn -0.4070 0.1062 0.9072
vn 0.9447 -0.1432 -0.2951
vn -0.9206 0.0251 0.3897
vn -0.4071 -0.3393 -0.8480
vn -0.5672 0.2135 -0.7954
vn -0.5682 0.2110 -0.7954
vn -0.5666 0.2111 -0.7965
vn 0.8768 -0.2481 -0.4118
vn 0.8768 -0.2481 -0.4119
vn -0.7426 0.1919 0.6416
vn 0.2151 0.0896 0.9725
vn -0.8762 -0.0454 -0.4798
vn -0.3584 0.4509 -0.8175
vn -0.3561 0.4509 -0.8185
vn -0.3620 0.4526 -0.8149
vn 0.2362 -0.1169 -0.9646
vn 0.9864 0.0395 -0.1597
vn 0.9870 0.0361 -0.1569
vn 0.9866 0.0401 -0.1583
vn -0.1394 0.2526 -0.9575
vn -0.1429 0.2509 -0.9574
vn -0.1449 0.2548 -0.9561
vn -0.0446 0.8997 0.4343
vn -0.0400 0.9009 0.4321
vn 0.7651 -0.2040 -0.6107
vn 0.7650 -0.2040 -0.6109
vn 0.7652 -0.2040 -0.6106
vn -0.2747 -0.4912 -0.8266
vn -0.2744 -0.4993 -0.8219
vn -0.2730 -0.4950 -0.8249
vn 0.9500 -0.1554 -0.2707
vn -0.0997 0.9244 0.3682
vn 0.9802 -0.0692 -0.1853
vn 0.9803 -0.0693 -0.1852
vn 0.9803 -0.0689 -0.1853
vn 0.5602 0.3026 0.7711
vn 0.5581 0.3024 0.7727
vn 0.5587 0.3043 0.7715
vn -0.4662 -0.3982 0.7900
vn -0.4668 -0.4012 0.7881
vn -0.4669 -0.3981 0.7896
vn -0.3578 0.3149 0.8791
vn -0.3555 0.3112 0.8814
vn -0.3536 0.3123 0.8817
vn -0.8774 -0.4625 -0.1275
vn -0.4762 0.0526 -0.8778
vn -0.4760 0.0540 -0.8778
vn -0.4757 0.0511 -0.8781
vn 0.7060 0.3672 0.6056
vn -0.3471 0.8261 0.4440
vn -0.3952 0.5919 -0.7025
vn 0.9724 -0.0525 -0.2271
vn 0.9718 -0.0535 -0.2298
vn 0.9722 -0.0563 -0.2273
vn -0.4751 -0.4510 0.7556
vn -0.4805 -0.4518 0.7517
vn -0.4787 -0.4548 0.7510
vn -0.4666 0.7157 -0.5197
vn -0.4697 0.7146 -0.5183
vn -0.4661 0.7179 -0.5171
vn 0.8037 -0.1341 -0.5798
vn 0.8052 -0.1285 -0.5788
vn 0.8029 -0.1302 -0.5817
vn 0.3367 0.7085 0.6203
vn -0.7801 -0.5326 -0.3284
vn -0.7791 -0.5322 -0.3315
vn -0.7771 -0.5336 -0.3336
vn -0.9169 -0.3984 -0.0260
vn -0.9188 -0.3939 -0.0235
vn -0.9189 -0.3933 -0.0293
vn 0.8160 -0.1041 -0.5686
vn 0.8190 -0.1097 -0.5632
vn 0.8172 -0.1097 -0.5658
vn -0.8258 -0.5535 -0.1077
vn 0.4328 0.0332 0.9009
vn 0.4345 0.0375 0.8999
vn 0.4346 0.0422 0.8996
vn -0.7525 -0.6035 0.2636
vn 0.9857 0.0010 -0.1684
vn 0.9855 0.0079 -0.1694
vn 0.9869 -0.0003 -0.1615
vn -0.3100 0.9309 -0.1931
vn -0.3101 0.9309 -0.1932
vn -0.3099 0.9310 -0.1930
vn -0.6527 -0.4729 0.5919
vn -0.8776 -0.3002 0.3736
vn -0.8778 -0.3028 0.3711
vn -0.8781 -0.2998 0.3730
vn 0.9067 0.1149 -0.4058
vn 0.9067 0.1218 -0.4037
vn 0.9047 0.1243 -0.4075
vn -0.4585 0.8332 0.3091
vn -0.7188 0.6952 0.0106
vn -0.7223 0.6915 0.0105
vn -0.7205 0.6933 0.0133
vn -0.6335 0.7541 0.1733
vn -0.4761 0.6271 -0.6165
vn -0.7785 -0.5873 0.2215
vn -0.7766 -0.5882 0.2259
vn -0.9465 -0.1867 0.2633
vn -0.8381 -0.5450 -0.0232
vn -0.8381 -0.5450 -0.0233
vn 0.9421 0.3115 -0.1244
vn -0.6707 -0.5839 0.4575
vn -0.5701 -0.2766 -0.7736
vn -0.9386 -0.2169 0.2682
vn -0.9370 -0.2166 0.2740
vn -0.9349 -0.2204 0.2781
vn -0.8688 -0.3880 -0.3075
vn -0.8682 -0.3853 -0.3126
vn -0.8689 -0.3873 -0.3082
vn -0.3022 -0.1937 -0.9333
vn -0.3005 -0.1947 -0.9337
vn -0.2990 -0.1957 -0.9340
vn 0.0141 0.2294 0.9732
vn -0.0021 0.2332 0.9724
vn -0.0019 0.2346 0.9721
vn -0.0036 0.2329 0.9725
vn -0.7777 -0.5871 0.2249
vn -0.7811 -0.5817 0.2268
vn -0.7765 -0.5910 0.2188
vn 0.8316 0.1164 -0.5431
vn 0.8328 0.1174 -0.5410
vn 0.8330 0.1139 -0.5415
vn -0.9279 0.1483 0.3420
vn -0.9300 0.1466 0.3372
vn -0.9289 0.1510 0.3381
vn 0.3416 0.3037 -0.8894
vn -0.8294 0.5323 0.1696
vn -0.8302 0.5300 0.1731
vn -0.8281 0.5328 0.1741
vn -0.8411 0.0546 0.5381
vn -0.2542 -0.1909 0.9481
vn -0.9468 -0.1332 0.2929
vn -0.9512 -0.0331 0.3069
vn -0.8652 0.0841 0.4944
vn -0.9476 0.1868 -0.2592
vn -0.6169 0.0245 -0.7867
vn 0.9808 0.1339 -0.1415
vn 0.9792 0.1321 -0.1538
vn 0.9794 0.1366 -0.1488
vn 0.8079 -0.0767 -0.5843
vn 0.8050 -0.0809 -0.5877
vn 0.8091 -0.0865 -0.5812
vn 0.9228 0.2162 -0.3189
vn 0.9248 0.2152 -0.3137
vn 0.9269 0.2116 -0.3099
vn -0.7475 -0.2407 -0.6191
vn -0.7503 -0.2355 -0.6177
vn -0.7467 -0.2344 -0.6225
vn -0.1792 0.2193 0.9591
vn -0.1845 0.2164 0.9587
vn -0.1835 0.2104 0.9602
vn -0.5287 -0.2578 0.8087
vn 0.3654 0.3746 0.8521
vn 0.3695 0.3690 0.8528
vn 0.3666 0.3712 0.8531
vn 0.7344 -0.0595 -0.6761
vn 0.7261 -0.0656 -0.6844
vn 0.7268 -0.0532 -0.6848
vn -0.4204 0.1061 -0.9011
vn -0.4146 0.1068 -0.9037
vn -0.4082 0.1047 -0.9069
vn 0.5939 0.6681 0.4482
vn -0.4774 0.2164 -0.8516
vn 0.3109 0.3161 -0.8964
vn 0.3063 0.3159 -0.8980
vn 0.3108 0.3139 -0.8971
vn -0.7295 -0.2311 0.6438
vn 0.7069 -0.0997 -0.7003
vn 0.6998 -0.1083 -0.7060
vn 0.7008 -0.0983 -0.7066
vn 0.8672 0.0195 -0.4976
vn 0.9588 0.1021 -0.2653
vn 0.9605 0.1032 -0.2585
vn 0.9609 0.1004 -0.2581
vn -0.7598 -0.4259 0.4912
vn 0.9971 -0.0755 -0.0127
vn 0.9964 -0.0827 -0.0183
vn 0.9969 -0.0767 -0.0197
vn 0.9965 0.0751 -0.0361
vn 0.9962 0.0731 -0.0481
vn 0.9963 0.0751 -0.0410
vn 0.5094 0.6990 0.5018
vn -0.8956 0.0312 -0.4438
vn -0.8955 0.0314 -0.4440
vn -0.8957 0.0308 -0.4435
vn 0.7600 -0.2084 -0.6156
vn 0.7590 -0.2116 -0.6158
vn 0.7591 -0.2089 -0.6165
vn -0.6887 -0.2118 0.6934
vn -0.6872 -0.2150 0.6940
vn 0.8018 0.4229 -0.4221
vn 0.8020 0.4280 -0.4168
vn 0.8017 0.4255 -0.4198
vn -0.9940 -0.0754 -0.0786
vn -0.9494 -0.2190 0.2253
vn -0.9492 -0.2174 0.2275
vn -0.9505 -0.2126 0.2264
vn -0.8123 0.1077 0.5733
vn -0.8145 0.1110 0.5694
vn -0.8153 0.1024 0.5699
vn 0.7715 0.2001 -0.6039
vn 0.7760 0.2006 -0.5980
vn 0.7751 0.2047 -0.5978
vn -0.9870 0.1433 -0.0729
vn -0.9871 0.1448 -0.0686
vn -0.9859 0.1504 -0.0736
vn -0.6605 0.2639 0.7029
vn -0.6605 0.2588 0.7048
vn -0.6598 0.2619 0.7043
vn 0.9171 0.2675 -0.2955
vn 0.9202 0.2685 -0.2848
vn 0.9197 0.2645 -0.2902
vn -0.8380 -0.2337 0.4931
vn -0.8390 -0.2316 0.4924
vn -0.9887 -0.0834 0.1243
vn -0.9898 -0.0821 0.1166
vn -0.9893 -0.0855 0.1181
vn -0.8983 -0.0287 0.4384
vn -0.3002 0.5714 -0.7638
vn -0.1036 0.5919 0.7993
vn -0.1066 0.5937 0.7976
vn -0.1058 0.5890 0.8012
vn -0.8391 0.0704 -0.5394
vn -0.8384 0.0680 -0.5408
vn -0.8361 0.0763 -0.5433
vn -0.9903 -0.0696 0.1205
vn -0.9903 -0.0723 0.1186
vn -0.9897 -0.0777 0.1206
vn 0.3625 0.9077 0.2114
vn -0.8335 0.3321 -0.4416
vn -0.4946 0.4656 0.7339
vn -0.7793 -0.0784 0.6217
vn 0.1724 0.7291 -0.6624
vn 0.1697 0.7301 -0.6619
vn 0.1738 0.7314 -0.6595
vn 0.4414 0.8907 0.1087
vn 0.4362 0.8932 0.1088
vn 0.4298 0.8956 0.1144
vn -0.9816 0.1755 -0.0749
vn -0.9816 0.1746 -0.0770
vn -0.9822 0.1713 -0.0774
vn -0.6810 0.1912 0.7069
vn -0.6818 0.1808 0.7089
vn -0.6769 0.1871 0.7119
vn -0.6663 0.3175 0.6747
vn -0.6647 0.3141 0.6779
vn -0.6628 0.3199 0.6770
vn -0.9877 0.1565 -0.0027
vn -0.9885 0.1505 -0.0149
vn -0.9883 0.1526 -0.0025
vn -0.9705 0.2036 -0.1291
vn -0.9705 0.2053 -0.1264
vn -0.7795 0.0153 0.6262
vn -0.2767 0.7524 0.5978
vn -0.2771 0.7506 0.5999
vn -0.2750 0.7525 0.5985
vn -0.6820 0.3089 0.6629
vn -0.6782 0.3162 0.6633
vn -0.6844 0.3124 0.6588
vn -0.9843 0.1766 0.0038
vn -0.9852 0.1713 0.0064
vn -0.9842 0.1764 0.0112
vn -0.8954 0.0930 0.4354
vn -0.8976 0.0936 0.4307
vn -0.9272 0.2888 0.2384
vn -0.9283 0.2908 0.2316
vn -0.9295 0.2912 0.2264
vn -0.8212 0.3434 0.4558
vn -0.8219 0.3404 0.4567
vn -0.8234 0.3375 0.4561
vn -0.0351 0.8568 -0.5144
vn -0.4965 0.4915 0.7155
vn -0.4998 0.4852 0.7175
vn -0.4952 0.4843 0.7213
vn -0.8880 0.2950 0.3527
vn -0.8892 0.2926 0.3516
vn -0.8892 0.2901 0.3537
vn -0.9741 0.1999 -0.1054
vn -0.9724 0.2049 -0.1118
vn -0.9712 0.2056 -0.1203
vn -0.7866 0.0569 0.6149
vn -0.7834 0.0585 0.6188
vn -0.7826 0.0638 0.6193
vn -0.6099 0.7526 -0.2482
vn -0.6081 0.7527 -0.2525
vn -0.6055 0.7556 -0.2499
vn -0.9816 -0.0239 0.1892
vn -0.9812 -0.0311 0.1905
vn -0.9798 -0.0325 0.1975
vn 0.3956 0.1994 0.8965
vn -0.3845 -0.2118 -0.8985
vn -0.3843 -0.2118 -0.8986
vn 0.5883 -0.8082 -0.0260
vn 0.5918 -0.8054 -0.0336
vn 0.5954 -0.8031 -0.0234
vn 0.8727 0.4218 -0.2459
vn 0.8788 0.4210 -0.2249
vn 0.8792 0.4136 -0.2365
vn 0.9796 -0.0346 -0.1980
vn 0.9798 -0.0343 -0.1972
vn 0.9796 -0.0339 -0.1979
vn 0.8528 -0.0436 -0.5204
vn 0.9562 -0.2924 0.0112
vn 0.9555 -0.2946 0.0145
vn 0.9553 -0.2956 0.0090
vn 0.7296 -0.3225 -0.6031
vn 0.7047 0.3079 -0.6392
vn 0.6449 0.4658 -0.6059
vn 0.8195 0.5637 -0.1033
vn 0.8224 0.5608 -0.0959
vn 0.8191 0.5652 -0.0977
vn 0.8917 0.4512 -0.0352
vn 0.8935 0.4478 -0.0339
vn 0.8947 0.4452 -0.0368
vn 0.4759 0.4320 -0.7661
vn 0.4778 0.4297 -0.7662
vn 0.4738 0.4309 -0.7680
vn 0.5267 0.5184 -0.6737
vn 0.5285 0.5213 -0.6700
vn 0.5320 0.5112 -0.6750
vn 0.8988 0.0213 -0.4378
vn -0.7651 0.2188 -0.6056
vn -0.7634 0.2278 -0.6044
vn -0.7670 0.2169 -0.6038
vn 0.8864 -0.3422 -0.3117
vn 0.8823 -0.3536 -0.3108
vn 0.8835 -0.3478 -0.3138
vn 0.7435 0.6264 -0.2341
vn 0.7125 0.1403 -0.6875
vn 0.9113 -0.1840 -0.3683
vn 0.9157 -0.1771 -0.3607
vn 0.9141 -0.1837 -0.3614
vn 0.6418 -0.6076 -0.4679
vn 0.6421 -0.6050 -0.4709
vn 0.6389 -0.6088 -0.4703
vn 0.9290 0.0815 -0.3610
vn 0.9289 0.0796 -0.3616
vn 0.8012 -0.5360 -0.2662
vn 0.8857 -0.4587 -0.0712
vn 0.8843 -0.4615 -0.0714
vn 0.8850 -0.4601 -0.0720
vn 0.7479 0.1588 -0.6446
vn 0.9263 0.3358 0.1707
vn 0.9259 0.3400 0.1645
vn 0.9261 0.3398 0.1639
vn 0.8283 -0.4997 -0.2535
vn 0.8285 -0.4990 -0.2541
vn 0.8284 -0.4999 -0.2526
vn 0.8557 0.4649 -0.2275
vn 0.7907 -0.5842 -0.1833
vn 0.8750 -0.1342 -0.4651
vn 0.8751 -0.1340 -0.4650
vn 0.8752 -0.1339 -0.4649
vn 0.9772 0.1970 -0.0798
vn 0.6001 -0.5067 -0.6190
vn 0.7515 -0.6595 -0.0151
vn 0.7518 -0.6593 -0.0089
vn 0.4080 -0.6699 -0.6203
vn -0.5942 0.2697 -0.7577
vn -0.5949 0.2620 -0.7599
vn -0.5960 0.2766 -0.7538
vn 0.6410 -0.6228 -0.4486
vn 0.6442 -0.6200 -0.4479
vn 0.6465 -0.6203 -0.4440
vn 0.9882 0.1529 0.0010
vn 0.9882 0.1529 0.0012
vn 0.9882 0.1529 0.0013
vn 0.9048 0.1252 -0.4069
vn 0.9060 0.1233 -0.4050
vn 0.9071 0.1208 -0.4032
vn 0.6651 0.2967 -0.6853
vn 0.8330 -0.5214 0.1852
vn 0.6694 -0.3484 -0.6562
vn 0.6667 -0.3490 -0.6586
vn 0.6691 -0.3493 -0.6560
vn 0.9109 -0.3614 0.1994
vn 0.6668 -0.0068 -0.7452
vn 0.8711 0.2733 -0.4079
vn 0.3530 -0.5963 -0.7210
vn 0.9590 0.2823 0.0237
vn 0.9590 0.2824 0.0237
vn 0.8288 -0.4064 0.3846
vn 0.9067 0.1953 -0.3738
vn 0.9065 0.2019 -0.3708
vn 0.9046 0.2028 -0.3749
vn 0.8581 -0.2336 -0.4573
vn 0.8577 -0.2333 -0.4583
vn 0.8578 -0.2321 -0.4586
vn 0.8951 -0.2368 -0.3778
vn 0.8958 -0.2305 -0.3802
vn 0.8980 -0.2242 -0.3785
vn 0.4786 -0.3135 -0.8202
vn 0.8538 -0.4689 -0.2262
vn 0.8532 -0.4698 -0.2268
vn 0.8532 -0.4699 -0.2264
vn 0.4713 -0.1353 -0.8715
vn 0.8852 -0.4154 -0.2095
vn 0.8855 -0.4151 -0.2088
vn 0.8853 -0.4155 -0.2087
vn 0.9215 0.0876 0.3783
vn 0.9105 -0.0918 0.4032
vn 0.9119 -0.0947 0.3993
vn 0.9099 -0.0968 0.4035
vn 0.9350 0.3462 0.0772
vn 0.9346 0.3485 0.0714
vn 0.9328 0.3538 0.0690
vn 0.8828 -0.4308 -0.1871
vn 0.8075 -0.0193 -0.5896
vn 0.8096 -0.0166 -0.5868
vn 0.8085 -0.0231 -0.5881
vn 0.2109 -0.4243 -0.8806
vn 0.4669 0.4090 -0.7840
vn 0.4637 0.4103 -0.7853
vn 0.4631 0.4040 -0.7889
vn 0.7131 -0.0914 -0.6951
vn 0.6342 0.7626 -0.1277
vn 0.6356 0.7614 -0.1274
vn 0.7038 0.7015 -0.1119
vn 0.7048 0.7003 -0.1137
vn 0.6505 -0.4913 0.5792
vn 0.9943 0.0112 0.1062
vn 0.6987 -0.2448 -0.6723
vn 0.9459 0.3225 0.0354
vn 0.8952 0.2491 -0.3695
vn 0.5853 -0.8107 -0.0147
vn 0.5883 -0.8085 -0.0176
vn 0.5884 -0.8085 -0.0123
vn 0.6815 -0.6635 -0.3088
vn 0.2494 -0.0319 -0.9679
vn 0.2533 -0.0316 -0.9669
vn 0.2514 -0.0341 -0.9673
vn 0.6843 -0.6585 -0.3132
vn 0.6840 -0.6601 -0.3105
vn 0.6851 -0.6566 -0.3156
vn 0.5329 -0.3145 -0.7855
vn 0.5383 -0.3089 -0.7841
vn 0.5369 -0.3133 -0.7833
vn 0.6311 -0.7722 -0.0732
vn 0.9373 0.2753 -0.2138
vn 0.9381 0.2714 -0.2153
vn 0.9380 0.2716 -0.2156
vn 0.9089 -0.2718 -0.3162
vn 0.9113 -0.2694 -0.3115
vn 0.9100 -0.2722 -0.3128
vn 0.9819 0.1710 0.0815
vn 0.9218 -0.3655 -0.1291
vn 0.9219 -0.3676 -0.1222
vn 0.9242 -0.3617 -0.1228
vn 0.8057 -0.3419 -0.4837
vn 0.8039 -0.3415 -0.4869
vn 0.8043 -0.3444 -0.4843
vn 0.9660 0.2301 0.1177
vn 0.9653 0.2340 0.1159
vn 0.9400 0.2477 -0.2346
vn 0.7900 0.4946 -0.3623
vn 0.7900 0.4947 -0.3622
vn 0.5530 0.8331 -0.0030
vn 0.5530 0.8332 -0.0031
vn 0.5531 0.8331 -0.0027
vn 0.8745 -0.4788 -0.0770
vn 0.8757 -0.4773 -0.0731
vn 0.8759 -0.4768 -0.0743
vn 0.6313 -0.7720 -0.0736
vn 0.6312 -0.7721 -0.0735
vn 0.6311 -0.7722 -0.0734
vn 0.6928 0.2189 0.6871
vn 0.6927 0.2181 0.6874
vn 0.6929 0.2186 0.6871
vn 0.7691 -0.6340 0.0807
vn 0.7688 -0.6343 0.0814
vn 0.7690 -0.6342 0.0810
vn 0.8523 -0.5178 -0.0738
vn 0.8506 -0.5204 -0.0756
vn 0.8518 -0.5183 -0.0758
vn 0.6522 -0.3058 -0.6937
vn 0.9023 -0.2148 0.3738
vn 0.9023 -0.2147 0.3737
vn 0.3400 0.3001 -0.8913
vn 0.5921 0.6153 -0.5204
vn 0.9256 -0.1221 -0.3583
vn 0.8333 -0.3014 -0.4634
vn 0.9633 -0.1614 0.2144
vn 0.8783 0.4227 -0.2234
vn 0.8770 0.4235 -0.2273
vn 0.8768 0.4263 -0.2222
vn 0.2896 0.3472 -0.8920
vn 0.7293 0.6606 0.1781
vn 0.9135 -0.3360 -0.2294
vn 0.8518 -0.2280 -0.4717
vn 0.8523 -0.2245 -0.4725
vn 0.8494 -0.2266 -0.4765
vn 0.8154 0.2967 -0.4972
vn 0.8011 -0.2794 0.5293
vn 0.7979 -0.2801 0.5338
vn 0.8023 -0.2743 0.5301
vn 0.5123 0.1183 -0.8506
vn 0.6244 0.4081 -0.6660
vn 0.8990 0.3889 -0.2013
vn 0.3138 0.3043 -0.8994
vn 0.8833 0.4538 -0.1175
vn 0.8820 0.4555 -0.1209
vn 0.8836 0.4543 -0.1135
vn 0.8499 -0.5014 -0.1621
vn 0.8517 -0.4971 -0.1658
vn 0.8548 -0.4925 -0.1635
vn 0.9582 -0.0168 0.2856
vn 0.9585 -0.0199 0.2843
vn 0.9588 -0.0137 0.2839
vn 0.7257 -0.5675 -0.3889
vn 0.7257 -0.5676 -0.3889
vn 0.2413 -0.5550 -0.7961
vn 0.9330 -0.2792 0.2273
vn 0.9132 0.4067 -0.0241
vn 0.9132 0.4067 -0.0264
vn 0.9122 0.4088 -0.0266
vn 0.8029 0.5590 -0.2068
vn 0.8988 0.3880 -0.2041
vn 0.6431 -0.1629 -0.7483
vn 0.6430 -0.1629 -0.7483
vn 0.8467 0.3169 -0.4273
vn 0.2783 -0.6897 -0.6685
vn 0.2791 -0.6895 -0.6683
vn 0.2822 -0.6914 -0.6651
vn 0.1744 0.3616 -0.9159
vn 0.7544 0.5051 0.4192
vn 0.7543 0.5088 0.4148
vn 0.7552 0.5009 0.4227
vn 0.6206 0.4147 -0.6655
vn 0.6204 0.4151 -0.6654
vn 0.6207 0.4150 -0.6652
vn 0.4119 0.2950 -0.8621
vn 0.7987 -0.1878 0.5717
vn 0.6115 -0.1777 -0.7710
vn 0.6956 0.6798 0.2324
vn 0.8960 0.4252 -0.1280
vn 0.8628 0.5030 0.0501
vn 0.0905 0.0191 -0.9957
vn 0.4880 0.3588 -0.7957
vn 0.4886 0.3545 -0.7972
vn 0.4927 0.3561 -0.7940
vn 0.2361 -0.4345 -0.8691
vn 0.2361 -0.4345 -0.8692
vn 0.9582 -0.0952 -0.2699
vn 0.9587 -0.0933 -0.2686
vn 0.9588 -0.0953 -0.2676
vn 0.4295 0.3699 -0.8239
vn 0.4278 0.3689 -0.8251
vn 0.4280 0.3671 -0.8259
vn 0.8654 0.2347 0.4428
vn 0.8652 0.2348 0.4430
vn 0.8806 -0.1420 0.4521
vn 0.9189 -0.3398 -0.2006
vn 0.7314 -0.0155 0.6817
vn 0.7356 -0.0160 0.6773
vn 0.7332 -0.0193 0.6798
vn 0.0142 -0.2511 -0.9679
vn 0.8456 0.5308 -0.0561
vn 0.8461 0.5292 -0.0633
vn 0.8438 0.5333 -0.0603
vn 0.5481 0.5649 -0.6168
vn 0.7729 -0.0989 -0.6268
vn 0.9779 0.0790 0.1935
vn 0.4549 0.8000 -0.3913
vn 0.4568 0.7992 -0.3908
vn 0.4554 0.7983 -0.3941
vn 0.9250 0.1299 0.3572
vn 0.9252 0.1296 0.3566
vn 0.8374 -0.3735 -0.3990
vn 0.4800 -0.4634 -0.7449
vn 0.4772 -0.4660 -0.7451
vn 0.4802 -0.4660 -0.7432
vn 0.8954 0.4432 -0.0428
vn 0.3847 0.2180 -0.8969
vn 0.3816 0.2204 -0.8977
vn 0.3824 0.2166 -0.8982
vn 0.7685 0.0269 -0.6393
vn 0.8797 -0.3484 -0.3236
vn 0.8801 -0.3496 -0.3213
vn 0.8803 -0.3475 -0.3231
vn 0.8416 0.0839 -0.5336
vn 0.2977 -0.4368 -0.8489
vn 0.8797 0.2545 -0.4016
vn 0.6824 -0.0247 0.7306
vn 0.7312 -0.0665 0.6789
vn 0.7296 -0.0697 0.6803
vn 0.7311 -0.0689 0.6788
vn 0.0435 0.0700 -0.9966
vn -0.0082 -0.4881 -0.8728
vn 0.6779 0.5186 0.5210
vn 0.6747 0.5124 0.5313
vn 0.6759 0.5081 0.5339
vn 0.6795 0.5047 0.5325
vn 0.9671 0.2492 -0.0512
vn 0.1452 0.3245 -0.9347
vn 0.1438 0.3251 -0.9347
vn 0.6284 0.7750 0.0670
vn -0.0077 -0.0671 -0.9977
vn -0.0098 -0.0736 -0.9972
vn -0.0062 -0.0793 -0.9968
vn 0.8352 0.4347 0.3368
vn 0.8380 0.4314 0.3342
vn 0.8325 0.4370 0.3405
vn 0.3310 0.3349 -0.8822
vn 0.3309 0.3347 -0.8823
vn 0.3311 0.3349 -0.8822
vn -0.0087 -0.2550 -0.9669
vn 0.2044 0.3817 -0.9014
vn 0.1986 0.3811 -0.9029
vn 0.1993 0.3850 -0.9011
vn 0.3170 -0.1534 0.9359
vn -0.0091 0.1359 -0.9907
vn -0.0136 0.1378 -0.9904
vn -0.0133 0.1329 -0.9910
vn 0.6754 0.2302 0.7006
vn 0.6938 0.4622 0.5522
vn 0.4224 0.8253 -0.3747
vn 0.4226 0.8248 -0.3757
vn 0.4275 0.8238 -0.3721
vn -0.1801 0.4707 -0.8637
vn 0.7231 -0.4628 -0.5128
vn 0.6831 -0.0261 -0.7298
vn 0.6831 -0.0260 -0.7299
vn 0.6832 -0.0262 -0.7298
vn 0.9079 0.3488 -0.2324
vn 0.9080 0.3487 -0.2324
vn 0.9080 0.3486 -0.2323
vn 0.4628 -0.0012 -0.8865
vn 0.9027 0.1711 0.3947
vn 0.5074 0.8430 -0.1788
vn 0.5074 0.8429 -0.1788
vn 0.2528 0.7960 -0.5500
vn 0.4373 0.8459 0.3053
vn 0.4364 0.8437 0.3127
vn 0.4390 0.8438 0.3087
vn 0.4945 0.8565 -0.1476
vn 0.2699 0.8908 0.3656
vn -0.4630 -0.6025 -0.6501
vn -0.1009 0.0729 -0.9922
vn 0.8343 0.2892 0.4693
vn 0.9874 0.0967 0.1251
vn 0.3764 0.7845 0.4928
vn -0.0953 0.0209 -0.9952
vn 0.9109 -0.3666 0.1896
vn 0.7727 0.2638 -0.5774
vn 0.5411 0.1261 0.8314
vn 0.0027 0.0830 -0.9965
vn -0.2512 0.5630 -0.7873
vn 0.3745 0.0097 0.9272
vn -0.5426 -0.1968 -0.8166
vn 0.5014 0.7036 -0.5035
vn 0.5007 0.7032 -0.5047
vn 0.5020 0.7027 -0.5042
vn -0.3939 -0.2198 -0.8925
vn -0.3873 -0.2206 -0.8951
vn -0.3933 -0.2267 -0.8910
vn 0.0806 0.4434 -0.8927
vn 0.3922 0.8071 0.4413
vn 0.3923 0.8071 0.4412
vn 0.4293 0.0979 -0.8978
vn 0.6203 0.7149 -0.3229
vn 0.6201 0.7139 -0.3254
vn 0.6187 0.7164 -0.3224
vn 0.1457 0.1592 0.9764
vn 0.0967 0.3666 0.9254
vn 0.0943 0.3638 0.9267
vn 0.0980 0.3627 0.9268
vn 0.8630 0.1291 -0.4884
vn 0.8627 0.1276 -0.4894
vn 0.8615 0.1278 -0.4914
vn -0.6083 -0.0927 -0.7882
vn -0.6089 -0.0929 -0.7878
vn -0.6069 -0.0940 -0.7892
vn 0.4467 0.3994 0.8006
vn 0.4422 0.4007 0.8024
vn 0.4392 0.3983 0.8053
vn 0.8222 0.1647 -0.5449
vn 0.2910 -0.7571 -0.5849
vn 0.2907 -0.7580 -0.5839
vn 0.2916 -0.7566 -0.5852
vn 0.9544 -0.2778 0.1098
vn 0.9679 0.2270 0.1077
vn 0.9682 0.2310 0.0962
vn 0.9672 0.2323 0.1031
vn 0.0574 0.9010 -0.4301
vn 0.0534 0.9013 -0.4299
vn 0.0550 0.8996 -0.4332
vn -0.3070 0.7946 -0.5238
vn 0.9335 0.2983 0.1990
vn 0.9336 0.2966 0.2010
vn 0.9346 0.2951 0.1986
vn 0.9622 0.2595 -0.0830
vn 0.9628 0.2579 -0.0806
vn 0.9613 0.2620 -0.0852
vn 0.2192 0.7054 0.6740
vn 0.8303 0.3694 0.4173
vn 0.4042 -0.4805 -0.7783
vn 0.6136 0.1883 -0.7668
vn 0.7143 0.6051 0.3515
vn 0.7164 0.6033 0.3506
vn 0.7143 0.6073 0.3478
vn 0.9288 0.1080 0.3544
vn 0.9273 0.1082 0.3583
vn 0.9275 0.1112 0.3569
vn 0.7607 -0.5310 -0.3734
vn 0.7607 -0.5311 -0.3732
vn 0.7607 -0.5308 -0.3735
vn 0.4224 -0.0153 -0.9063
vn -0.2980 0.5752 -0.7618
vn 0.7985 -0.4651 0.3821
vn 0.7980 -0.4647 0.3838
vn 0.7969 -0.4661 0.3843
vn 0.2966 0.0551 -0.9534
vn 0.2978 0.0515 -0.9532
vn 0.2931 0.0561 -0.9544
vn -0.6443 -0.2057 -0.7366
vn 0.9712 -0.0235 0.2373
vn 0.9691 -0.0290 0.2448
vn 0.9704 -0.0271 0.2402
vn 0.8459 0.2428 -0.4749
vn 0.8443 0.2455 -0.4763
vn 0.8465 0.2421 -0.4742
vn 0.9034 0.2646 0.3374
vn 0.9044 0.2638 0.3354
vn 0.9026 0.2665 0.3381
vn 0.7580 0.5787 -0.3009
vn 0.7586 0.5761 -0.3044
vn 0.7566 0.5766 -0.3085
vn 0.7519 0.6314 -0.1894
vn 0.7514 0.6299 -0.1964
vn 0.7501 0.6325 -0.1932
vn 0.6264 0.0458 0.7781
vn 0.6260 0.0455 0.7785
vn 0.6263 0.0460 0.7783
vn 0.6625 0.6412 -0.3872
vn 0.7247 0.6284 0.2829
vn 0.5216 0.0695 -0.8503
vn 0.5212 0.0716 -0.8504
vn 0.5204 0.0699 -0.8511
vn 0.9357 0.1364 -0.3254
vn 0.6939 0.3754 -0.6144
vn 0.5634 -0.7529 0.3402
vn 0.5665 -0.7504 0.3404
vn 0.5678 -0.7479 0.3439
vn 0.2483 -0.8683 -0.4294
vn 0.4463 -0.5829 -0.6790
vn -0.2547 0.0943 -0.9624
vn -0.2552 0.0910 -0.9626
vn -0.2579 0.0891 -0.9621
vn 0.9644 0.2568 -0.0627
vn 0.8717 -0.3794 0.3102
vn 0.8762 -0.3707 0.3079
vn 0.8729 -0.3766 0.3100
vn 0.4989 0.7733 -0.3914
vn 0.4989 0.7734 -0.3912
vn 0.4989 0.7734 -0.3910
vn 0.9082 0.1106 0.4036
vn 0.9112 0.1087 0.3975
vn 0.9109 0.1076 0.3984
vn -0.0833 0.9303 0.3572
vn -0.0863 0.9299 0.3576
vn -0.0862 0.9315 0.3533
vn 0.9487 0.1799 0.2601
vn 0.9622 0.1143 0.2474
vn 0.9622 0.1143 0.2471
vn 0.9622 0.1142 0.2471
vn 0.5980 0.7831 -0.1706
vn 0.6015 0.7800 -0.1726
vn 0.6012 0.7815 -0.1671
vn 0.5121 -0.2375 -0.8255
vn 0.5120 -0.2376 -0.8255
vn 0.5119 -0.2376 -0.8255
vn -0.1562 0.9089 0.3867
vn 0.0214 -0.4696 -0.8826
vn 0.3209 -0.2952 -0.8999
vn 0.3234 -0.2933 -0.8996
vn 0.3195 -0.2981 -0.8995
vn 0.4683 -0.1876 -0.8634
vn 0.8201 0.4090 -0.4003
vn 0.5519 0.6916 0.4660
vn 0.1170 -0.2332 -0.9654
vn 0.8464 0.3951 0.3570
vn 0.2702 0.1704 -0.9476
vn 0.7429 0.2084 -0.6362
vn 0.7431 0.2086 -0.6358
vn 0.7430 0.2084 -0.6360
vn 0.2736 0.5005 -0.8213
vn -0.6842 0.6296 -0.3681
vn 0.2150 0.0298 -0.9762
vn -0.7014 0.1481 -0.6972
vn 0.1056 0.2785 0.9546
vn 0.1677 0.2485 -0.9540
vn 0.2173 0.5317 -0.8186
vn 0.8844 0.3579 -0.2997
vn 0.8837 0.3547 -0.3054
vn 0.8834 0.3577 -0.3028
vn 0.3866 -0.0227 -0.9220
vn 0.3860 -0.0205 -0.9223
vn 0.7822 0.3439 0.5195
vn 0.7268 -0.3678 0.5800
vn 0.7292 -0.3684 0.5767
vn 0.7266 -0.3701 0.5788
vn -0.7351 0.5029 0.4547
vn -0.9061 -0.2293 -0.3556
vn 0.6292 0.1681 0.7588
vn 0.3114 0.4846 -0.8174
vn 0.1075 -0.1248 -0.9863
vn 0.1063 -0.1287 -0.9860
vn 0.1064 -0.1290 -0.9859
vn -0.8179 0.5372 0.2059
vn -0.8158 0.5395 0.2085
vn -0.7052 0.3247 0.6303
vn -0.6019 0.1294 -0.7880
vn 0.2518 -0.2558 -0.9334
vn 0.5731 -0.6715 0.4697
vn 0.8806 -0.3435 0.3264
vn 0.8796 -0.3450 0.3277
vn 0.8814 -0.3414 0.3266
vn 0.4668 0.0364 -0.8836
vn 0.8786 0.4480 0.1656
vn 0.3074 -0.8318 -0.4623
vn 0.3103 -0.8288 -0.4657
vn 0.3085 -0.8344 -0.4568
vn 0.2120 0.0172 -0.9771
vn 0.2052 0.0160 -0.9786
vn 0.2079 0.0210 -0.9779
vn 0.3777 0.4579 -0.8048
vn 0.4692 0.6175 -0.6313
vn 0.5571 0.6809 0.4754
vn 0.5528 0.6852 0.4743
vn 0.5576 0.6845 0.4697
vn 0.2425 0.9521 -0.1864
vn 0.2477 0.9505 -0.1874
vn 0.2377 0.9525 -0.1905
vn 0.6470 0.7471 -0.1525
vn -0.0805 0.2711 -0.9592
vn -0.1115 0.2595 -0.9593
vn -0.1376 0.2781 -0.9507
vn 0.6043 0.6599 -0.4465
vn -0.3472 -0.3977 -0.8493
vn 0.7968 0.2124 0.5657
vn 0.6311 0.6886 0.3572
vn 0.6347 0.6873 0.3533
vn 0.6266 0.6922 0.3582
vn 0.4634 0.8571 0.2250
vn 0.2230 0.2371 -0.9455
vn 0.4575 0.1045 0.8830
vn 0.4523 0.1069 0.8854
vn 0.4558 0.1116 0.8830
vn -0.1041 0.9017 -0.4197
vn 0.4067 0.0108 0.9135
vn 0.4041 0.0074 0.9147
vn 0.4029 0.0033 0.9153
vn 0.4795 0.3954 0.7834
vn 0.4784 0.3940 0.7847
vn 0.4783 0.3954 0.7842
vn 0.1829 -0.6550 -0.7332
vn 0.1838 -0.6545 -0.7334
vn 0.1838 -0.6554 -0.7326
vn 0.6329 -0.1762 0.7539
vn 0.4322 0.0487 0.9005
vn 0.1441 -0.3104 -0.9396
vn 0.1451 -0.3106 -0.9394
vn 0.7925 0.1133 0.5993
vn 0.7917 0.1068 0.6015
vn 0.7928 0.1097 0.5995
vn 0.0997 0.2079 -0.9731
vn 0.0996 0.2064 -0.9734
vn 0.0987 0.2054 -0.9737
vn 0.7176 0.5929 0.3656
vn 0.3086 0.9303 0.1983
vn 0.3086 0.9303 0.1982
vn -0.1528 -0.4787 -0.8646
vn -0.1518 -0.4774 -0.8655
vn -0.1535 -0.4781 -0.8648
vn 0.6621 0.4653 0.5874
vn 0.6784 0.4602 0.5727
vn 0.6688 0.4694 0.5766
vn -0.0359 0.7485 -0.6622
vn 0.5959 0.3381 0.7284
vn 0.5945 0.3345 0.7312
vn 0.5954 0.3389 0.7284
vn -0.2073 -0.1768 -0.9622
vn -0.2100 -0.1750 -0.9619
vn -0.2105 -0.1720 -0.9623
vn -0.5030 -0.1311 -0.8543
vn -0.5000 -0.1258 -0.8569
vn -0.5004 -0.1347 -0.8553
vn -0.4628 0.0203 -0.8862
vn -0.2458 -0.1800 -0.9525
vn -0.2572 -0.1818 -0.9491
vn -0.2520 -0.1796 -0.9509
vn -0.4434 0.3524 -0.8241
vn -0.4458 0.3508 -0.8235
vn -0.4435 0.3503 -0.8250
vn -0.2432 0.4682 -0.8495
vn 0.4266 0.8798 0.2097
vn 0.1737 0.2323 -0.9570
vn 0.5851 -0.5127 0.6283
vn -0.5308 0.2159 -0.8195
vn -0.5310 0.2150 -0.8197
vn -0.5307 0.2148 -0.8199
vn 0.5426 0.7652 -0.3465
vn 0.5386 0.7684 -0.3457
vn 0.5378 0.7668 -0.3505
vn 0.2016 0.9611 -0.1885
vn 0.4939 0.8590 0.1351
vn 0.4954 0.8577 0.1373
vn 0.4980 0.8560 0.1388
vn 0.1106 -0.1852 0.9765
vn -0.4098 0.0481 -0.9109
vn -0.1437 0.3129 -0.9389
vn 0.2815 0.2931 0.9137
vn -0.2271 0.9734 -0.0290
vn -0.2267 0.9736 -0.0273
vn -0.2273 0.9733 -0.0305
vn -0.1065 0.9750 0.1949
vn -0.3443 0.0618 0.9368
vn -0.8846 0.0336 -0.4652
vn -0.8853 0.0346 -0.4637
vn -0.8854 0.0340 -0.4635
vn -0.4772 0.8281 -0.2942
vn 0.2256 0.9610 -0.1597
vn 0.6019 0.7776 0.1819
vn 0.7987 0.4719 0.3734
vn 0.8000 0.4716 0.3709
vn 0.7974 0.4768 0.3699
vn -0.4495 -0.0275 -0.8929
vn -0.4548 -0.0290 -0.8901
vn -0.4594 -0.0260 -0.8878
vn -0.1086 0.9781 0.1776
vn 0.5553 -0.0681 0.8288
vn 0.5587 -0.0662 0.8267
vn 0.5560 -0.0695 0.8282
vn 0.3319 0.6168 0.7137
vn -0.2559 0.1301 -0.9579
vn 0.7374 0.2876 0.6112
vn 0.7386 0.2876 0.6098
vn 0.7373 0.2878 0.6111
vn 0.8109 0.2453 0.5312
vn 0.8078 0.2467 0.5353
vn -0.5178 -0.0898 -0.8508
vn -0.1115 0.9363 -0.3329
vn -0.1114 0.9363 -0.3330
vn -0.3250 0.9348 0.1435
vn -0.4446 0.8882 -0.1160
vn -0.6430 -0.6074 -0.4665
vn -0.6420 -0.6066 -0.4689
vn -0.6405 -0.6069 -0.4706
vn -0.1438 0.5860 -0.7975
vn -0.1400 0.5821 -0.8010
vn -0.1486 0.5820 -0.7995
vn 0.1629 0.7509 -0.6401
vn 0.1601 0.7546 -0.6364
vn 0.1561 0.7578 -0.6336
vn 0.2713 0.7930 0.5454
vn 0.1766 0.8056 0.5655
vn -0.5581 0.7770 -0.2913
vn -0.0235 -0.8312 -0.5555
vn -0.0273 -0.8303 -0.5566
vn -0.0240 -0.8297 -0.5576
vn -0.3192 0.2008 -0.9262
vn 0.0013 0.4227 0.9063
vn -0.0015 0.4195 0.9078
vn 0.0012 0.4162 0.9093
vn -0.2121 0.2518 -0.9442
vn 0.5290 0.8435 0.0928
vn 0.5288 0.8437 0.0929
vn 0.5289 0.8436 0.0928
vn -0.4061 0.7594 0.5083
vn -0.4004 0.7598 0.5122
vn -0.4024 0.7608 0.5092
vn -0.6358 0.0309 -0.7712
vn 0.0872 0.6382 0.7649
vn 0.2953 -0.1745 0.9393
vn 0.2983 -0.1794 0.9375
vn 0.2975 -0.1765 0.9383
vn -0.1297 0.9386 -0.3198
vn -0.1305 0.9403 -0.3142
vn -0.1286 0.9368 -0.3253
vn 0.1571 0.9728 0.1705
vn 0.1499 0.9737 0.1718
vn 0.1620 0.9710 0.1756
vn -0.1128 -0.1629 0.9802
vn -0.1069 -0.1593 0.9814
vn -0.1197 -0.1595 0.9799
vn 0.3182 0.4323 0.8437
vn -0.5559 0.2982 -0.7760
vn -0.2932 0.6693 0.6827
vn -0.1648 -0.1536 -0.9743
vn -0.1687 -0.1474 -0.9746
vn -0.1665 -0.1403 -0.9760
vn -0.2368 0.9067 -0.3490
vn -0.2365 0.9068 -0.3489
vn 0.1804 0.7581 -0.6267
vn 0.1811 0.7577 -0.6270
vn 0.1794 0.7580 -0.6271
vn 0.0908 0.8326 0.5465
vn 0.5837 0.2175 0.7823
vn 0.5868 0.2159 0.7804
vn 0.5845 0.2218 0.7805
vn -0.4139 -0.2397 -0.8782
vn 0.1145 0.5255 0.8431
vn 0.4801 0.5312 0.6981
vn -0.3522 -0.5653 -0.7459
vn -0.3506 -0.5668 -0.7455
vn -0.3504 -0.5666 -0.7458
vn 0.1414 0.5642 0.8135
vn 0.1416 0.5641 0.8135
vn 0.1417 0.5638 0.8137
vn -0.5116 0.6021 -0.6130
vn -0.5119 0.6019 -0.6129
vn -0.5118 0.6020 -0.6129
vn 0.4020 0.7491 -0.5265
vn -0.5491 0.2426 -0.7997
vn -0.4550 0.3366 -0.8244
vn -0.4565 0.3349 -0.8243
vn -0.4511 0.3395 -0.8254
vn -0.6672 0.5658 -0.4845
vn -0.6672 0.5659 -0.4844
vn -0.1411 0.7332 -0.6652
vn -0.1413 0.7315 -0.6671
vn -0.1438 0.7316 -0.6664
vn -0.6160 -0.2958 -0.7301
vn 0.3205 0.9376 -0.1346
vn -0.0460 0.8502 0.5245
vn 0.3478 0.7621 -0.5461
vn -0.3598 0.9314 -0.0543
vn 0.1678 0.9377 0.3043
vn -0.5786 0.5992 -0.5534
vn -0.5712 0.6025 -0.5574
vn -0.5750 0.5997 -0.5565
vn -0.0756 0.2697 -0.9600
vn -0.0762 0.2687 -0.9602
vn -0.0760 0.2691 -0.9601
vn -0.1595 -0.1611 -0.9740
vn 0.7664 0.4053 0.4984
vn 0.1006 0.2689 -0.9579
vn 0.6153 0.7880 -0.0222
vn 0.6157 0.7876 -0.0232
vn 0.6163 0.7872 -0.0224
vn -0.1699 -0.0450 -0.9844
vn 0.5798 0.6826 0.4449
vn 0.5797 0.6824 0.4452
vn 0.5797 0.6824 0.4453
vn -0.1858 -0.0433 -0.9816
vn -0.1860 -0.0431 -0.9816
vn -0.1857 -0.0433 -0.9816
vn -0.1532 0.8610 0.4850
vn -0.1518 0.8626 0.4825
vn -0.1500 0.8618 0.4845
vn -0.1673 -0.0960 -0.9812
vn -0.1581 -0.0308 0.9869
vn -0.1580 -0.0308 0.9870
vn 0.8849 -0.1860 0.4271
vn 0.8850 -0.1864 0.4267
vn 0.8859 -0.1856 0.4250
vn 0.5813 0.4820 0.6555
vn 0.5814 0.4820 0.6554
vn 0.5813 0.4821 0.6555
vn -0.9552 0.2608 -0.1397
vn -0.5457 0.6276 0.5553
vn -0.3952 0.4335 -0.8099
vn -0.2471 0.3569 -0.9009
vn -0.2465 0.3569 -0.9010
vn -0.2446 0.3553 -0.9022
vn 0.2456 0.0933 -0.9649
vn 0.3057 -0.3151 0.8985
vn 0.3005 -0.3122 0.9012
vn 0.2948 -0.3120 0.9032
vn 0.1160 0.2327 0.9656
vn 0.1169 0.2392 0.9639
vn 0.1104 0.2407 0.9643
vn 0.0344 0.9994 -0.0013
vn 0.0396 0.9992 -0.0019
vn 0.0351 0.9994 -0.0069
vn -0.7946 -0.3807 -0.4730
vn -0.7919 -0.3796 -0.4783
vn -0.7954 -0.3757 -0.4756
vn -0.0646 0.4527 0.8893
vn -0.0654 0.4512 0.8900
vn -0.0601 0.4500 0.8910
vn 0.4088 0.6609 0.6294
vn 0.4061 0.6628 0.6292
vn -0.6801 0.7083 -0.1894
vn 0.4034 0.5614 0.7225
vn 0.4048 0.5607 0.7224
vn 0.3991 0.5663 0.7211
vn 0.1984 0.5439 0.8154
vn 0.1984 0.5439 0.8153
vn 0.5949 0.7773 0.2047
vn 0.1835 -0.4231 0.8873
vn 0.1877 -0.4255 0.8853
vn 0.1915 -0.4231 0.8856
vn -0.7287 0.4301 0.5328
vn -0.3174 -0.0587 -0.9465
vn -0.4108 -0.3428 -0.8448
vn -0.1917 0.9469 -0.2582
vn -0.1938 0.9473 -0.2550
vn -0.1890 0.9467 -0.2608
vn 0.6463 0.2543 0.7195
vn 0.6458 0.2514 0.7210
vn 0.6478 0.2492 0.7199
vn -0.1952 -0.2059 -0.9589
vn 0.2076 0.9190 0.3352
vn 0.2111 0.9193 0.3323
vn 0.2072 0.9204 0.3315
vn -0.0589 0.7401 -0.6699
vn -0.0588 0.7401 -0.6699
vn 0.2819 0.6237 0.7291
vn 0.2809 0.6232 0.7298
vn 0.2802 0.6248 0.7288
vn -0.9169 -0.3627 -0.1663
vn -0.9166 -0.3632 -0.1675
vn -0.9170 -0.3616 -0.1685
vn 0.7357 0.5874 0.3371
vn 0.7367 0.5868 0.3361
vn 0.7365 0.5875 0.3353
vn 0.3181 0.8431 0.4336
vn 0.3185 0.8461 0.4274
vn 0.3161 0.8453 0.4307
vn 0.5022 -0.0731 0.8617
vn 0.5063 -0.0741 0.8591
vn 0.5079 -0.0689 0.8586
vn 0.5957 0.2151 0.7739
vn -0.4126 -0.2163 0.8848
vn -0.4176 -0.2192 0.8818
vn -0.4129 -0.2164 0.8847
vn -0.3919 0.3656 -0.8443
vn -0.3889 0.3711 -0.8432
vn -0.3934 0.3666 -0.8431
vn -0.7728 0.6158 -0.1536
vn -0.7728 0.6157 -0.1536
vn -0.0724 -0.0176 -0.9972
vn -0.0762 -0.0230 -0.9968
vn -0.0754 -0.0169 -0.9970
vn -0.3095 0.4749 0.8238
vn 0.3873 0.0084 0.9219
vn -0.7358 0.3259 -0.5936
vn -0.5364 -0.1244 -0.8348
vn -0.5368 -0.1309 -0.8335
vn -0.5420 -0.1283 -0.8305
vn -0.7041 0.7095 -0.0280
vn 0.8370 0.3896 0.3842
vn -0.3386 -0.5475 -0.7653
vn -0.3312 -0.5574 -0.7613
vn -0.3392 -0.5542 -0.7601
vn -0.3060 0.5798 -0.7551
vn -0.3059 0.5798 -0.7552
vn 0.8138 -0.4413 0.3782
vn -0.4689 -0.3731 -0.8006
vn 0.1279 0.8947 -0.4279
vn 0.1295 0.8943 -0.4284
vn 0.7918 -0.1353 0.5956
vn 0.3027 0.0469 -0.9519
vn 0.3049 0.0495 -0.9511
vn 0.3046 0.0473 -0.9513
vn 0.6219 0.1595 0.7667
vn 0.6649 0.0532 0.7450
vn 0.6651 0.0471 0.7453
vn 0.6615 0.0510 0.7482
vn 0.8693 0.3661 0.3321
vn 0.2987 0.2908 0.9090
vn 0.3026 0.2838 0.9099
vn 0.2963 0.2852 0.9115
vn 0.4780 0.4617 0.7472
vn 0.4810 0.4601 0.7462
vn 0.4803 0.4651 0.7437
vn 0.2028 0.9343 0.2931
vn -0.2795 0.8403 0.4646
vn 0.5135 -0.0439 0.8570
vn 0.5169 -0.0453 0.8549
vn 0.5140 -0.0470 0.8565
vn 0.1926 -0.6836 -0.7039
vn 0.1925 -0.6828 -0.7048
vn 0.1922 -0.6819 -0.7057
vn -0.4402 0.4382 -0.7837
vn -0.3792 0.8974 -0.2257
vn -0.7507 -0.3095 -0.5837
vn -0.7531 -0.3099 -0.5803
vn -0.7501 -0.3115 -0.5833
vn -0.2877 0.9462 -0.1479
vn -0.2827 0.9483 -0.1440
vn -0.2911 0.9443 -0.1534
vn -0.4078 0.3909 -0.8252
vn -0.3760 0.9244 -0.0638
vn -0.0109 0.1995 0.9798
vn -0.0164 0.2042 0.9788
vn -0.0164 0.1990 0.9799
vn -0.3868 0.9211 -0.0449
vn 0.7627 -0.1565 0.6276
vn 0.7705 -0.1576 0.6177
vn 0.7669 -0.1554 0.6227
vn 0.1212 0.9627 0.2419
vn 0.0831 0.7367 0.6711
vn 0.0831 0.7366 0.6712
vn 0.3201 -0.1555 0.9345
vn 0.0323 0.5743 -0.8180
vn 0.0093 0.5465 -0.8374
vn 0.0416 0.5444 -0.8378
vn 0.7828 0.4071 -0.4707
vn 0.7819 0.4075 -0.4718
vn 0.7831 0.4064 -0.4707
vn 0.3022 0.6997 0.6474
vn 0.3028 0.6978 0.6492
vn 0.3053 0.6972 0.6486
vn -0.4917 0.6520 -0.5772
vn -0.5911 0.4286 -0.6833
vn -0.5866 0.4254 -0.6892
vn -0.5822 0.4232 -0.6942
vn -0.3877 0.7947 -0.4671
vn 0.1445 0.9797 0.1391
vn 0.1446 0.9797 0.1392
vn 0.1446 0.9797 0.1391
vn 0.0325 0.4612 0.8867
vn 0.2690 0.9411 0.2048
vn -0.2954 0.7632 0.5747
vn 0.5347 0.4629 0.7070
vn 0.3533 0.0984 0.9303
vn 0.3544 0.0985 0.9299
vn 0.3531 0.0987 0.9304
vn -0.2585 -0.0299 0.9656
vn -0.2645 -0.0286 0.9640
vn -0.2564 -0.0349 0.9659
vn -0.4221 0.9046 -0.0590
vn -0.4220 0.9047 -0.0592
vn -0.4220 0.9047 -0.0590
vn -0.8794 0.2061 -0.4292
vn -0.4115 0.7962 0.4436
vn 0.1841 0.4042 0.8959
vn 0.6069 0.4479 0.6565
vn 0.6073 0.4481 0.6560
vn 0.1179 -0.1939 0.9739
vn 0.1133 -0.1927 0.9747
vn 0.1137 -0.1884 0.9755
vn -0.1244 -0.3929 0.9111
vn -0.1243 -0.3930 0.9111
vn -0.1833 -0.4740 -0.8612
vn -0.6964 -0.3338 -0.6353
vn -0.6944 -0.3333 -0.6378
vn -0.6967 -0.3328 -0.6354
vn -0.6769 -0.4441 -0.5870
vn 0.5399 0.7989 0.2651
vn 0.5436 0.7976 0.2615
vn 0.5358 0.8006 0.2681
vn -0.4279 -0.2006 -0.8813
vn -0.2973 0.6093 -0.7352
vn -0.1799 0.9769 0.1150
vn 0.4963 0.4542 0.7398
vn 0.5012 0.4554 0.7359
vn 0.4949 0.4595 0.7375
vn 0.0905 -0.8972 0.4323
vn -0.0844 0.9083 0.4097
vn -0.0846 0.9087 0.4088
vn -0.7085 0.6765 -0.2010
vn -0.1365 0.2300 -0.9636
vn -0.1380 0.2277 -0.9639
vn -0.1409 0.2330 -0.9622
vn -0.0413 0.8569 0.5138
vn -0.9067 0.3496 -0.2362
vn -0.2530 0.9456 0.2044
vn -0.1485 -0.2981 -0.9429
vn -0.3485 0.4624 -0.8153
vn 0.8324 0.5179 0.1971
vn 0.8324 0.5178 0.1976
vn 0.8305 0.5202 0.1992
vn -0.2288 0.2262 -0.9468
vn -0.8078 0.2199 -0.5469
vn -0.8135 0.2149 -0.5404
vn -0.8108 0.2182 -0.5431
vn -0.1447 -0.8741 0.4637
vn -0.1326 -0.8770 0.4619
vn -0.1407 -0.8741 0.4650
vn 0.1949 0.6604 0.7252
vn 0.1955 0.6643 0.7214
vn 0.1942 0.6638 0.7222
vn 0.1157 0.2401 0.9638
vn 0.2831 0.7844 0.5518
vn 0.2788 0.7851 0.5531
vn 0.2863 0.7855 0.5487
vn -0.2600 0.2194 -0.9404
vn -0.2599 0.2194 -0.9404
vn 0.6549 -0.3528 0.6683
vn 0.2855 0.3131 -0.9058
vn 0.2877 0.3119 -0.9055
vn 0.1480 0.7228 0.6751
vn 0.1465 0.7251 0.6728
vn 0.1498 0.7236 0.6738
vn -0.6057 0.6963 -0.3852
vn -0.6056 0.6963 -0.3851
vn -0.6055 0.6964 -0.3852
vn 0.5061 0.4049 0.7615
vn 0.3595 0.0834 0.9294
vn 0.3642 0.0867 0.9273
vn -0.9269 0.1415 -0.3476
vn -0.9312 0.1433 -0.3351
vn -0.9290 0.1435 -0.3412
vn -0.4630 0.8839 0.0658
vn -0.5939 0.5002 -0.6302
vn -0.1853 0.9022 -0.3895
vn -0.1854 0.9022 -0.3895
vn -0.1852 0.9022 -0.3894
vn -0.2577 0.3826 0.8873
vn -0.2604 0.3822 0.8866
vn -0.2561 0.3807 0.8885
vn -0.4439 0.0714 -0.8932
vn -0.5610 -0.6899 -0.4575
vn 0.2697 0.5650 0.7797
vn 0.1069 0.0459 -0.9932
vn 0.1026 0.0468 -0.9936
vn 0.1062 0.0417 -0.9935
vn -0.7089 -0.2947 -0.6408
vn -0.7089 -0.2948 -0.6407
vn 0.0172 0.3828 0.9237
vn 0.0199 0.3769 0.9260
vn 0.0119 0.3788 0.9254
vn 0.6798 0.7322 0.0410
vn 0.6774 0.7347 0.0360
vn 0.6732 0.7387 0.0331
vn -0.2907 0.1749 -0.9407
vn -0.5517 0.5536 -0.6239
vn -0.1019 0.7177 -0.6888
vn -0.1024 0.7173 -0.6892
vn -0.1023 0.7175 -0.6890
vn -0.6964 -0.1562 -0.7005
vn -0.6943 -0.1550 -0.7028
vn -0.6922 -0.1571 -0.7044
vn 0.4122 0.5836 0.6996
vn 0.0830 0.1746 0.9811
vn 0.0821 0.1780 0.9806
vn 0.3455 0.6683 -0.6588
vn 0.3455 0.6685 -0.6586
vn 0.3455 0.6684 -0.6586
vn 0.1177 0.9220 0.3690
vn 0.1173 0.9229 0.3667
vn 0.1201 0.9218 0.3686
vn -0.4400 0.4500 -0.7771
vn -0.1908 0.9596 0.2070
vn -0.1919 0.9578 0.2140
vn -0.1837 0.9612 0.2056
vn -0.6963 0.3833 0.6068
vn -0.1779 0.9839 0.0157
vn -0.8142 -0.0676 -0.5767
vn -0.8148 -0.0708 -0.5754
vn -0.8129 -0.0704 -0.5782
vn 0.3289 0.6911 0.6436
vn -0.8221 0.4973 0.2772
vn -0.8324 0.4839 0.2701
vn -0.8335 0.4732 0.2853
vn -0.2463 -0.2545 -0.9352
vn 0.2676 -0.7744 0.5733
vn 0.2676 -0.7723 0.5762
vn 0.2648 -0.7717 0.5782
vn 0.0399 0.7918 0.6094
vn 0.0608 0.7962 0.6020
vn 0.0625 0.7896 0.6104
vn 0.3106 0.2701 0.9114
vn 0.1902 -0.1922 0.9628
vn -0.5339 0.8015 -0.2693
vn 0.1186 0.5987 0.7922
vn -0.7491 0.1832 -0.6366
vn -0.4290 -0.5555 -0.7123
vn 0.2449 0.4341 0.8670
vn 0.2383 0.4342 0.8687
vn 0.2381 0.4370 0.8674
vn -0.0712 0.9974 -0.0091
vn -0.0776 0.9969 -0.0110
vn -0.0766 0.9971 -0.0046
vn -0.2541 0.1223 0.9594
vn -0.2542 0.1222 0.9594
vn -0.6358 0.2343 -0.7355
vn -0.6329 0.2369 -0.7371
vn -0.6360 0.2342 -0.7353
vn -0.4229 0.7559 0.4997
vn 0.4383 0.1240 0.8902
vn -0.6338 0.7459 -0.2050
vn -0.4541 0.6854 -0.5692
vn -0.5044 0.1192 -0.8552
vn -0.5021 0.1138 -0.8573
vn -0.5044 0.1083 -0.8567
vn 0.4822 0.3809 0.7889
vn -0.5952 -0.0895 -0.7986
vn -0.6898 0.1575 -0.7067
vn 0.7088 0.6503 0.2734
vn 0.7120 0.6424 0.2834
vn 0.7097 0.6468 0.2792
vn -0.5608 0.7525 0.3454
vn -0.5635 0.7526 0.3406
vn -0.5619 0.7495 0.3499
vn -0.5514 0.7014 0.4517
vn -0.5457 0.7029 0.4562
vn -0.5477 0.7040 0.4521
vn -0.5117 0.3999 -0.7604
vn -0.5141 0.4018 -0.7578
vn -0.5129 0.4049 -0.7570
vn -0.3464 0.0348 -0.9374
vn -0.3481 0.0349 -0.9368
vn -0.3472 0.0331 -0.9372
vn 0.3881 0.8903 0.2383
vn 0.3882 0.8903 0.2382
vn 0.3882 0.8903 0.2381
vn -0.7312 0.6604 0.1709
vn -0.7875 0.3425 -0.5125
vn -0.7838 0.3477 -0.5145
vn -0.7806 0.3536 -0.5154
vn 0.0606 0.2245 0.9726
vn 0.0583 0.2223 0.9732
vn 0.0647 0.2291 0.9712
vn 0.2279 0.5320 -0.8155
vn 0.2278 0.5307 -0.8163
vn 0.2268 0.5300 -0.8171
vn -0.6233 0.7601 -0.1836
vn -0.2366 0.7183 0.6542
vn -0.5059 -0.4142 -0.7566
vn -0.3922 0.9196 -0.0213
vn -0.3923 0.9196 -0.0215
vn -0.3923 0.9196 -0.0216
vn 0.1633 0.8655 0.4735
vn 0.1576 0.8674 0.4720
vn 0.1588 0.8646 0.4767
vn 0.5827 -0.1243 0.8031
vn -0.3363 0.1382 -0.9316
vn -0.3313 0.1297 -0.9346
vn -0.3297 0.1333 -0.9346
vn -0.2687 0.9603 0.0745
vn -0.2676 0.9608 0.0722
vn -0.2667 0.9609 0.0741
vn 0.0026 -0.3939 -0.9191
vn -0.4368 0.7026 0.5617
vn -0.4405 0.7020 0.5596
vn -0.4360 0.7055 0.5587
vn 0.1758 0.7633 0.6216
vn -0.2962 0.4195 0.8581
vn -0.3174 -0.1800 0.9311
vn -0.8473 -0.0073 -0.5310
vn -0.3316 0.6323 -0.7002
vn -0.4650 0.4513 0.7617
vn -0.3990 0.1850 -0.8981
vn -0.5977 0.6808 0.4234
vn 0.7367 0.0990 0.6689
vn 0.7384 0.0976 0.6673
vn 0.7375 0.0984 0.6681
vn 0.2900 0.3453 0.8925
vn 0.2886 0.3396 0.8952
vn 0.2859 0.3502 0.8920
vn -0.6023 0.6774 -0.4223
vn -0.9239 0.1694 -0.3431
vn -0.4679 -0.0465 -0.8826
vn 0.4877 0.7630 0.4243
vn -0.0018 -0.1034 0.9946
vn 0.2680 0.6732 0.6891
vn 0.2704 0.6752 0.6862
vn 0.2640 0.6742 0.6898
vn 0.3723 0.9046 0.2074
vn 0.3708 0.9061 0.2037
vn 0.3764 0.9026 0.2088
vn -0.8989 0.2332 -0.3709
vn -0.8965 0.2388 -0.3732
vn -0.9009 0.2353 -0.3647
vn -0.5046 0.8059 0.3095
vn -0.5020 0.8076 0.3095
vn -0.5065 0.8058 0.3069
vn 0.4056 0.0820 0.9104
vn 0.4058 0.0817 0.9103
vn 0.4051 0.0846 0.9103
vn 0.5119 0.6552 0.5555
vn 0.5124 0.6550 0.5554
vn 0.5130 0.6544 0.5555
vn 0.4109 0.0118 0.9116
vn 0.2782 -0.2315 0.9322
vn -0.6256 0.3080 0.7168
vn 0.0898 0.9955 0.0294
vn 0.0911 0.9955 0.0240
vn 0.8223 0.5305 0.2058
vn 0.1926 0.2002 -0.9606
vn 0.1912 0.1991 -0.9611
vn 0.1936 0.1970 -0.9611
vn 0.5471 0.3572 0.7571
vn 0.5470 0.3572 0.7571
vn 0.5470 0.3573 0.7571
vn -0.0370 -0.6874 0.7254
vn -0.8559 0.2722 -0.4397
vn -0.8558 0.2723 -0.4398
vn -0.8560 0.2721 -0.4397
vn -0.7337 0.3886 -0.5574
vn -0.7306 0.3869 -0.5626
vn -0.1912 -0.0719 -0.9789
vn -0.9014 0.2456 -0.3566
vn -0.9008 0.2460 -0.3578
vn -0.9012 0.2452 -0.3575
vn -0.0586 0.5519 0.8318
vn -0.3809 0.6904 0.6150
vn -0.3809 0.6872 0.6186
vn -0.3810 0.6902 0.6152
vn 0.6173 -0.2200 0.7553
vn 0.6180 -0.2235 0.7537
vn 0.6236 -0.2240 0.7489
vn -0.4411 0.1852 0.8781
vn -0.2971 0.7691 0.5659
vn -0.3897 0.8284 0.4023
vn -0.3859 0.8300 0.4028
vn -0.3822 0.8310 0.4043
vn -0.3981 0.3309 0.8556
vn -0.3916 0.3285 0.8595
vn -0.3930 0.3330 0.8571
vn -0.0617 -0.5999 -0.7977
vn -0.0572 -0.5969 -0.8003
vn -0.0668 -0.6022 -0.7955
vn -0.2869 -0.7065 -0.6470
vn -0.2968 0.7785 0.5530
vn -0.2969 0.7822 0.5477
vn -0.3021 0.7790 0.5495
vn -0.1288 0.3512 -0.9274
vn -0.5404 0.4874 -0.6858
vn -0.5405 0.4873 -0.6858
vn -0.5405 0.4874 -0.6858
vn -0.0471 0.9661 0.2539
vn -0.6394 0.6802 -0.3586
vn -0.1299 0.7490 0.6497
vn -0.1271 0.7474 0.6521
vn -0.1306 0.7455 0.6535
vn -0.0648 0.9871 -0.1465
vn -0.9262 0.0856 -0.3671
vn -0.9258 0.0855 -0.3681
vn 0.3887 0.6405 0.6624
vn 0.3920 0.6436 0.6574
vn 0.3901 0.6423 0.6598
vn -0.2395 0.9171 -0.3187
vn -0.8216 0.5684 -0.0434
vn -0.8228 0.5668 -0.0422
vn -0.8226 0.5668 -0.0440
vn -0.1474 0.7719 0.6184
vn -0.1461 0.7757 0.6139
vn -0.1472 0.7757 0.6137
vn 0.4198 0.1121 0.9007
vn 0.4177 0.1096 0.9019
vn 0.4206 0.1100 0.9006
vn -0.1202 0.9622 0.2444
vn -0.1202 0.9622 0.2443
vn -0.9611 -0.2475 0.1227
vn -0.9616 -0.2474 0.1185
vn -0.9619 -0.2486 0.1135
vn -0.8449 0.4591 -0.2747
vn -0.3821 0.6717 -0.6347
vn -0.3765 0.6746 -0.6349
vn -0.3730 0.6720 -0.6398
vn -0.7555 -0.1366 0.6407
vn -0.2679 0.2738 0.9237
vn -0.2679 0.2742 0.9236
vn -0.2679 0.2743 0.9236
vn -0.8358 0.4951 0.2373
vn -0.7783 0.5168 -0.3566
vn -0.7776 0.5174 -0.3573
vn -0.7781 0.5164 -0.3577
vn -0.5080 0.5468 0.6655
vn -0.4670 0.6567 0.5921
vn -0.3785 0.8552 -0.3540
vn -0.9261 0.3631 0.1025
vn -0.9261 0.3629 0.1032
vn -0.8666 0.1008 -0.4887
vn -0.5956 0.6303 0.4980
vn -0.2228 -0.5740 -0.7880
vn -0.2266 -0.5763 -0.7852
vn -0.2231 -0.5798 -0.7836
vn 0.3825 0.6759 0.6300
vn -0.1717 0.5842 0.7933
vn -0.1716 0.5842 0.7932
vn -0.1717 0.5842 0.7932
vn 0.9692 0.0478 0.2418
vn 0.9692 0.0470 0.2419
vn 0.9689 0.0475 0.2427
vn -0.3776 0.7153 -0.5880
vn -0.3791 0.7133 -0.5895
vn -0.3737 0.7140 -0.5921
vn 0.3500 -0.0574 0.9350
vn -0.4116 0.7062 -0.5761
vn -0.4324 0.7154 -0.5489
vn -0.3840 0.7083 -0.5923
vn 0.2030 0.0956 -0.9745
vn 0.2056 0.0965 -0.9739
vn 0.2045 0.0950 -0.9742
vn 0.2488 -0.2178 0.9437
vn 0.2489 -0.2178 0.9437
vn -0.8482 -0.0097 0.5296
vn -0.8490 -0.0146 0.5281
vn -0.8471 -0.0051 0.5313
vn -0.2816 0.9182 -0.2785
vn -0.8605 0.5062 0.0578
vn -0.6000 0.7972 -0.0670
vn -0.6001 0.7971 -0.0669
vn 0.9036 0.2378 0.3563
vn 0.9026 0.2416 0.3563
vn -0.8796 -0.1773 -0.4415
vn -0.3415 0.2586 0.9036
vn -0.3396 0.2537 0.9057
vn -0.3344 0.2531 0.9078
vn -0.8762 0.2276 0.4248
vn -0.8763 0.2275 0.4247
vn -0.8408 0.3423 0.4195
vn -0.2960 0.8459 0.4436
vn -0.3017 0.8435 0.4443
vn -0.3026 0.8403 0.4498
vn 0.3722 0.3602 0.8554
vn -0.8417 0.2568 -0.4749
vn -0.8423 0.2599 -0.4723
vn -0.8419 0.2637 -0.4709
vn -0.6552 0.7269 -0.2058
vn -0.1120 0.9886 0.1005
vn -0.6851 0.6690 0.2883
vn -0.6863 0.6678 0.2880
vn -0.6860 0.6677 0.2890
vn -0.5284 0.6740 0.5162
vn -0.5298 0.6747 0.5139
vn -0.5275 0.6763 0.5141
vn -0.3286 0.3080 0.8928
vn -0.3711 0.9266 0.0601
vn -0.9210 -0.2316 -0.3132
vn -0.1982 -0.2753 -0.9407
vn -0.7727 0.5291 0.3508
vn -0.7726 0.5291 0.3508
vn -0.6887 0.6804 -0.2505
vn -0.6887 0.6804 -0.2504
vn 0.1958 0.3707 0.9079
vn 0.4444 0.8890 0.1106
vn 0.4447 0.8887 0.1111
vn -0.6096 0.0890 0.7877
vn -0.6095 0.0907 0.7876
vn -0.6083 0.0912 0.7884
vn -0.3058 0.4492 0.8395
vn -0.3057 0.4491 0.8395
vn -0.3883 0.7862 -0.4807
vn 0.4149 0.5009 0.7596
vn 0.4108 0.4975 0.7640
vn 0.4160 0.4975 0.7612
vn -0.2960 -0.3357 0.8943
vn -0.2762 0.8730 -0.4020
vn -0.9968 -0.0741 0.0297
vn 0.1428 0.0313 0.9893
vn -0.7941 -0.2983 -0.5295
vn -0.7924 -0.2962 -0.5332
vn -0.7939 -0.2920 -0.5333
vn -0.4248 0.8550 0.2974
vn -0.4248 0.8551 0.2974
vn 0.1363 0.8739 0.4665
vn 0.1861 0.7451 0.6405
vn 0.1878 0.7459 0.6390
vn 0.1839 0.7456 0.6405
vn -0.5518 0.8255 0.1183
vn -0.5483 0.8280 0.1178
vn -0.5495 0.8277 0.1135
vn -0.0867 0.9464 0.3112
vn -0.0810 0.9515 0.2966
vn -0.0872 0.9554 0.2823
vn -0.5262 0.3277 -0.7847
vn -0.5662 0.1506 0.8104
vn -0.5663 0.1504 0.8104
vn -0.5662 0.1505 0.8104
vn -0.1242 0.8731 0.4714
vn -0.1220 0.8739 0.4706
vn -0.1263 0.8724 0.4723
vn -0.2004 0.9503 0.2381
vn -0.1968 0.9506 0.2402
vn -0.1981 0.9516 0.2351
vn -0.7570 0.3371 0.5597
vn -0.7573 0.3367 0.5596
vn -0.7549 0.3391 0.5614
vn -0.3598 0.7548 0.5485
vn -0.3598 0.7545 0.5488
vn -0.3598 0.7547 0.5487
vn -0.9320 -0.0982 -0.3490
vn -0.4566 0.5860 0.6695
vn -0.4986 0.2282 -0.8363
vn -0.6284 0.2876 -0.7228
vn -0.6550 -0.2000 0.7287
vn -0.9781 -0.0421 0.2040
vn -0.7770 -0.3263 0.5384
vn -0.8809 0.4712 -0.0436
vn -0.8782 0.4756 -0.0502
vn -0.8808 0.4710 -0.0491
vn -0.7181 0.1379 -0.6822
vn -0.4740 0.7777 -0.4129
vn -0.4754 0.7786 -0.4097
vn -0.4770 0.7760 -0.4127
vn -0.6427 0.6621 0.3854
vn -0.2483 0.4876 0.8370
vn -0.2466 0.4860 0.8385
vn -0.2186 0.5201 0.8257
vn 0.6213 0.5082 0.5965
vn 0.6236 0.5034 0.5982
vn 0.6247 0.5071 0.5938
vn -0.9226 0.3834 -0.0426
vn -0.8526 0.5119 -0.1047
vn -0.4566 0.8799 0.1316
vn -0.5029 0.8627 0.0528
vn -0.5009 0.8638 0.0550
vn -0.5018 0.8636 0.0499
vn -0.7408 0.4190 0.5250
vn -0.7380 0.4212 0.5272
vn -0.7415 0.4152 0.5270
vn -0.3262 0.6756 0.6612
vn -0.9063 0.3149 0.2821
vn -0.8502 0.3536 0.3900
vn 0.3424 0.8997 -0.2709
vn 0.3422 0.8998 -0.2709
vn 0.3426 0.8996 -0.2708
vn -0.9915 0.0314 0.1260
vn -0.8406 0.5416 -0.0024
vn -0.8069 -0.1650 -0.5672
vn -0.8038 -0.1687 -0.5705
vn -0.8057 -0.1677 -0.5681
vn -0.3313 0.9421 -0.0510
vn -0.1006 0.9754 0.1961
vn -0.0896 0.9773 0.1919
vn -0.0969 0.9767 0.1915
vn -0.3486 0.1180 -0.9298
vn -0.3515 0.1170 -0.9289
vn -0.3482 0.1149 -0.9304
vn -0.2330 0.3295 -0.9149
vn -0.2278 0.3277 -0.9169
vn -0.2318 0.3302 -0.9150
vn -0.6582 0.5899 -0.4678
vn -0.2564 0.5127 0.8194
vn -0.9804 -0.0176 0.1964
vn -0.9804 -0.0176 0.1965
vn -0.9804 -0.0175 0.1965
vn -0.9598 0.1266 0.2506
vn -0.7719 -0.2737 -0.5738
vn -0.4153 0.7153 -0.5621
vn -0.4265 0.8907 0.1574
vn -0.4247 0.8924 0.1523
vn -0.4297 0.8898 0.1534
vn -0.3645 0.3235 -0.8732
vn -0.3528 0.8379 -0.4166
vn -0.3532 0.8376 -0.4167
vn -0.3527 0.8380 -0.4165
vn 0.0636 -0.0708 0.9955
vn 0.0628 -0.0736 0.9953
vn 0.0758 -0.0687 0.9948
vn -0.5771 -0.5935 -0.5610
vn -0.5769 -0.5936 -0.5611
vn -0.5772 -0.5935 -0.5608
vn -0.3455 0.9345 0.0862
vn 0.0342 0.9913 0.1268
vn 0.0358 0.9909 0.1296
vn -0.9589 -0.2341 -0.1601
vn -0.9591 -0.2340 -0.1591
vn 0.3252 0.7803 0.5341
vn 0.0611 -0.4959 0.8662
vn -0.5199 0.3964 0.7567
vn -0.6697 0.5192 -0.5310
vn -0.6693 0.5195 -0.5312
vn -0.6685 0.5167 -0.5349
vn -0.4478 0.8737 0.1902
vn -0.1565 0.9261 -0.3433
vn -0.9835 0.0623 -0.1699
vn -0.5344 0.7186 -0.4450
vn -0.5350 0.7183 -0.4449
vn -0.5348 0.7184 -0.4449
vn -0.9194 0.3906 -0.0462
vn -0.8603 0.4624 0.2146
vn -0.2742 0.2088 0.9387
vn -0.2756 0.2115 0.9377
vn -0.2721 0.2122 0.9386
vn -0.7779 0.5613 0.2823
vn 0.2714 0.7389 0.6168
vn 0.2713 0.7388 0.6169
vn -0.6993 0.2300 -0.6768
vn -0.6999 0.2288 -0.6767
vn -0.6169 0.6776 0.4004
vn -0.8227 0.5152 0.2403
vn -0.8120 -0.2791 0.5126
vn -0.7770 0.6269 -0.0574
vn -0.6569 0.1797 -0.7322
vn -0.6532 0.1833 -0.7347
vn -0.6541 0.1759 -0.7357
vn -0.9124 0.3944 0.1096
vn -0.9138 0.3920 0.1064
vn -0.9146 0.3878 0.1146
vn -0.3095 0.4131 0.8565
vn -0.3107 0.4114 0.8569
vn -0.3092 0.4099 0.8581
vn -0.7697 -0.3712 -0.5194
vn -0.7697 -0.3713 -0.5193
vn -0.8262 0.4623 0.3220
vn -0.0621 0.5609 0.8256
vn -0.8672 -0.0574 -0.4946
vn -0.9858 0.0545 -0.1591
vn -0.9858 0.0546 -0.1591
vn -0.9321 -0.0660 0.3562
vn -0.9312 -0.0706 0.3576
vn -0.9296 -0.0711 0.3617
vn -0.8728 0.3350 0.3549
vn -0.8696 0.3362 0.3617
vn -0.8698 0.3409 0.3568
vn -0.8059 0.2951 0.5133
vn -0.8041 0.3006 0.5129
vn -0.8075 0.2907 0.5133
vn -0.7551 0.6450 -0.1170
vn -0.7551 0.6451 -0.1170
vn -0.7552 0.6450 -0.1170
vn -0.6031 -0.3568 -0.7134
vn -0.6019 -0.3528 -0.7164
vn -0.6001 -0.3611 -0.7138
vn -0.9240 0.3475 0.1599
vn -0.9239 0.3475 0.1601
vn -0.9292 0.2644 0.2584
vn -0.9273 0.2688 0.2605
vn -0.9304 0.2649 0.2532
vn -0.8346 0.4143 0.3630
vn -0.8329 0.4157 0.3652
vn -0.8340 0.4142 0.3647
vn -0.0684 0.5962 0.7999
vn -0.4733 0.8737 -0.1121
vn -0.4742 0.8734 -0.1110
vn -0.4768 0.8715 -0.1148
vn -0.7831 -0.6070 -0.1351
vn -0.7831 -0.6070 -0.1349
vn -0.7832 -0.6069 -0.1353
vn -0.5516 0.7170 -0.4263
vn -0.4790 0.8714 0.1059
vn -0.4833 0.8691 0.1057
vn -0.4839 0.8692 0.1019
vn -0.9747 -0.0527 -0.2172
vn -0.5066 0.8247 0.2517
vn -0.0740 0.9927 0.0952
vn -0.0733 0.9926 0.0971
vn -0.0706 0.9932 0.0930
vn -0.0921 0.6671 0.7392
vn -0.3114 0.7841 -0.5369
vn -0.8222 0.0753 -0.5642
vn -0.7827 0.6200 -0.0552
vn -0.7856 0.6164 -0.0531
vn -0.7799 0.6235 -0.0537
vn -0.7370 -0.4267 -0.5243
vn -0.7533 0.3793 -0.5373
vn -0.2984 0.7955 -0.5274
vn -0.3025 0.7914 -0.5312
vn -0.3044 0.7875 -0.5359
vn -0.5663 0.3504 -0.7460
vn -0.5667 0.3500 -0.7459
vn -0.5648 0.3477 -0.7484
vn -0.2475 0.2581 0.9339
vn -0.9231 0.3847 -0.0030
vn -0.2443 -0.1108 0.9634
vn -0.2430 -0.1145 0.9632
vn -0.2393 -0.1162 0.9640
vn -0.5821 0.4747 0.6602
vn -0.6390 0.6825 -0.3548
vn -0.6390 0.6825 -0.3549
vn -0.6417 0.6798 -0.3550
vn -0.1025 0.3003 0.9483
vn -0.3938 0.8972 0.1999
vn -0.8531 0.1192 0.5079
vn -0.7269 -0.0371 -0.6857
vn -0.7258 -0.0368 -0.6870
vn -0.9014 0.4323 -0.0255
vn -0.8993 0.4367 -0.0237
vn -0.9006 0.4343 -0.0192
vn -0.0680 0.6314 0.7724
vn -0.0681 0.6307 0.7730
vn -0.0675 0.6301 0.7736
vn -0.7538 0.6280 0.1933
vn -0.6238 0.5826 -0.5211
vn -0.6366 0.7540 0.1621
vn -0.6441 0.5745 0.5051
vn -0.6437 0.5747 0.5054
vn -0.5566 0.6961 -0.4534
vn -0.5566 0.6962 -0.4533
vn -0.5567 0.6961 -0.4534
vn -0.5806 -0.3772 0.7215
vn -0.5739 -0.3774 0.7268
vn -0.5774 -0.3774 0.7240
vn -0.8886 0.2899 0.3555
vn -0.2284 0.9320 0.2814
vn -0.5998 -0.3685 0.7103
vn -0.5979 -0.3712 0.7105
vn -0.8962 0.2043 0.3939
vn -0.8956 0.2049 0.3949
vn -0.8965 0.2048 0.3929
vn -0.3839 -0.1562 0.9101
vn -0.3891 -0.1602 0.9071
vn -0.3909 -0.1672 0.9051
vn -0.1822 0.4914 0.8517
vn -0.9533 -0.3018 0.0149
vn -0.5216 0.4407 0.7306
vn -0.8658 -0.2530 -0.4317
vn -0.6803 0.4633 -0.5680
vn -0.9945 0.0637 -0.0831
vn -0.7720 0.5028 0.3889
vn -0.7697 0.5061 0.3891
vn -0.7695 0.5048 0.3913
vn -0.8047 0.5792 -0.1306
vn -0.8052 0.5788 -0.1289
vn -0.8056 0.5779 -0.1304
vn -0.2337 0.7135 0.6605
vn -0.4798 0.1638 0.8620
vn -0.4775 0.1690 0.8622
vn -0.4837 0.1606 0.8604
vn -0.4360 0.8882 0.1451
vn -0.9266 0.0409 -0.3738
vn -0.9272 0.0377 -0.3728
vn -0.9261 0.0360 -0.3757
vn -0.8961 -0.3636 0.2547
vn -0.8953 -0.3678 0.2513
vn -0.8978 -0.3629 0.2496
vn -0.2129 0.6767 0.7048
vn -0.2073 0.6803 0.7030
vn -0.2094 0.6824 0.7003
vn -0.8696 0.4881 -0.0750
vn -0.9131 0.2442 0.3265
vn -0.3441 0.9257 -0.1568
vn -0.3397 0.9271 -0.1585
vn -0.3434 0.9261 -0.1562
vn -0.8373 -0.4358 0.3302
vn -0.9351 -0.2913 -0.2018
vn -0.3789 -0.1443 0.9141
vn -0.5215 -0.1649 0.8372
vn -0.5231 -0.1635 0.8364
vn -0.5212 -0.1672 0.8369
vn -0.8850 0.3029 -0.3536
vn -0.8834 0.3067 -0.3544
vn -0.8839 0.3016 -0.3573
vn -0.2489 0.8673 0.4310
vn -0.8094 -0.4858 0.3299
vn -0.5782 0.8159 -0.0027
vn -0.5814 0.8136 -0.0007
vn -0.5794 0.8151 -0.0007
vn -0.4847 0.8462 0.2213
vn -0.9792 0.1277 -0.1578
vn -0.6485 0.6008 0.4675
vn -0.2474 0.9195 0.3053
vn -0.6715 0.6329 -0.3853
vn -0.3378 0.5047 0.7944
vn -0.3336 0.5038 0.7968
vn -0.3376 0.5084 0.7921
vn -0.2506 0.8331 0.4931
vn -0.8378 -0.1433 0.5268
vn -0.5182 0.4861 0.7037
vn -0.5228 0.4827 0.7026
vn -0.5234 0.4837 0.7015
vn -0.5836 0.7275 -0.3608
vn -0.5837 0.7250 -0.3657
vn -0.5873 0.7229 -0.3640
vn -0.4448 0.8929 -0.0696
vn -0.2363 0.9698 0.0600
vn -0.5635 -0.3426 0.7517
vn -0.5678 -0.3456 0.7471
vn -0.5597 -0.3480 0.7521
vn -0.4426 0.8712 -0.2124
vn -0.9078 0.3521 -0.2280
vn -0.9292 0.3684 -0.0293
vn -0.7131 0.4191 0.5620
vn -0.5925 0.7275 -0.3460
vn -0.5926 0.7274 -0.3461
vn -0.6719 0.7312 0.1176
vn -0.6713 0.7308 0.1237
vn -0.6673 0.7348 0.1214
vn -0.4517 0.3950 0.8000
vn -0.4522 0.3967 0.7988
vn -0.4515 0.3968 0.7992
vn -0.5837 0.2824 0.7612
vn -0.5793 0.2858 0.7634
vn -0.5821 0.2852 0.7615
vn -0.9604 0.0714 0.2693
vn -0.9579 0.0780 0.2762
vn -0.9595 0.0766 0.2710
vn -0.8498 0.1938 0.4901
vn -0.8505 0.1937 0.4890
vn -0.8498 0.1926 0.4906
vn -0.6387 0.3838 0.6670
vn -0.6380 0.3844 0.6672
vn -0.8087 0.5830 -0.0781
vn -0.8083 0.5832 -0.0806
vn -0.8063 0.5863 -0.0783
vn -0.3800 0.8233 0.4216
vn -0.3800 0.8235 0.4213
vn -0.9733 0.2172 -0.0736
vn -0.9734 0.2157 -0.0773
vn -0.9737 0.2132 -0.0804
vn -0.9581 0.2787 -0.0662
vn -0.9838 0.1770 -0.0297
vn -0.8796 0.4757 0.0036
vn -0.5793 0.8149 -0.0191
vn -0.5794 0.8148 -0.0189
vn -0.6868 0.4615 0.5615
vn -0.6734 0.4042 0.6190
vn -0.6292 0.7584 0.1699
vn -0.7696 0.3877 0.5074
vn -0.8892 -0.0326 -0.4564
vn -0.8892 -0.0320 -0.4563
vn -0.8894 -0.0322 -0.4560
vn -0.7649 0.3535 0.5386
vn -0.7705 0.3517 0.5317
vn -0.7683 0.3491 0.5365
vn -0.9503 0.0959 0.2962
vn -0.6996 0.7012 0.1373
vn -0.9116 0.3586 0.2011
vn 0.9320 -0.2401 -0.2715
vn 0.9320 -0.2402 -0.2715
usemtl Default_OBJ.001
s off
f 2//1 1//2 3//3
f 1//4 4//4 3//4
f 2//5 5//6 1//7
f 3//8 9//8 2//8
f 1//9 8//10 4//11
f 3//12 12//13 9//14
f 1//15 5//16 6//17
f 2//18 13//19 7//20
f 4//21 10//21 3//21
f 4//22 8//22 11//22
f 2//23 9//23 13//23
f 14//24 12//25 3//26
f 6//27 8//28 1//29
f 4//30 16//30 10//30
f 5//31 7//31 18//31
f 16//32 22//33 10//34
f 3//35 10//35 14//36
f 12//37 15//37 9//38
f 4//39 11//40 16//41
f 17//42 5//43 18//44
f 10//45 22//46 14//47
f 8//48 19//49 11//48
f 7//50 13//51 18//50
f 5//52 17//53 6//54
f 6//55 20//56 8//57
f 18//58 23//59 17//60
f 23//61 18//62 24//63
f 8//64 40//64 19//64
f 8//65 20//66 21//67
f 23//68 25//68 17//68
f 17//69 27//70 6//71
f 24//72 18//72 26//72
f 18//73 38//74 26//75
f 13//76 38//77 18//78
f 15//79 28//80 31//81
f 17//82 25//83 27//84
f 19//85 34//86 11//87
f 6//88 27//89 20//90
f 19//91 40//92 29//93
f 9//94 15//95 31//96
f 12//97 32//98 15//99
f 23//100 24//100 33//100
f 13//101 42//102 38//102
f 12//103 14//104 32//103
f 21//105 40//105 8//105
f 16//106 11//107 34//108
f 14//109 39//110 36//111
f 14//112 22//113 39//114
f 39//115 22//115 16//116
f 9//117 31//118 13//119
f 39//120 16//121 35//122
f 23//123 33//124 41//125
f 41//126 25//127 23//128
f 16//129 30//130 35//131
f 24//132 26//133 33//134
f 30//135 51//135 35//135
f 15//136 97//136 28//136
f 41//137 33//138 54//139
f 36//140 45//141 14//142
f 26//143 38//144 53//145
f 14//146 45//147 37//148
f 25//149 46//150 27//151
f 27//152 49//153 20//153
f 14//154 37//154 47//154
f 20//155 52//156 21//157
f 29//158 96//159 19//160
f 26//161 50//161 33//162
f 16//163 34//164 30//164
f 14//165 47//165 32//165
f 43//166 45//166 48//166
f 48//167 51//167 43//167
f 27//168 46//169 55//170
f 20//171 49//172 52//173
f 32//174 97//175 15//176
f 38//177 42//178 61//179
f 48//180 45//181 56//182
f 55//183 49//183 27//183
f 36//184 56//184 45//184
f 21//185 60//186 40//187
f 51//188 58//189 35//190
f 19//191 96//192 34//193
f 38//194 61//194 53//194
f 40//195 60//196 29//197
f 28//198 59//199 31//200
f 53//201 50//202 26//203
f 48//204 58//204 51//204
f 34//205 62//206 30//207
f 25//208 73//209 46//210
f 41//211 54//212 64//213
f 25//214 65//215 73//216
f 34//217 78//218 63//219
f 53//220 61//221 68//222
f 33//223 50//223 54//223
f 41//224 64//224 25//224
f 31//225 59//226 67//227
f 21//228 76//229 60//230
f 68//231 50//231 53//231
f 64//232 65//232 25//232
f 31//233 67//234 13//235
f 60//236 77//237 29//238
f 28//239 71//240 59//241
f 42//242 13//243 89//244
f 49//245 160//246 52//247
f 21//248 52//249 76//250
f 29//251 77//251 104//251
f 29//252 104//253 96//254
f 59//255 138//255 67//255
f 42//256 92//256 61//256
f 97//257 102//257 28//257
f 28//258 102//258 71//258
f 49//259 55//260 100//261
f 76//262 117//263 60//264
f 103//265 114//266 97//267
f 71//268 138//268 59//268
f 60//269 117//270 77//271
f 13//272 67//273 89//274
f 78//275 96//276 112//277
f 42//278 89//278 119//278
f 55//279 46//279 116//279
f 46//280 73//281 118//282
f 116//283 100//284 55//285
f 68//286 143//286 50//286
f 71//287 102//288 138//289
f 46//290 118//291 116//292
f 61//293 136//293 68//293
f 77//294 166//295 104//296
f 73//297 65//297 140//297
f 77//298 117//299 166//300
f 49//301 221//302 160//303
f 76//304 52//305 160//306
f 76//307 150//308 117//309
f 102//310 163//311 138//312
f 64//313 247//313 65//313
f 49//314 100//315 221//316
f 67//317 138//318 162//319
f 160//320 150//321 76//322
f 140//323 118//324 73//325
f 167//326 138//327 163//328
f 68//329 136//330 143//331
f 67//332 162//333 89//334
f 61//335 92//336 149//337
f 42//338 119//339 92//340
f 166//341 117//342 176//343
f 61//344 149//345 136//346
f 54//347 50//348 177//349
f 54//350 247//351 64//352
f 176//353 117//354 181//355
f 50//356 143//357 177//356
f 179//358 138//359 167//360
f 189//361 179//362 167//363
f 117//364 150//365 181//366
f 119//367 206//368 92//369
f 181//370 198//371 176//372
f 138//373 179//374 162//375
f 89//376 197//377 119//378
f 54//379 177//380 247//381
f 65//382 247//383 140//384
f 221//385 180//385 160//385
f 116//386 213//387 204//388
f 160//389 207//390 150//391
f 143//392 136//393 233//394
f 160//395 208//395 207//395
f 116//396 204//397 100//398
f 92//399 200//399 149//399
f 118//400 213//401 116//402
f 89//403 162//404 214//405
f 149//406 229//406 136//406
f 100//407 220//407 221//407
f 202//408 203//408 231//408
f 143//409 233//410 177//410
f 206//411 200//412 92//413
f 211//414 198//415 181//416
f 150//417 207//418 181//419
f 162//420 179//420 214//420
f 204//421 220//422 100//423
f 89//424 234//425 197//426
f 223//427 179//428 189//429
f 140//430 255//431 118//432
f 160//433 180//433 239//433
f 181//434 258//435 211//436
f 247//437 260//438 140//439
f 263//440 179//441 223//442
f 149//443 251//443 294//443
f 213//444 256//444 204//444
f 200//445 251//446 149//447
f 200//448 261//449 251//450
f 214//451 234//452 89//451
f 140//453 260//454 255//455
f 118//456 255//456 213//456
f 136//457 229//458 233//459
f 177//460 266//461 247//462
f 258//463 259//464 268//464
f 268//465 267//466 258//467
f 249//468 267//469 259//470
f 181//471 207//472 258//473
f 229//474 149//474 294//474
f 268//475 259//476 267//477
f 263//478 214//479 179//480
f 263//481 313//482 214//483
f 266//484 282//485 247//486
f 200//487 206//488 261//489
f 207//490 278//491 258//492
f 258//493 278//494 262//495
f 160//496 239//497 208//498
f 313//499 295//500 214//501
f 263//502 277//503 313//504
f 207//505 284//506 278//507
f 207//508 208//508 284//508
f 177//509 296//510 266//511
f 177//512 233//513 296//513
f 282//514 260//514 247//514
f 214//515 295//515 234//515
f 180//516 305//516 239//516
f 204//517 328//518 220//519
f 220//520 306//521 221//522
f 255//523 304//524 213//525
f 256//526 213//527 371//528
f 313//529 310//530 295//531
f 208//532 239//533 284//534
f 310//535 313//536 309//537
f 251//538 261//539 366//540
f 206//541 318//542 261//543
f 278//544 284//544 308//544
f 260//545 336//546 255//545
f 256//547 328//548 204//549
f 266//550 321//551 282//552
f 233//553 312//554 296//555
f 229//556 312//557 233//558
f 119//559 197//559 319//560
f 221//561 398//562 180//563
f 282//564 321//565 260//566
f 306//567 426//568 221//569
f 206//570 319//570 318//570
f 234//571 329//572 197//573
f 229//574 333//575 312//576
f 119//577 319//578 206//579
f 328//580 306//581 220//582
f 213//583 304//583 371//583
f 251//584 324//585 294//586
f 310//587 344//588 295//589
f 309//590 315//591 325//592
f 308//593 284//594 361//595
f 308//596 314//596 340//596
f 251//597 366//598 324//599
f 305//600 348//601 239//602
f 321//603 336//604 260//605
f 338//606 344//606 353//606
f 344//607 368//608 295//609
f 349//610 356//610 339//610
f 221//611 426//612 398//613
f 385//614 329//615 234//616
f 229//617 294//617 333//617
f 261//618 318//619 366//620
f 321//621 266//622 400//621
f 295//623 385//623 234//623
f 356//624 395//625 361//626
f 256//627 371//627 365//627
f 339//628 356//628 361//628
f 239//629 417//630 284//631
f 197//632 329//632 341//632
f 345//633 368//634 344//635
f 353//636 344//636 363//636
f 256//637 365//638 328//639
f 284//640 387//641 361//642
f 180//643 398//644 305//645
f 239//646 348//647 417//648
f 312//649 386//650 296//651
f 296//652 400//653 266//654
f 284//655 417//656 388//657
f 356//658 396//659 407//660
f 349//661 396//662 356//663
f 321//664 400//665 336//666
f 295//667 392//668 385//669
f 324//670 333//671 294//672
f 384//673 363//673 405//673
f 255//674 336//675 304//676
f 345//677 408//678 368//679
f 356//680 407//681 395//682
f 341//683 319//684 197//685
f 312//686 418//686 386//686
f 328//687 414//688 306//689
f 368//690 392//691 295//692
f 386//693 400//694 296//695
f 329//696 385//696 341//696
f 328//697 365//698 414//699
f 407//700 432//700 395//701
f 396//702 378//703 407//704
f 284//705 388//706 387//707
f 398//708 348//708 305//708
f 345//709 436//710 408//711
f 368//712 408//713 430//714
f 336//715 551//715 304//715
f 418//716 519//717 386//718
f 387//719 497//720 432//721
f 366//722 318//723 449//724
f 430//725 446//725 368//725
f 319//726 465//726 318//726
f 398//727 455//727 348//727
f 459//728 341//729 385//730
f 551//731 444//732 304//733
f 402//734 446//735 405//736
f 341//737 465//738 319//739
f 348//740 455//741 417//742
f 449//743 324//744 366//745
f 459//746 463//747 341//748
f 306//749 469//749 426//749
f 455//750 460//751 417//752
f 385//753 461//753 459//753
f 408//754 468//755 430//756
f 446//757 468//757 405//757
f 387//758 513//759 497//760
f 318//761 465//762 466//763
f 398//764 470//765 455//766
f 461//767 471//767 459//767
f 324//768 520//768 333//768
f 368//769 475//770 496//771
f 384//772 405//773 507//774
f 402//775 475//775 446//775
f 446//776 475//777 368//778
f 304//779 477//780 371//779
f 318//781 466//782 449//783
f 368//784 496//785 392//786
f 471//787 463//788 459//789
f 400//790 386//791 491//792
f 400//793 474//794 336//795
f 333//796 509//797 312//798
f 507//799 498//799 384//799
f 480//800 490//801 381//802
f 446//803 464//804 468//805
f 485//806 487//807 486//808
f 407//809 378//809 500//809
f 405//810 488//810 507//810
f 446//811 430//812 464//813
f 487//814 485//815 486//816
f 487//817 489//818 486//819
f 486//820 489//821 487//822
f 312//823 509//824 418//825
f 371//826 477//827 365//828
f 388//829 513//830 387//831
f 460//832 455//832 482//832
f 500//833 492//833 407//833
f 405//834 468//835 488//836
f 493//837 495//838 494//839
f 475//840 402//841 464//842
f 493//843 494//844 495//845
f 468//846 496//847 430//848
f 426//849 635//849 398//849
f 385//850 392//851 461//852
f 464//853 496//854 468//855
f 464//856 430//857 475//858
f 384//859 498//859 436//859
f 475//860 430//860 496//860
f 304//861 444//862 477//863
f 436//864 502//865 408//866
f 503//867 504//868 505//869
f 503//870 505//871 504//872
f 400//873 491//874 474//875
f 378//876 432//877 516//876
f 418//878 499//879 519//880
f 507//881 488//882 408//883
f 398//884 635//884 470//884
f 461//885 555//886 471//887
f 502//888 507//889 408//890
f 512//891 511//892 510//893
f 512//894 513//895 511//896
f 512//897 510//898 511//899
f 512//900 511//901 497//902
f 497//903 513//904 512//903
f 418//905 509//906 499//907
f 492//908 541//909 407//910
f 511//911 546//912 497//913
f 513//914 546//915 511//916
f 392//917 501//918 461//919
f 541//920 516//921 432//922
f 468//923 518//923 488//923
f 468//924 408//925 518//926
f 465//927 341//927 572//927
f 386//928 519//928 491//928
f 491//929 519//930 474//931
f 378//932 516//933 500//934
f 522//935 523//936 524//937
f 524//938 523//939 522//940
f 470//941 525//941 455//941
f 407//942 541//942 432//942
f 521//943 529//944 528//945
f 521//946 528//947 529//948
f 488//949 530//950 408//951
f 488//952 518//952 530//952
f 546//953 547//954 497//955
f 528//956 531//957 532//958
f 528//959 532//960 529//961
f 529//962 531//963 528//964
f 533//965 531//966 529//967
f 529//968 532//969 533//970
f 518//971 408//972 536//973
f 417//974 460//975 388//976
f 501//977 555//978 461//979
f 333//980 520//980 509//980
f 531//981 535//982 532//983
f 530//984 507//985 536//986
f 533//987 535//987 531//987
f 533//988 537//989 535//990
f 533//991 532//992 537//993
f 408//994 530//995 536//996
f 336//997 474//998 551//999
f 535//1000 537//1000 532//1000
f 535//1001 540//1002 537//1002
f 535//1003 541//1003 540//1003
f 535//1004 537//1005 541//1006
f 537//1007 516//1008 541//1009
f 540//1010 516//1010 537//1010
f 496//1011 502//1012 392//1013
f 518//1014 507//1014 530//1014
f 545//1015 544//1015 543//1015
f 545//1016 546//1016 544//1016
f 545//1017 547//1017 546//1017
f 545//1018 543//1019 544//1020
f 545//1021 544//1022 547//1023
f 518//1024 536//1024 496//1024
f 539//1025 564//1025 526//1025
f 436//1026 498//1027 560//1028
f 507//1029 502//1029 536//1030
f 544//1031 540//1032 547//1033
f 546//1034 540//1034 544//1034
f 464//1035 518//1036 496//1037
f 460//1038 549//1039 388//1040
f 552//1041 542//1042 527//1043
f 463//1044 471//1045 556//1046
f 527//1047 542//1047 571//1047
f 546//1048 513//1048 540//1048
f 526//1049 567//1050 539//1051
f 498//1052 552//1053 560//1053
f 536//1054 502//1055 496//1056
f 388//1057 516//1058 513//1059
f 469//1060 635//1061 426//1060
f 460//1062 482//1063 566//1064
f 518//1065 464//1066 507//1066
f 513//1067 516//1068 540//1069
f 465//1070 572//1070 466//1070
f 542//1071 552//1071 587//1071
f 527//1072 560//1072 552//1072
f 527//1073 571//1074 576//1075
f 576//1076 560//1076 527//1076
f 526//1077 564//1077 500//1077
f 436//1078 560//1079 576//1080
f 500//1081 564//1082 492//1083
f 436//1084 576//1085 502//1086
f 460//1087 566//1088 549//1089
f 455//1090 525//1091 482//1092
f 542//1093 563//1093 571//1093
f 492//1094 564//1094 565//1094
f 539//1095 569//1095 564//1095
f 507//1096 595//1097 498//1098
f 539//1099 557//1099 569//1099
f 587//1100 563//1101 542//1102
f 500//1103 569//1104 526//1105
f 540//1106 570//1107 547//1108
f 502//1109 585//1110 392//1111
f 449//1112 520//1113 324//1114
f 526//1115 569//1116 567//1117
f 558//1118 555//1119 501//1120
f 463//1121 582//1122 341//1123
f 567//1124 575//1124 539//1124
f 507//1125 464//1125 595//1125
f 500//1126 565//1127 569//1128
f 500//1129 516//1129 565//1129
f 552//1130 498//1131 576//1132
f 519//1133 593//1134 474//1135
f 569//1136 557//1137 583//1138
f 466//1139 572//1140 449//1139
f 525//1141 620//1141 482//1141
f 539//1142 575//1142 557//1142
f 552//1143 576//1143 587//1143
f 565//1144 581//1145 492//1146
f 414//1147 469//1148 306//1149
f 571//1150 587//1151 576//1152
f 478//1153 573//1154 636//1155
f 433//1156 558//1156 574//1156
f 463//1157 556//1157 582//1157
f 509//1158 597//1159 499//1160
f 564//1161 569//1162 565//1163
f 541//1164 570//1164 540//1164
f 449//1165 572//1166 599//1167
f 492//1168 594//1168 541//1168
f 388//1169 549//1170 623//1171
f 566//1172 636//1173 549//1174
f 581//1175 594//1175 492//1175
f 470//1176 620//1177 525//1178
f 563//1179 587//1180 605//1181
f 388//1182 570//1183 516//1184
f 509//1185 598//1186 597//1187
f 388//1188 623//1189 570//1190
f 567//1191 569//1192 575//1193
f 498//1194 627//1194 576//1194
f 502//1195 627//1196 585//1197
f 571//1198 605//1198 587//1198
f 576//1199 627//1200 502//1201
f 575//1202 569//1202 583//1202
f 516//1203 581//1204 565//1205
f 498//1206 595//1206 627//1206
f 541//1207 594//1207 570//1208
f 520//1209 449//1210 615//1211
f 449//1212 599//1213 615//1214
f 392//1215 608//1216 501//1217
f 566//1218 482//1219 616//1220
f 509//1221 520//1222 598//1223
f 600//1224 556//1224 471//1224
f 477//1225 414//1225 365//1225
f 557//1226 575//1227 626//1228
f 563//1229 622//1230 571//1231
f 570//1232 581//1232 516//1232
f 555//1233 600//1233 471//1233
f 563//1234 605//1235 617//1236
f 619//1237 583//1238 557//1239
f 534//1240 608//1241 611//1242
f 598//1243 630//1244 597//1245
f 563//1246 617//1247 622//1248
f 557//1249 626//1250 619//1250
f 594//1251 581//1252 570//1251
f 341//1253 582//1254 572//1255
f 595//1256 585//1257 627//1258
f 549//1259 640//1259 573//1259
f 620//1260 616//1261 482//1262
f 571//1263 622//1264 605//1265
f 575//1266 583//1266 626//1266
f 414//1267 635//1268 469//1268
f 585//1269 608//1269 392//1269
f 558//1270 679//1270 574//1271
f 619//1272 626//1273 641//1274
f 583//1275 642//1275 626//1276
f 619//1277 642//1277 583//1277
f 619//1278 641//1279 642//1280
f 501//1281 679//1282 558//1283
f 643//1284 622//1285 617//1286
f 617//1287 605//1288 643//1289
f 549//1290 636//1290 640//1290
f 574//1291 679//1292 648//1293
f 556//1294 690//1295 582//1296
f 470//1297 661//1297 620//1297
f 444//1298 551//1298 689//1298
f 519//1299 499//1300 593//1301
f 520//1302 655//1303 598//1304
f 593//1305 551//1306 474//1307
f 551//1308 644//1309 689//1310
f 641//1311 626//1311 666//1311
f 622//1312 660//1312 605//1312
f 520//1313 615//1313 655//1313
f 626//1314 642//1314 666//1314
f 660//1315 622//1316 643//1317
f 648//1318 658//1319 501//1320
f 605//1321 681//1322 643//1323
f 582//1324 725//1324 572//1324
f 641//1325 678//1326 642//1327
f 664//1328 670//1328 640//1328
f 556//1329 600//1330 690//1331
f 444//1332 689//1333 477//1334
f 605//1335 660//1336 681//1337
f 636//1338 573//1338 684//1338
f 678//1339 666//1339 642//1339
f 599//1340 655//1341 615//1342
f 593//1343 644//1344 551//1345
f 643//1346 686//1347 660//1348
f 643//1349 681//1349 686//1349
f 616//1350 620//1351 687//1352
f 573//1353 640//1354 692//1355
f 573//1356 692//1357 684//1358
f 681//1359 660//1359 691//1359
f 640//1360 670//1360 692//1360
f 697//1361 690//1362 600//1363
f 477//1364 698//1365 414//1366
f 681//1367 691//1368 686//1369
f 620//1370 700//1371 687//1372
f 666//1373 716//1374 641//1375
f 414//1376 702//1376 635//1376
f 599//1377 572//1377 696//1377
f 648//1378 679//1379 697//1380
f 470//1381 635//1382 702//1383
f 702//1384 661//1385 470//1386
f 689//1387 698//1387 477//1387
f 678//1388 715//1388 666//1388
f 678//1389 716//1389 715//1389
f 641//1390 716//1390 678//1390
f 620//1391 661//1392 700//1393
f 716//1394 666//1394 729//1394
f 707//1395 717//1395 720//1395
f 598//1396 750//1397 630//1398
f 708//1399 721//1399 713//1399
f 597//1400 714//1401 499//1402
f 597//1403 630//1403 714//1403
f 666//1404 715//1404 729//1404
f 707//1405 720//1405 736//1405
f 717//1406 724//1406 720//1406
f 686//1407 733//1408 660//1409
f 655//1410 750//1411 598//1412
f 660//1413 733//1414 691//1415
f 720//1416 730//1417 736//1417
f 414//1418 698//1419 702//1419
f 582//1420 690//1421 725//1422
f 729//1423 734//1423 716//1423
f 499//1424 714//1425 794//1426
f 644//1427 739//1428 689//1429
f 716//1430 734//1430 736//1430
f 713//1431 721//1431 738//1431
f 686//1432 737//1433 733//1434
f 736//1435 715//1436 716//1437
f 724//1438 730//1439 720//1440
f 687//1441 700//1441 692//1441
f 599//1442 696//1442 655//1442
f 715//1443 734//1443 729//1443
f 686//1444 743//1444 737//1444
f 686//1445 691//1445 743//1445
f 737//1446 743//1447 708//1448
f 733//1449 737//1450 691//1449
f 736//1451 730//1451 715//1451
f 708//1452 751//1452 737//1452
f 734//1453 723//1453 736//1453
f 679//1454 738//1455 697//1456
f 721//1457 743//1457 738//1457
f 691//1458 737//1459 751//1460
f 738//1461 756//1462 697//1463
f 692//1464 700//1465 757//1464
f 691//1466 751//1467 743//1468
f 739//1469 698//1470 689//1471
f 715//1472 730//1472 734//1472
f 744//1473 753//1473 752//1473
f 730//1474 723//1475 734//1476
f 724//1477 761//1478 730//1479
f 744//1480 782//1481 753//1482
f 572//1483 725//1484 696//1485
f 755//1486 745//1486 717//1486
f 738//1487 743//1488 756//1489
f 684//1490 761//1490 724//1490
f 684//1491 692//1491 761//1491
f 697//1492 756//1492 690//1492
f 730//1493 761//1494 723//1495
f 499//1496 794//1497 593//1498
f 752//1499 762//1500 744//1501
f 751//1502 754//1503 743//1504
f 761//1505 692//1505 757//1505
f 644//1506 760//1507 739//1508
f 683//1509 763//1510 771//1511
f 743//1512 754//1513 756//1514
f 744//1515 762//1515 782//1515
f 696//1516 750//1517 655//1518
f 775//1519 776//1519 747//1519
f 761//1520 755//1521 723//1522
f 746//1523 775//1524 747//1525
f 747//1526 785//1526 763//1526
f 775//1527 767//1528 776//1529
f 757//1530 781//1531 761//1532
f 700//1533 778//1533 757//1533
f 778//1534 700//1535 661//1536
f 690//1537 766//1537 725//1537
f 690//1538 756//1538 766//1538
f 593//1539 769//1540 644//1540
f 763//1541 785//1541 771//1541
f 760//1542 644//1543 780//1542
f 756//1544 784//1544 766//1544
f 776//1545 785//1545 747//1545
f 698//1546 739//1546 783//1546
f 762//1547 754//1548 782//1549
f 760//1550 795//1551 739//1552
f 698//1553 783//1554 702//1555
f 696//1556 787//1556 750//1556
f 752//1557 777//1558 770//1559
f 644//1560 769//1561 780//1562
f 770//1563 777//1564 786//1565
f 755//1566 753//1567 745//1568
f 757//1569 778//1569 781//1569
f 753//1570 755//1571 777//1572
f 782//1573 790//1573 753//1573
f 750//1574 788//1574 630//1574
f 782//1575 754//1575 789//1575
f 753//1576 790//1576 745//1576
f 774//1577 789//1577 754//1577
f 702//1578 778//1578 661//1578
f 783//1579 792//1579 702//1579
f 761//1580 796//1581 755//1582
f 754//1583 793//1584 756//1585
f 756//1586 793//1587 784//1588
f 795//1589 783//1590 739//1591
f 750//1592 787//1593 788//1594
f 630//1595 788//1595 714//1595
f 725//1596 787//1597 696//1598
f 786//1599 796//1600 754//1601
f 702//1602 792//1603 778//1604
f 766//1605 784//1605 725//1605
f 778//1606 792//1606 791//1606
f 778//1607 791//1608 781//1609
f 714//1610 788//1610 797//1610
f 796//1611 793//1612 754//1613
f 777//1614 796//1614 786//1614
f 781//1615 798//1616 761//1617
f 593//1618 794//1618 769//1618
f 761//1619 798//1620 796//1621
f 755//1622 796//1623 777//1624
f 725//1625 784//1625 802//1625
f 783//1626 795//1627 792//1628
f 796//1629 798//1630 793//1631
f 714//1632 797//1633 794//1632
f 805//1634 784//1635 793//1636
f 780//1637 799//1637 760//1637
f 780//1638 769//1639 801//1640
f 797//1641 788//1642 800//1643
f 798//1644 805//1645 793//1646
f 803//1647 792//1648 795//1649
f 788//1650 787//1651 800//1652
f 798//1653 781//1654 805//1655
f 794//1656 801//1656 769//1657
f 801//1658 799//1659 780//1660
f 795//1661 760//1661 803//1661
f 791//1662 804//1662 781//1662
f 725//1663 802//1664 787//1665
f 799//1666 803//1667 760//1668
f 801//1669 806//1670 799//1671
f 784//1672 811//1672 802//1672
f 792//1673 804//1673 791//1673
f 787//1674 802//1674 809//1674
f 797//1675 801//1675 794//1675
f 781//1676 804//1677 805//1678
f 784//1679 805//1680 811//1681
f 792//1682 803//1683 808//1684
f 800//1685 807//1686 797//1687
f 787//1688 809//1689 800//1690
f 799//1691 806//1692 803//1693
f 792//1694 808//1695 804//1695
f 797//1696 807//1696 801//1696
f 802//1697 811//1698 812//1699
f 809//1700 807//1701 800//1702
f 806//1703 808//1704 803//1705
f 806//1706 801//1707 807//1706
f 806//1708 810//1709 808//1710
f 809//1711 810//1712 807//1713
f 805//1714 804//1714 811//1714
f 809//1715 802//1716 812//1717
f 807//1718 810//1719 806//1720
f 808//1721 812//1722 804//1723
f 809//1724 812//1725 810//1726
f 811//1727 804//1728 812//1729
f 810//1730 812//1731 808//1732
f 578//1733 814//1733 579//1733
f 268//1734 267//1735 815//1735
usemtl Материал.002
f 2//1736 7//1737 5//1738
f 39//1739 48//1740 36//1741
f 44//1742 37//1743 43//1744
f 43//1745 30//1745 44//1745
f 43//1746 37//1747 45//1748
f 51//1749 30//1749 43//1749
f 35//1750 48//1750 39//1750
f 30//1751 57//1751 44//1751
f 36//1752 48//1753 56//1754
f 44//1755 47//1756 37//1757
f 58//1758 48//1759 35//1760
f 30//1761 62//1762 57//1763
f 34//1764 66//1764 32//1764
f 97//1765 32//1766 103//1767
f 34//1768 32//1769 57//1770
f 44//1771 57//1771 47//1771
f 34//1772 63//1772 66//1772
f 81//1773 72//1774 75//1775
f 57//1776 62//1777 34//1778
f 70//1779 69//1780 79//1780
f 72//1781 74//1781 75//1781
f 57//1782 32//1783 47//1784
f 78//1785 74//1785 69//1785
f 34//1786 96//1787 78//1788
f 69//1789 70//1790 66//1791
f 32//1792 66//1792 80//1792
f 72//1793 79//1793 74//1793
f 81//1794 84//1795 82//1796
f 79//1797 85//1797 70//1797
f 63//1798 78//1798 69//1798
f 70//1799 80//1800 66//1800
f 86//1801 75//1801 74//1801
f 80//1802 103//1803 32//1804
f 66//1805 63//1806 69//1807
f 70//1808 85//1809 103//1810
f 69//1811 74//1812 79//1813
f 74//1814 78//1814 86//1814
f 82//1815 106//1815 81//1815
f 83//1816 84//1817 81//1818
f 103//1819 80//1819 70//1819
f 75//1820 83//1820 81//1820
f 84//1821 88//1821 82//1821
f 75//1822 86//1822 90//1822
f 81//1823 106//1824 72//1823
f 72//1825 87//1825 79//1825
f 84//1826 94//1827 88//1828
f 94//1829 99//1830 95//1831
f 87//1832 101//1833 97//1834
f 83//1835 93//1835 84//1835
f 94//1836 95//1837 88//1838
f 75//1839 90//1839 83//1839
f 98//1840 90//1841 96//1842
f 72//1843 106//1843 87//1843
f 82//1844 91//1845 106//1846
f 82//1847 88//1848 91//1849
f 90//1850 86//1850 96//1850
f 87//1851 106//1852 101//1853
f 124//1854 93//1854 83//1854
f 78//1855 112//1856 86//1857
f 98//1858 104//1858 110//1858
f 79//1859 105//1860 85//1860
f 79//1861 107//1861 105//1862
f 87//1863 107//1863 79//1863
f 97//1864 101//1864 102//1864
f 96//1865 104//1865 98//1865
f 95//1866 108//1866 123//1866
f 99//1867 108//1867 95//1867
f 96//1868 86//1869 112//1870
f 97//1871 107//1871 87//1871
f 90//1872 124//1873 83//1874
f 105//1875 107//1876 97//1877
f 94//1878 109//1879 99//1880
f 97//1881 114//1881 105//1881
f 98//1882 110//1883 90//1884
f 110//1885 113//1886 93//1887
f 101//1888 115//1888 102//1888
f 110//1889 93//1890 124//1891
f 106//1892 91//1893 111//1894
f 85//1895 114//1895 103//1896
f 110//1897 124//1897 90//1897
f 106//1898 115//1898 101//1899
f 85//1900 120//1901 114//1902
f 114//1903 120//1904 121//1905
f 114//1906 121//1907 105//1908
f 105//1909 120//1910 85//1911
f 105//1912 121//1913 120//1914
f 111//1915 115//1916 106//1917
f 110//1918 122//1918 113//1918
f 95//1919 123//1919 88//1920
f 84//1921 93//1921 94//1921
f 126//1922 108//1922 99//1922
f 108//1923 133//1923 127//1923
f 126//1924 133//1924 108//1924
f 111//1925 125//1925 115//1925
f 113//1926 128//1927 93//1928
f 93//1929 128//1929 94//1929
f 88//1930 135//1930 91//1930
f 130//1931 123//1931 131//1931
f 129//1932 132//1933 109//1934
f 91//1935 130//1935 111//1935
f 88//1936 123//1937 135//1938
f 113//1939 122//1939 129//1939
f 91//1940 135//1940 130//1940
f 129//1941 128//1941 113//1941
f 109//1942 126//1942 99//1942
f 130//1943 134//1944 111//1945
f 129//1946 109//1947 128//1948
f 108//1949 127//1950 137//1951
f 130//1952 135//1952 123//1953
f 94//1954 128//1954 109//1954
f 131//1955 134//1955 130//1955
f 134//1956 125//1957 111//1958
f 133//1959 148//1959 127//1959
f 109//1960 132//1960 139//1960
f 129//1961 142//1961 132//1962
f 123//1963 153//1963 131//1963
f 110//1964 141//1965 122//1966
f 109//1967 151//1967 126//1967
f 115//1968 145//1969 102//1970
f 123//1971 144//1972 153//1973
f 104//1974 141//1974 110//1974
f 115//1975 125//1975 147//1975
f 126//1976 154//1976 133//1976
f 108//1977 144//1977 123//1977
f 139//1978 151//1978 109//1978
f 148//1979 137//1979 127//1979
f 104//1980 146//1980 141//1980
f 142//1981 157//1982 132//1983
f 126//1984 151//1985 154//1985
f 153//1986 137//1987 155//1988
f 154//1989 152//1990 133//1991
f 147//1992 145//1993 115//1993
f 137//1994 144//1994 108//1994
f 154//1995 151//1995 139//1995
f 102//1996 145//1997 163//1998
f 104//1999 166//1999 146//1999
f 131//2000 153//2001 156//2002
f 139//2003 132//2003 157//2003
f 139//2004 158//2004 154//2004
f 153//2005 155//2005 159//2005
f 133//2006 152//2007 148//2008
f 131//2009 156//2010 134//2009
f 144//2011 137//2011 153//2011
f 157//2012 158//2013 139//2014
f 153//2015 159//2015 156//2015
f 122//2016 161//2017 129//2018
f 158//2019 171//2019 154//2019
f 165//2020 148//2021 152//2022
f 148//2023 155//2023 137//2023
f 129//2024 161//2024 142//2024
f 154//2025 171//2025 152//2025
f 163//2026 145//2026 169//2026
f 125//2027 168//2028 147//2029
f 122//2030 170//2030 161//2030
f 141//2031 170//2031 122//2031
f 134//2032 172//2032 125//2032
f 125//2033 172//2034 168//2035
f 165//2036 182//2036 148//2036
f 201//2037 157//2038 142//2037
f 163//2039 169//2039 167//2039
f 142//2040 161//2041 201//2042
f 155//2043 164//2044 159//2045
f 158//2046 174//2047 171//2048
f 166//2049 175//2049 146//2049
f 176//2050 175//2051 166//2052
f 168//2053 178//2053 147//2053
f 146//2054 205//2055 141//2056
f 134//2057 156//2057 173//2057
f 147//2058 178//2058 145//2058
f 148//2059 185//2060 155//2061
f 176//2062 188//2062 175//2062
f 175//2063 186//2063 146//2063
f 186//2064 183//2065 146//2066
f 146//2067 183//2068 205//2069
f 152//2070 195//2070 165//2070
f 182//2071 185//2071 148//2071
f 171//2072 195//2072 152//2073
f 174//2074 195//2074 171//2074
f 134//2075 232//2076 172//2077
f 155//2078 185//2078 164//2078
f 167//2079 169//2079 212//2079
f 141//2080 205//2080 170//2080
f 157//2081 196//2081 158//2081
f 182//2082 192//2082 185//2082
f 190//2083 184//2083 145//2083
f 159//2084 187//2084 156//2084
f 158//2085 196//2085 174//2085
f 145//2086 184//2086 169//2086
f 145//2087 178//2087 190//2087
f 189//2088 167//2088 203//2088
f 170//2089 191//2089 161//2089
f 161//2090 191//2090 194//2090
f 134//2091 173//2091 232//2091
f 198//2092 199//2092 188//2092
f 165//2093 193//2094 219//2095
f 198//2096 188//2097 176//2098
f 157//2099 201//2099 196//2099
f 156//2100 187//2101 173//2101
f 195//2102 193//2102 165//2102
f 165//2103 219//2104 182//2105
f 189//2106 203//2106 202//2106
f 168//2107 172//2108 178//2109
f 219//2110 193//2111 209//2112
f 205//2113 191//2114 170//2115
f 164//2116 187//2117 159//2118
f 219//2119 210//2119 182//2119
f 186//2120 175//2121 226//2122
f 172//2123 216//2123 178//2123
f 172//2124 217//2125 216//2126
f 174//2127 215//2128 195//2129
f 211//2130 199//2130 198//2130
f 173//2131 228//2132 218//2133
f 187//2134 228//2135 173//2136
f 212//2137 203//2137 167//2137
f 184//2138 190//2138 222//2138
f 191//2139 205//2139 248//2139
f 201//2140 245//2140 196//2140
f 182//2141 210//2142 192//2143
f 203//2144 225//2145 231//2146
f 224//2147 188//2148 199//2149
f 224//2150 226//2150 188//2150
f 188//2151 227//2151 175//2151
f 184//2152 225//2153 169//2154
f 186//2155 246//2156 183//2157
f 161//2158 194//2158 201//2158
f 187//2159 164//2160 228//2161
f 172//2162 232//2163 217//2164
f 164//2165 276//2166 228//2167
f 164//2168 185//2169 238//2170
f 164//2171 238//2172 276//2173
f 184//2174 222//2175 225//2176
f 174//2177 241//2177 215//2177
f 190//2178 235//2178 222//2178
f 236//2179 230//2180 191//2181
f 191//2182 230//2182 194//2182
f 188//2183 226//2183 227//2183
f 169//2184 225//2185 212//2186
f 175//2187 227//2187 226//2187
f 201//2188 194//2188 230//2188
f 195//2189 215//2190 193//2191
f 203//2192 212//2192 225//2192
f 173//2193 217//2194 232//2195
f 183//2196 248//2197 205//2198
f 173//2199 218//2200 217//2201
f 189//2202 202//2203 223//2204
f 192//2205 238//2205 185//2205
f 192//2206 237//2207 238//2208
f 178//2209 235//2210 190//2211
f 215//2212 240//2213 193//2214
f 223//2215 202//2215 253//2215
f 186//2216 226//2216 246//2216
f 248//2217 236//2218 191//2219
f 196//2220 245//2220 174//2220
f 237//2221 192//2221 243//2221
f 210//2222 243//2222 192//2222
f 230//2223 242//2223 201//2223
f 217//2224 244//2224 216//2224
f 174//2225 245//2225 241//2225
f 241//2226 240//2227 215//2228
f 219//2229 264//2229 210//2229
f 211//2230 249//2230 199//2230
f 201//2231 250//2231 245//2231
f 258//2232 249//2232 211//2232
f 223//2233 253//2233 263//2233
f 183//2234 246//2234 248//2234
f 193//2235 257//2235 209//2235
f 219//2236 209//2237 264//2238
f 240//2239 254//2239 193//2240
f 238//2241 237//2241 265//2241
f 216//2242 235//2243 178//2244
f 273//2245 277//2245 263//2245
f 258//2246 252//2246 259//2246
f 216//2247 244//2247 235//2247
f 236//2248 242//2248 230//2248
f 201//2249 242//2250 250//2251
f 252//2252 258//2253 262//2253
f 263//2254 253//2254 273//2254
f 258//2255 267//2255 249//2255
f 259//2256 269//2256 249//2256
f 231//2257 270//2257 202//2257
f 253//2258 271//2259 273//2260
f 249//2261 269//2261 199//2261
f 202//2262 270//2262 253//2262
f 199//2263 269//2264 224//2265
f 224//2266 274//2267 226//2268
f 193//2269 254//2269 275//2269
f 275//2270 257//2270 193//2270
f 210//2271 264//2272 243//2273
f 238//2274 281//2275 276//2276
f 243//2277 272//2277 237//2277
f 245//2278 280//2279 241//2280
f 209//2281 286//2281 264//2281
f 246//2282 226//2282 279//2282
f 225//2283 285//2283 231//2283
f 237//2284 272//2285 265//2286
f 228//2287 292//2287 218//2287
f 257//2288 286//2288 209//2288
f 265//2289 281//2290 238//2291
f 243//2292 288//2292 272//2292
f 217//2293 218//2294 287//2295
f 228//2296 276//2297 292//2298
f 259//2299 252//2300 303//2301
f 231//2302 285//2302 270//2302
f 222//2303 327//2303 225//2303
f 259//2304 303//2304 269//2305
f 253//2306 297//2307 271//2308
f 274//2309 289//2310 226//2311
f 264//2312 293//2312 243//2312
f 313//2313 277//2314 290//2314
f 224//2315 298//2316 274//2317
f 283//2318 285//2319 225//2320
f 245//2321 250//2321 300//2321
f 243//2322 293//2323 288//2324
f 269//2325 298//2326 224//2327
f 248//2328 326//2329 236//2330
f 245//2331 300//2331 280//2331
f 254//2332 240//2333 307//2334
f 254//2335 301//2336 275//2337
f 236//2338 316//2338 242//2338
f 287//2339 244//2339 217//2339
f 373//2340 252//2340 262//2340
f 273//2341 271//2341 302//2341
f 254//2342 307//2343 301//2344
f 286//2345 299//2346 264//2347
f 241//2348 307//2348 240//2348
f 225//2349 291//2350 283//2351
f 225//2352 327//2352 291//2352
f 246//2353 279//2353 311//2353
f 246//2354 311//2354 248//2354
f 244//2355 346//2355 235//2355
f 275//2356 323//2357 257//2358
f 309//2359 322//2359 310//2359
f 309//2360 313//2360 315//2360
f 308//2361 340//2362 278//2363
f 278//2364 340//2364 262//2364
f 276//2365 281//2365 331//2365
f 299//2366 293//2366 264//2366
f 273//2367 302//2368 277//2369
f 242//2370 317//2371 250//2372
f 309//2373 325//2373 322//2373
f 297//2374 302//2375 271//2376
f 276//2377 331//2377 292//2377
f 257//2378 323//2378 286//2378
f 277//2379 302//2380 290//2381
f 253//2382 270//2383 297//2382
f 236//2384 326//2384 316//2384
f 280//2385 307//2386 241//2386
f 288//2387 332//2387 272//2387
f 275//2388 301//2388 323//2388
f 226//2389 320//2390 279//2391
f 248//2392 311//2393 326//2394
f 289//2395 320//2396 226//2397
f 222//2398 235//2398 330//2398
f 272//2399 332//2399 265//2399
f 308//2400 395//2400 314//2400
f 252//2401 373//2402 303//2403
f 274//2404 357//2404 289//2404
f 332//2405 281//2406 265//2407
f 307//2408 347//2408 301//2408
f 288//2409 343//2410 332//2411
f 290//2412 315//2413 313//2414
f 279//2415 376//2415 311//2415
f 244//2416 287//2416 346//2416
f 285//2417 337//2418 270//2419
f 286//2420 334//2421 299//2422
f 235//2423 350//2424 330//2425
f 235//2426 346//2427 350//2428
f 293//2429 343//2429 288//2429
f 323//2430 351//2430 286//2430
f 310//2431 322//2431 344//2431
f 269//2432 303//2433 342//2434
f 242//2435 316//2435 369//2436
f 280//2437 347//2438 307//2439
f 299//2440 343//2440 293//2440
f 290//2441 302//2442 315//2443
f 274//2444 298//2444 357//2444
f 222//2445 330//2445 327//2445
f 332//2446 335//2446 281//2446
f 340//2447 314//2448 362//2449
f 218//2450 292//2451 287//2452
f 317//2453 300//2454 250//2455
f 301//2456 351//2456 323//2456
f 286//2457 351//2457 334//2457
f 338//2458 345//2459 344//2460
f 308//2461 361//2462 395//2462
f 289//2463 393//2464 320//2465
f 369//2466 317//2466 242//2466
f 335//2467 331//2467 281//2467
f 338//2468 353//2468 345//2468
f 301//2469 370//2469 351//2469
f 299//2470 334//2470 355//2470
f 291//2471 394//2471 283//2471
f 326//2472 311//2473 352//2474
f 317//2475 354//2476 300//2477
f 262//2478 362//2478 373//2478
f 292//2479 359//2479 287//2479
f 360//2480 354//2480 317//2480
f 332//2481 343//2482 364//2483
f 262//2484 340//2484 362//2484
f 270//2485 337//2486 297//2487
f 354//2488 280//2489 300//2490
f 299//2491 355//2492 343//2493
f 269//2494 342//2494 298//2494
f 327//2495 372//2496 291//2496
f 350//2497 346//2498 330//2499
f 292//2500 331//2501 367//2502
f 316//2503 326//2503 369//2503
f 346//2504 287//2504 358//2504
f 289//2505 357//2505 393//2505
f 301//2506 347//2507 370//2508
f 374//2509 369//2509 326//2509
f 315//2510 397//2511 325//2512
f 285//2513 419//2514 337//2515
f 291//2516 383//2517 394//2518
f 279//2519 320//2520 376//2521
f 327//2522 330//2523 372//2524
f 364//2525 335//2525 332//2526
f 339//2527 396//2527 349//2527
f 361//2528 378//2529 339//2530
f 283//2531 419//2532 285//2532
f 411//2533 377//2533 358//2533
f 287//2534 411//2535 358//2536
f 322//2537 363//2537 344//2537
f 373//2538 362//2538 379//2538
f 373//2539 342//2539 303//2539
f 320//2540 393//2541 382//2542
f 325//2543 397//2544 322//2545
f 326//2546 352//2546 374//2546
f 331//2547 335//2548 367//2549
f 280//2550 390//2551 347//2550
f 337//2552 422//2553 297//2554
f 320//2555 382//2556 376//2557
f 358//2558 377//2559 346//2560
f 378//2561 396//2562 339//2563
f 363//2564 384//2565 353//2566
f 302//2567 380//2567 315//2567
f 291//2568 372//2569 383//2570
f 280//2571 354//2572 390//2573
f 351//2574 355//2574 334//2575
f 395//2576 391//2577 314//2578
f 330//2579 401//2579 372//2579
f 297//2580 389//2580 302//2580
f 352//2581 311//2581 376//2581
f 317//2582 410//2583 360//2584
f 345//2585 353//2585 375//2585
f 322//2586 397//2586 402//2586
f 314//2587 391//2588 362//2589
f 342//2590 381//2591 298//2590
f 372//2592 399//2592 383//2592
f 317//2593 369//2593 410//2593
f 351//2594 404//2595 355//2595
f 322//2596 402//2596 363//2596
f 395//2597 445//2598 391//2599
f 346//2600 403//2600 330//2600
f 372//2601 406//2602 399//2603
f 372//2604 401//2604 406//2604
f 287//2605 359//2606 411//2607
f 361//2608 387//2609 378//2610
f 292//2611 423//2611 359//2611
f 335//2612 364//2612 424//2612
f 353//2613 384//2614 375//2615
f 409//2616 376//2617 382//2618
f 351//2619 412//2619 404//2619
f 343//2620 424//2620 364//2620
f 298//2621 381//2622 357//2623
f 390//2624 413//2625 347//2626
f 347//2627 413//2627 370//2627
f 370//2628 412//2628 351//2628
f 367//2629 416//2630 292//2631
f 393//2632 431//2632 382//2632
f 402//2633 405//2634 363//2635
f 337//2636 415//2636 422//2636
f 394//2637 419//2637 283//2638
f 330//2639 403//2639 401//2639
f 374//2640 410//2641 369//2642
f 345//2643 375//2644 384//2645
f 302//2646 437//2647 380//2648
f 354//2649 360//2649 421//2649
f 357//2650 420//2651 393//2652
f 354//2653 421//2653 438//2653
f 292//2654 416//2655 423//2656
f 359//2657 423//2657 411//2657
f 335//2658 424//2658 425//2658
f 335//2659 416//2659 367//2659
f 346//2660 377//2660 403//2660
f 380//2661 397//2662 315//2663
f 337//2664 419//2665 415//2666
f 383//2667 429//2668 394//2669
f 390//2670 354//2670 438//2670
f 394//2671 429//2671 419//2671
f 297//2672 422//2672 389//2672
f 383//2673 434//2673 429//2674
f 403//2675 435//2676 401//2677
f 302//2678 389//2679 433//2679
f 409//2680 427//2680 376//2680
f 373//2681 478//2682 342//2683
f 381//2684 420//2684 357//2684
f 401//2685 435//2686 406//2687
f 352//2688 441//2688 374//2688
f 410//2689 374//2689 428//2689
f 343//2690 448//2690 424//2690
f 387//2691 432//2692 378//2693
f 399//2694 434//2694 383//2694
f 355//2695 448//2695 343//2696
f 420//2697 431//2697 393//2697
f 431//2698 456//2699 382//2700
f 411//2701 442//2701 377//2701
f 390//2702 438//2702 413//2702
f 404//2703 448//2703 355//2703
f 395//2704 432//2704 445//2704
f 379//2705 478//2705 373//2705
f 439//2706 419//2707 429//2708
f 376//2709 441//2709 352//2709
f 410//2710 421//2711 360//2712
f 382//2713 456//2714 409//2715
f 335//2716 443//2717 416//2718
f 380//2719 437//2719 397//2719
f 437//2720 302//2721 433//2722
f 376//2723 427//2723 452//2724
f 419//2725 451//2725 415//2725
f 420//2726 447//2727 431//2727
f 335//2728 425//2729 443//2730
f 412//2731 453//2732 404//2733
f 384//2734 436//2734 345//2734
f 399//2735 406//2736 457//2736
f 473//2737 421//2738 410//2739
f 404//2740 453//2740 448//2740
f 342//2741 483//2741 381//2741
f 410//2742 428//2743 473//2744
f 411//2745 423//2746 442//2747
f 391//2748 454//2748 450//2748
f 409//2749 456//2749 427//2749
f 403//2750 377//2750 440//2750
f 421//2751 413//2752 438//2753
f 391//2754 450//2754 362//2755
f 422//2756 462//2757 389//2758
f 429//2759 434//2760 439//2761
f 376//2762 452//2762 441//2762
f 458//2763 370//2763 413//2763
f 391//2764 445//2765 454//2766
f 362//2767 450//2768 379//2769
f 397//2770 464//2770 402//2770
f 403//2771 440//2771 435//2772
f 447//2773 456//2774 431//2775
f 377//2776 442//2777 484//2778
f 421//2779 467//2779 413//2779
f 415//2780 476//2781 422//2782
f 423//2783 472//2783 442//2783
f 425//2784 424//2784 448//2784
f 478//2785 483//2786 342//2787
f 435//2788 481//2788 406//2788
f 416//2789 472//2790 423//2791
f 432//2792 497//2792 445//2792
f 415//2793 451//2794 476//2795
f 377//2796 484//2797 440//2798
f 416//2799 506//2799 472//2799
f 399//2800 457//2800 434//2800
f 370//2801 458//2801 412//2801
f 416//2802 443//2802 506//2802
f 450//2803 478//2803 379//2803
f 381//2804 490//2804 420//2804
f 406//2805 481//2806 457//2807
f 472//2808 484//2809 442//2810
f 433//2811 389//2812 462//2812
f 441//2813 428//2814 374//2815
f 422//2816 476//2816 462//2816
f 419//2817 479//2817 451//2817
f 381//2818 483//2818 480//2818
f 413//2819 467//2819 458//2819
f 445//2820 497//2821 547//2822
f 419//2823 439//2823 479//2823
f 421//2824 473//2824 514//2824
f 421//2825 514//2825 467//2825
f 472//2826 506//2827 484//2828
f 443//2829 425//2830 515//2831
f 448//2832 515//2833 425//2834
f 547//2835 454//2836 445//2837
f 508//2838 447//2839 420//2840
f 439//2841 434//2842 517//2843
f 538//2844 412//2844 458//2844
f 412//2845 538//2846 453//2847
f 397//2848 437//2849 534//2850
f 480//2851 483//2852 490//2853
f 467//2854 553//2854 458//2854
f 484//2855 548//2855 440//2855
f 420//2856 490//2856 508//2856
f 550//2857 473//2858 428//2859
f 534//2860 464//2861 397//2862
f 433//2863 462//2863 558//2863
f 473//2864 550//2865 514//2866
f 458//2867 553//2868 538//2869
f 478//2870 566//2870 483//2870
f 437//2871 433//2872 554//2873
f 484//2874 506//2874 559//2874
f 554//2875 534//2875 437//2875
f 434//2876 457//2876 561//2876
f 427//2877 456//2877 452//2877
f 553//2878 453//2878 538//2878
f 440//2879 548//2879 435//2879
f 550//2880 562//2880 514//2880
f 448//2881 453//2881 515//2881
f 534//2882 554//2883 501//2884
f 433//2885 574//2886 554//2887
f 452//2888 590//2888 441//2888
f 568//2889 467//2889 514//2889
f 450//2890 573//2890 478//2890
f 476//2891 577//2891 462//2891
f 479//2892 580//2892 451//2892
f 439//2893 517//2894 479//2895
f 561//2896 517//2897 434//2898
f 441//2899 590//2900 428//2901
f 443//2902 515//2903 589//2904
f 578//2905 579//2906 476//2907
f 476//2908 579//2909 577//2910
f 578//2911 580//2911 579//2911
f 476//2912 580//2912 578//2912
f 548//2913 591//2913 435//2913
f 515//2914 453//2915 586//2915
f 554//2916 574//2916 501//2916
f 450//2917 549//2918 573//2919
f 577//2920 579//2921 580//2922
f 476//2923 451//2923 580//2923
f 454//2924 584//2925 450//2926
f 547//2927 570//2927 454//2928
f 566//2929 616//2929 483//2929
f 590//2930 550//2931 428//2932
f 484//2933 559//2933 548//2933
f 443//2934 589//2935 506//2936
f 462//2937 555//2938 558//2939
f 457//2940 588//2940 561//2940
f 435//2941 591//2941 481//2941
f 515//2942 592//2943 589//2944
f 457//2945 481//2946 588//2947
f 450//2948 584//2949 549//2950
f 478//2951 636//2951 566//2951
f 611//2952 464//2953 534//2954
f 483//2955 616//2955 490//2955
f 447//2956 508//2957 609//2958
f 506//2959 589//2959 559//2959
f 553//2960 614//2960 453//2960
f 515//2961 612//2962 592//2963
f 561//2964 602//2964 603//2964
f 452//2965 456//2966 596//2965
f 462//2967 600//2968 555//2969
f 456//2970 609//2970 601//2970
f 467//2971 568//2972 553//2973
f 586//2974 612//2975 515//2976
f 534//2977 501//2978 608//2979
f 517//2980 561//2981 603//2981
f 456//2982 601//2983 596//2984
f 452//2985 596//2985 590//2985
f 447//2986 609//2987 456//2988
f 561//2989 588//2989 602//2989
f 592//2990 612//2991 607//2992
f 553//2993 568//2993 606//2993
f 570//2994 584//2995 454//2996
f 464//2997 611//2997 595//2997
f 481//2998 591//2998 588//2998
f 589//2999 607//2999 613//2999
f 607//3000 589//3001 592//3001
f 606//3002 614//3002 553//3002
f 588//3003 591//3003 610//3003
f 584//3004 623//3005 549//3006
f 462//3007 577//3007 600//3007
f 517//3008 621//3009 479//3010
f 611//3011 585//3012 595//3013
f 616//3014 631//3015 490//3016
f 591//3017 638//3017 610//3017
f 514//3018 562//3019 568//3020
f 570//3021 623//3022 584//3023
f 618//3024 625//3025 602//3025
f 602//3026 588//3027 618//3028
f 609//3029 628//3029 601//3029
f 590//3030 596//3030 629//3030
f 453//3031 614//3032 586//3032
f 611//3033 608//3034 585//3034
f 490//3035 624//3035 508//3035
f 479//3036 621//3037 580//3038
f 596//3039 601//3039 629//3040
f 588//3041 610//3041 618//3041
f 603//3042 621//3043 517//3044
f 610//3045 632//3045 618//3045
f 624//3046 609//3047 508//3048
f 568//3049 562//3049 639//3049
f 607//3050 657//3050 613//3050
f 612//3051 586//3052 614//3053
f 580//3054 649//3055 577//3056
f 548//3057 633//3057 591//3057
f 568//3058 639//3058 606//3058
f 490//3059 631//3059 624//3059
f 637//3060 629//3060 601//3060
f 612//3061 614//3062 647//3061
f 646//3063 603//3063 602//3064
f 591//3065 604//3065 638//3065
f 591//3066 633//3066 604//3067
f 607//3068 612//3069 647//3070
f 548//3071 559//3072 633//3072
f 639//3073 634//3073 606//3073
f 602//3074 625//3075 646//3076
f 638//3077 672//3077 610//3077
f 606//3078 634//3078 647//3078
f 647//3079 614//3079 606//3079
f 618//3080 632//3080 625//3080
f 629//3081 693//3082 590//3083
f 589//3084 659//3085 559//3084
f 574//3086 648//3086 501//3086
f 610//3087 672//3088 632//3089
f 613//3090 659//3091 589//3092
f 607//3093 647//3094 657//3095
f 637//3096 693//3096 629//3096
f 621//3097 653//3098 580//3099
f 577//3100 652//3101 600//3102
f 577//3103 649//3104 652//3105
f 649//3106 656//3107 663//3108
f 628//3109 674//3110 601//3111
f 550//3112 654//3112 562//3112
f 559//3113 659//3113 633//3113
f 674//3114 671//3114 601//3114
f 637//3115 677//3115 693//3115
f 580//3116 653//3116 649//3116
f 645//3117 650//3117 631//3117
f 649//3118 653//3118 656//3118
f 665//3119 659//3120 613//3121
f 590//3122 651//3122 550//3122
f 663//3123 667//3124 649//3125
f 603//3126 646//3126 621//3126
f 604//3127 672//3128 638//3128
f 657//3129 665//3129 613//3129
f 663//3130 656//3131 667//3132
f 624//3133 674//3133 609//3133
f 654//3134 639//3134 562//3134
f 647//3135 634//3135 657//3135
f 649//3136 667//3137 652//3138
f 653//3139 621//3140 646//3141
f 604//3142 633//3142 672//3142
f 633//3143 659//3143 665//3143
f 669//3144 639//3144 654//3144
f 658//3145 679//3146 501//3147
f 631//3148 674//3148 624//3148
f 609//3149 674//3149 628//3149
f 693//3150 651//3151 590//3152
f 633//3153 665//3153 675//3153
f 658//3154 673//3155 688//3156
f 662//3157 668//3158 645//3159
f 645//3160 668//3161 650//3162
f 550//3163 651//3163 654//3163
f 665//3164 657//3164 675//3164
f 650//3165 674//3166 631//3167
f 653//3168 646//3168 656//3168
f 664//3169 683//3169 670//3169
f 631//3170 616//3170 695//3170
f 631//3171 695//3172 645//3173
f 664//3174 682//3174 683//3174
f 636//3175 684//3176 640//3177
f 646//3178 676//3179 656//3180
f 601//3181 671//3182 637//3183
f 669//3184 654//3184 685//3184
f 664//3185 640//3186 682//3186
f 658//3187 680//3188 673//3187
f 673//3189 699//3189 688//3189
f 673//3190 680//3190 699//3190
f 652//3191 697//3191 600//3191
f 687//3192 695//3193 616//3194
f 645//3195 695//3195 662//3195
f 658//3196 688//3196 679//3196
f 694//3197 639//3197 669//3197
f 669//3198 685//3199 694//3200
f 639//3201 694//3201 634//3201
f 667//3202 680//3202 652//3202
f 625//3203 632//3204 704//3205
f 657//3206 634//3206 675//3206
f 656//3207 676//3208 667//3207
f 674//3209 710//3210 671//3209
f 633//3211 675//3211 672//3211
f 694//3212 675//3212 634//3212
f 648//3213 697//3213 658//3213
f 654//3214 651//3214 685//3214
f 668//3215 662//3216 701//3217
f 692//3218 695//3219 687//3220
f 632//3221 672//3222 704//3223
f 674//3224 650//3225 703//3225
f 662//3226 695//3226 692//3226
f 646//3227 625//3227 711//3227
f 637//3228 671//3228 677//3228
f 705//3229 709//3230 685//3229
f 697//3231 680//3232 658//3233
f 697//3234 652//3235 680//3236
f 662//3237 692//3238 670//3239
f 693//3240 677//3241 712//3242
f 670//3243 701//3244 662//3245
f 651//3246 693//3247 685//3246
f 693//3248 705//3249 685//3250
f 672//3251 675//3252 706//3253
f 625//3254 704//3254 711//3254
f 693//3255 712//3256 705//3257
f 650//3258 719//3259 703//3260
f 705//3261 712//3261 709//3261
f 706//3262 727//3263 672//3264
f 728//3265 677//3265 671//3265
f 694//3266 722//3266 675//3266
f 640//3267 684//3268 682//3269
f 676//3270 718//3270 667//3270
f 668//3271 742//3271 650//3271
f 674//3272 703//3272 710//3272
f 694//3273 685//3274 722//3275
f 683//3276 701//3276 670//3276
f 668//3277 701//3277 742//3277
f 650//3278 742//3279 719//3280
f 707//3281 723//3282 717//3283
f 646//3284 711//3284 676//3284
f 709//3285 722//3285 685//3285
f 680//3286 726//3287 699//3288
f 675//3289 722//3289 706//3289
f 708//3290 743//3291 721//3292
f 667//3293 726//3293 680//3293
f 706//3294 709//3294 727//3294
f 722//3295 709//3295 706//3295
f 736//3296 723//3297 707//3296
f 712//3298 677//3299 728//3300
f 708//3301 713//3302 751//3303
f 709//3304 712//3304 727//3304
f 671//3305 710//3305 728//3305
f 688//3306 738//3306 679//3306
f 704//3307 672//3308 727//3308
f 717//3309 723//3310 755//3311
f 772//3312 764//3313 732//3314
f 712//3315 728//3315 731//3315
f 676//3316 749//3316 718//3316
f 676//3317 735//3318 749//3317
f 704//3319 727//3320 731//3321
f 713//3322 740//3323 774//3324
f 718//3325 726//3325 667//3325
f 703//3326 719//3326 748//3326
f 682//3327 724//3327 717//3327
f 717//3328 745//3328 682//3328
f 682//3329 741//3329 683//3329
f 713//3330 738//3330 740//3330
f 682//3331 684//3332 724//3333
f 740//3334 738//3335 688//3336
f 688//3337 699//3337 758//3337
f 711//3338 735//3339 676//3340
f 728//3341 759//3341 731//3341
f 682//3342 745//3343 741//3344
f 732//3345 749//3346 735//3347
f 713//3348 754//3349 751//3350
f 728//3351 710//3351 759//3351
f 731//3352 727//3352 712//3352
f 719//3353 742//3354 764//3355
f 719//3356 764//3356 748//3356
f 683//3357 771//3357 701//3357
f 713//3358 774//3358 754//3358
f 699//3359 726//3360 767//3361
f 701//3362 771//3363 742//3364
f 764//3365 768//3365 732//3365
f 732//3366 735//3366 772//3366
f 704//3367 731//3368 765//3369
f 749//3370 773//3370 718//3370
f 710//3371 703//3371 748//3371
f 704//3372 765//3372 711//3372
f 699//3373 775//3373 758//3373
f 773//3374 732//3374 779//3374
f 758//3375 740//3376 688//3377
f 732//3378 768//3378 779//3378
f 764//3379 772//3379 748//3379
f 772//3380 731//3381 759//3382
f 741//3383 763//3384 683//3385
f 742//3386 768//3386 764//3386
f 763//3387 746//3387 747//3387
f 699//3388 767//3389 775//3390
f 732//3391 773//3391 749//3391
f 772//3392 765//3392 731//3392
f 710//3393 748//3393 759//3393
f 711//3394 765//3394 735//3394
f 752//3395 786//3396 762//3396
f 775//3397 746//3398 758//3399
f 758//3400 774//3401 740//3402
f 726//3403 718//3404 767//3405
f 735//3406 765//3407 772//3408
f 772//3409 759//3410 748//3411
f 776//3412 779//3412 785//3413
f 741//3414 790//3415 763//3416
f 753//3417 777//3418 752//3418
f 782//3419 789//3420 746//3421
f 745//3422 790//3422 741//3422
f 776//3423 773//3423 779//3423
f 771//3424 768//3424 742//3424
f 762//3425 786//3426 754//3425
f 768//3427 785//3427 779//3427
f 746//3428 790//3428 782//3428
f 790//3429 746//3429 763//3429
f 718//3430 773//3430 767//3430
f 770//3431 786//3432 752//3433
f 774//3434 758//3435 789//3436
f 767//3437 773//3437 776//3437
f 789//3438 758//3438 746//3438
f 785//3439 768//3439 771//3439
f 120//3440 813//3440 121//3441
